resolution,site,truth_x_m,truth_y_m,truth_z_m,darces_status,darces_available,darces_source,darces_x_m,darces_y_m,darces_z_m,darces_heading_deg,darces_xy_error_m,darces_z_error_m,darces_heading_error_deg,ransac_status,ransac_available,ransac_source,ransac_x_m,ransac_y_m,ransac_z_m,ransac_heading_deg,ransac_xy_error_m,ransac_z_error_m,ransac_heading_error_deg,moga_status,moga_available,moga_source,moga_x_m,moga_y_m,moga_z_m,moga_heading_deg,moga_xy_error_m,moga_z_error_m,moga_heading_error_deg,darces_to_ransac_error_reduction_m,darces_to_ransac_result,ransac_to_moga_error_reduction_m,ransac_to_moga_result,darces_to_moga_error_reduction_m,darces_to_moga_result,best_available_stage
0p25m,10,653.0653666970207,-5508.912417601022,-1006.8656099911697,solution,True,,651.0677616614869,-5510.037378408307,-1006.951428681612,20.151023358737394,2.292588645160161,0.08581869044235191,1.2654100663333736,solution,True,darces,651.0677616614869,-5510.037378408307,-1006.951428681612,20.151023358737394,2.292588645160161,0.08581869044235191,1.2654100663333736,solution,True,darces,650.4606599200446,-5509.983736293837,-1006.951428681612,21.381312636865683,2.816419914643532,0.08581869044235191,0.035120788205075464,0.0,unchanged,-0.5238312694833707,worsened,-0.5238312694833707,worsened,DARCES
0p25m,13,655.1983962288042,-5506.776452522913,-1006.8301503021113,no_solution,False,,,,,,,,,darces_unavailable,False,none,,,,,,,,feature_pose_unavailable,False,none,,,,,,,,,not_comparable,,not_comparable,,not_comparable,none
0p25m,14,655.9157929042468,-5506.059642032294,-1006.8143394759986,no_solution,False,,,,,,,,,darces_unavailable,False,none,,,,,,,,feature_pose_unavailable,False,none,,,,,,,,,not_comparable,,not_comparable,,not_comparable,none
0p25m,16,657.3782128714513,-5504.620346929557,-1006.7785443171618,no_solution,False,,,,,,,,,darces_unavailable,False,none,,,,,,,,feature_pose_unavailable,False,none,,,,,,,,,not_comparable,,not_comparable,,not_comparable,none
0p25m,18,658.8288281527425,-5503.1617291172215,-1006.7661490926739,no_solution,False,,,,,,,,,darces_unavailable,False,none,,,,,,,,feature_pose_unavailable,False,none,,,,,,,,,not_comparable,,not_comparable,,not_comparable,none
0p25m,23,662.4121236448009,-5499.585756918119,-1006.676345770627,solution,True,,660.3544858245212,-5501.758038768861,-1006.6164435148239,46.08112689753142,2.9921032466326785,0.05990225580308106,1.064707864312055,solution,True,ransac,660.6253346889448,-5501.376982927418,-1006.6884580850601,46.045751717553806,2.530040590417142,0.012112314433124993,1.0293326843344346,solution,True,ransac,660.8376900200727,-5501.397691384843,-1006.6884580850601,45.030812756468876,2.400405747030397,0.012112314433124993,0.014393723249499665,0.46206265621553655,improved,0.1296348433867447,improved,0.5916974996022812,improved,MOGA
0p25m,24,663.2246219904457,-5498.9824340922705,-1006.6723675092962,no_solution,False,,,,,,,,,darces_unavailable,False,none,,,,,,,,feature_pose_unavailable,False,none,,,,,,,,,not_comparable,,not_comparable,,not_comparable,none
0p25m,30,669.2899118781241,-5498.99555702436,-1006.8418620259275,no_solution,False,,,,,,,,,darces_unavailable,False,none,,,,,,,,feature_pose_unavailable,False,none,,,,,,,,,not_comparable,,not_comparable,,not_comparable,none
0p25m,33,672.1843737634349,-5498.377391221289,-1006.9215494338856,no_solution,False,,,,,,,,,darces_unavailable,False,none,,,,,,,,feature_pose_unavailable,False,none,,,,,,,,,not_comparable,,not_comparable,,not_comparable,none
0p25m,36,674.4699382648023,-5496.7387159222335,-1006.9502274167942,no_solution,False,,,,,,,,,darces_unavailable,False,none,,,,,,,,feature_pose_unavailable,False,none,,,,,,,,,not_comparable,,not_comparable,,not_comparable,none
0p25m,39,677.5306350166426,-5497.019617483041,-1006.9837414534746,no_solution,False,,,,,,,,,darces_unavailable,False,none,,,,,,,,feature_pose_unavailable,False,none,,,,,,,,,not_comparable,,not_comparable,,not_comparable,none
0p25m,41,679.5637249832185,-5496.996465268984,-1007.0208233930429,no_solution,False,,,,,,,,,darces_unavailable,False,none,,,,,,,,feature_pose_unavailable,False,none,,,,,,,,,not_comparable,,not_comparable,,not_comparable,none
0p25m,43,681.5655591393408,-5496.789476938898,-1007.0817007753739,no_solution,False,,,,,,,,,darces_unavailable,False,none,,,,,,,,feature_pose_unavailable,False,none,,,,,,,,,not_comparable,,not_comparable,,not_comparable,none
0p25m,53,689.9236098257888,-5492.8023951563255,-1007.2223599418907,no_solution,False,,,,,,,,,darces_unavailable,False,none,,,,,,,,feature_pose_unavailable,False,none,,,,,,,,,not_comparable,,not_comparable,,not_comparable,none
0p25m,54,690.918311986105,-5492.924556997537,-1007.21635448914,skipped_insufficient_features,False,,,,,,,,,darces_unavailable,False,none,,,,,,,,feature_pose_unavailable,False,none,,,,,,,,,not_comparable,,not_comparable,,not_comparable,none
0p25m,61,696.5610680189214,-5489.408815455407,-1007.1844145563737,no_solution,False,,,,,,,,,darces_unavailable,False,none,,,,,,,,feature_pose_unavailable,False,none,,,,,,,,,not_comparable,,not_comparable,,not_comparable,none
0p25m,66,700.6456770222389,-5486.806262796244,-1007.0096583018935,no_solution,False,,,,,,,,,darces_unavailable,False,none,,,,,,,,feature_pose_unavailable,False,none,,,,,,,,,not_comparable,,not_comparable,,not_comparable,none
0p25m,69,703.6765123624073,-5486.968361373813,-1006.7683413970327,no_solution,False,,,,,,,,,darces_unavailable,False,none,,,,,,,,feature_pose_unavailable,False,none,,,,,,,,,not_comparable,,not_comparable,,not_comparable,none
0p25m,70,704.6893001333958,-5486.94548530378,-1006.6386236879371,skipped_insufficient_features,False,,,,,,,,,darces_unavailable,False,none,,,,,,,,feature_pose_unavailable,False,none,,,,,,,,,not_comparable,,not_comparable,,not_comparable,none
0p25m,71,705.6990601009988,-5486.943362887523,-1006.4979334512418,skipped_insufficient_features,False,,,,,,,,,darces_unavailable,False,none,,,,,,,,feature_pose_unavailable,False,none,,,,,,,,,not_comparable,,not_comparable,,not_comparable,none
0p25m,72,706.715732062541,-5486.947829091322,-1006.3596556752635,skipped_insufficient_features,False,,,,,,,,,darces_unavailable,False,none,,,,,,,,feature_pose_unavailable,False,none,,,,,,,,,not_comparable,,not_comparable,,not_comparable,none
0p25m,73,707.76569787434,-5486.937990825915,-1006.305336034664,no_solution,False,,,,,,,,,darces_unavailable,False,none,,,,,,,,feature_pose_unavailable,False,none,,,,,,,,,not_comparable,,not_comparable,,not_comparable,none
0p25m,76,710.8029425833208,-5486.929539760131,-1006.0765333676009,skipped_insufficient_features,False,,,,,,,,,darces_unavailable,False,none,,,,,,,,feature_pose_unavailable,False,none,,,,,,,,,not_comparable,,not_comparable,,not_comparable,none
0p25m,77,711.8399342764524,-5486.961091391623,-1006.034725040889,skipped_insufficient_features,False,,,,,,,,,darces_unavailable,False,none,,,,,,,,feature_pose_unavailable,False,none,,,,,,,,,not_comparable,,not_comparable,,not_comparable,none
0p25m,79,713.8622939183145,-5487.032195186412,-1005.9497660547764,no_solution,False,,,,,,,,,darces_unavailable,False,none,,,,,,,,feature_pose_unavailable,False,none,,,,,,,,,not_comparable,,not_comparable,,not_comparable,none
0p25m,80,714.8830908916539,-5487.018995207981,-1005.8808053943021,skipped_insufficient_features,False,,,,,,,,,darces_unavailable,False,none,,,,,,,,feature_pose_unavailable,False,none,,,,,,,,,not_comparable,,not_comparable,,not_comparable,none
0p25m,82,716.8720062647225,-5486.948446147532,-1005.7515718203698,skipped_insufficient_features,False,,,,,,,,,darces_unavailable,False,none,,,,,,,,feature_pose_unavailable,False,none,,,,,,,,,not_comparable,,not_comparable,,not_comparable,none
0p25m,83,717.9048299204226,-5486.981442782929,-1005.6289926978208,no_solution,False,,,,,,,,,darces_unavailable,False,none,,,,,,,,feature_pose_unavailable,False,none,,,,,,,,,not_comparable,,not_comparable,,not_comparable,none
0p25m,84,718.9171868841113,-5486.99075858124,-1005.5012632553336,no_solution,False,,,,,,,,,darces_unavailable,False,none,,,,,,,,feature_pose_unavailable,False,none,,,,,,,,,not_comparable,,not_comparable,,not_comparable,none
0p25m,87,721.9586480505693,-5487.001587076867,-1005.1007557535738,skipped_insufficient_features,False,,,,,,,,,darces_unavailable,False,none,,,,,,,,feature_pose_unavailable,False,none,,,,,,,,,not_comparable,,not_comparable,,not_comparable,none
0p25m,88,722.9875972880423,-5487.002866565371,-1004.9642160449109,skipped_insufficient_features,False,,,,,,,,,darces_unavailable,False,none,,,,,,,,feature_pose_unavailable,False,none,,,,,,,,,not_comparable,,not_comparable,,not_comparable,none
0p25m,90,724.9941853815859,-5487.0046168024155,-1004.6745697982262,skipped_insufficient_features,False,,,,,,,,,darces_unavailable,False,none,,,,,,,,feature_pose_unavailable,False,none,,,,,,,,,not_comparable,,not_comparable,,not_comparable,none
0p25m,97,732.0056026480726,-5486.996956955169,-1003.731802559405,skipped_insufficient_features,False,,,,,,,,,darces_unavailable,False,none,,,,,,,,feature_pose_unavailable,False,none,,,,,,,,,not_comparable,,not_comparable,,not_comparable,none
0p25m,98,733.0200129150755,-5486.996191648911,-1003.6000861834601,no_solution,False,,,,,,,,,darces_unavailable,False,none,,,,,,,,feature_pose_unavailable,False,none,,,,,,,,,not_comparable,,not_comparable,,not_comparable,none
0p25m,100,735.0589826520511,-5487.033028486695,-1003.3643241287652,no_solution,False,,,,,,,,,darces_unavailable,False,none,,,,,,,,feature_pose_unavailable,False,none,,,,,,,,,not_comparable,,not_comparable,,not_comparable,none
0p25m,103,738.0949123813048,-5487.026136421222,-1002.9939512202589,no_solution,False,,,,,,,,,darces_unavailable,False,none,,,,,,,,feature_pose_unavailable,False,none,,,,,,,,,not_comparable,,not_comparable,,not_comparable,none
0p25m,104,739.1737275039754,-5486.838713773923,-1003.0012332511453,skipped_insufficient_features,False,,,,,,,,,darces_unavailable,False,none,,,,,,,,feature_pose_unavailable,False,none,,,,,,,,,not_comparable,,not_comparable,,not_comparable,none
0p25m,105,739.9981571376932,-5486.791740122756,-1002.8196329839519,no_solution,False,,,,,,,,,darces_unavailable,False,none,,,,,,,,feature_pose_unavailable,False,none,,,,,,,,,not_comparable,,not_comparable,,not_comparable,none
0p25m,106,741.1445186261084,-5486.845197609639,-1002.5909878779555,no_solution,False,,,,,,,,,darces_unavailable,False,none,,,,,,,,feature_pose_unavailable,False,none,,,,,,,,,not_comparable,,not_comparable,,not_comparable,none
0p25m,107,742.1386016162292,-5486.964558818956,-1002.4583538068428,skipped_insufficient_features,False,,,,,,,,,darces_unavailable,False,none,,,,,,,,feature_pose_unavailable,False,none,,,,,,,,,not_comparable,,not_comparable,,not_comparable,none
0p25m,110,745.1735406530634,-5486.996477994563,-1002.0401703283238,skipped_insufficient_features,False,,,,,,,,,darces_unavailable,False,none,,,,,,,,feature_pose_unavailable,False,none,,,,,,,,,not_comparable,,not_comparable,,not_comparable,none
0p25m,113,748.2423014425708,-5487.001615254331,-1001.7013584820298,no_solution,False,,,,,,,,,darces_unavailable,False,none,,,,,,,,feature_pose_unavailable,False,none,,,,,,,,,not_comparable,,not_comparable,,not_comparable,none
0p25m,116,751.2761590048843,-5486.994346743928,-1001.4264563805559,no_solution,False,,,,,,,,,darces_unavailable,False,none,,,,,,,,feature_pose_unavailable,False,none,,,,,,,,,not_comparable,,not_comparable,,not_comparable,none
0p25m,121,756.3124559306326,-5486.986530526136,-1000.8582677529937,skipped_insufficient_features,False,,,,,,,,,darces_unavailable,False,none,,,,,,,,feature_pose_unavailable,False,none,,,,,,,,,not_comparable,,not_comparable,,not_comparable,none
0p25m,122,757.3177792727969,-5486.993491899431,-1000.7013681388634,no_solution,False,,,,,,,,,darces_unavailable,False,none,,,,,,,,feature_pose_unavailable,False,none,,,,,,,,,not_comparable,,not_comparable,,not_comparable,none
0p25m,123,758.3852971053501,-5486.979231813488,-1000.512813355751,skipped_insufficient_features,False,,,,,,,,,darces_unavailable,False,none,,,,,,,,feature_pose_unavailable,False,none,,,,,,,,,not_comparable,,not_comparable,,not_comparable,none
0p25m,128,763.3250169192447,-5486.9748385718885,-999.7082603249537,no_solution,False,,,,,,,,,darces_unavailable,False,none,,,,,,,,feature_pose_unavailable,False,none,,,,,,,,,not_comparable,,not_comparable,,not_comparable,none
0p25m,132,767.3904432366945,-5486.967908683667,-999.1722128363871,skipped_insufficient_features,False,,,,,,,,,darces_unavailable,False,none,,,,,,,,feature_pose_unavailable,False,none,,,,,,,,,not_comparable,,not_comparable,,not_comparable,none
0p25m,134,769.415861846703,-5486.970907245969,-998.9487466693923,skipped_insufficient_features,False,,,,,,,,,darces_unavailable,False,none,,,,,,,,feature_pose_unavailable,False,none,,,,,,,,,not_comparable,,not_comparable,,not_comparable,none
0p25m,138,773.3041541786316,-5487.244199931513,-998.3658635831699,skipped_insufficient_features,False,,,,,,,,,darces_unavailable,False,none,,,,,,,,feature_pose_unavailable,False,none,,,,,,,,,not_comparable,,not_comparable,,not_comparable,none
0p25m,139,773.9438141451094,-5488.001735520818,-998.2653897482463,skipped_insufficient_features,False,,,,,,,,,darces_unavailable,False,none,,,,,,,,feature_pose_unavailable,False,none,,,,,,,,,not_comparable,,not_comparable,,not_comparable,none
0p25m,140,774.5400012635344,-5488.778043803031,-997.9642308723309,skipped_insufficient_features,False,,,,,,,,,darces_unavailable,False,none,,,,,,,,feature_pose_unavailable,False,none,,,,,,,,,not_comparable,,not_comparable,,not_comparable,none
0p25m,146,780.463971005742,-5489.005970495998,-997.0502507005904,skipped_insufficient_features,False,,,,,,,,,darces_unavailable,False,none,,,,,,,,feature_pose_unavailable,False,none,,,,,,,,,not_comparable,,not_comparable,,not_comparable,none
0p25m,147,781.4605459363681,-5489.001590655576,-996.8607800671828,skipped_insufficient_features,False,,,,,,,,,darces_unavailable,False,none,,,,,,,,feature_pose_unavailable,False,none,,,,,,,,,not_comparable,,not_comparable,,not_comparable,none
0p25m,149,783.4506355065046,-5488.992372245736,-996.4280819350282,skipped_insufficient_features,False,,,,,,,,,darces_unavailable,False,none,,,,,,,,feature_pose_unavailable,False,none,,,,,,,,,not_comparable,,not_comparable,,not_comparable,none
0p25m,150,784.4605387228094,-5488.993333644493,-996.2057305723716,skipped_insufficient_features,False,,,,,,,,,darces_unavailable,False,none,,,,,,,,feature_pose_unavailable,False,none,,,,,,,,,not_comparable,,not_comparable,,not_comparable,none
0p25m,151,785.4510577359393,-5488.996752682305,-996.0019560753086,skipped_insufficient_features,False,,,,,,,,,darces_unavailable,False,none,,,,,,,,feature_pose_unavailable,False,none,,,,,,,,,not_comparable,,not_comparable,,not_comparable,none
0p25m,156,790.4961308194479,-5488.992053323246,-995.096493310575,skipped_insufficient_features,False,,,,,,,,,darces_unavailable,False,none,,,,,,,,feature_pose_unavailable,False,none,,,,,,,,,not_comparable,,not_comparable,,not_comparable,none
0p25m,157,791.5145972384942,-5488.9883807774795,-994.945164583863,skipped_insufficient_features,False,,,,,,,,,darces_unavailable,False,none,,,,,,,,feature_pose_unavailable,False,none,,,,,,,,,not_comparable,,not_comparable,,not_comparable,none
0p25m,158,792.5249376405873,-5488.981243733909,-994.801204552436,skipped_insufficient_features,False,,,,,,,,,darces_unavailable,False,none,,,,,,,,feature_pose_unavailable,False,none,,,,,,,,,not_comparable,,not_comparable,,not_comparable,none
0p25m,159,793.5140255398549,-5488.979286063395,-994.64736621451,skipped_insufficient_features,False,,,,,,,,,darces_unavailable,False,none,,,,,,,,feature_pose_unavailable,False,none,,,,,,,,,not_comparable,,not_comparable,,not_comparable,none
0p25m,161,795.5158100217254,-5488.969733478925,-994.3091357805397,skipped_insufficient_features,False,,,,,,,,,darces_unavailable,False,none,,,,,,,,feature_pose_unavailable,False,none,,,,,,,,,not_comparable,,not_comparable,,not_comparable,none
0p25m,162,796.5135878585855,-5488.962667985149,-994.1390333083408,skipped_insufficient_features,False,,,,,,,,,darces_unavailable,False,none,,,,,,,,feature_pose_unavailable,False,none,,,,,,,,,not_comparable,,not_comparable,,not_comparable,none
0p25m,164,798.1523353877491,-5490.032735647082,-993.770389705024,skipped_insufficient_features,False,,,,,,,,,darces_unavailable,False,none,,,,,,,,feature_pose_unavailable,False,none,,,,,,,,,not_comparable,,not_comparable,,not_comparable,none
0p25m,165,798.7891748082674,-5490.833600551593,-993.6473051865089,skipped_insufficient_features,False,,,,,,,,,darces_unavailable,False,none,,,,,,,,feature_pose_unavailable,False,none,,,,,,,,,not_comparable,,not_comparable,,not_comparable,none
0p25m,168,800.9328210951752,-5492.936402056335,-993.2200791012162,skipped_insufficient_features,False,,,,,,,,,darces_unavailable,False,none,,,,,,,,feature_pose_unavailable,False,none,,,,,,,,,not_comparable,,not_comparable,,not_comparable,none
0p25m,169,801.92467838996,-5493.121168189675,-993.0211090609979,skipped_insufficient_features,False,,,,,,,,,darces_unavailable,False,none,,,,,,,,feature_pose_unavailable,False,none,,,,,,,,,not_comparable,,not_comparable,,not_comparable,none
0p25m,172,804.9248989024969,-5492.968237410051,-992.4277429462467,skipped_insufficient_features,False,,,,,,,,,darces_unavailable,False,none,,,,,,,,feature_pose_unavailable,False,none,,,,,,,,,not_comparable,,not_comparable,,not_comparable,none
0p25m,175,807.6915708713464,-5493.620771683828,-991.7966754116858,skipped_insufficient_features,False,,,,,,,,,darces_unavailable,False,none,,,,,,,,feature_pose_unavailable,False,none,,,,,,,,,not_comparable,,not_comparable,,not_comparable,none
0p25m,177,809.0881983619931,-5495.1377861781075,-991.4232709950298,skipped_insufficient_features,False,,,,,,,,,darces_unavailable,False,none,,,,,,,,feature_pose_unavailable,False,none,,,,,,,,,not_comparable,,not_comparable,,not_comparable,none
0p25m,180,811.2403138368866,-5497.237748880063,-991.1009066403366,skipped_insufficient_features,False,,,,,,,,,darces_unavailable,False,none,,,,,,,,feature_pose_unavailable,False,none,,,,,,,,,not_comparable,,not_comparable,,not_comparable,none
0p25m,181,811.9326486801724,-5497.919374937028,-990.8991014654176,skipped_insufficient_features,False,,,,,,,,,darces_unavailable,False,none,,,,,,,,feature_pose_unavailable,False,none,,,,,,,,,not_comparable,,not_comparable,,not_comparable,none
0p25m,187,817.6732584817839,-5498.970650430072,-990.1527747051119,skipped_insufficient_features,False,,,,,,,,,darces_unavailable,False,none,,,,,,,,feature_pose_unavailable,False,none,,,,,,,,,not_comparable,,not_comparable,,not_comparable,none
0p25m,194,823.598676780502,-5501.605843634481,-989.0649073655541,skipped_insufficient_features,False,,,,,,,,,darces_unavailable,False,none,,,,,,,,feature_pose_unavailable,False,none,,,,,,,,,not_comparable,,not_comparable,,not_comparable,none
0p25m,195,824.3095352395991,-5502.309965776569,-988.919752461994,skipped_insufficient_features,False,,,,,,,,,darces_unavailable,False,none,,,,,,,,feature_pose_unavailable,False,none,,,,,,,,,not_comparable,,not_comparable,,not_comparable,none
0p25m,198,827.0796687756782,-5503.062446333706,-988.5003355589303,skipped_insufficient_features,False,,,,,,,,,darces_unavailable,False,none,,,,,,,,feature_pose_unavailable,False,none,,,,,,,,,not_comparable,,not_comparable,,not_comparable,none
0p25m,199,827.8696674538717,-5503.651070073286,-988.3076426842645,skipped_insufficient_features,False,,,,,,,,,darces_unavailable,False,none,,,,,,,,feature_pose_unavailable,False,none,,,,,,,,,not_comparable,,not_comparable,,not_comparable,none
0p25m,200,828.5127215317019,-5504.415405841557,-988.1042521788485,skipped_insufficient_features,False,,,,,,,,,darces_unavailable,False,none,,,,,,,,feature_pose_unavailable,False,none,,,,,,,,,not_comparable,,not_comparable,,not_comparable,none
0p25m,201,829.2735366595855,-5505.068929420453,-987.9120043294913,skipped_insufficient_features,False,,,,,,,,,darces_unavailable,False,none,,,,,,,,feature_pose_unavailable,False,none,,,,,,,,,not_comparable,,not_comparable,,not_comparable,none
0p25m,203,831.2756565770155,-5505.1213457694885,-987.566308361316,skipped_insufficient_features,False,,,,,,,,,darces_unavailable,False,none,,,,,,,,feature_pose_unavailable,False,none,,,,,,,,,not_comparable,,not_comparable,,not_comparable,none
0p25m,204,832.0429250554165,-5505.7713734235485,-987.3761042614393,skipped_insufficient_features,False,,,,,,,,,darces_unavailable,False,none,,,,,,,,feature_pose_unavailable,False,none,,,,,,,,,not_comparable,,not_comparable,,not_comparable,none
0p25m,208,834.7337442548587,-5508.743083088872,-986.6567459719683,skipped_insufficient_features,False,,,,,,,,,darces_unavailable,False,none,,,,,,,,feature_pose_unavailable,False,none,,,,,,,,,not_comparable,,not_comparable,,not_comparable,none
0p25m,209,835.4354498254113,-5509.466719385277,-986.5123598910061,skipped_insufficient_features,False,,,,,,,,,darces_unavailable,False,none,,,,,,,,feature_pose_unavailable,False,none,,,,,,,,,not_comparable,,not_comparable,,not_comparable,none
0p25m,211,836.8517040445106,-5510.850973095322,-986.239738537539,skipped_insufficient_features,False,,,,,,,,,darces_unavailable,False,none,,,,,,,,feature_pose_unavailable,False,none,,,,,,,,,not_comparable,,not_comparable,,not_comparable,none
0p25m,212,837.5721949874,-5511.560447933288,-986.0996039667609,skipped_insufficient_features,False,,,,,,,,,darces_unavailable,False,none,,,,,,,,feature_pose_unavailable,False,none,,,,,,,,,not_comparable,,not_comparable,,not_comparable,none
0p25m,213,838.283813117716,-5512.272513346713,-985.9784076677316,skipped_insufficient_features,False,,,,,,,,,darces_unavailable,False,none,,,,,,,,feature_pose_unavailable,False,none,,,,,,,,,not_comparable,,not_comparable,,not_comparable,none
0p25m,215,839.7047412784879,-5513.687425673829,-985.7235112455846,skipped_insufficient_features,False,,,,,,,,,darces_unavailable,False,none,,,,,,,,feature_pose_unavailable,False,none,,,,,,,,,not_comparable,,not_comparable,,not_comparable,none
0p25m,216,840.4086112953196,-5514.404045448131,-985.5767896767398,skipped_insufficient_features,False,,,,,,,,,darces_unavailable,False,none,,,,,,,,feature_pose_unavailable,False,none,,,,,,,,,not_comparable,,not_comparable,,not_comparable,none
0p25m,218,842.218317375276,-5515.082438561534,-985.3809150884459,skipped_insufficient_features,False,,,,,,,,,darces_unavailable,False,none,,,,,,,,feature_pose_unavailable,False,none,,,,,,,,,not_comparable,,not_comparable,,not_comparable,none
0p25m,219,843.2172092418316,-5514.978970406211,-985.2835620018234,skipped_insufficient_features,False,,,,,,,,,darces_unavailable,False,none,,,,,,,,feature_pose_unavailable,False,none,,,,,,,,,not_comparable,,not_comparable,,not_comparable,none
0p25m,221,845.2072371649019,-5515.08648003056,-985.0283736284637,skipped_insufficient_features,False,,,,,,,,,darces_unavailable,False,none,,,,,,,,feature_pose_unavailable,False,none,,,,,,,,,not_comparable,,not_comparable,,not_comparable,none
0p25m,223,846.5853583033013,-5516.55884781989,-984.7054822076326,skipped_insufficient_features,False,,,,,,,,,darces_unavailable,False,none,,,,,,,,feature_pose_unavailable,False,none,,,,,,,,,not_comparable,,not_comparable,,not_comparable,none
0p25m,224,847.2520198336991,-5517.282689161369,-984.5474512984875,skipped_insufficient_features,False,,,,,,,,,darces_unavailable,False,none,,,,,,,,feature_pose_unavailable,False,none,,,,,,,,,not_comparable,,not_comparable,,not_comparable,none
0p25m,226,848.6768733034485,-5518.692335657273,-984.1666905915085,skipped_insufficient_features,False,,,,,,,,,darces_unavailable,False,none,,,,,,,,feature_pose_unavailable,False,none,,,,,,,,,not_comparable,,not_comparable,,not_comparable,none
0p25m,227,849.4009702420402,-5519.40369991094,-983.9929522289314,skipped_insufficient_features,False,,,,,,,,,darces_unavailable,False,none,,,,,,,,feature_pose_unavailable,False,none,,,,,,,,,not_comparable,,not_comparable,,not_comparable,none
0p25m,238,857.2431334869498,-5527.263252013243,-982.4354571319211,skipped_insufficient_features,False,,,,,,,,,darces_unavailable,False,none,,,,,,,,feature_pose_unavailable,False,none,,,,,,,,,not_comparable,,not_comparable,,not_comparable,none
0p25m,242,858.9459836882357,-5530.59458744694,-981.7986470919595,skipped_insufficient_features,False,,,,,,,,,darces_unavailable,False,none,,,,,,,,feature_pose_unavailable,False,none,,,,,,,,,not_comparable,,not_comparable,,not_comparable,none
0p25m,244,857.7686156006791,-5532.203465987,-981.820232191847,skipped_insufficient_features,False,,,,,,,,,darces_unavailable,False,none,,,,,,,,feature_pose_unavailable,False,none,,,,,,,,,not_comparable,,not_comparable,,not_comparable,none
0p25m,250,855.785234249897,-5537.392184080715,-981.9625071648331,skipped_insufficient_features,False,,,,,,,,,darces_unavailable,False,none,,,,,,,,feature_pose_unavailable,False,none,,,,,,,,,not_comparable,,not_comparable,,not_comparable,none
0p25m,253,854.6638579612129,-5539.075610544716,-982.2816536493476,no_solution,False,,,,,,,,,darces_unavailable,False,none,,,,,,,,feature_pose_unavailable,False,none,,,,,,,,,not_comparable,,not_comparable,,not_comparable,none
0p5m,10,653.0653666970207,-5508.912417601022,-1006.8656099911697,solution,True,,651.3686650953288,-5509.160244427215,-1006.9665043652058,20.14768202915962,1.7147053568951807,0.10089437403610191,1.2687513959111527,solution,True,darces,651.3686650953288,-5509.160244427215,-1006.9665043652058,20.14768202915962,1.7147053568951807,0.10089437403610191,1.2687513959111527,solution,True,darces,649.1896232878508,-5508.779051963777,-1006.9665043652058,21.31087988769893,3.8780373086036097,0.10089437403610191,0.10555353737182935,0.0,unchanged,-2.163331951708429,worsened,-2.163331951708429,worsened,DARCES
0p5m,13,655.1983962288042,-5506.776452522913,-1006.8301503021113,solution,True,,653.0063178178216,-5507.22430815907,-1006.9399791657925,46.817119803457096,2.2373605947037567,0.10982886368117306,1.4024249833655915,solution,True,ransac,652.5907997810168,-5507.393020771964,-1006.8584659099579,45.70094712308712,2.679499139811607,0.028315607846593593,0.28625230299562077,solution,True,ransac,652.7436916123462,-5507.482115674014,-1006.8584659099579,45.42601393419849,2.554121225956444,0.028315607846593593,0.011319114106977795,-0.44213854510785033,worsened,0.12537791385516295,improved,-0.3167606312526874,worsened,DARCES
0p5m,14,655.9157929042468,-5506.059642032294,-1006.8143394759986,solution,True,,653.5580599148784,-5507.11300670318,-1006.8090804815292,46.02646076991788,2.5823404072715896,0.00525899446938638,1.4710431467474905,solution,True,darces,653.5580599148784,-5507.11300670318,-1006.8090804815292,46.02646076991788,2.5823404072715896,0.00525899446938638,1.4710431467474905,solution,True,darces,651.6937760507484,-5509.602423569353,-1006.8090804815292,44.58321361681426,5.511508625644527,0.00525899446938638,0.027795993643863256,0.0,unchanged,-2.9291682183729377,worsened,-2.9291682183729377,worsened,DARCES
0p5m,16,657.3782128714513,-5504.620346929557,-1006.7785443171618,solution,True,,655.0409889314575,-5506.729378841355,-1006.8415750861168,44.512005881227886,3.148115523716407,0.06303076895494542,0.4423340282942263,solution,True,darces,655.0409889314575,-5506.729378841355,-1006.8415750861168,44.512005881227886,3.148115523716407,0.06303076895494542,0.4423340282942263,solution,True,darces,654.9605148647863,-5508.332132519197,-1006.8415750861168,44.94074581625221,4.429742195082444,0.06303076895494542,0.013594093269905325,0.0,unchanged,-1.2816266713660367,worsened,-1.2816266713660367,worsened,DARCES
0p5m,18,658.8288281527425,-5503.1617291172215,-1006.7661490926739,solution,True,,657.7918189023601,-5506.9322696142135,-1006.9044904708862,45.07290735834447,3.9105452081308796,0.13834137821231707,0.2727026954426037,solution,True,darces,657.7918189023601,-5506.9322696142135,-1006.9044904708862,45.07290735834447,3.9105452081308796,0.13834137821231707,0.2727026954426037,solution,True,darces,657.6970712360757,-5506.560003981181,-1006.9044904708862,44.79640973528316,3.5817796930352817,0.13834137821231707,0.0037949276187108946,0.0,unchanged,0.3287655150955979,improved,0.3287655150955979,improved,MOGA
0p5m,23,662.4121236448009,-5499.585756918119,-1006.676345770627,solution,True,,662.3115113733716,-5500.807174689188,-1006.7745860815048,44.94973710663766,1.2255546502078964,0.09824031087782714,0.06668192658170824,solution,True,darces,662.3115113733716,-5500.807174689188,-1006.7745860815048,44.94973710663766,1.2255546502078964,0.09824031087782714,0.06668192658170824,solution,True,darces,661.1594179556587,-5501.534121976806,-1006.7745860815048,45.02036930194597,2.3163328658727482,0.09824031087782714,0.0039502687265871314,0.0,unchanged,-1.0907782156648518,worsened,-1.0907782156648518,worsened,DARCES
0p5m,24,663.2246219904457,-5498.9824340922705,-1006.6723675092962,solution,True,,662.0014653087269,-5500.131176032843,-1006.7835531830788,20.26709170725291,1.6780108206036,0.11118567378252919,0.9116406339700234,solution,True,darces,662.0014653087269,-5500.131176032843,-1006.7835531830788,20.26709170725291,1.6780108206036,0.11118567378252919,0.9116406339700234,solution,True,darces,660.9460305085497,-5500.815152483325,-1006.7835531830788,19.33899674652849,2.9241812259634763,0.11118567378252919,0.016454326754410168,0.0,unchanged,-1.2461704053598763,worsened,-1.2461704053598763,worsened,DARCES
0p5m,30,669.2899118781241,-5498.99555702436,-1006.8418620259275,no_solution,False,,,,,,,,,darces_unavailable,False,none,,,,,,,,feature_pose_unavailable,False,none,,,,,,,,,not_comparable,,not_comparable,,not_comparable,none
0p5m,33,672.1843737634349,-5498.377391221289,-1006.9215494338856,no_solution,False,,,,,,,,,darces_unavailable,False,none,,,,,,,,feature_pose_unavailable,False,none,,,,,,,,,not_comparable,,not_comparable,,not_comparable,none
0p5m,36,674.4699382648023,-5496.7387159222335,-1006.9502274167942,no_solution,False,,,,,,,,,darces_unavailable,False,none,,,,,,,,feature_pose_unavailable,False,none,,,,,,,,,not_comparable,,not_comparable,,not_comparable,none
0p5m,39,677.5306350166426,-5497.019617483041,-1006.9837414534746,solution,True,,675.8041522429869,-5499.305985631258,-1006.9338916540146,2.735766544161331,2.864999489862791,0.049849799460048416,1.7463218118967347,solution,True,darces,675.8041522429869,-5499.305985631258,-1006.9338916540146,2.735766544161331,2.864999489862791,0.049849799460048416,1.7463218118967347,solution,True,darces,675.3027489888128,-5495.571740381189,-1006.9338916540146,0.8569372636520273,2.6570329796723784,0.049849799460048416,0.1325074686125776,0.0,unchanged,0.20796651019041246,improved,0.20796651019041246,improved,MOGA
0p5m,41,679.5637249832185,-5496.996465268984,-1007.0208233930429,solution,True,,678.0613311919212,-5498.238248415235,-1007.1108077466488,0.38718462442706186,1.949156865529615,0.08998435360592794,0.3080310302969451,solution,True,darces,678.0613311919212,-5498.238248415235,-1007.1108077466488,0.38718462442706186,1.949156865529615,0.08998435360592794,0.3080310302969451,solution,True,darces,678.4665241770185,-5498.591582669783,-1007.1108077466488,0.10020123687465944,1.936039548009486,0.08998435360592794,0.021047642744546735,0.0,unchanged,0.013117317520128902,improved,0.013117317520128902,improved,MOGA
0p5m,43,681.5655591393408,-5496.789476938898,-1007.0817007753739,solution,True,,679.674653306923,-5498.469685980576,-1007.1922268271446,30.480440409484537,2.529550808110081,0.11052605177076202,1.2206453520980745,solution,True,darces,679.674653306923,-5498.469685980576,-1007.1922268271446,30.480440409484537,2.529550808110081,0.11052605177076202,1.2206453520980745,solution,True,darces,680.361791845106,-5498.953186624834,-1007.1922268271446,29.292823994836972,2.4760240919033576,0.11052605177076202,0.03302893745051511,0.0,unchanged,0.053526716206723446,improved,0.053526716206723446,improved,MOGA
0p5m,53,689.9236098257888,-5492.8023951563255,-1007.2223599418907,solution,True,,686.9388234757703,-5495.319376196651,-1007.2850587666035,-1.2228025523718604,3.904374868351774,0.06269882471281107,1.018495774281945,solution,True,darces,686.9388234757703,-5495.319376196651,-1007.2850587666035,-1.2228025523718604,3.904374868351774,0.06269882471281107,1.018495774281945,solution,True,darces,686.4423189129642,-5492.3884927782065,-1007.2850587666035,-2.371504423779979,3.5058096922577024,0.06269882471281107,0.13020609712616807,0.0,unchanged,0.3985651760940714,improved,0.3985651760940714,improved,MOGA
0p5m,54,690.918311986105,-5492.924556997537,-1007.21635448914,solution,True,,688.9658923932487,-5493.897442183414,-1007.3218230828643,-8.073036072890064,2.1813866808675844,0.10546859372425388,0.37192390076705806,solution,True,darces,688.9658923932487,-5493.897442183414,-1007.3218230828643,-8.073036072890064,2.1813866808675844,0.10546859372425388,0.37192390076705806,solution,True,darces,687.6893245529081,-5490.592865914199,-1007.3218230828643,-7.869493782741605,3.9828561550553245,0.10546859372425388,0.16838161061861232,0.0,unchanged,-1.8014694741877402,worsened,-1.8014694741877402,worsened,DARCES
0p5m,61,696.5610680189214,-5489.408815455407,-1007.1844145563737,solution,True,,694.1826658486683,-5492.644350481996,-1007.8281706869602,47.31033985044984,4.015654839717718,0.6437561305865529,2.727765789501291,solution,True,darces,694.1826658486683,-5492.644350481996,-1007.8281706869602,47.31033985044984,4.015654839717718,0.6437561305865529,2.727765789501291,solution,True,darces,695.3277380728548,-5493.6737409453735,-1007.8281706869602,44.63181261786718,4.439672531936053,0.6437561305865529,0.04923855691862244,0.0,unchanged,-0.4240176922183352,worsened,-0.4240176922183352,worsened,DARCES
0p5m,66,700.6456770222389,-5486.806262796244,-1007.0096583018935,no_solution,False,,,,,,,,,darces_unavailable,False,none,,,,,,,,feature_pose_unavailable,False,none,,,,,,,,,not_comparable,,not_comparable,,not_comparable,none
0p5m,69,703.6765123624073,-5486.968361373813,-1006.7683413970327,solution,True,,702.2156539796706,-5486.9343875441555,-1006.796599239111,0.6517120361391568,1.461253378272775,0.028257842078232898,0.32156638795530057,solution,True,darces,702.2156539796706,-5486.9343875441555,-1006.796599239111,0.6517120361391568,1.461253378272775,0.028257842078232898,0.32156638795530057,solution,True,darces,701.9459842642586,-5487.248585298832,-1006.796599239111,0.3376651058591983,1.7530695783780905,0.028257842078232898,0.007519457675366824,0.0,unchanged,-0.2918162001053155,worsened,-0.2918162001053155,worsened,DARCES
0p5m,70,704.6893001333958,-5486.94548530378,-1006.6386236879371,solution,True,,703.5530843006939,-5489.011778902756,-1006.8038085103035,-0.5656002601487696,2.358083046810417,0.1651848223664274,0.42581867265391793,solution,True,ransac,702.7415557379032,-5488.606261934486,-1006.7927222549915,-0.4720042235946371,2.559665456123561,0.15409856705446145,0.3322226360998002,solution,True,ransac,702.575133797915,-5488.360136699114,-1006.7927222549915,-0.14619993799727782,2.5438038179865097,0.15409856705446145,0.006418350502427029,-0.20158240931314397,worsened,0.015861638137051326,improved,-0.18572077117609265,worsened,DARCES
0p5m,71,705.6990601009988,-5486.943362887523,-1006.4979334512418,no_solution,False,,,,,,,,,darces_unavailable,False,none,,,,,,,,feature_pose_unavailable,False,none,,,,,,,,,not_comparable,,not_comparable,,not_comparable,none
0p5m,72,706.715732062541,-5486.947829091322,-1006.3596556752635,solution,True,,705.5166874914858,-5487.430274854412,-1006.3977546691895,1.025448183931285,1.2924634608764298,0.03809899392592797,0.8572126487539435,solution,True,darces,705.5166874914858,-5487.430274854412,-1006.3977546691895,1.025448183931285,1.2924634608764298,0.03809899392592797,0.8572126487539435,solution,True,darces,705.2783945467077,-5487.975531170322,-1006.3977546691895,0.18636799218922262,1.7669495458565339,0.03809899392592797,0.018132457011883634,0.0,unchanged,-0.47448608498010403,worsened,-0.47448608498010403,worsened,DARCES
0p5m,73,707.76569787434,-5486.937990825915,-1006.305336034664,solution,True,,706.6205573812059,-5488.620597182676,-1006.6193664073944,-1.2844204598375468,2.035315921626515,0.3140303727303717,0.8654714648657205,solution,True,darces,706.6205573812059,-5488.620597182676,-1006.6193664073944,-1.2844204598375468,2.035315921626515,0.3140303727303717,0.8654714648657205,solution,True,darces,706.2248137419813,-5488.355305285785,-1006.6193664073944,-0.4355696354348358,2.0935864413754937,0.3140303727303717,0.016620640463021762,0.0,unchanged,-0.05827051974897879,worsened,-0.05827051974897879,worsened,DARCES
0p5m,76,710.8029425833208,-5486.929539760131,-1006.0765333676009,no_solution,False,,,,,,,,,darces_unavailable,False,none,,,,,,,,feature_pose_unavailable,False,none,,,,,,,,,not_comparable,,not_comparable,,not_comparable,none
0p5m,77,711.8399342764524,-5486.961091391623,-1006.034725040889,solution,True,,709.8551515336176,-5487.5072928622085,-1006.111152201891,-1.06830869858278,2.058567118829131,0.07642716100190228,0.0905442602071389,solution,True,darces,709.8551515336176,-5487.5072928622085,-1006.111152201891,-1.06830869858278,2.058567118829131,0.07642716100190228,0.0905442602071389,solution,True,darces,709.0740796088049,-5487.97340826345,-1006.111152201891,-0.9894279241864333,2.9452907312408736,0.07642716100190228,0.011663485810807154,0.0,unchanged,-0.8867236124117426,worsened,-0.8867236124117426,worsened,DARCES
0p5m,79,713.8622939183145,-5487.032195186412,-1005.9497660547764,solution,True,,710.9050113818604,-5490.8900765156595,-1006.5986505746841,0.03022174245688328,4.860943154468719,0.6488845199077105,0.7769322327172858,solution,True,darces,710.9050113818604,-5490.8900765156595,-1006.5986505746841,0.03022174245688328,4.860943154468719,0.6488845199077105,0.7769322327172858,solution,True,darces,708.5608160530508,-5493.306844193643,-1006.5986505746841,0.7918960082618267,8.214431673574943,0.6488845199077105,0.01525796691233485,0.0,unchanged,-3.3534885191062234,worsened,-3.3534885191062234,worsened,DARCES
0p5m,80,714.8830908916539,-5487.018995207981,-1005.8808053943021,no_solution,False,,,,,,,,,darces_unavailable,False,none,,,,,,,,feature_pose_unavailable,False,none,,,,,,,,,not_comparable,,not_comparable,,not_comparable,none
0p5m,82,716.8720062647225,-5486.948446147532,-1005.7515718203698,no_solution,False,,,,,,,,,darces_unavailable,False,none,,,,,,,,feature_pose_unavailable,False,none,,,,,,,,,not_comparable,,not_comparable,,not_comparable,none
0p5m,83,717.9048299204226,-5486.981442782929,-1005.6289926978208,no_solution,False,,,,,,,,,darces_unavailable,False,none,,,,,,,,feature_pose_unavailable,False,none,,,,,,,,,not_comparable,,not_comparable,,not_comparable,none
0p5m,84,718.9171868841113,-5486.99075858124,-1005.5012632553336,solution,True,,717.2383150828305,-5486.685534053294,-1005.6215260028839,-0.26950167904934225,1.7063916718021475,0.12026274755032773,0.07582767169262183,solution,True,darces,717.2383150828305,-5486.685534053294,-1005.6215260028839,-0.26950167904934225,1.7063916718021475,0.12026274755032773,0.07582767169262183,solution,True,darces,716.7598503268426,-5487.336553748615,-1005.6215260028839,-0.32980212760882627,2.1848742112780615,0.12026274755032773,0.015527223133133171,0.0,unchanged,-0.478482539475914,worsened,-0.478482539475914,worsened,DARCES
0p5m,87,721.9586480505693,-5487.001587076867,-1005.1007557535738,solution,True,,719.8131356166328,-5487.012412172333,-1005.1441246271133,0.22930656595492402,2.1455397425514655,0.04336887353952079,0.005207852539314217,solution,True,darces,719.8131356166328,-5487.012412172333,-1005.1441246271133,0.22930656595492402,2.1455397425514655,0.04336887353952079,0.005207852539314217,solution,True,darces,719.7261022124072,-5486.727535904513,-1005.1441246271133,0.215918468481688,2.2493032175682766,0.04336887353952079,0.008180244933934665,0.0,unchanged,-0.10376347501681105,worsened,-0.10376347501681105,worsened,DARCES
0p5m,88,722.9875972880423,-5487.002866565371,-1004.9642160449109,solution,True,,720.7501927595595,-5486.2560270984895,-1005.1427934169769,0.6360047311348995,2.3587598888752517,0.17857737206600177,0.6374585666023904,solution,True,darces,720.7501927595595,-5486.2560270984895,-1005.1427934169769,0.6360047311348995,2.3587598888752517,0.17857737206600177,0.6374585666023904,solution,True,darces,720.7570987603808,-5486.266269743921,-1005.1427934169769,-0.015280875693099749,2.348978194719979,0.17857737206600177,0.013827040225611965,0.0,unchanged,0.009781694155272636,improved,0.009781694155272636,improved,MOGA
0p5m,90,724.9941853815859,-5487.0046168024155,-1004.6745697982262,solution,True,,726.0540174113129,-5486.668906921717,-1004.5570542812347,-1.0914358959634138,1.1117306576836066,0.11751551699148877,0.9217959058906899,solution,True,darces,726.0540174113129,-5486.668906921717,-1004.5570542812347,-1.0914358959634138,1.1117306576836066,0.11751551699148877,0.9217959058906899,solution,True,darces,722.4491337188688,-5489.3604192484345,-1004.5570542812347,-0.16537994699421527,3.4680099669072724,0.11751551699148877,0.004260043078526553,0.0,unchanged,-2.356279309223666,worsened,-2.356279309223666,worsened,DARCES
0p5m,97,732.0056026480726,-5486.996956955169,-1003.731802559405,solution,True,,729.3159352000207,-5486.923342573356,-1003.8194103240967,-0.1443931972304095,2.690674647429416,0.08760776469171105,0.27827762226101527,solution,True,darces,729.3159352000207,-5486.923342573356,-1003.8194103240967,-0.1443931972304095,2.690674647429416,0.08760776469171105,0.27827762226101527,solution,True,darces,729.191149841748,-5486.842475465112,-1003.8194103240967,0.12991812953358386,2.8186892574028213,0.08760776469171105,0.003966295497022928,0.0,unchanged,-0.1280146099734054,worsened,-0.1280146099734054,worsened,DARCES
0p5m,98,733.0200129150755,-5486.996191648911,-1003.6000861834601,solution,True,,731.0379860103759,-5488.240899228759,-1003.7959442138672,-0.5147183298239801,2.3404545734290045,0.1958580304070665,0.4983716298305012,solution,True,darces,731.0379860103759,-5488.240899228759,-1003.7959442138672,-0.5147183298239801,2.3404545734290045,0.1958580304070665,0.4983716298305012,solution,True,darces,730.5097998043894,-5487.902750769247,-1003.7959442138672,-0.022471969261747948,2.6688985180641565,0.1958580304070665,0.006125269268273498,0.0,unchanged,-0.3284439446351519,worsened,-0.3284439446351519,worsened,DARCES
0p5m,100,735.0589826520511,-5487.033028486695,-1003.3643241287652,solution,True,,733.1492206216149,-5487.626256598936,-1003.6140351295471,0.2288767300336457,1.9997776391512685,0.24971100078187192,0.216894493545567,solution,True,darces,733.1492206216149,-5487.626256598936,-1003.6140351295471,0.2288767300336457,1.9997776391512685,0.24971100078187192,0.216894493545567,solution,True,darces,732.3385346811024,-5487.124786202308,-1003.6140351295471,0.42152512765893985,2.721994974465165,0.24971100078187192,0.02424609592025632,0.0,unchanged,-0.7222173353138965,worsened,-0.7222173353138965,worsened,DARCES
0p5m,103,738.0949123813048,-5487.026136421222,-1002.9939512202589,solution,True,,736.1315450512155,-5487.559547657555,-1003.2127194404602,-0.10827605592420445,2.0345365123065444,0.21876822020135478,0.017574529410694595,solution,True,darces,736.1315450512155,-5487.559547657555,-1003.2127194404602,-0.10827605592420445,2.0345365123065444,0.21876822020135478,0.017574529410694595,solution,True,darces,736.6026326387941,-5488.9821377342805,-1003.2127194404602,-0.08694594989621819,2.4602520128219245,0.21876822020135478,0.003755576617300152,0.0,unchanged,-0.4257155005153801,worsened,-0.4257155005153801,worsened,DARCES
0p5m,104,739.1737275039754,-5486.838713773923,-1003.0012332511453,solution,True,,737.8891210454572,-5487.0172038613,-1002.9422533512115,0.04863669671145191,1.2969473638350981,0.058979899933774504,0.4867237659695718,solution,True,darces,737.8891210454572,-5487.0172038613,-1002.9422533512115,0.04863669671145191,1.2969473638350981,0.058979899933774504,0.4867237659695718,solution,True,darces,737.7304941669985,-5488.046590894257,-1002.9422533512115,0.5207772982788166,1.881990861505016,0.058979899933774504,0.014583164402214065,0.0,unchanged,-0.5850434976699179,worsened,-0.5850434976699179,worsened,DARCES
0p5m,105,739.9981571376932,-5486.791740122756,-1002.8196329839519,solution,True,,733.5854258333337,-5482.174805359148,-1003.2101111412048,12.690060452655825,7.901848479521852,0.39047815725291457,2.46604633410044,solution,True,darces,733.5854258333337,-5482.174805359148,-1003.2101111412048,12.690060452655825,7.901848479521852,0.39047815725291457,2.46604633410044,solution,True,darces,733.0871444482589,-5484.794203336535,-1003.2101111412048,10.300502281149274,7.193903641683491,0.39047815725291457,0.07648816259387499,0.0,unchanged,0.7079448378383608,improved,0.7079448378383608,improved,MOGA
0p5m,106,741.1445186261084,-5486.845197609639,-1002.5909878779555,solution,True,,742.2278407808261,-5486.950269151637,-1002.4863748550415,-7.311733161088959,1.0884056779712623,0.10461302291400898,1.8132924654721592,solution,True,darces,742.2278407808261,-5486.950269151637,-1002.4863748550415,-7.311733161088959,1.0884056779712623,0.10461302291400898,1.8132924654721592,solution,True,darces,738.1575011226126,-5486.382047331485,-1002.4863748550415,-5.528663726439013,3.022710992857904,0.10461302291400898,0.030223030822210405,0.0,unchanged,-1.9343053148866416,worsened,-1.9343053148866416,worsened,DARCES
0p5m,107,742.1386016162292,-5486.964558818956,-1002.4583538068428,solution,True,,742.2224398546459,-5489.708738539941,-1002.5214664936066,-6.6163088709091396,2.7454601055716705,0.06311268676381587,1.088591228187937,solution,True,darces,742.2224398546459,-5489.708738539941,-1002.5214664936066,-6.6163088709091396,2.7454601055716705,0.06311268676381587,1.088591228187937,solution,True,darces,739.8971780647499,-5488.2325686834065,-1002.5214664936066,-5.553746446187613,2.575233689098814,0.06311268676381587,0.02602880346642324,0.0,unchanged,0.17022641647285663,improved,0.17022641647285663,improved,MOGA
0p5m,110,745.1735406530634,-5486.996477994563,-1002.0401703283238,no_solution,False,,,,,,,,,darces_unavailable,False,none,,,,,,,,feature_pose_unavailable,False,none,,,,,,,,,not_comparable,,not_comparable,,not_comparable,none
0p5m,113,748.2423014425708,-5487.001615254331,-1001.7013584820298,no_solution,False,,,,,,,,,darces_unavailable,False,none,,,,,,,,feature_pose_unavailable,False,none,,,,,,,,,not_comparable,,not_comparable,,not_comparable,none
0p5m,116,751.2761590048843,-5486.994346743928,-1001.4264563805559,solution,True,,748.9229641958705,-5487.796542516664,-1001.4867396354675,0.29191263617207386,2.4861705225035067,0.06028325491161013,0.7220875836565881,solution,True,darces,748.9229641958705,-5487.796542516664,-1001.4867396354675,0.29191263617207386,2.4861705225035067,0.06028325491161013,0.7220875836565881,solution,True,darces,748.2230955889387,-5486.817862016679,-1001.4867396354675,1.00116277547679,3.0581600809535443,0.06028325491161013,0.012837444351880882,0.0,unchanged,-0.5719895584500376,worsened,-0.5719895584500376,worsened,DARCES
0p5m,121,756.3124559306326,-5486.986530526136,-1000.8582677529937,solution,True,,753.9398071519823,-5486.278797192703,-1000.9901785850525,0.48052853478862795,2.4759540985413646,0.13191083205879295,0.5816979417954826,solution,True,darces,753.9398071519823,-5486.278797192703,-1000.9901785850525,0.48052853478862795,2.4759540985413646,0.13191083205879295,0.5816979417954826,solution,True,darces,753.42013296588,-5486.546107298147,-1000.9901785850525,-0.10815911814909893,2.925663130332624,0.13191083205879295,0.00698971114223321,0.0,unchanged,-0.4497090317912593,worsened,-0.4497090317912593,worsened,DARCES
0p5m,122,757.3177792727969,-5486.993491899431,-1000.7013681388634,solution,True,,754.1906310615952,-5485.3333330374535,-1000.7148771286011,0.960261543724537,3.5405060912001227,0.013508989737715638,1.1873402406577611,solution,True,darces,754.1906310615952,-5485.3333330374535,-1000.7148771286011,0.960261543724537,3.5405060912001227,0.013508989737715638,1.1873402406577611,solution,True,darces,754.0978781325094,-5486.565031533074,-1000.7148771286011,-0.22750313640079506,3.248282875422555,0.013508989737715638,0.000424439467567944,0.0,unchanged,0.2922232157775677,improved,0.2922232157775677,improved,MOGA
0p5m,123,758.3852971053501,-5486.979231813488,-1000.512813355751,solution,True,,755.121538996605,-5489.303998881139,-1002.499813079834,-1.2472472831901422,4.0070761049965595,1.9869997240830344,1.0075638264322606,solution,True,darces,755.121538996605,-5489.303998881139,-1002.499813079834,-1.2472472831901422,4.0070761049965595,1.9869997240830344,1.0075638264322606,solution,True,darces,753.9113544220685,-5485.296248122905,-1002.499813079834,-0.2520065588227226,4.7800206313421265,1.9869997240830344,0.01232310206483848,0.0,unchanged,-0.772944526345567,worsened,-0.772944526345567,worsened,DARCES
0p5m,128,763.3250169192447,-5486.9748385718885,-999.7082603249537,solution,True,,762.1773696588226,-5487.879097916568,-1000.0207052230835,0.9584107083572491,1.4610883603650413,0.31244489812979737,0.04069885573699139,solution,True,darces,762.1773696588226,-5487.879097916568,-1000.0207052230835,0.9584107083572491,1.4610883603650413,0.31244489812979737,0.04069885573699139,solution,True,darces,761.9409170824462,-5489.0045499283815,-1000.0207052230835,1.0394426836302741,2.4567174336708426,0.31244489812979737,0.0403331195360499,0.0,unchanged,-0.9956290733058013,worsened,-0.9956290733058013,worsened,DARCES
0p5m,132,767.3904432366945,-5486.967908683667,-999.1722128363871,solution,True,,763.9258535446317,-5488.193449285326,-999.2518949508667,-0.726865908064335,3.67496006790057,0.07968211447962403,0.43571724606627527,solution,True,darces,763.9258535446317,-5488.193449285326,-999.2518949508667,-0.726865908064335,3.67496006790057,0.07968211447962403,0.43571724606627527,solution,True,darces,763.8889972298002,-5487.054274201554,-999.2518949508667,-0.3051566266595617,3.502510976696,0.07968211447962403,0.014007964661488185,0.0,unchanged,0.17244909120456997,improved,0.17244909120456997,improved,MOGA
0p5m,134,769.415861846703,-5486.970907245969,-998.9487466693923,no_solution,False,,,,,,,,,darces_unavailable,False,none,,,,,,,,feature_pose_unavailable,False,none,,,,,,,,,not_comparable,,not_comparable,,not_comparable,none
0p5m,138,773.3041541786316,-5487.244199931513,-998.3658635831699,solution,True,,769.8435500680685,-5487.529935814315,-998.3972091674805,-27.61340265951986,3.472380423393583,0.03134558431054302,0.7647666730117066,solution,True,ransac,770.1445926532044,-5487.417262218864,-998.4361624717712,-27.629230833330194,3.164297645333478,0.0702988886013145,0.7489384992013584,solution,True,ransac,770.463315460867,-5488.841184662871,-998.4361624717712,-28.367183801800124,3.2589453589372797,0.0702988886013145,0.01098553073142566,0.308082778060105,improved,-0.09464771360380153,worsened,0.21343506445630345,improved,RANSAC
0p5m,139,773.9438141451094,-5488.001735520818,-998.2653897482463,no_solution,False,,,,,,,,,darces_unavailable,False,none,,,,,,,,feature_pose_unavailable,False,none,,,,,,,,,not_comparable,,not_comparable,,not_comparable,none
0p5m,140,774.5400012635344,-5488.778043803031,-997.9642308723309,no_solution,False,,,,,,,,,darces_unavailable,False,none,,,,,,,,feature_pose_unavailable,False,none,,,,,,,,,not_comparable,,not_comparable,,not_comparable,none
0p5m,146,780.463971005742,-5489.005970495998,-997.0502507005904,no_solution,False,,,,,,,,,darces_unavailable,False,none,,,,,,,,feature_pose_unavailable,False,none,,,,,,,,,not_comparable,,not_comparable,,not_comparable,none
0p5m,147,781.4605459363681,-5489.001590655576,-996.8607800671828,no_solution,False,,,,,,,,,darces_unavailable,False,none,,,,,,,,feature_pose_unavailable,False,none,,,,,,,,,not_comparable,,not_comparable,,not_comparable,none
0p5m,149,783.4506355065046,-5488.992372245736,-996.4280819350282,no_solution,False,,,,,,,,,darces_unavailable,False,none,,,,,,,,feature_pose_unavailable,False,none,,,,,,,,,not_comparable,,not_comparable,,not_comparable,none
0p5m,150,784.4605387228094,-5488.993333644493,-996.2057305723716,no_solution,False,,,,,,,,,darces_unavailable,False,none,,,,,,,,feature_pose_unavailable,False,none,,,,,,,,,not_comparable,,not_comparable,,not_comparable,none
0p5m,151,785.4510577359393,-5488.996752682305,-996.0019560753086,no_solution,False,,,,,,,,,darces_unavailable,False,none,,,,,,,,feature_pose_unavailable,False,none,,,,,,,,,not_comparable,,not_comparable,,not_comparable,none
0p5m,156,790.4961308194479,-5488.992053323246,-995.096493310575,no_solution,False,,,,,,,,,darces_unavailable,False,none,,,,,,,,feature_pose_unavailable,False,none,,,,,,,,,not_comparable,,not_comparable,,not_comparable,none
0p5m,157,791.5145972384942,-5488.9883807774795,-994.945164583863,no_solution,False,,,,,,,,,darces_unavailable,False,none,,,,,,,,feature_pose_unavailable,False,none,,,,,,,,,not_comparable,,not_comparable,,not_comparable,none
0p5m,158,792.5249376405873,-5488.981243733909,-994.801204552436,no_solution,False,,,,,,,,,darces_unavailable,False,none,,,,,,,,feature_pose_unavailable,False,none,,,,,,,,,not_comparable,,not_comparable,,not_comparable,none
0p5m,159,793.5140255398549,-5488.979286063395,-994.64736621451,no_solution,False,,,,,,,,,darces_unavailable,False,none,,,,,,,,feature_pose_unavailable,False,none,,,,,,,,,not_comparable,,not_comparable,,not_comparable,none
0p5m,161,795.5158100217254,-5488.969733478925,-994.3091357805397,no_solution,False,,,,,,,,,darces_unavailable,False,none,,,,,,,,feature_pose_unavailable,False,none,,,,,,,,,not_comparable,,not_comparable,,not_comparable,none
0p5m,162,796.5135878585855,-5488.962667985149,-994.1390333083408,no_solution,False,,,,,,,,,darces_unavailable,False,none,,,,,,,,feature_pose_unavailable,False,none,,,,,,,,,not_comparable,,not_comparable,,not_comparable,none
0p5m,164,798.1523353877491,-5490.032735647082,-993.770389705024,no_solution,False,,,,,,,,,darces_unavailable,False,none,,,,,,,,feature_pose_unavailable,False,none,,,,,,,,,not_comparable,,not_comparable,,not_comparable,none
0p5m,165,798.7891748082674,-5490.833600551593,-993.6473051865089,no_solution,False,,,,,,,,,darces_unavailable,False,none,,,,,,,,feature_pose_unavailable,False,none,,,,,,,,,not_comparable,,not_comparable,,not_comparable,none
0p5m,168,800.9328210951752,-5492.936402056335,-993.2200791012162,no_solution,False,,,,,,,,,darces_unavailable,False,none,,,,,,,,feature_pose_unavailable,False,none,,,,,,,,,not_comparable,,not_comparable,,not_comparable,none
0p5m,169,801.92467838996,-5493.121168189675,-993.0211090609979,no_solution,False,,,,,,,,,darces_unavailable,False,none,,,,,,,,feature_pose_unavailable,False,none,,,,,,,,,not_comparable,,not_comparable,,not_comparable,none
0p5m,172,804.9248989024969,-5492.968237410051,-992.4277429462467,no_solution,False,,,,,,,,,darces_unavailable,False,none,,,,,,,,feature_pose_unavailable,False,none,,,,,,,,,not_comparable,,not_comparable,,not_comparable,none
0p5m,175,807.6915708713464,-5493.620771683828,-991.7966754116858,no_solution,False,,,,,,,,,darces_unavailable,False,none,,,,,,,,feature_pose_unavailable,False,none,,,,,,,,,not_comparable,,not_comparable,,not_comparable,none
0p5m,177,809.0881983619931,-5495.1377861781075,-991.4232709950298,no_solution,False,,,,,,,,,darces_unavailable,False,none,,,,,,,,feature_pose_unavailable,False,none,,,,,,,,,not_comparable,,not_comparable,,not_comparable,none
0p5m,180,811.2403138368866,-5497.237748880063,-991.1009066403366,no_solution,False,,,,,,,,,darces_unavailable,False,none,,,,,,,,feature_pose_unavailable,False,none,,,,,,,,,not_comparable,,not_comparable,,not_comparable,none
0p5m,181,811.9326486801724,-5497.919374937028,-990.8991014654176,no_solution,False,,,,,,,,,darces_unavailable,False,none,,,,,,,,feature_pose_unavailable,False,none,,,,,,,,,not_comparable,,not_comparable,,not_comparable,none
0p5m,187,817.6732584817839,-5498.970650430072,-990.1527747051119,no_solution,False,,,,,,,,,darces_unavailable,False,none,,,,,,,,feature_pose_unavailable,False,none,,,,,,,,,not_comparable,,not_comparable,,not_comparable,none
0p5m,194,823.598676780502,-5501.605843634481,-989.0649073655541,no_solution,False,,,,,,,,,darces_unavailable,False,none,,,,,,,,feature_pose_unavailable,False,none,,,,,,,,,not_comparable,,not_comparable,,not_comparable,none
0p5m,195,824.3095352395991,-5502.309965776569,-988.919752461994,no_solution,False,,,,,,,,,darces_unavailable,False,none,,,,,,,,feature_pose_unavailable,False,none,,,,,,,,,not_comparable,,not_comparable,,not_comparable,none
0p5m,198,827.0796687756782,-5503.062446333706,-988.5003355589303,no_solution,False,,,,,,,,,darces_unavailable,False,none,,,,,,,,feature_pose_unavailable,False,none,,,,,,,,,not_comparable,,not_comparable,,not_comparable,none
0p5m,199,827.8696674538717,-5503.651070073286,-988.3076426842645,no_solution,False,,,,,,,,,darces_unavailable,False,none,,,,,,,,feature_pose_unavailable,False,none,,,,,,,,,not_comparable,,not_comparable,,not_comparable,none
0p5m,200,828.5127215317019,-5504.415405841557,-988.1042521788485,no_solution,False,,,,,,,,,darces_unavailable,False,none,,,,,,,,feature_pose_unavailable,False,none,,,,,,,,,not_comparable,,not_comparable,,not_comparable,none
0p5m,201,829.2735366595855,-5505.068929420453,-987.9120043294913,no_solution,False,,,,,,,,,darces_unavailable,False,none,,,,,,,,feature_pose_unavailable,False,none,,,,,,,,,not_comparable,,not_comparable,,not_comparable,none
0p5m,203,831.2756565770155,-5505.1213457694885,-987.566308361316,skipped_insufficient_features,False,,,,,,,,,darces_unavailable,False,none,,,,,,,,feature_pose_unavailable,False,none,,,,,,,,,not_comparable,,not_comparable,,not_comparable,none
0p5m,204,832.0429250554165,-5505.7713734235485,-987.3761042614393,no_solution,False,,,,,,,,,darces_unavailable,False,none,,,,,,,,feature_pose_unavailable,False,none,,,,,,,,,not_comparable,,not_comparable,,not_comparable,none
0p5m,208,834.7337442548587,-5508.743083088872,-986.6567459719683,skipped_insufficient_features,False,,,,,,,,,darces_unavailable,False,none,,,,,,,,feature_pose_unavailable,False,none,,,,,,,,,not_comparable,,not_comparable,,not_comparable,none
0p5m,209,835.4354498254113,-5509.466719385277,-986.5123598910061,no_solution,False,,,,,,,,,darces_unavailable,False,none,,,,,,,,feature_pose_unavailable,False,none,,,,,,,,,not_comparable,,not_comparable,,not_comparable,none
0p5m,211,836.8517040445106,-5510.850973095322,-986.239738537539,no_solution,False,,,,,,,,,darces_unavailable,False,none,,,,,,,,feature_pose_unavailable,False,none,,,,,,,,,not_comparable,,not_comparable,,not_comparable,none
0p5m,212,837.5721949874,-5511.560447933288,-986.0996039667609,skipped_insufficient_features,False,,,,,,,,,darces_unavailable,False,none,,,,,,,,feature_pose_unavailable,False,none,,,,,,,,,not_comparable,,not_comparable,,not_comparable,none
0p5m,213,838.283813117716,-5512.272513346713,-985.9784076677316,no_solution,False,,,,,,,,,darces_unavailable,False,none,,,,,,,,feature_pose_unavailable,False,none,,,,,,,,,not_comparable,,not_comparable,,not_comparable,none
0p5m,215,839.7047412784879,-5513.687425673829,-985.7235112455846,no_solution,False,,,,,,,,,darces_unavailable,False,none,,,,,,,,feature_pose_unavailable,False,none,,,,,,,,,not_comparable,,not_comparable,,not_comparable,none
0p5m,216,840.4086112953196,-5514.404045448131,-985.5767896767398,no_solution,False,,,,,,,,,darces_unavailable,False,none,,,,,,,,feature_pose_unavailable,False,none,,,,,,,,,not_comparable,,not_comparable,,not_comparable,none
0p5m,218,842.218317375276,-5515.082438561534,-985.3809150884459,no_solution,False,,,,,,,,,darces_unavailable,False,none,,,,,,,,feature_pose_unavailable,False,none,,,,,,,,,not_comparable,,not_comparable,,not_comparable,none
0p5m,219,843.2172092418316,-5514.978970406211,-985.2835620018234,no_solution,False,,,,,,,,,darces_unavailable,False,none,,,,,,,,feature_pose_unavailable,False,none,,,,,,,,,not_comparable,,not_comparable,,not_comparable,none
0p5m,221,845.2072371649019,-5515.08648003056,-985.0283736284637,no_solution,False,,,,,,,,,darces_unavailable,False,none,,,,,,,,feature_pose_unavailable,False,none,,,,,,,,,not_comparable,,not_comparable,,not_comparable,none
0p5m,223,846.5853583033013,-5516.55884781989,-984.7054822076326,no_solution,False,,,,,,,,,darces_unavailable,False,none,,,,,,,,feature_pose_unavailable,False,none,,,,,,,,,not_comparable,,not_comparable,,not_comparable,none
0p5m,224,847.2520198336991,-5517.282689161369,-984.5474512984875,no_solution,False,,,,,,,,,darces_unavailable,False,none,,,,,,,,feature_pose_unavailable,False,none,,,,,,,,,not_comparable,,not_comparable,,not_comparable,none
0p5m,226,848.6768733034485,-5518.692335657273,-984.1666905915085,no_solution,False,,,,,,,,,darces_unavailable,False,none,,,,,,,,feature_pose_unavailable,False,none,,,,,,,,,not_comparable,,not_comparable,,not_comparable,none
0p5m,227,849.4009702420402,-5519.40369991094,-983.9929522289314,no_solution,False,,,,,,,,,darces_unavailable,False,none,,,,,,,,feature_pose_unavailable,False,none,,,,,,,,,not_comparable,,not_comparable,,not_comparable,none
0p5m,238,857.2431334869498,-5527.263252013243,-982.4354571319211,skipped_insufficient_features,False,,,,,,,,,darces_unavailable,False,none,,,,,,,,feature_pose_unavailable,False,none,,,,,,,,,not_comparable,,not_comparable,,not_comparable,none
0p5m,242,858.9459836882357,-5530.59458744694,-981.7986470919595,no_solution,False,,,,,,,,,darces_unavailable,False,none,,,,,,,,feature_pose_unavailable,False,none,,,,,,,,,not_comparable,,not_comparable,,not_comparable,none
0p5m,244,857.7686156006791,-5532.203465987,-981.820232191847,skipped_insufficient_features,False,,,,,,,,,darces_unavailable,False,none,,,,,,,,feature_pose_unavailable,False,none,,,,,,,,,not_comparable,,not_comparable,,not_comparable,none
0p5m,250,855.785234249897,-5537.392184080715,-981.9625071648331,no_solution,False,,,,,,,,,darces_unavailable,False,none,,,,,,,,feature_pose_unavailable,False,none,,,,,,,,,not_comparable,,not_comparable,,not_comparable,none
0p5m,253,854.6638579612129,-5539.075610544716,-982.2816536493476,no_solution,False,,,,,,,,,darces_unavailable,False,none,,,,,,,,feature_pose_unavailable,False,none,,,,,,,,,not_comparable,,not_comparable,,not_comparable,none
1m,10,653.0653666970207,-5508.912417601022,-1006.8656099911697,solution,True,,650.6361399049034,-5509.2556715999835,-1006.949404656887,19.986687108495847,2.453358130266323,0.08379466571739158,1.4297463165749207,solution,True,darces,650.6361399049034,-5509.2556715999835,-1006.949404656887,19.986687108495847,2.453358130266323,0.08379466571739158,1.4297463165749207,solution,True,darces,648.9560259734279,-5509.756874714482,-1006.949404656887,21.329447780936196,4.195210244916511,0.08379466571739158,0.08698564413456628,0.0,unchanged,-1.7418521146501882,worsened,-1.7418521146501882,worsened,DARCES
1m,13,655.1983962288042,-5506.776452522913,-1006.8301503021113,solution,True,,652.6323107859093,-5507.316219318519,-1006.9408946931362,46.569354804748976,2.622240014543957,0.11074439102492306,1.154659984657485,solution,True,ransac,652.2957073757268,-5507.537658455922,-1006.8698794841766,45.56507108126489,3.000839390941674,0.03972918206534359,0.15037626117339187,solution,True,ransac,652.3759336539592,-5507.584364081736,-1006.8698794841766,45.420700141728844,2.9358160830132904,0.03972918206534359,0.006005321637336625,-0.37859937639771735,worsened,0.06502330792838373,improved,-0.3135760684693336,worsened,DARCES
1m,14,655.9157929042468,-5506.059642032294,-1006.8143394759986,solution,True,,652.7065552738325,-5507.69811031717,-1006.810972571373,45.900912812319824,3.603301887021668,0.00336690462563638,1.3454951891494318,solution,True,darces,652.7065552738325,-5507.69811031717,-1006.810972571373,45.900912812319824,3.603301887021668,0.00336690462563638,1.3454951891494318,solution,True,darces,650.9536666728048,-5510.700293496648,-1006.810972571373,44.60312273172185,6.793993137351251,0.00336690462563638,0.04770510855144684,0.0,unchanged,-3.1906912503295826,worsened,-3.1906912503295826,worsened,DARCES
1m,16,657.3782128714513,-5504.620346929557,-1006.7785443171618,solution,True,,654.6278948076697,-5506.17594144369,-1006.825457572937,44.375769404061984,3.1597664066137354,0.04691325577516636,0.5785705054601351,solution,True,darces,654.6278948076697,-5506.17594144369,-1006.825457572937,44.375769404061984,3.1597664066137354,0.04691325577516636,0.5785705054601351,solution,True,darces,653.4487221729206,-5509.992723475466,-1006.825457572937,44.969447169097066,6.656074436247855,0.04691325577516636,0.015107259574955031,0.0,unchanged,-3.4963080296341196,worsened,-3.4963080296341196,worsened,DARCES
1m,18,658.8288281527425,-5503.1617291172215,-1006.7661490926739,solution,True,,657.0630431276944,-5507.740914513865,-1006.9108510017395,45.46586457507226,4.907844297807409,0.14470190906558855,0.6656599121703834,solution,True,darces,657.0630431276944,-5507.740914513865,-1006.9108510017395,45.46586457507226,4.907844297807409,0.14470190906558855,0.6656599121703834,solution,True,darces,656.9128647503383,-5507.017367056879,-1006.9108510017395,44.78766097320502,4.305445352234864,0.14470190906558855,0.012543689696849089,0.0,unchanged,0.6023989455725447,improved,0.6023989455725447,improved,MOGA
1m,23,662.4121236448009,-5499.585756918119,-1006.676345770627,solution,True,,662.1028708309399,-5500.611064264591,-1006.7759145498276,45.68141065355045,1.070930650233796,0.09956877920058105,0.6649916203310795,solution,True,darces,662.1028708309399,-5500.611064264591,-1006.7759145498276,45.68141065355045,1.070930650233796,0.09956877920058105,0.6649916203310795,solution,True,darces,662.0031005709715,-5497.110868757179,-1006.7759145498276,44.8869409733042,2.5084599426913785,0.09956877920058105,0.12947805991517625,0.0,unchanged,-1.4375292924575824,worsened,-1.4375292924575824,worsened,DARCES
1m,24,663.2246219904457,-5498.9824340922705,-1006.6723675092962,solution,True,,661.2055728450832,-5500.009758262662,-1006.793738245964,20.81616182181925,2.265381734379434,0.12137073666781362,1.4607107485363713,solution,True,darces,661.2055728450832,-5500.009758262662,-1006.793738245964,20.81616182181925,2.265381734379434,0.12137073666781362,1.4607107485363713,solution,True,darces,659.723638519952,-5503.5198162625775,-1006.793738245964,19.426198601718472,5.731031514491036,0.12137073666781362,0.07074752843557072,0.0,unchanged,-3.4656497801116024,worsened,-3.4656497801116024,worsened,DARCES
1m,30,669.2899118781241,-5498.99555702436,-1006.8418620259275,solution,True,,662.2330641024653,-5501.078178098084,-1007.108410090208,0.756723833282309,7.35774497149373,0.2665480642805278,0.923394934149087,solution,True,darces,662.2330641024653,-5501.078178098084,-1007.108410090208,0.756723833282309,7.35774497149373,0.2665480642805278,0.923394934149087,solution,True,darces,666.5356961832518,-5499.5145115554515,-1007.108410090208,-0.11059689065910752,2.8026804846826847,0.2665480642805278,0.05607421020766185,0.0,unchanged,4.5550644868110455,improved,4.5550644868110455,improved,MOGA
1m,33,672.1843737634349,-5498.377391221289,-1006.9215494338856,no_solution,False,,,,,,,,,darces_unavailable,False,none,,,,,,,,feature_pose_unavailable,False,none,,,,,,,,,not_comparable,,not_comparable,,not_comparable,none
1m,36,674.4699382648023,-5496.7387159222335,-1006.9502274167942,solution,True,,672.6406194659637,-5498.558772384041,-1007.0575856566429,-9.661778087061773,2.5805063053499495,0.10735823984873605,0.9834303958635076,solution,True,darces,672.6406194659637,-5498.558772384041,-1007.0575856566429,-9.661778087061773,2.5805063053499495,0.10735823984873605,0.9834303958635076,solution,True,darces,672.7041792123039,-5496.050829276605,-1007.0575856566429,-10.75719598291439,1.8950179599976638,0.10735823984873605,0.11198749998911191,0.0,unchanged,0.6854883453522858,improved,0.6854883453522858,improved,MOGA
1m,39,677.5306350166426,-5497.019617483041,-1006.9837414534746,solution,True,,675.198998968803,-5499.115322078852,-1007.0821474790573,3.7210069998986235,3.135044563078634,0.0984060255826762,2.7315622676340183,solution,True,darces,675.198998968803,-5499.115322078852,-1007.0821474790573,3.7210069998986235,3.135044563078634,0.0984060255826762,2.7315622676340183,solution,True,darces,672.7746395408559,-5497.838862865771,-1007.0821474790573,0.8989558566224158,4.8260393660670236,0.0984060255826762,0.09048887564218898,0.0,unchanged,-1.6909948029883894,worsened,-1.6909948029883894,worsened,DARCES
1m,41,679.5637249832185,-5496.996465268984,-1007.0208233930429,solution,True,,677.4511354957525,-5498.146126115421,-1007.1214278638363,0.7975695408665122,2.4051516385420846,0.10060447079342794,0.7184159467363997,solution,True,darces,677.4511354957525,-5498.146126115421,-1007.1214278638363,0.7975695408665122,2.4051516385420846,0.10060447079342794,0.7184159467363997,solution,True,darces,677.2441891776996,-5499.0432840815265,-1007.1214278638363,0.09537370826791906,3.0934953700404786,0.10060447079342794,0.01622011413780636,0.0,unchanged,-0.688343731498394,worsened,-0.688343731498394,worsened,DARCES
1m,43,681.5655591393408,-5496.789476938898,-1007.0817007753739,solution,True,,679.164966573495,-5498.8314343756165,-1007.1982392072678,30.544605239901458,3.151576564287396,0.11653843189390045,1.2848101825150025,solution,True,darces,679.164966573495,-5498.8314343756165,-1007.1982392072678,30.544605239901458,3.151576564287396,0.11653843189390045,1.2848101825150025,solution,True,darces,677.9964439552068,-5498.326557121949,-1007.1982392072678,29.203296774244,3.8860260790099224,0.11653843189390045,0.05649828314245964,0.0,unchanged,-0.7344495147225265,worsened,-0.7344495147225265,worsened,DARCES
1m,53,689.9236098257888,-5492.8023951563255,-1007.2223599418907,solution,True,,687.3234278719282,-5494.750342730876,-1007.2827545106411,-1.2754939307592996,3.248914579729466,0.06039456875043925,0.9658043958945086,solution,True,darces,687.3234278719282,-5494.750342730876,-1007.2827545106411,-1.2754939307592996,3.248914579729466,0.06039456875043925,0.9658043958945086,solution,True,darces,686.8247471308791,-5492.437888065337,-1007.2827545106411,-2.387621861698557,3.1202268220890943,0.06039456875043925,0.14632353504474618,0.0,unchanged,0.12868775764037155,improved,0.12868775764037155,improved,MOGA
1m,54,690.918311986105,-5492.924556997537,-1007.21635448914,solution,True,,688.3476242198878,-5493.8917346924645,-1007.3209539540112,-7.96374026749187,2.7466103263737742,0.10459946487117122,0.262628095368882,solution,True,darces,688.3476242198878,-5493.8917346924645,-1007.3209539540112,-7.96374026749187,2.7466103263737742,0.10459946487117122,0.262628095368882,solution,True,darces,686.7341937952668,-5491.129533362807,-1007.3209539540112,-7.854940611578516,4.55290620199275,0.10459946487117122,0.15382843945552271,0.0,unchanged,-1.8062958756189755,worsened,-1.8062958756189755,worsened,DARCES
1m,61,696.5610680189214,-5489.408815455407,-1007.1844145563737,solution,True,,693.3410877533026,-5491.964279524603,-1007.8091408014297,47.572651544646874,4.110799133979025,0.6247262450560811,2.9900774836983146,solution,True,darces,693.3410877533026,-5491.964279524603,-1007.8091408014297,47.572651544646874,4.110799133979025,0.6247262450560811,2.9900774836983146,solution,True,darces,694.5114446100198,-5493.475781323194,-1007.8091408014297,44.63695462939502,4.554247192243227,0.6247262450560811,0.05438056844645521,0.0,unchanged,-0.44344805826420153,worsened,-0.44344805826420153,worsened,DARCES
1m,66,700.6456770222389,-5486.806262796244,-1007.0096583018935,solution,True,,696.0387293215682,-5489.351795233815,-1007.0947232544422,-10.550955940443957,5.263430678506627,0.08506495254869151,1.1390629727822272,solution,True,darces,696.0387293215682,-5489.351795233815,-1007.0947232544422,-10.550955940443957,5.263430678506627,0.08506495254869151,1.1390629727822272,solution,True,darces,700.4952648741197,-5488.764653362289,-1007.0947232544422,-11.629664314815814,1.9641581971619277,0.08506495254869151,0.060354598410393305,0.0,unchanged,3.2992724813446994,improved,3.2992724813446994,improved,MOGA
1m,69,703.6765123624073,-5486.968361373813,-1006.7683413970327,no_solution,False,,,,,,,,,darces_unavailable,False,none,,,,,,,,feature_pose_unavailable,False,none,,,,,,,,,not_comparable,,not_comparable,,not_comparable,none
1m,70,704.6893001333958,-5486.94548530378,-1006.6386236879371,solution,True,,702.6210756151429,-5487.996897052055,-1006.8159497976303,-0.21848108271181751,2.3201334707972876,0.17732610969324014,0.0786994952169664,solution,True,darces,702.6210756151429,-5487.996897052055,-1006.8159497976303,-0.21848108271181751,2.3201334707972876,0.17732610969324014,0.0786994952169664,solution,True,darces,701.0710713306688,-5485.804885946918,-1006.8159497976303,-0.2760290171240105,3.7937509883696974,0.17732610969324014,0.13624742962915973,0.0,unchanged,-1.4736175175724098,worsened,-1.4736175175724098,worsened,DARCES
1m,71,705.6990601009988,-5486.943362887523,-1006.4979334512418,no_solution,False,,,,,,,,,darces_unavailable,False,none,,,,,,,,feature_pose_unavailable,False,none,,,,,,,,,not_comparable,,not_comparable,,not_comparable,none
1m,72,706.715732062541,-5486.947829091322,-1006.3596556752635,solution,True,,705.3450004325326,-5487.788585692487,-1006.3986701965332,0.8875871730518494,1.6080350941155683,0.03901452126967797,0.7193516378745244,solution,True,darces,705.3450004325326,-5487.788585692487,-1006.3986701965332,0.8875871730518494,1.6080350941155683,0.03901452126967797,0.7193516378745244,solution,True,darces,703.7505794916949,-5486.021488933213,-1006.3986701965332,0.04408082112624285,3.106482875684463,0.03901452126967797,0.12415471405109613,0.0,unchanged,-1.4984477815688946,worsened,-1.4984477815688946,worsened,DARCES
1m,73,707.76569787434,-5486.937990825915,-1006.305336034664,solution,True,,705.3536152887943,-5487.7445875611575,-1006.6341020464897,-0.2944480170068583,2.5433719139748883,0.3287660118256781,0.12450097796497062,solution,True,darces,705.3536152887943,-5487.7445875611575,-1006.6341020464897,-0.2944480170068583,2.5433719139748883,0.3287660118256781,0.12450097796497062,solution,True,darces,705.029860520967,-5488.184996441389,-1006.6341020464897,-0.4420550050616433,3.0066308435080136,0.3287660118256781,0.02310601008982923,0.0,unchanged,-0.4632589295331253,worsened,-0.4632589295331253,worsened,DARCES
1m,76,710.8029425833208,-5486.929539760131,-1006.0765333676009,no_solution,False,,,,,,,,,darces_unavailable,False,none,,,,,,,,feature_pose_unavailable,False,none,,,,,,,,,not_comparable,,not_comparable,,not_comparable,none
1m,77,711.8399342764524,-5486.961091391623,-1006.034725040889,solution,True,,709.4176868639694,-5487.3831588303665,-1006.1530842632055,-1.0230714194798964,2.458744283191716,0.1183592223164851,0.04530698110426101,solution,True,darces,709.4176868639694,-5487.3831588303665,-1006.1530842632055,-1.0230714194798964,2.458744283191716,0.1183592223164851,0.04530698110426101,solution,True,darces,708.1219565883503,-5486.184054177989,-1006.1530842632055,-1.105898906238113,3.798308165564881,0.1183592223164851,0.12813446786248694,0.0,unchanged,-1.3395638823731648,worsened,-1.3395638823731648,worsened,DARCES
1m,79,713.8622939183145,-5487.032195186412,-1005.9497660547764,solution,True,,232.33847390282548,-5017.932763854626,-1067.522677719593,-1.912515351934333,672.249556130842,61.572911664816615,2.719669327108477,minimal_unverified,True,darces,232.33847390282548,-5017.932763854626,-1067.522677719593,-1.912515351934333,672.249556130842,61.572911664816615,2.719669327108477,solution,True,darces,226.42820105791074,-5014.865140352807,-1067.522677719593,0.6874433165346532,678.6263497336988,61.572911664816615,0.11971065863950842,0.0,unchanged,-6.376793602856765,worsened,-6.376793602856765,worsened,DARCES
1m,80,714.8830908916539,-5487.018995207981,-1005.8808053943021,no_solution,False,,,,,,,,,darces_unavailable,False,none,,,,,,,,feature_pose_unavailable,False,none,,,,,,,,,not_comparable,,not_comparable,,not_comparable,none
1m,82,716.8720062647225,-5486.948446147532,-1005.7515718203698,solution,True,,712.5830352311813,-5488.641406092781,-1005.3306024074554,0.9925863418372237,4.611007037814199,0.42096941291435996,0.6739370575002965,solution,True,ransac,712.559170589387,-5487.837234931827,-1005.3306024074554,1.192060996781009,4.403464211905723,0.42096941291435996,0.8734117124440672,solution,True,ransac,713.3784752839724,-5489.16613759946,-1005.3306024074554,0.340095973230622,4.137984302702685,0.42096941291435996,0.02144668889368281,0.20754282590847595,improved,0.2654799092030382,improved,0.47302273511151416,improved,MOGA
1m,83,717.9048299204226,-5486.981442782929,-1005.6289926978208,solution,True,,715.6830007627246,-5486.57750625633,-1005.8338407278061,0.2613192068130586,2.258249216432389,0.20484802998532814,0.6135591136591358,solution,True,darces,715.6830007627246,-5486.57750625633,-1005.8338407278061,0.2613192068130586,2.258249216432389,0.20484802998532814,0.6135591136591358,solution,True,darces,714.8481304437142,-5487.899109655584,-1005.8338407278061,-0.4209524046507234,3.191476802371808,0.20484802998532814,0.06871249780466042,0.0,unchanged,-0.9332275859394188,worsened,-0.9332275859394188,worsened,DARCES
1m,84,718.9171868841113,-5486.99075858124,-1005.5012632553336,solution,True,,715.2086026290812,-5487.132516003055,-1005.6282353401184,0.6545646305148745,3.71129254348091,0.1269720847848248,0.9998939812568324,solution,True,ransac,715.9275774942168,-5487.382279014836,-1005.6282353401184,0.2724592864732381,3.0151372363573135,0.1269720847848248,0.6177886372151988,solution,True,ransac,716.3065889441594,-5488.0854970596,-1005.6282353401184,-0.32964488950557186,2.830843326657894,0.1269720847848248,0.015684461236387625,0.6961553071235964,improved,0.1842939096994196,improved,0.880449216823016,improved,MOGA
1m,87,721.9586480505693,-5487.001587076867,-1005.1007557535738,solution,True,,720.3356554255238,-5487.223197138372,-1005.1496624946594,-0.37280176300101736,1.6380525267257025,0.048906741085602334,0.5969004764166357,solution,True,darces,720.3356554255238,-5487.223197138372,-1005.1496624946594,-0.37280176300101736,1.6380525267257025,0.048906741085602334,0.5969004764166357,solution,True,darces,718.4854669286821,-5486.7153467747685,-1005.1496624946594,0.17907465404638087,3.4849563291351595,0.048906741085602334,0.04502405936924178,0.0,unchanged,-1.846903802409457,worsened,-1.846903802409457,worsened,DARCES
1m,88,722.9875972880423,-5487.002866565371,-1004.9642160449109,solution,True,,720.8021490289752,-5487.273234401556,-1005.1471872329712,1.1071427856114135,2.2021087302634235,0.18297118806026447,1.1085966210789024,solution,True,darces,720.8021490289752,-5487.273234401556,-1005.1471872329712,1.1071427856114135,2.2021087302634235,0.18297118806026447,1.1085966210789024,solution,True,darces,719.7095802714539,-5487.2403087843995,-1005.1471872329712,-0.0514424203320806,3.286605295501752,0.18297118806026447,0.04998858486459282,0.0,unchanged,-1.0844965652383287,worsened,-1.0844965652383287,worsened,DARCES
1m,90,724.9941853815859,-5487.0046168024155,-1004.6745697982262,no_solution,False,,,,,,,,,darces_unavailable,False,none,,,,,,,,feature_pose_unavailable,False,none,,,,,,,,,not_comparable,,not_comparable,,not_comparable,none
1m,97,732.0056026480726,-5486.996956955169,-1003.731802559405,solution,True,,728.821616381134,-5486.791663077653,-1003.8197200298309,0.04519484727261792,3.1905977691019927,0.08791747042596398,0.08868957775800368,solution,True,ransac,730.2801804277522,-5485.404974805909,-1003.8205112218857,0.2725291284826582,2.3476560655124366,0.08870866248071252,0.1386447034520586,solution,True,ransac,730.3881662695204,-5485.61477815669,-1003.8205112218857,0.13896547416479704,2.127561672344297,0.08870866248071252,0.005081049134190238,0.8429417035895561,improved,0.2200943931681394,improved,1.0630360967576955,improved,MOGA
1m,98,733.0200129150755,-5486.996191648911,-1003.6000861834601,solution,True,,730.8077058026266,-5487.443121475182,-1003.7138125896454,0.043363036432830564,2.2570000065136844,0.11372640618526475,0.05970973642629929,solution,True,darces,730.8077058026266,-5487.443121475182,-1003.7138125896454,0.043363036432830564,2.2570000065136844,0.11372640618526475,0.05970973642629929,solution,True,darces,729.486560461938,-5489.597631706569,-1003.7138125896454,0.016335390267123075,4.387798606610192,0.11372640618526475,0.03268209026059753,0.0,unchanged,-2.130798600096508,worsened,-2.130798600096508,worsened,DARCES
1m,100,735.0589826520511,-5487.033028486695,-1003.3643241287652,solution,True,,733.7313941503407,-5487.537561400879,-1003.6330389976501,0.2307240876239251,1.420226985861246,0.26871486888489926,0.21504713595527392,solution,True,darces,733.7313941503407,-5487.537561400879,-1003.6330389976501,0.2307240876239251,1.420226985861246,0.26871486888489926,0.21504713595527392,solution,True,darces,734.0280079791382,-5484.66095632379,-1003.6330389976501,0.4286779667638782,2.5864328953633016,0.26871486888489926,0.017093256815317998,0.0,unchanged,-1.1662059095020556,worsened,-1.1662059095020556,worsened,DARCES
1m,103,738.0949123813048,-5487.026136421222,-1002.9939512202589,solution,True,,736.0505014063049,-5488.216374115106,-1003.2001020908356,0.2125868643966727,2.3656462124846254,0.206150870576721,0.30328839091018267,solution,True,darces,736.0505014063049,-5488.216374115106,-1003.2001020908356,0.2125868643966727,2.3656462124846254,0.206150870576721,0.30328839091018267,solution,True,darces,736.1714817300914,-5488.160602019297,-1003.2001020908356,-0.1399722383096574,2.233069112956905,0.206150870576721,0.04927071179613907,0.0,unchanged,0.13257709952772023,improved,0.13257709952772023,improved,MOGA
1m,104,739.1737275039754,-5486.838713773923,-1003.0012332511453,solution,True,,738.0176417241294,-5486.593431469227,-1002.9394607543945,1.293847287387084,1.1818196729447874,0.061772496750791106,0.7584868247060683,solution,True,darces,738.0176417241294,-5486.593431469227,-1002.9394607543945,1.293847287387084,1.1818196729447874,0.061772496750791106,0.7584868247060683,solution,True,darces,738.0051982664345,-5488.085166418727,-1002.9394607543945,0.49798107122226354,1.7085387835008583,0.061772496750791106,0.037379391458767154,0.0,unchanged,-0.5267191105560709,worsened,-0.5267191105560709,worsened,DARCES
1m,105,739.9981571376932,-5486.791740122756,-1002.8196329839519,no_solution,False,,,,,,,,,darces_unavailable,False,none,,,,,,,,feature_pose_unavailable,False,none,,,,,,,,,not_comparable,,not_comparable,,not_comparable,none
1m,106,741.1445186261084,-5486.845197609639,-1002.5909878779555,solution,True,,738.3307056476008,-5487.211955011719,-1002.6273293495178,-5.001080554447869,2.837614221489188,0.03634147156230938,0.4973601411689401,solution,True,darces,738.3307056476008,-5487.211955011719,-1002.6273293495178,-5.001080554447869,2.837614221489188,0.03634147156230938,0.4973601411689401,solution,True,darces,737.3325966635064,-5487.951818342965,-1002.6273293495178,-5.514605887917871,3.969302016273728,0.03634147156230938,0.016165192301068745,0.0,unchanged,-1.1316877947845398,worsened,-1.1316877947845398,worsened,DARCES
1m,107,742.1386016162292,-5486.964558818956,-1002.4583538068428,solution,True,,741.5817280946908,-5489.783593620444,-1002.5981111526489,-6.50294545294192,2.8735109763127182,0.13975734580617427,0.9752278102207299,solution,True,darces,741.5817280946908,-5489.783593620444,-1002.5981111526489,-6.50294545294192,2.8735109763127182,0.13975734580617427,0.9752278102207299,solution,True,darces,739.2137509552491,-5486.789876413893,-1002.5981111526489,-5.613701033141848,2.9300623426258516,0.13975734580617427,0.08598339042065808,0.0,unchanged,-0.0565513663131334,worsened,-0.0565513663131334,worsened,DARCES
1m,110,745.1735406530634,-5486.996477994563,-1002.0401703283238,solution,True,,738.6906061871059,-5487.847466997157,-1002.8342156410217,2.0462794947147547,6.538548888892355,0.7940453126979037,1.8707795843393455,solution,True,darces,738.6906061871059,-5487.847466997157,-1002.8342156410217,2.0462794947147547,6.538548888892355,0.7940453126979037,1.8707795843393455,solution,True,darces,744.1050741317183,-5488.223152886801,-1002.8342156410217,0.15397642037779238,1.6267611989720727,0.7940453126979037,0.0215234899976186,0.0,unchanged,4.911787689920282,improved,4.911787689920282,improved,MOGA
1m,113,748.2423014425708,-5487.001615254331,-1001.7013584820298,solution,True,,744.0103993972292,-5486.883750228166,-1001.859525680542,0.8297282986707661,4.233543088922018,0.1581671985121602,0.42835279374045854,solution,True,ransac,743.4725865287681,-5485.573319339253,-1001.9307548999786,1.5243250045850347,4.978976760337352,0.22939641794880572,1.122949499654709,solution,True,ransac,744.3293502273536,-5487.53296183802,-1001.9307548999786,0.44024217477899935,3.9488626722978526,0.22939641794880572,0.03886666984870014,-0.7454336714153333,worsened,1.030114088039499,improved,0.28468041662416566,improved,MOGA
1m,116,751.2761590048843,-5486.994346743928,-1001.4264563805559,solution,True,,748.538422093545,-5485.530297798749,-1001.503324508667,2.133689477148631,3.1046163546544894,0.07686812811107302,1.1196892573199477,solution,True,darces,748.538422093545,-5485.530297798749,-1001.503324508667,2.133689477148631,3.1046163546544894,0.07686812811107302,1.1196892573199477,solution,True,darces,747.0629202176593,-5489.185671478959,-1001.503324508667,1.0596055397505368,4.749029919103159,0.07686812811107302,0.045605319921866116,0.0,unchanged,-1.6444135644486697,worsened,-1.6444135644486697,worsened,DARCES
1m,121,756.3124559306326,-5486.986530526136,-1000.8582677529937,solution,True,,753.7874650683146,-5485.168966393131,-1000.962146282196,0.5717665347335565,3.111128128569562,0.10387852920234764,0.6729359417404055,solution,True,darces,753.7874650683146,-5485.168966393131,-1000.962146282196,0.5717665347335565,3.111128128569562,0.10387852920234764,0.6729359417404055,solution,True,darces,753.064268187698,-5486.187674145779,-1000.962146282196,-0.10303152803759058,3.344980587356015,0.10387852920234764,0.0018621210307248719,0.0,unchanged,-0.233852458786453,worsened,-0.233852458786453,worsened,DARCES
1m,122,757.3177792727969,-5486.993491899431,-1000.7013681388634,solution,True,,754.0330084621937,-5485.83466041163,-1000.7157926559448,0.8067358021390333,3.483189586472635,0.014424517081465638,1.033814499072264,solution,True,darces,754.0330084621937,-5485.83466041163,-1000.7157926559448,0.8067358021390333,3.483189586472635,0.014424517081465638,1.033814499072264,solution,True,darces,753.6498979699708,-5486.921838248898,-1000.7157926559448,-0.23156436138427855,3.6685811286185523,0.014424517081465638,0.004485664451051436,0.0,unchanged,-0.18539154214591713,worsened,-0.18539154214591713,worsened,DARCES
1m,123,758.3852971053501,-5486.979231813488,-1000.512813355751,solution,True,,754.6641733253178,-5487.2844092714095,-1002.1068334579468,-0.2569513621482197,3.733616941672658,1.5940201021958273,0.017267905390326632,solution,True,darces,754.6641733253178,-5487.2844092714095,-1002.1068334579468,-0.2569513621482197,3.733616941672658,1.5940201021958273,0.017267905390326632,solution,True,darces,754.3161265290992,-5487.118263475646,-1002.1068334579468,-0.24508281253037958,4.071545036188215,1.5940201021958273,0.005399355772495451,0.0,unchanged,-0.3379280945155565,worsened,-0.3379280945155565,worsened,DARCES
1m,128,763.3250169192447,-5486.9748385718885,-999.7082603249537,solution,True,,762.3602714085381,-5488.235228834341,-1000.0216207504272,0.6174575539249003,1.5872358092335477,0.31336042547354737,0.381652010169347,solution,True,darces,762.3602714085381,-5488.235228834341,-1000.0216207504272,0.6174575539249003,1.5872358092335477,0.31336042547354737,0.381652010169347,solution,True,darces,761.9165926134408,-5488.296308259149,-1000.0216207504272,1.02790324119252,1.9313055583015786,0.31336042547354737,0.028793677098295677,0.0,unchanged,-0.3440697490680309,worsened,-0.3440697490680309,worsened,DARCES
1m,132,767.3904432366945,-5486.967908683667,-999.1722128363871,solution,True,,764.4517112091512,-5488.309087374376,-999.2617387771606,-1.3663870822752053,3.2303105439138444,0.08952594077356935,1.0752384202771452,solution,True,darces,764.4517112091512,-5488.309087374376,-999.2617387771606,-1.3663870822752053,3.2303105439138444,0.08952594077356935,1.0752384202771452,solution,True,darces,763.6435277955574,-5486.55901631375,-999.2617387771606,-0.3077606955744887,3.769160157542787,0.08952594077356935,0.01661203357641514,0.0,unchanged,-0.5388496136289427,worsened,-0.5388496136289427,worsened,DARCES
1m,134,769.415861846703,-5486.970907245969,-998.9487466693923,no_solution,False,,,,,,,,,darces_unavailable,False,none,,,,,,,,feature_pose_unavailable,False,none,,,,,,,,,not_comparable,,not_comparable,,not_comparable,none
1m,138,773.3041541786316,-5487.244199931513,-998.3658635831699,solution,True,,770.7798760846936,-5487.269450175483,-998.4218673706055,-27.95291478094556,2.5244043793251616,0.05600378743554302,0.42525455158599357,solution,True,darces,770.7798760846936,-5487.269450175483,-998.4218673706055,-27.95291478094556,2.5244043793251616,0.05600378743554302,0.42525455158599357,solution,True,darces,771.1995334229632,-5487.646734749992,-998.4218673706055,-28.375952424500074,2.142769890883739,0.05600378743554302,0.0022169080314756364,0.0,unchanged,0.38163448844142245,improved,0.38163448844142245,improved,MOGA
1m,139,773.9438141451094,-5488.001735520818,-998.2653897482463,no_solution,False,,,,,,,,,darces_unavailable,False,none,,,,,,,,feature_pose_unavailable,False,none,,,,,,,,,not_comparable,,not_comparable,,not_comparable,none
1m,140,774.5400012635344,-5488.778043803031,-997.9642308723309,solution,True,,771.1111780471172,-5487.468054682811,-998.9173498153687,-49.51694088101717,3.670544938362205,0.9531189430377935,0.6825891919203855,solution,True,ransac,771.9374127590698,-5488.6348146469445,-998.9173498153687,-49.55571142885576,2.6065267147535893,0.9531189430377935,0.6438186440817901,solution,True,ransac,772.1977134527386,-5489.910095456141,-998.9173498153687,-50.18960582889532,2.6015097797068227,0.9531189430377935,0.009924244042234694,1.0640182236086155,improved,0.005016935046766591,improved,1.0690351586553821,improved,MOGA
1m,146,780.463971005742,-5489.005970495998,-997.0502507005904,no_solution,False,,,,,,,,,darces_unavailable,False,none,,,,,,,,feature_pose_unavailable,False,none,,,,,,,,,not_comparable,,not_comparable,,not_comparable,none
1m,147,781.4605459363681,-5489.001590655576,-996.8607800671828,no_solution,False,,,,,,,,,darces_unavailable,False,none,,,,,,,,feature_pose_unavailable,False,none,,,,,,,,,not_comparable,,not_comparable,,not_comparable,none
1m,149,783.4506355065046,-5488.992372245736,-996.4280819350282,no_solution,False,,,,,,,,,darces_unavailable,False,none,,,,,,,,feature_pose_unavailable,False,none,,,,,,,,,not_comparable,,not_comparable,,not_comparable,none
1m,150,784.4605387228094,-5488.993333644493,-996.2057305723716,no_solution,False,,,,,,,,,darces_unavailable,False,none,,,,,,,,feature_pose_unavailable,False,none,,,,,,,,,not_comparable,,not_comparable,,not_comparable,none
1m,151,785.4510577359393,-5488.996752682305,-996.0019560753086,no_solution,False,,,,,,,,,darces_unavailable,False,none,,,,,,,,feature_pose_unavailable,False,none,,,,,,,,,not_comparable,,not_comparable,,not_comparable,none
1m,156,790.4961308194479,-5488.992053323246,-995.096493310575,no_solution,False,,,,,,,,,darces_unavailable,False,none,,,,,,,,feature_pose_unavailable,False,none,,,,,,,,,not_comparable,,not_comparable,,not_comparable,none
1m,157,791.5145972384942,-5488.9883807774795,-994.945164583863,no_solution,False,,,,,,,,,darces_unavailable,False,none,,,,,,,,feature_pose_unavailable,False,none,,,,,,,,,not_comparable,,not_comparable,,not_comparable,none
1m,158,792.5249376405873,-5488.981243733909,-994.801204552436,no_solution,False,,,,,,,,,darces_unavailable,False,none,,,,,,,,feature_pose_unavailable,False,none,,,,,,,,,not_comparable,,not_comparable,,not_comparable,none
1m,159,793.5140255398549,-5488.979286063395,-994.64736621451,no_solution,False,,,,,,,,,darces_unavailable,False,none,,,,,,,,feature_pose_unavailable,False,none,,,,,,,,,not_comparable,,not_comparable,,not_comparable,none
1m,161,795.5158100217254,-5488.969733478925,-994.3091357805397,no_solution,False,,,,,,,,,darces_unavailable,False,none,,,,,,,,feature_pose_unavailable,False,none,,,,,,,,,not_comparable,,not_comparable,,not_comparable,none
1m,162,796.5135878585855,-5488.962667985149,-994.1390333083408,no_solution,False,,,,,,,,,darces_unavailable,False,none,,,,,,,,feature_pose_unavailable,False,none,,,,,,,,,not_comparable,,not_comparable,,not_comparable,none
1m,164,798.1523353877491,-5490.032735647082,-993.770389705024,no_solution,False,,,,,,,,,darces_unavailable,False,none,,,,,,,,feature_pose_unavailable,False,none,,,,,,,,,not_comparable,,not_comparable,,not_comparable,none
1m,165,798.7891748082674,-5490.833600551593,-993.6473051865089,no_solution,False,,,,,,,,,darces_unavailable,False,none,,,,,,,,feature_pose_unavailable,False,none,,,,,,,,,not_comparable,,not_comparable,,not_comparable,none
1m,168,800.9328210951752,-5492.936402056335,-993.2200791012162,no_solution,False,,,,,,,,,darces_unavailable,False,none,,,,,,,,feature_pose_unavailable,False,none,,,,,,,,,not_comparable,,not_comparable,,not_comparable,none
1m,169,801.92467838996,-5493.121168189675,-993.0211090609979,no_solution,False,,,,,,,,,darces_unavailable,False,none,,,,,,,,feature_pose_unavailable,False,none,,,,,,,,,not_comparable,,not_comparable,,not_comparable,none
1m,172,804.9248989024969,-5492.968237410051,-992.4277429462467,solution,True,,803.7476389397887,-5492.349852200254,-993.1418905258179,0.3152418231504733,1.3297899411155505,0.714147579571204,0.5373356127582554,solution,True,darces,803.7476389397887,-5492.349852200254,-993.1418905258179,0.3152418231504733,1.3297899411155505,0.714147579571204,0.5373356127582554,solution,True,darces,804.0417674617893,-5493.253215317289,-993.1418905258179,-0.21275009390442232,0.9279728170479317,0.714147579571204,0.009343695703357845,0.0,unchanged,0.4018171240676188,improved,0.4018171240676188,improved,MOGA
1m,175,807.6915708713464,-5493.620771683828,-991.7966754116858,no_solution,False,,,,,,,,,darces_unavailable,False,none,,,,,,,,feature_pose_unavailable,False,none,,,,,,,,,not_comparable,,not_comparable,,not_comparable,none
1m,177,809.0881983619931,-5495.1377861781075,-991.4232709950298,no_solution,False,,,,,,,,,darces_unavailable,False,none,,,,,,,,feature_pose_unavailable,False,none,,,,,,,,,not_comparable,,not_comparable,,not_comparable,none
1m,180,811.2403138368866,-5497.237748880063,-991.1009066403366,no_solution,False,,,,,,,,,darces_unavailable,False,none,,,,,,,,feature_pose_unavailable,False,none,,,,,,,,,not_comparable,,not_comparable,,not_comparable,none
1m,181,811.9326486801724,-5497.919374937028,-990.8991014654176,no_solution,False,,,,,,,,,darces_unavailable,False,none,,,,,,,,feature_pose_unavailable,False,none,,,,,,,,,not_comparable,,not_comparable,,not_comparable,none
1m,187,817.6732584817839,-5498.970650430072,-990.1527747051119,no_solution,False,,,,,,,,,darces_unavailable,False,none,,,,,,,,feature_pose_unavailable,False,none,,,,,,,,,not_comparable,,not_comparable,,not_comparable,none
1m,194,823.598676780502,-5501.605843634481,-989.0649073655541,no_solution,False,,,,,,,,,darces_unavailable,False,none,,,,,,,,feature_pose_unavailable,False,none,,,,,,,,,not_comparable,,not_comparable,,not_comparable,none
1m,195,824.3095352395991,-5502.309965776569,-988.919752461994,no_solution,False,,,,,,,,,darces_unavailable,False,none,,,,,,,,feature_pose_unavailable,False,none,,,,,,,,,not_comparable,,not_comparable,,not_comparable,none
1m,198,827.0796687756782,-5503.062446333706,-988.5003355589303,no_solution,False,,,,,,,,,darces_unavailable,False,none,,,,,,,,feature_pose_unavailable,False,none,,,,,,,,,not_comparable,,not_comparable,,not_comparable,none
1m,199,827.8696674538717,-5503.651070073286,-988.3076426842645,no_solution,False,,,,,,,,,darces_unavailable,False,none,,,,,,,,feature_pose_unavailable,False,none,,,,,,,,,not_comparable,,not_comparable,,not_comparable,none
1m,200,828.5127215317019,-5504.415405841557,-988.1042521788485,no_solution,False,,,,,,,,,darces_unavailable,False,none,,,,,,,,feature_pose_unavailable,False,none,,,,,,,,,not_comparable,,not_comparable,,not_comparable,none
1m,201,829.2735366595855,-5505.068929420453,-987.9120043294913,no_solution,False,,,,,,,,,darces_unavailable,False,none,,,,,,,,feature_pose_unavailable,False,none,,,,,,,,,not_comparable,,not_comparable,,not_comparable,none
1m,203,831.2756565770155,-5505.1213457694885,-987.566308361316,no_solution,False,,,,,,,,,darces_unavailable,False,none,,,,,,,,feature_pose_unavailable,False,none,,,,,,,,,not_comparable,,not_comparable,,not_comparable,none
1m,204,832.0429250554165,-5505.7713734235485,-987.3761042614393,no_solution,False,,,,,,,,,darces_unavailable,False,none,,,,,,,,feature_pose_unavailable,False,none,,,,,,,,,not_comparable,,not_comparable,,not_comparable,none
1m,208,834.7337442548587,-5508.743083088872,-986.6567459719683,no_solution,False,,,,,,,,,darces_unavailable,False,none,,,,,,,,feature_pose_unavailable,False,none,,,,,,,,,not_comparable,,not_comparable,,not_comparable,none
1m,209,835.4354498254113,-5509.466719385277,-986.5123598910061,no_solution,False,,,,,,,,,darces_unavailable,False,none,,,,,,,,feature_pose_unavailable,False,none,,,,,,,,,not_comparable,,not_comparable,,not_comparable,none
1m,211,836.8517040445106,-5510.850973095322,-986.239738537539,no_solution,False,,,,,,,,,darces_unavailable,False,none,,,,,,,,feature_pose_unavailable,False,none,,,,,,,,,not_comparable,,not_comparable,,not_comparable,none
1m,212,837.5721949874,-5511.560447933288,-986.0996039667609,no_solution,False,,,,,,,,,darces_unavailable,False,none,,,,,,,,feature_pose_unavailable,False,none,,,,,,,,,not_comparable,,not_comparable,,not_comparable,none
1m,213,838.283813117716,-5512.272513346713,-985.9784076677316,no_solution,False,,,,,,,,,darces_unavailable,False,none,,,,,,,,feature_pose_unavailable,False,none,,,,,,,,,not_comparable,,not_comparable,,not_comparable,none
1m,215,839.7047412784879,-5513.687425673829,-985.7235112455846,no_solution,False,,,,,,,,,darces_unavailable,False,none,,,,,,,,feature_pose_unavailable,False,none,,,,,,,,,not_comparable,,not_comparable,,not_comparable,none
1m,216,840.4086112953196,-5514.404045448131,-985.5767896767398,no_solution,False,,,,,,,,,darces_unavailable,False,none,,,,,,,,feature_pose_unavailable,False,none,,,,,,,,,not_comparable,,not_comparable,,not_comparable,none
1m,218,842.218317375276,-5515.082438561534,-985.3809150884459,no_solution,False,,,,,,,,,darces_unavailable,False,none,,,,,,,,feature_pose_unavailable,False,none,,,,,,,,,not_comparable,,not_comparable,,not_comparable,none
1m,219,843.2172092418316,-5514.978970406211,-985.2835620018234,no_solution,False,,,,,,,,,darces_unavailable,False,none,,,,,,,,feature_pose_unavailable,False,none,,,,,,,,,not_comparable,,not_comparable,,not_comparable,none
1m,221,845.2072371649019,-5515.08648003056,-985.0283736284637,no_solution,False,,,,,,,,,darces_unavailable,False,none,,,,,,,,feature_pose_unavailable,False,none,,,,,,,,,not_comparable,,not_comparable,,not_comparable,none
1m,223,846.5853583033013,-5516.55884781989,-984.7054822076326,no_solution,False,,,,,,,,,darces_unavailable,False,none,,,,,,,,feature_pose_unavailable,False,none,,,,,,,,,not_comparable,,not_comparable,,not_comparable,none
1m,224,847.2520198336991,-5517.282689161369,-984.5474512984875,no_solution,False,,,,,,,,,darces_unavailable,False,none,,,,,,,,feature_pose_unavailable,False,none,,,,,,,,,not_comparable,,not_comparable,,not_comparable,none
1m,226,848.6768733034485,-5518.692335657273,-984.1666905915085,no_solution,False,,,,,,,,,darces_unavailable,False,none,,,,,,,,feature_pose_unavailable,False,none,,,,,,,,,not_comparable,,not_comparable,,not_comparable,none
1m,227,849.4009702420402,-5519.40369991094,-983.9929522289314,no_solution,False,,,,,,,,,darces_unavailable,False,none,,,,,,,,feature_pose_unavailable,False,none,,,,,,,,,not_comparable,,not_comparable,,not_comparable,none
1m,238,857.2431334869498,-5527.263252013243,-982.4354571319211,no_solution,False,,,,,,,,,darces_unavailable,False,none,,,,,,,,feature_pose_unavailable,False,none,,,,,,,,,not_comparable,,not_comparable,,not_comparable,none
1m,242,858.9459836882357,-5530.59458744694,-981.7986470919595,no_solution,False,,,,,,,,,darces_unavailable,False,none,,,,,,,,feature_pose_unavailable,False,none,,,,,,,,,not_comparable,,not_comparable,,not_comparable,none
1m,244,857.7686156006791,-5532.203465987,-981.820232191847,no_solution,False,,,,,,,,,darces_unavailable,False,none,,,,,,,,feature_pose_unavailable,False,none,,,,,,,,,not_comparable,,not_comparable,,not_comparable,none
1m,250,855.785234249897,-5537.392184080715,-981.9625071648331,no_solution,False,,,,,,,,,darces_unavailable,False,none,,,,,,,,feature_pose_unavailable,False,none,,,,,,,,,not_comparable,,not_comparable,,not_comparable,none
1m,253,854.6638579612129,-5539.075610544716,-982.2816536493476,no_solution,False,,,,,,,,,darces_unavailable,False,none,,,,,,,,feature_pose_unavailable,False,none,,,,,,,,,not_comparable,,not_comparable,,not_comparable,none
2m,10,653.0653666970207,-5508.912417601022,-1006.8656099911697,no_solution,False,,,,,,,,,darces_unavailable,False,none,,,,,,,,feature_pose_unavailable,False,none,,,,,,,,,not_comparable,,not_comparable,,not_comparable,none
2m,13,655.1983962288042,-5506.776452522913,-1006.8301503021113,solution,True,,653.0640869862341,-5506.306936434336,-1006.9404176771641,44.772714296260524,2.1853423760025743,0.11026737505278561,0.6419805238309664,solution,True,darces,653.0640869862341,-5506.306936434336,-1006.9404176771641,44.772714296260524,2.1853423760025743,0.11026737505278561,0.6419805238309664,solution,True,darces,652.3986674454748,-5507.678405437758,-1006.9404176771641,45.434967561373135,2.9414282790508213,0.11026737505278561,0.02027274128163108,0.0,unchanged,-0.756085903048247,worsened,-0.756085903048247,worsened,DARCES
2m,14,655.9157929042468,-5506.059642032294,-1006.8143394759986,solution,True,,652.7445261843235,-5509.467429722884,-1006.8237003087997,44.88020613136985,4.655099306462997,0.009360832801121433,0.3247885081994468,solution,True,darces,652.7445261843235,-5509.467429722884,-1006.8237003087997,44.88020613136985,4.655099306462997,0.009360832801121433,0.3247885081994468,solution,True,darces,651.5082249234787,-5510.971508263256,-1006.8237003087997,44.587585448381994,6.5994761440554806,0.009360832801121433,0.03216782521159534,0.0,unchanged,-1.9443768375924835,worsened,-1.9443768375924835,worsened,DARCES
2m,16,657.3782128714513,-5504.620346929557,-1006.7785443171618,no_solution,False,,,,,,,,,darces_unavailable,False,none,,,,,,,,feature_pose_unavailable,False,none,,,,,,,,,not_comparable,,not_comparable,,not_comparable,none
2m,18,658.8288281527425,-5503.1617291172215,-1006.7661490926739,solution,True,,655.9769774266407,-5505.258550340569,-1006.844842672348,45.34386879774119,3.539733295976927,0.07869357967410906,0.5436641348393323,solution,True,darces,655.9769774266407,-5505.258550340569,-1006.844842672348,45.34386879774119,3.539733295976927,0.07869357967410906,0.5436641348393323,solution,True,darces,655.9784530733801,-5504.907291568682,-1006.844842672348,44.79991371743955,3.342398295385947,0.07869357967410906,0.00029094546232204797,0.0,unchanged,0.19733500059097997,improved,0.19733500059097997,improved,MOGA
2m,23,662.4121236448009,-5499.585756918119,-1006.676345770627,no_solution,False,,,,,,,,,darces_unavailable,False,none,,,,,,,,feature_pose_unavailable,False,none,,,,,,,,,not_comparable,,not_comparable,,not_comparable,none
2m,24,663.2246219904457,-5498.9824340922705,-1006.6723675092962,solution,True,,661.2425184231008,-5499.739790256762,-1006.8468394577503,18.901217376490912,2.1218677884294066,0.17447194845408376,0.454233696791988,solution,True,darces,661.2425184231008,-5499.739790256762,-1006.8468394577503,18.901217376490912,2.1218677884294066,0.17447194845408376,0.454233696791988,solution,True,darces,664.2193231311464,-5495.362580465746,-1006.8468394577503,19.306076381113247,3.7540339152403983,0.17447194845408376,0.04937469216965268,0.0,unchanged,-1.6321661268109917,worsened,-1.6321661268109917,worsened,DARCES
2m,30,669.2899118781241,-5498.99555702436,-1006.8418620259275,no_solution,False,,,,,,,,,darces_unavailable,False,none,,,,,,,,feature_pose_unavailable,False,none,,,,,,,,,not_comparable,,not_comparable,,not_comparable,none
2m,33,672.1843737634349,-5498.377391221289,-1006.9215494338856,no_solution,False,,,,,,,,,darces_unavailable,False,none,,,,,,,,feature_pose_unavailable,False,none,,,,,,,,,not_comparable,,not_comparable,,not_comparable,none
2m,36,674.4699382648023,-5496.7387159222335,-1006.9502274167942,no_solution,False,,,,,,,,,darces_unavailable,False,none,,,,,,,,feature_pose_unavailable,False,none,,,,,,,,,not_comparable,,not_comparable,,not_comparable,none
2m,39,677.5306350166426,-5497.019617483041,-1006.9837414534746,solution,True,,677.7824911990919,-5496.425513053054,-1007.0295219421387,-2.4073823121540094,0.6452841315019036,0.045780488664036056,3.3968270444186146,solution,True,darces,677.7824911990919,-5496.425513053054,-1007.0295219421387,-2.4073823121540094,0.6452841315019036,0.045780488664036056,3.3968270444186146,solution,True,darces,674.9264465623475,-5494.157660880992,-1007.0295219421387,0.8690287255596812,3.869443512637836,0.045780488664036056,0.12041600670492356,0.0,unchanged,-3.224159381135933,worsened,-3.224159381135933,worsened,DARCES
2m,41,679.5637249832185,-5496.996465268984,-1007.0208233930429,solution,True,,676.7793678705473,-5497.497771052753,-1007.1345472335815,0.47851166222694486,2.8291256634732607,0.11372384053868245,0.3993580680968307,solution,True,darces,676.7793678705473,-5497.497771052753,-1007.1345472335815,0.47851166222694486,2.8291256634732607,0.11372384053868245,0.3993580680968307,solution,True,darces,679.3697259676139,-5493.77078921698,-1007.1345472335815,0.049538590084266525,3.2315045428604607,0.11372384053868245,0.029615004045846174,0.0,unchanged,-0.4023788793872001,worsened,-0.4023788793872001,worsened,DARCES
2m,43,681.5655591393408,-5496.789476938898,-1007.0817007753739,solution,True,,679.4017405225295,-5499.224719791361,-1007.2080374658108,29.91451204432959,3.25768610472738,0.12633669043691498,0.6547169869431286,solution,True,darces,679.4017405225295,-5499.224719791361,-1007.2080374658108,29.91451204432959,3.25768610472738,0.12633669043691498,0.6547169869431286,solution,True,darces,677.7342830037111,-5497.332749471282,-1007.2080374658108,29.188696063161288,3.869602288593692,0.12633669043691498,0.07109899422517146,0.0,unchanged,-0.6119161838663119,worsened,-0.6119161838663119,worsened,DARCES
2m,53,689.9236098257888,-5492.8023951563255,-1007.2223599418907,solution,True,,685.4972407548208,-5496.802580011991,-1007.2851426228881,0.4202549047167575,5.966089341597237,0.06278268099742945,2.6615532313705614,solution,True,darces,685.4972407548208,-5496.802580011991,-1007.2851426228881,0.4202549047167575,5.966089341597237,0.06278268099742945,2.6615532313705614,solution,True,darces,684.2778829294692,-5496.888538546597,-1007.2851426228881,-2.241810423019645,6.969275428169665,0.06278268099742945,0.0005120963658340777,0.0,unchanged,-1.0031860865724278,worsened,-1.0031860865724278,worsened,DARCES
2m,54,690.918311986105,-5492.924556997537,-1007.21635448914,solution,True,,686.0112631715397,-5496.847228680707,-1007.3276594746858,-5.499135249658287,6.282235366688368,0.11130498554575752,2.201976922464695,solution,True,darces,686.0112631715397,-5496.847228680707,-1007.3276594746858,-5.499135249658287,6.282235366688368,0.11130498554575752,2.201976922464695,solution,True,darces,686.7174934740069,-5495.0243914871335,-1007.3276594746858,-7.731271294628485,4.696400861860405,0.11130498554575752,0.030159122505491708,0.0,unchanged,1.5858345048279627,improved,1.5858345048279627,improved,MOGA
2m,61,696.5610680189214,-5489.408815455407,-1007.1844145563737,no_solution,False,,,,,,,,,darces_unavailable,False,none,,,,,,,,feature_pose_unavailable,False,none,,,,,,,,,not_comparable,,not_comparable,,not_comparable,none
2m,66,700.6456770222389,-5486.806262796244,-1007.0096583018935,no_solution,False,,,,,,,,,darces_unavailable,False,none,,,,,,,,feature_pose_unavailable,False,none,,,,,,,,,not_comparable,,not_comparable,,not_comparable,none
2m,69,703.6765123624073,-5486.968361373813,-1006.7683413970327,no_solution,False,,,,,,,,,darces_unavailable,False,none,,,,,,,,feature_pose_unavailable,False,none,,,,,,,,,not_comparable,,not_comparable,,not_comparable,none
2m,70,704.6893001333958,-5486.94548530378,-1006.6386236879371,solution,True,,701.0712388176484,-5490.455729716507,-1006.8102804422379,-0.16816323058793856,5.041049843196885,0.1716567543007841,0.02838164309309832,solution,True,darces,701.0712388176484,-5490.455729716507,-1006.8102804422379,-0.16816323058793856,5.041049843196885,0.1716567543007841,0.02838164309309832,solution,True,darces,701.1038874959751,-5489.650804711602,-1006.8102804422379,-0.1569511903677953,4.491540590812673,0.1716567543007841,0.017169602872944507,0.0,unchanged,0.5495092523842118,improved,0.5495092523842118,improved,MOGA
2m,71,705.6990601009988,-5486.943362887523,-1006.4979334512418,no_solution,False,,,,,,,,,darces_unavailable,False,none,,,,,,,,feature_pose_unavailable,False,none,,,,,,,,,not_comparable,,not_comparable,,not_comparable,none
2m,72,706.715732062541,-5486.947829091322,-1006.3596556752635,no_solution,False,,,,,,,,,darces_unavailable,False,none,,,,,,,,feature_pose_unavailable,False,none,,,,,,,,,not_comparable,,not_comparable,,not_comparable,none
2m,73,707.76569787434,-5486.937990825915,-1006.305336034664,no_solution,False,,,,,,,,,darces_unavailable,False,none,,,,,,,,feature_pose_unavailable,False,none,,,,,,,,,not_comparable,,not_comparable,,not_comparable,none
2m,76,710.8029425833208,-5486.929539760131,-1006.0765333676009,solution,True,,708.438454019509,-5486.7156000620025,-1006.3155839443207,-1.1695304974711627,2.3741475023326277,0.23905057671981922,0.04024780958775409,solution,True,darces,708.438454019509,-5486.7156000620025,-1006.3155839443207,-1.1695304974711627,2.3741475023326277,0.23905057671981922,0.04024780958775409,solution,True,darces,709.3518580091884,-5487.00655780994,-1006.3155839443207,-1.13370006613221,1.4531270492567232,0.23905057671981922,0.0044173782487985525,0.0,unchanged,0.9210204530759045,improved,0.9210204530759045,improved,MOGA
2m,77,711.8399342764524,-5486.961091391623,-1006.034725040889,no_solution,False,,,,,,,,,darces_unavailable,False,none,,,,,,,,feature_pose_unavailable,False,none,,,,,,,,,not_comparable,,not_comparable,,not_comparable,none
2m,79,713.8622939183145,-5487.032195186412,-1005.9497660547764,solution,True,,709.108129581495,-5491.114769064218,-1006.5732582211494,1.3947946477599424,6.26653716251941,0.623492166373012,0.5876406725857919,solution,True,darces,709.108129581495,-5491.114769064218,-1006.5732582211494,1.3947946477599424,6.26653716251941,0.623492166373012,0.5876406725857919,solution,True,darces,710.768135083695,-5490.030691055749,-1006.5732582211494,0.7743792357447639,4.308688474732038,0.623492166373012,0.03277473942939766,0.0,unchanged,1.9578486877873722,improved,1.9578486877873722,improved,MOGA
2m,80,714.8830908916539,-5487.018995207981,-1005.8808053943021,no_solution,False,,,,,,,,,darces_unavailable,False,none,,,,,,,,feature_pose_unavailable,False,none,,,,,,,,,not_comparable,,not_comparable,,not_comparable,none
2m,82,716.8720062647225,-5486.948446147532,-1005.7515718203698,no_solution,False,,,,,,,,,darces_unavailable,False,none,,,,,,,,feature_pose_unavailable,False,none,,,,,,,,,not_comparable,,not_comparable,,not_comparable,none
2m,83,717.9048299204226,-5486.981442782929,-1005.6289926978208,solution,True,,718.9842049851875,-5486.605243888657,-1005.8226196169853,-2.066239629073543,1.1430556147831903,0.19362691916455788,1.71399972222747,solution,True,darces,718.9842049851875,-5486.605243888657,-1005.8226196169853,-2.066239629073543,1.1430556147831903,0.19362691916455788,1.71399972222747,solution,True,darces,714.9542748808972,-5488.155336300147,-1005.8226196169853,-0.3709548447426354,3.175500122978276,0.19362691916455788,0.018714937896572373,0.0,unchanged,-2.032444508195086,worsened,-2.032444508195086,worsened,DARCES
2m,84,718.9171868841113,-5486.99075858124,-1005.5012632553336,solution,True,,715.7888347530256,-5487.923054272385,-1005.7111003398895,-0.260485046362396,3.2643165152596167,0.20983708455594297,0.08484430437957258,solution,True,darces,715.7888347530256,-5487.923054272385,-1005.7111003398895,-0.260485046362396,3.2643165152596167,0.20983708455594297,0.08484430437957258,solution,True,darces,715.6331101730308,-5487.018689052045,-1005.7111003398895,-0.35530602388099597,3.28419548070159,0.20983708455594297,0.009976673139036487,0.0,unchanged,-0.019878965441973317,worsened,-0.019878965441973317,worsened,DARCES
2m,87,721.9586480505693,-5487.001587076867,-1005.1007557535738,solution,True,,719.0258642929991,-5488.392015323882,-1005.1584138870239,-0.05633801479613984,3.2456911865990423,0.05765813345010429,0.2804367282117539,solution,True,darces,719.0258642929991,-5488.392015323882,-1005.1584138870239,-0.05633801479613984,3.2456911865990423,0.05765813345010429,0.2804367282117539,solution,True,darces,718.8573979692612,-5485.964976437254,-1005.1584138870239,0.162378638316362,3.2699103481549336,0.05765813345010429,0.06172007509926063,0.0,unchanged,-0.024219161555891322,worsened,-0.024219161555891322,worsened,DARCES
2m,88,722.9875972880423,-5487.002866565371,-1004.9642160449109,solution,True,,720.1559773585822,-5487.990310432798,-1005.1427171230316,0.3191678402598163,2.998852583278243,0.17850107812068927,0.3206216757272955,solution,True,darces,720.1559773585822,-5487.990310432798,-1005.1427171230316,0.3191678402598163,2.998852583278243,0.17850107812068927,0.3206216757272955,solution,True,darces,721.3861848649284,-5484.757702316369,-1005.1427171230316,-0.06358875116425569,2.7577679840583715,0.17850107812068927,0.0621349156967679,0.0,unchanged,0.24108459921987135,improved,0.24108459921987135,improved,MOGA
2m,90,724.9941853815859,-5487.0046168024155,-1004.6745697982262,no_solution,False,,,,,,,,,darces_unavailable,False,none,,,,,,,,feature_pose_unavailable,False,none,,,,,,,,,not_comparable,,not_comparable,,not_comparable,none
2m,97,732.0056026480726,-5486.996956955169,-1003.731802559405,solution,True,,730.1558222049788,-5487.934605424104,-1003.817364692688,0.3191678402598163,2.0738544642644023,0.08556213328301965,0.18528341522920755,solution,True,darces,730.1558222049788,-5487.934605424104,-1003.817364692688,0.3191678402598163,2.0738544642644023,0.08556213328301965,0.18528341522920755,solution,True,darces,729.5830619419975,-5486.501662608722,-1003.817364692688,0.10470565057652902,2.472654436473689,0.08556213328301965,0.02917877445407777,0.0,unchanged,-0.39879997220928676,worsened,-0.39879997220928676,worsened,DARCES
2m,98,733.0200129150755,-5486.996191648911,-1003.6000861834601,solution,True,,729.4605406492351,-5489.196859533969,-1003.8034100532532,0.3626266739625174,4.184827589233632,0.20332386979305284,0.3789733739560006,solution,True,darces,729.4605406492351,-5489.196859533969,-1003.8034100532532,0.3626266739625174,4.184827589233632,0.20332386979305284,0.3789733739560006,solution,True,darces,728.9755355980612,-5490.087880070787,-1003.8034100532532,0.03539760775271909,5.0908087830721716,0.20332386979305284,0.05174430774619354,0.0,unchanged,-0.9059811938385396,worsened,-0.9059811938385396,worsened,DARCES
2m,100,735.0589826520511,-5487.033028486695,-1003.3643241287652,solution,True,,733.0251035973822,-5490.40946393759,-1003.6208961009979,-0.059202065635947425,3.9416976498813785,0.2565719722326776,0.504973289215144,solution,True,darces,733.0251035973822,-5490.40946393759,-1003.6208961009979,-0.059202065635947425,3.9416976498813785,0.2565719722326776,0.504973289215144,solution,True,darces,732.5050041650413,-5491.34859472329,-1003.6208961009979,0.3146280125593596,5.014670283732491,0.2565719722326776,0.13114321101983656,0.0,unchanged,-1.072972633851112,worsened,-1.072972633851112,worsened,DARCES
2m,103,738.0949123813048,-5487.026136421222,-1002.9939512202589,solution,True,,739.5507317657602,-5489.373373753092,-1003.2152104377747,-2.1695406968206004,2.762052347853064,0.2212592175158079,2.0788391703071056,solution,True,darces,739.5507317657602,-5489.373373753092,-1003.2152104377747,-2.1695406968206004,2.762052347853064,0.2212592175158079,2.0788391703071056,solution,True,darces,735.1304017439444,-5488.442136054941,-1003.2152104377747,-0.18037519767177457,3.2853277282055444,0.2212592175158079,0.08967367115825621,0.0,unchanged,-0.5232753803524806,worsened,-0.5232753803524806,worsened,DARCES
2m,104,739.1737275039754,-5486.838713773923,-1003.0012332511453,solution,True,,739.3147525954257,-5487.762121417416,-1002.9415488243103,-0.520925003790876,0.9341144215138788,0.05968442683501962,1.0562854664719055,solution,True,darces,739.3147525954257,-5487.762121417416,-1002.9415488243103,-0.520925003790876,0.9341144215138788,0.05968442683501962,1.0562854664719055,solution,True,darces,737.1922387997489,-5487.26389038006,-1002.9415488243103,0.5171472135591425,2.02659138244086,0.05968442683501962,0.018213249121888153,0.0,unchanged,-1.0924769609269813,worsened,-1.0924769609269813,worsened,DARCES
2m,105,739.9981571376932,-5486.791740122756,-1002.8196329839519,no_solution,False,,,,,,,,,darces_unavailable,False,none,,,,,,,,feature_pose_unavailable,False,none,,,,,,,,,not_comparable,,not_comparable,,not_comparable,none
2m,106,741.1445186261084,-5486.845197609639,-1002.5909878779555,solution,True,,740.7871945658819,-5488.718810110689,-1002.5669498443604,-6.6831169674980035,1.907381526624324,0.024038033595161323,1.1846762718812158,solution,True,darces,740.7871945658819,-5488.718810110689,-1002.5669498443604,-6.6831169674980035,1.907381526624324,0.024038033595161323,1.1846762718812158,solution,True,darces,737.3152344150817,-5491.839268550461,-1002.5669498443604,-5.480350133907128,6.293183783331038,0.024038033595161323,0.01809056170967457,0.0,unchanged,-4.3858022567067145,worsened,-4.3858022567067145,worsened,DARCES
2m,107,742.1386016162292,-5486.964558818956,-1002.4583538068428,solution,True,,738.1968792865578,-5491.184119773867,-1002.6023945808411,-6.556119544221592,5.774241904911641,0.14404077399831294,1.0284019015003878,solution,True,darces,738.1968792865578,-5491.184119773867,-1002.6023945808411,-6.556119544221592,5.774241904911641,0.14404077399831294,1.0284019015003878,solution,True,darces,738.9155983867015,-5487.237937671875,-1002.6023945808411,-5.641732677585557,3.2345766051786757,0.14404077399831294,0.11401503486436645,0.0,unchanged,2.539665299732965,improved,2.539665299732965,improved,MOGA
2m,110,745.1735406530634,-5486.996477994563,-1002.0401703283238,solution,True,,741.2870225534294,-5492.647777063635,-1003.0579514503479,0.6622997333318383,6.85873196056476,1.0177811220240756,0.48679982295641366,solution,True,darces,741.2870225534294,-5492.647777063635,-1003.0579514503479,0.6622997333318383,6.85873196056476,1.0177811220240756,0.48679982295641366,solution,True,darces,746.4025807553571,-5488.932124365341,-1003.0579514503479,0.03654528226730719,2.2928729676440707,1.0177811220240756,0.13895462810810377,0.0,unchanged,4.565858992920689,improved,4.565858992920689,improved,MOGA
2m,113,748.2423014425708,-5487.001615254331,-1001.7013584820298,solution,True,,744.5103599873996,-5486.534025814762,-1001.8848857879639,2.0766444767812766,3.76112043264001,0.1835273059340352,1.6752689718509544,solution,True,darces,744.5103599873996,-5486.534025814762,-1001.8848857879639,2.0766444767812766,3.76112043264001,0.1835273059340352,1.6752689718509544,solution,True,darces,743.8713202221525,-5490.557694554873,-1001.8848857879639,0.40105235323096533,5.634818259801291,0.1835273059340352,0.0003231516993338973,0.0,unchanged,-1.8736978271612807,worsened,-1.8736978271612807,worsened,DARCES
2m,116,751.2761590048843,-5486.994346743928,-1001.4264563805559,solution,True,,751.0088132819753,-5492.369538337178,-1001.5173625946045,-0.022628663718031967,5.381835969230339,0.09090621404857302,1.0366288835467117,solution,True,darces,751.0088132819753,-5492.369538337178,-1001.5173625946045,-0.022628663718031967,5.381835969230339,0.09090621404857302,1.0366288835467117,solution,True,darces,750.0600232735814,-5488.631300361481,-1001.5173625946045,0.9328419810157619,2.039265373357071,0.09090621404857302,0.0811582388129089,0.0,unchanged,3.3425705958732683,improved,3.3425705958732683,improved,MOGA
2m,121,756.3124559306326,-5486.986530526136,-1000.8582677529937,solution,True,,753.0928800448995,-5489.240697805495,-1001.0107421875,-1.3650325824140541,3.9302594071288857,0.15247443450630271,1.2638631754072094,solution,True,darces,753.0928800448995,-5489.240697805495,-1001.0107421875,-1.3650325824140541,3.9302594071288857,0.15247443450630271,1.2638631754072094,solution,True,darces,751.4178375429857,-5486.911723184297,-1001.0107421875,-0.1349518818293714,4.895190016647393,0.15247443450630271,0.03378247482250569,0.0,unchanged,-0.9649306095185075,worsened,-0.9649306095185075,worsened,DARCES
2m,122,757.3177792727969,-5486.993491899431,-1000.7013681388634,no_solution,False,,,,,,,,,darces_unavailable,False,none,,,,,,,,feature_pose_unavailable,False,none,,,,,,,,,not_comparable,,not_comparable,,not_comparable,none
2m,123,758.3852971053501,-5486.979231813488,-1000.512813355751,no_solution,False,,,,,,,,,darces_unavailable,False,none,,,,,,,,feature_pose_unavailable,False,none,,,,,,,,,not_comparable,,not_comparable,,not_comparable,none
2m,128,763.3250169192447,-5486.9748385718885,-999.7082603249537,solution,True,,761.4616667861609,-5489.486799145763,-999.9852395057678,0.47444158877314757,3.127622042888805,0.27697918081412354,0.5246679753210799,solution,True,ransac,759.5574243678248,-5487.269271088681,-999.9933362007141,1.8951762053004473,3.7790798007531055,0.2850758757604126,0.8960666412062039,solution,True,ransac,760.0836159522535,-5488.9829021565365,-999.9933362007141,1.0223485363781402,3.8130040111178833,0.2850758757604126,0.023238972283890394,-0.6514577578643004,worsened,-0.033924210364777885,worsened,-0.6853819682290783,worsened,DARCES
2m,132,767.3904432366945,-5486.967908683667,-999.1722128363871,no_solution,False,,,,,,,,,darces_unavailable,False,none,,,,,,,,feature_pose_unavailable,False,none,,,,,,,,,not_comparable,,not_comparable,,not_comparable,none
2m,134,769.415861846703,-5486.970907245969,-998.9487466693923,no_solution,False,,,,,,,,,darces_unavailable,False,none,,,,,,,,feature_pose_unavailable,False,none,,,,,,,,,not_comparable,,not_comparable,,not_comparable,none
2m,138,773.3041541786316,-5487.244199931513,-998.3658635831699,solution,True,,769.1035407025213,-5488.191281521783,-998.516489982605,-27.609874627035044,4.306055865209753,0.15062639943505474,0.7682947054965155,solution,True,ransac,769.7015662692031,-5487.573638636492,-998.504207611084,-27.80536550272593,3.6176193146182167,0.13834402791405864,0.572803829805622,solution,True,ransac,769.9559346235986,-5488.697031471304,-998.504207611084,-28.368841415252774,3.64983474580932,0.13834402791405864,0.009327917278773799,0.6884365505915366,improved,-0.03221543119110315,worsened,0.6562211194004335,improved,RANSAC
2m,139,773.9438141451094,-5488.001735520818,-998.2653897482463,no_solution,False,,,,,,,,,darces_unavailable,False,none,,,,,,,,feature_pose_unavailable,False,none,,,,,,,,,not_comparable,,not_comparable,,not_comparable,none
2m,140,774.5400012635344,-5488.778043803031,-997.9642308723309,no_solution,False,,,,,,,,,darces_unavailable,False,none,,,,,,,,feature_pose_unavailable,False,none,,,,,,,,,not_comparable,,not_comparable,,not_comparable,none
2m,146,780.463971005742,-5489.005970495998,-997.0502507005904,no_solution,False,,,,,,,,,darces_unavailable,False,none,,,,,,,,feature_pose_unavailable,False,none,,,,,,,,,not_comparable,,not_comparable,,not_comparable,none
2m,147,781.4605459363681,-5489.001590655576,-996.8607800671828,no_solution,False,,,,,,,,,darces_unavailable,False,none,,,,,,,,feature_pose_unavailable,False,none,,,,,,,,,not_comparable,,not_comparable,,not_comparable,none
2m,149,783.4506355065046,-5488.992372245736,-996.4280819350282,no_solution,False,,,,,,,,,darces_unavailable,False,none,,,,,,,,feature_pose_unavailable,False,none,,,,,,,,,not_comparable,,not_comparable,,not_comparable,none
2m,150,784.4605387228094,-5488.993333644493,-996.2057305723716,solution,True,,781.7077136444641,-5495.940838701177,-996.349515914917,-4.109497482775872,7.473009596181529,0.1437853425453568,3.86304084887837,solution,True,ransac,777.8919264833632,-5494.234253948113,-996.3409719467163,-1.330510960422497,8.403208457553712,0.1352413743446732,1.0840543265249778,solution,True,ransac,777.5023335723,-5491.958650924712,-996.3409719467163,-0.26268343805083205,7.563711092376594,0.1352413743446732,0.01622680415331601,-0.9301988613721823,worsened,0.8394973651771176,improved,-0.09070149619506473,worsened,DARCES
2m,151,785.4510577359393,-5488.996752682305,-996.0019560753086,no_solution,False,,,,,,,,,darces_unavailable,False,none,,,,,,,,feature_pose_unavailable,False,none,,,,,,,,,not_comparable,,not_comparable,,not_comparable,none
2m,156,790.4961308194479,-5488.992053323246,-995.096493310575,no_solution,False,,,,,,,,,darces_unavailable,False,none,,,,,,,,feature_pose_unavailable,False,none,,,,,,,,,not_comparable,,not_comparable,,not_comparable,none
2m,157,791.5145972384942,-5488.9883807774795,-994.945164583863,no_solution,False,,,,,,,,,darces_unavailable,False,none,,,,,,,,feature_pose_unavailable,False,none,,,,,,,,,not_comparable,,not_comparable,,not_comparable,none
2m,158,792.5249376405873,-5488.981243733909,-994.801204552436,no_solution,False,,,,,,,,,darces_unavailable,False,none,,,,,,,,feature_pose_unavailable,False,none,,,,,,,,,not_comparable,,not_comparable,,not_comparable,none
2m,159,793.5140255398549,-5488.979286063395,-994.64736621451,no_solution,False,,,,,,,,,darces_unavailable,False,none,,,,,,,,feature_pose_unavailable,False,none,,,,,,,,,not_comparable,,not_comparable,,not_comparable,none
2m,161,795.5158100217254,-5488.969733478925,-994.3091357805397,no_solution,False,,,,,,,,,darces_unavailable,False,none,,,,,,,,feature_pose_unavailable,False,none,,,,,,,,,not_comparable,,not_comparable,,not_comparable,none
2m,162,796.5135878585855,-5488.962667985149,-994.1390333083408,no_solution,False,,,,,,,,,darces_unavailable,False,none,,,,,,,,feature_pose_unavailable,False,none,,,,,,,,,not_comparable,,not_comparable,,not_comparable,none
2m,164,798.1523353877491,-5490.032735647082,-993.770389705024,no_solution,False,,,,,,,,,darces_unavailable,False,none,,,,,,,,feature_pose_unavailable,False,none,,,,,,,,,not_comparable,,not_comparable,,not_comparable,none
2m,165,798.7891748082674,-5490.833600551593,-993.6473051865089,no_solution,False,,,,,,,,,darces_unavailable,False,none,,,,,,,,feature_pose_unavailable,False,none,,,,,,,,,not_comparable,,not_comparable,,not_comparable,none
2m,168,800.9328210951752,-5492.936402056335,-993.2200791012162,no_solution,False,,,,,,,,,darces_unavailable,False,none,,,,,,,,feature_pose_unavailable,False,none,,,,,,,,,not_comparable,,not_comparable,,not_comparable,none
2m,169,801.92467838996,-5493.121168189675,-993.0211090609979,no_solution,False,,,,,,,,,darces_unavailable,False,none,,,,,,,,feature_pose_unavailable,False,none,,,,,,,,,not_comparable,,not_comparable,,not_comparable,none
2m,172,804.9248989024969,-5492.968237410051,-992.4277429462467,no_solution,False,,,,,,,,,darces_unavailable,False,none,,,,,,,,feature_pose_unavailable,False,none,,,,,,,,,not_comparable,,not_comparable,,not_comparable,none
2m,175,807.6915708713464,-5493.620771683828,-991.7966754116858,no_solution,False,,,,,,,,,darces_unavailable,False,none,,,,,,,,feature_pose_unavailable,False,none,,,,,,,,,not_comparable,,not_comparable,,not_comparable,none
2m,177,809.0881983619931,-5495.1377861781075,-991.4232709950298,no_solution,False,,,,,,,,,darces_unavailable,False,none,,,,,,,,feature_pose_unavailable,False,none,,,,,,,,,not_comparable,,not_comparable,,not_comparable,none
2m,180,811.2403138368866,-5497.237748880063,-991.1009066403366,no_solution,False,,,,,,,,,darces_unavailable,False,none,,,,,,,,feature_pose_unavailable,False,none,,,,,,,,,not_comparable,,not_comparable,,not_comparable,none
2m,181,811.9326486801724,-5497.919374937028,-990.8991014654176,no_solution,False,,,,,,,,,darces_unavailable,False,none,,,,,,,,feature_pose_unavailable,False,none,,,,,,,,,not_comparable,,not_comparable,,not_comparable,none
2m,187,817.6732584817839,-5498.970650430072,-990.1527747051119,no_solution,False,,,,,,,,,darces_unavailable,False,none,,,,,,,,feature_pose_unavailable,False,none,,,,,,,,,not_comparable,,not_comparable,,not_comparable,none
2m,194,823.598676780502,-5501.605843634481,-989.0649073655541,no_solution,False,,,,,,,,,darces_unavailable,False,none,,,,,,,,feature_pose_unavailable,False,none,,,,,,,,,not_comparable,,not_comparable,,not_comparable,none
2m,195,824.3095352395991,-5502.309965776569,-988.919752461994,no_solution,False,,,,,,,,,darces_unavailable,False,none,,,,,,,,feature_pose_unavailable,False,none,,,,,,,,,not_comparable,,not_comparable,,not_comparable,none
2m,198,827.0796687756782,-5503.062446333706,-988.5003355589303,no_solution,False,,,,,,,,,darces_unavailable,False,none,,,,,,,,feature_pose_unavailable,False,none,,,,,,,,,not_comparable,,not_comparable,,not_comparable,none
2m,199,827.8696674538717,-5503.651070073286,-988.3076426842645,no_solution,False,,,,,,,,,darces_unavailable,False,none,,,,,,,,feature_pose_unavailable,False,none,,,,,,,,,not_comparable,,not_comparable,,not_comparable,none
2m,200,828.5127215317019,-5504.415405841557,-988.1042521788485,no_solution,False,,,,,,,,,darces_unavailable,False,none,,,,,,,,feature_pose_unavailable,False,none,,,,,,,,,not_comparable,,not_comparable,,not_comparable,none
2m,201,829.2735366595855,-5505.068929420453,-987.9120043294913,no_solution,False,,,,,,,,,darces_unavailable,False,none,,,,,,,,feature_pose_unavailable,False,none,,,,,,,,,not_comparable,,not_comparable,,not_comparable,none
2m,203,831.2756565770155,-5505.1213457694885,-987.566308361316,no_solution,False,,,,,,,,,darces_unavailable,False,none,,,,,,,,feature_pose_unavailable,False,none,,,,,,,,,not_comparable,,not_comparable,,not_comparable,none
2m,204,832.0429250554165,-5505.7713734235485,-987.3761042614393,no_solution,False,,,,,,,,,darces_unavailable,False,none,,,,,,,,feature_pose_unavailable,False,none,,,,,,,,,not_comparable,,not_comparable,,not_comparable,none
2m,208,834.7337442548587,-5508.743083088872,-986.6567459719683,no_solution,False,,,,,,,,,darces_unavailable,False,none,,,,,,,,feature_pose_unavailable,False,none,,,,,,,,,not_comparable,,not_comparable,,not_comparable,none
2m,209,835.4354498254113,-5509.466719385277,-986.5123598910061,no_solution,False,,,,,,,,,darces_unavailable,False,none,,,,,,,,feature_pose_unavailable,False,none,,,,,,,,,not_comparable,,not_comparable,,not_comparable,none
2m,211,836.8517040445106,-5510.850973095322,-986.239738537539,no_solution,False,,,,,,,,,darces_unavailable,False,none,,,,,,,,feature_pose_unavailable,False,none,,,,,,,,,not_comparable,,not_comparable,,not_comparable,none
2m,212,837.5721949874,-5511.560447933288,-986.0996039667609,no_solution,False,,,,,,,,,darces_unavailable,False,none,,,,,,,,feature_pose_unavailable,False,none,,,,,,,,,not_comparable,,not_comparable,,not_comparable,none
2m,213,838.283813117716,-5512.272513346713,-985.9784076677316,no_solution,False,,,,,,,,,darces_unavailable,False,none,,,,,,,,feature_pose_unavailable,False,none,,,,,,,,,not_comparable,,not_comparable,,not_comparable,none
2m,215,839.7047412784879,-5513.687425673829,-985.7235112455846,no_solution,False,,,,,,,,,darces_unavailable,False,none,,,,,,,,feature_pose_unavailable,False,none,,,,,,,,,not_comparable,,not_comparable,,not_comparable,none
2m,216,840.4086112953196,-5514.404045448131,-985.5767896767398,no_solution,False,,,,,,,,,darces_unavailable,False,none,,,,,,,,feature_pose_unavailable,False,none,,,,,,,,,not_comparable,,not_comparable,,not_comparable,none
2m,218,842.218317375276,-5515.082438561534,-985.3809150884459,no_solution,False,,,,,,,,,darces_unavailable,False,none,,,,,,,,feature_pose_unavailable,False,none,,,,,,,,,not_comparable,,not_comparable,,not_comparable,none
2m,219,843.2172092418316,-5514.978970406211,-985.2835620018234,no_solution,False,,,,,,,,,darces_unavailable,False,none,,,,,,,,feature_pose_unavailable,False,none,,,,,,,,,not_comparable,,not_comparable,,not_comparable,none
2m,221,845.2072371649019,-5515.08648003056,-985.0283736284637,no_solution,False,,,,,,,,,darces_unavailable,False,none,,,,,,,,feature_pose_unavailable,False,none,,,,,,,,,not_comparable,,not_comparable,,not_comparable,none
2m,223,846.5853583033013,-5516.55884781989,-984.7054822076326,no_solution,False,,,,,,,,,darces_unavailable,False,none,,,,,,,,feature_pose_unavailable,False,none,,,,,,,,,not_comparable,,not_comparable,,not_comparable,none
2m,224,847.2520198336991,-5517.282689161369,-984.5474512984875,no_solution,False,,,,,,,,,darces_unavailable,False,none,,,,,,,,feature_pose_unavailable,False,none,,,,,,,,,not_comparable,,not_comparable,,not_comparable,none
2m,226,848.6768733034485,-5518.692335657273,-984.1666905915085,no_solution,False,,,,,,,,,darces_unavailable,False,none,,,,,,,,feature_pose_unavailable,False,none,,,,,,,,,not_comparable,,not_comparable,,not_comparable,none
2m,227,849.4009702420402,-5519.40369991094,-983.9929522289314,no_solution,False,,,,,,,,,darces_unavailable,False,none,,,,,,,,feature_pose_unavailable,False,none,,,,,,,,,not_comparable,,not_comparable,,not_comparable,none
2m,238,857.2431334869498,-5527.263252013243,-982.4354571319211,solution,True,,816.146171298145,-5856.698339670818,-950.8414783477783,-40.810988628046836,331.9886101677322,31.59397878414279,3.381613151282039,minimal_unverified,True,darces,816.146171298145,-5856.698339670818,-950.8414783477783,-40.810988628046836,331.9886101677322,31.59397878414279,3.381613151282039,solution,True,darces,812.7798546918267,-5855.13379700829,-950.8414783477783,-44.06543287786964,330.87169331413315,31.59397878414279,0.12716890145923432,0.0,unchanged,1.1169168535990366,improved,1.1169168535990366,improved,MOGA
2m,242,858.9459836882357,-5530.59458744694,-981.7986470919595,no_solution,False,,,,,,,,,darces_unavailable,False,none,,,,,,,,feature_pose_unavailable,False,none,,,,,,,,,not_comparable,,not_comparable,,not_comparable,none
2m,244,857.7686156006791,-5532.203465987,-981.820232191847,no_solution,False,,,,,,,,,darces_unavailable,False,none,,,,,,,,feature_pose_unavailable,False,none,,,,,,,,,not_comparable,,not_comparable,,not_comparable,none
2m,250,855.785234249897,-5537.392184080715,-981.9625071648331,no_solution,False,,,,,,,,,darces_unavailable,False,none,,,,,,,,feature_pose_unavailable,False,none,,,,,,,,,not_comparable,,not_comparable,,not_comparable,none
2m,253,854.6638579612129,-5539.075610544716,-982.2816536493476,no_solution,False,,,,,,,,,darces_unavailable,False,none,,,,,,,,feature_pose_unavailable,False,none,,,,,,,,,not_comparable,,not_comparable,,not_comparable,none
5m,10,653.0653666970207,-5508.912417601022,-1006.8656099911697,no_solution,False,,,,,,,,,darces_unavailable,False,none,,,,,,,,feature_pose_unavailable,False,none,,,,,,,,,not_comparable,,not_comparable,,not_comparable,none
5m,13,655.1983962288042,-5506.776452522913,-1006.8301503021113,no_solution,False,,,,,,,,,darces_unavailable,False,none,,,,,,,,feature_pose_unavailable,False,none,,,,,,,,,not_comparable,,not_comparable,,not_comparable,none
5m,14,655.9157929042468,-5506.059642032294,-1006.8143394759986,no_solution,False,,,,,,,,,darces_unavailable,False,none,,,,,,,,feature_pose_unavailable,False,none,,,,,,,,,not_comparable,,not_comparable,,not_comparable,none
5m,16,657.3782128714513,-5504.620346929557,-1006.7785443171618,solution,True,,651.3949133907444,-5509.857127649238,-1006.8880038261414,49.10374899272509,7.951336050114246,0.10945950897951207,4.149409083202983,solution,True,ransac,652.4113433155699,-5510.483820988015,-1006.8880038261414,47.33845732477839,7.684407668737846,0.10945950897951207,2.38411741525627,solution,True,ransac,652.7993162818573,-5510.108214563673,-1006.8880038261414,45.04803132462532,7.147236189449222,0.10945950897951207,0.09369141510320778,0.26692838137639985,improved,0.5371714792886237,improved,0.8040998606650236,improved,MOGA
5m,18,658.8288281527425,-5503.1617291172215,-1006.7661490926739,no_solution,False,,,,,,,,,darces_unavailable,False,none,,,,,,,,feature_pose_unavailable,False,none,,,,,,,,,not_comparable,,not_comparable,,not_comparable,none
5m,23,662.4121236448009,-5499.585756918119,-1006.676345770627,solution,True,,656.2226096424312,-5505.377316626228,-1006.803976714611,46.962998219197175,8.476570499802635,0.12763094398405883,1.9465791859778108,solution,True,ransac,659.5162461793118,-5501.63540091217,-1006.8399615585804,45.29059317785968,3.547836918105973,0.16361578795340392,0.27417414464031253,solution,True,ransac,659.6486427815032,-5501.709398067394,-1006.8399615585804,45.02280654663433,3.4852084891306885,0.16361578795340392,0.006387513414946128,4.928733581696663,improved,0.06262842897528431,improved,4.991362010671947,improved,MOGA
5m,24,663.2246219904457,-5498.9824340922705,-1006.6723675092962,no_solution,False,,,,,,,,,darces_unavailable,False,none,,,,,,,,feature_pose_unavailable,False,none,,,,,,,,,not_comparable,,not_comparable,,not_comparable,none
5m,30,669.2899118781241,-5498.99555702436,-1006.8418620259275,no_solution,False,,,,,,,,,darces_unavailable,False,none,,,,,,,,feature_pose_unavailable,False,none,,,,,,,,,not_comparable,,not_comparable,,not_comparable,none
5m,33,672.1843737634349,-5498.377391221289,-1006.9215494338856,no_solution,False,,,,,,,,,darces_unavailable,False,none,,,,,,,,feature_pose_unavailable,False,none,,,,,,,,,not_comparable,,not_comparable,,not_comparable,none
5m,36,674.4699382648023,-5496.7387159222335,-1006.9502274167942,solution,True,,669.7211862516023,-5498.024896106409,-1007.0737264454365,-10.796716447272523,4.919848081906289,0.12349902864229989,0.15150796434724612,solution,True,darces,669.7211862516023,-5498.024896106409,-1007.0737264454365,-10.796716447272523,4.919848081906289,0.12349902864229989,0.15150796434724612,solution,True,darces,669.2089453753288,-5498.241537297684,-1007.0737264454365,-10.64579614087139,5.471427443510656,0.12349902864229989,0.0005876579461112925,0.0,unchanged,-0.5515793616043672,worsened,-0.5515793616043672,worsened,DARCES
5m,39,677.5306350166426,-5497.019617483041,-1006.9837414534746,no_solution,False,,,,,,,,,darces_unavailable,False,none,,,,,,,,feature_pose_unavailable,False,none,,,,,,,,,not_comparable,,not_comparable,,not_comparable,none
5m,41,679.5637249832185,-5496.996465268984,-1007.0208233930429,no_solution,False,,,,,,,,,darces_unavailable,False,none,,,,,,,,feature_pose_unavailable,False,none,,,,,,,,,not_comparable,,not_comparable,,not_comparable,none
5m,43,681.5655591393408,-5496.789476938898,-1007.0817007753739,no_solution,False,,,,,,,,,darces_unavailable,False,none,,,,,,,,feature_pose_unavailable,False,none,,,,,,,,,not_comparable,,not_comparable,,not_comparable,none
5m,53,689.9236098257888,-5492.8023951563255,-1007.2223599418907,no_solution,False,,,,,,,,,darces_unavailable,False,none,,,,,,,,feature_pose_unavailable,False,none,,,,,,,,,not_comparable,,not_comparable,,not_comparable,none
5m,54,690.918311986105,-5492.924556997537,-1007.21635448914,solution,True,,685.2881305111403,-5495.41498589566,-1007.2437225580215,-6.128280443984819,6.156393387173971,0.027368068881514773,1.5728317281381692,solution,True,darces,685.2881305111403,-5495.41498589566,-1007.2437225580215,-6.128280443984819,6.156393387173971,0.027368068881514773,1.5728317281381692,solution,True,darces,687.3457892280566,-5492.683384753624,-1007.2437225580215,-7.680714046665892,3.5806539776985287,0.027368068881514773,0.020398125457101526,0.0,unchanged,2.575739409475442,improved,2.575739409475442,improved,MOGA
5m,61,696.5610680189214,-5489.408815455407,-1007.1844145563737,solution,True,,692.3610639753448,-5497.450459959218,-1007.9286782741547,44.30503433239191,9.07238007866357,0.7442637177809956,0.2775397285566328,solution,True,darces,692.3610639753448,-5497.450459959218,-1007.9286782741547,44.30503433239191,9.07238007866357,0.7442637177809956,0.2775397285566328,solution,True,darces,693.5769971488731,-5491.674118898493,-1007.9286782741547,44.47210882983564,3.7465021882721263,0.7442637177809956,0.11046523111291925,0.0,unchanged,5.325877890391444,improved,5.325877890391444,improved,MOGA
5m,66,700.6456770222389,-5486.806262796244,-1007.0096583018935,no_solution,False,,,,,,,,,darces_unavailable,False,none,,,,,,,,feature_pose_unavailable,False,none,,,,,,,,,not_comparable,,not_comparable,,not_comparable,none
5m,69,703.6765123624073,-5486.968361373813,-1006.7683413970327,no_solution,False,,,,,,,,,darces_unavailable,False,none,,,,,,,,feature_pose_unavailable,False,none,,,,,,,,,not_comparable,,not_comparable,,not_comparable,none
5m,70,704.6893001333958,-5486.94548530378,-1006.6386236879371,no_solution,False,,,,,,,,,darces_unavailable,False,none,,,,,,,,feature_pose_unavailable,False,none,,,,,,,,,not_comparable,,not_comparable,,not_comparable,none
5m,71,705.6990601009988,-5486.943362887523,-1006.4979334512418,solution,True,,700.4544478340382,-5487.0357915381655,-1006.7195796966553,0.782782373144325,5.245426663886708,0.2216462454134671,1.091300482356587,solution,True,darces,700.4544478340382,-5487.0357915381655,-1006.7195796966553,0.782782373144325,5.245426663886708,0.2216462454134671,1.091300482356587,solution,True,darces,701.6418430124035,-5487.706290258404,-1006.7195796966553,-0.24334608089151472,4.128325166121191,0.2216462454134671,0.06517202832074204,0.0,unchanged,1.1171014977655176,improved,1.1171014977655176,improved,MOGA
5m,72,706.715732062541,-5486.947829091322,-1006.3596556752635,solution,True,,702.5,-5487.5,-1006.4734382629395,1.133376076083508e-16,4.251739589335872,0.11378258767592797,0.16823553517733103,solution,True,darces,702.5,-5487.5,-1006.4734382629395,1.133376076083508e-16,4.251739589335872,0.11378258767592797,0.16823553517733103,solution,True,darces,704.3989947631965,-5484.357902116216,-1006.4734382629395,0.15824457492041605,3.4749091283883615,0.11378258767592797,0.009990960256922936,0.0,unchanged,0.7768304609475107,improved,0.7768304609475107,improved,MOGA
5m,73,707.76569787434,-5486.937990825915,-1006.305336034664,solution,True,,702.5,-5487.5,-1006.5737552642822,2.0137919399137787e-14,5.29560463172854,0.2684192296181891,0.4189489949718279,solution,True,darces,702.5,-5487.5,-1006.5737552642822,2.0137919399137787e-14,5.29560463172854,0.2684192296181891,0.4189489949718279,solution,True,darces,702.68187442751,-5488.597259454836,-1006.5737552642822,-0.369506902673258,5.347750295353957,0.2684192296181891,0.049442092298556076,0.0,unchanged,-0.05214566362541717,worsened,-0.05214566362541717,worsened,DARCES
5m,76,710.8029425833208,-5486.929539760131,-1006.0765333676009,solution,True,,707.5,-5487.5,-1006.3106585741043,1.5026739240851246e-15,3.351843462034827,0.2341252065034496,1.1292826878834035,solution,True,darces,707.5,-5487.5,-1006.3106585741043,1.5026739240851246e-15,3.351843462034827,0.2341252065034496,1.1292826878834035,solution,True,darces,709.2773848003335,-5487.256322957438,-1006.3106585741043,-1.1192407705977434,1.5601646731276468,0.2341252065034496,0.010041917285668066,0.0,unchanged,1.7916787889071801,improved,1.7916787889071801,improved,MOGA
5m,77,711.8399342764524,-5486.961091391623,-1006.034725040889,solution,True,,705.595238556453,-5488.768989802966,-1006.2098737359047,0.46455019454614344,6.501132309153095,0.17514869501565045,1.4423146329217786,solution,True,darces,705.595238556453,-5488.768989802966,-1006.2098737359047,0.46455019454614344,6.501132309153095,0.17514869501565045,1.4423146329217786,solution,True,darces,704.6359620984573,-5488.195908079281,-1006.2098737359047,-0.9330067501328764,7.309034641691481,0.17514869501565045,0.04475768824274979,0.0,unchanged,-0.8079023325383856,worsened,-0.8079023325383856,worsened,DARCES
5m,79,713.8622939183145,-5487.032195186412,-1005.9497660547764,solution,True,,710.4098697061445,-5488.4559282813925,-1006.6562334299088,0.926435739600816,3.734467681815162,0.7064673751323198,0.11928176442665972,solution,True,darces,710.4098697061445,-5488.4559282813925,-1006.6562334299088,0.926435739600816,3.734467681815162,0.7064673751323198,0.11928176442665972,solution,True,darces,710.7549640583837,-5487.932104144172,-1006.6562334299088,0.8010124653788451,3.2350170000595835,0.7064673751323198,0.0061415097953164376,0.0,unchanged,0.4994506817555786,improved,0.4994506817555786,improved,MOGA
5m,80,714.8830908916539,-5487.018995207981,-1005.8808053943021,solution,True,,710.0415592561114,-5490.68876258821,-1005.918119430542,2.4643734995317446,6.075164294317635,0.03731403623987717,1.7008386082559355,solution,True,ransac,710.4687446608677,-5489.6942005885485,-1006.0667088031769,2.155961858402413,5.161702865670738,0.18590340887476486,1.392426967126596,solution,True,ransac,711.1166013442943,-5490.81006296474,-1006.0667088031769,0.8182819058252777,5.344028278995664,0.18590340887476486,0.05474701454947411,0.9134614286468974,improved,-0.1823254133249259,worsened,0.7311360153219715,improved,RANSAC
5m,82,716.8720062647225,-5486.948446147532,-1005.7515718203698,no_solution,False,,,,,,,,,darces_unavailable,False,none,,,,,,,,feature_pose_unavailable,False,none,,,,,,,,,not_comparable,,not_comparable,,not_comparable,none
5m,83,717.9048299204226,-5486.981442782929,-1005.6289926978208,solution,True,,712.5,-5487.5,-1006.0391154289246,2.0137919399137787e-14,5.429648980926091,0.4101227311037974,0.35223990684608,solution,True,darces,712.5,-5487.5,-1006.0391154289246,2.0137919399137787e-14,5.429648980926091,0.4101227311037974,0.35223990684608,solution,True,darces,712.6813278638725,-5487.824118633174,-1006.0391154289246,-0.3116357955250522,5.2910373579639005,0.4101227311037974,0.040604111321010807,0.0,unchanged,0.13861162296219032,improved,0.13861162296219032,improved,MOGA
5m,84,718.9171868841113,-5486.99075858124,-1005.5012632553336,no_solution,False,,,,,,,,,darces_unavailable,False,none,,,,,,,,feature_pose_unavailable,False,none,,,,,,,,,not_comparable,,not_comparable,,not_comparable,none
5m,87,721.9586480505693,-5487.001587076867,-1005.1007557535738,solution,True,,718.6905225638059,-5488.040741170023,-1005.1633336544037,1.2749833740554353,3.429356415795177,0.06257790082986503,1.0508846606398095,solution,True,darces,718.6905225638059,-5488.040741170023,-1005.1633336544037,1.2749833740554353,3.429356415795177,0.06257790082986503,1.0508846606398095,solution,True,darces,719.8605727420429,-5488.872835067332,-1005.1633336544037,0.2889500332351711,2.8113144687260347,0.06257790082986503,0.06485131981954848,0.0,unchanged,0.6180419470691421,improved,0.6180419470691421,improved,MOGA
5m,88,722.9875972880423,-5487.002866565371,-1004.9642160449109,solution,True,,716.89161061697,-5487.785531828686,-1005.1685183048248,1.6194008601026535,6.146024601991985,0.20430225991390216,1.6208546955701308,solution,True,darces,716.89161061697,-5487.785531828686,-1005.1685183048248,1.6194008601026535,6.146024601991985,0.20430225991390216,1.6208546955701308,solution,True,darces,719.4758441301016,-5488.45378146345,-1005.1685183048248,0.04687952451417507,3.7996794975067605,0.20430225991390216,0.048333359981662855,0.0,unchanged,2.3463451044852244,improved,2.3463451044852244,improved,MOGA
5m,90,724.9941853815859,-5487.0046168024155,-1004.6745697982262,solution,True,,725.6041063201302,-5487.016561855943,-1004.6118116378784,-2.3932320243515828,0.6100378968379973,0.06275816034781201,2.2235920342788518,solution,True,ransac,720.3356268423889,-5488.161670858787,-1004.6341898441315,0.2640339812591167,4.8000980982154005,0.04037995409476025,0.43367397133184227,solution,True,ransac,720.5983338925067,-5488.704316861862,-1004.6341898441315,-0.15916545115048225,4.713012901119846,0.04037995409476025,0.010474538922259578,-4.1900602013774035,worsened,0.08708519709555418,improved,-4.102975004281849,worsened,DARCES
5m,97,732.0056026480726,-5486.996956955169,-1003.731802559405,no_solution,False,,,,,,,,,darces_unavailable,False,none,,,,,,,,feature_pose_unavailable,False,none,,,,,,,,,not_comparable,,not_comparable,,not_comparable,none
5m,98,733.0200129150755,-5486.996191648911,-1003.6000861834601,no_solution,False,,,,,,,,,darces_unavailable,False,none,,,,,,,,feature_pose_unavailable,False,none,,,,,,,,,not_comparable,,not_comparable,,not_comparable,none
5m,100,735.0589826520511,-5487.033028486695,-1003.3643241287652,solution,True,,734.2992800647613,-5486.135734939422,-1003.6877295970917,-0.22337422701506607,1.1757056311477327,0.3234054683264276,0.6691454505942716,solution,True,darces,734.2992800647613,-5486.135734939422,-1003.6877295970917,-0.22337422701506607,1.1757056311477327,0.3234054683264276,0.6691454505942716,solution,True,darces,736.2546135662844,-5489.851589244573,-1003.6877295970917,0.41566520710856913,3.061669157325831,0.3234054683264276,0.030106016470627064,0.0,unchanged,-1.885963526178098,worsened,-1.885963526178098,worsened,DARCES
5m,103,738.0949123813048,-5487.026136421222,-1002.9939512202589,no_solution,False,,,,,,,,,darces_unavailable,False,none,,,,,,,,feature_pose_unavailable,False,none,,,,,,,,,not_comparable,,not_comparable,,not_comparable,none
5m,104,739.1737275039754,-5486.838713773923,-1003.0012332511453,no_solution,False,,,,,,,,,darces_unavailable,False,none,,,,,,,,feature_pose_unavailable,False,none,,,,,,,,,not_comparable,,not_comparable,,not_comparable,none
5m,105,739.9981571376932,-5486.791740122756,-1002.8196329839519,solution,True,,738.5288613268589,-5474.930748966117,-1003.2731804847717,11.76386329443478,11.951650153748904,0.4535475008198091,1.5398491758793966,solution,True,ransac,738.7522041670651,-5479.648834365536,-1003.2400959730148,10.396019489468367,7.250758681789772,0.42046298906291213,0.1720053709129843,solution,True,ransac,738.8582425830203,-5479.870462955603,-1003.2400959730148,10.231401759554133,7.014519428763824,0.42046298906291213,0.0073876409987344025,4.700891471959133,improved,0.23623925302594717,improved,4.93713072498508,improved,MOGA
5m,106,741.1445186261084,-5486.845197609639,-1002.5909878779555,solution,True,,736.7997913011474,-5488.516951603843,-1002.7131400108337,-4.371906582621844,4.655256915079885,0.12215213287822735,1.1265341129949604,solution,True,darces,736.7997913011474,-5488.516951603843,-1002.7131400108337,-4.371906582621844,4.655256915079885,0.12215213287822735,1.1265341129949604,solution,True,darces,736.1579802274541,-5489.833429177577,-1002.7131400108337,-5.463346035995854,5.8133547203722085,0.12215213287822735,0.03509465962094822,0.0,unchanged,-1.1580978052923232,worsened,-1.1580978052923232,worsened,DARCES
5m,107,742.1386016162292,-5486.964558818956,-1002.4583538068428,solution,True,,736.8006720905466,-5491.670498564058,-1002.6346077919006,-5.56834183926721,7.116133817297485,0.17625398505788326,0.040624196546019675,solution,True,darces,736.8006720905466,-5491.670498564058,-1002.6346077919006,-5.56834183926721,7.116133817297485,0.17625398505788326,0.040624196546019675,solution,True,darces,737.3138600496789,-5489.101480218708,-1002.6346077919006,-5.570154952533592,5.2767948844651436,0.17625398505788326,0.04243730981240183,0.0,unchanged,1.8393389328323417,improved,1.8393389328323417,improved,MOGA
5m,110,745.1735406530634,-5486.996477994563,-1002.0401703283238,solution,True,,740.1009124021023,-5486.768719958087,-1002.908983707428,1.904510718266469,5.0777387778053376,0.8688133791041537,1.7290108078910578,solution,True,darces,740.1009124021023,-5486.768719958087,-1002.908983707428,1.904510718266469,5.0777387778053376,0.8688133791041537,1.7290108078910578,solution,True,darces,742.3571862743634,-5490.084093719754,-1002.908983707428,0.2664654641672498,4.179141401396514,0.8688133791041537,0.09096555379183882,0.0,unchanged,0.8985973764088238,improved,0.8985973764088238,improved,MOGA
5m,113,748.2423014425708,-5487.001615254331,-1001.7013584820298,no_solution,False,,,,,,,,,darces_unavailable,False,none,,,,,,,,feature_pose_unavailable,False,none,,,,,,,,,not_comparable,,not_comparable,,not_comparable,none
5m,116,751.2761590048843,-5486.994346743928,-1001.4264563805559,no_solution,False,,,,,,,,,darces_unavailable,False,none,,,,,,,,feature_pose_unavailable,False,none,,,,,,,,,not_comparable,,not_comparable,,not_comparable,none
5m,121,756.3124559306326,-5486.986530526136,-1000.8582677529937,no_solution,False,,,,,,,,,darces_unavailable,False,none,,,,,,,,feature_pose_unavailable,False,none,,,,,,,,,not_comparable,,not_comparable,,not_comparable,none
5m,122,757.3177792727969,-5486.993491899431,-1000.7013681388634,no_solution,False,,,,,,,,,darces_unavailable,False,none,,,,,,,,feature_pose_unavailable,False,none,,,,,,,,,not_comparable,,not_comparable,,not_comparable,none
5m,123,758.3852971053501,-5486.979231813488,-1000.512813355751,solution,True,,752.7602540640761,-5493.39843975586,-1002.0735764503479,-0.5874276003714674,8.53506530868957,1.5607630945969504,0.34774414361356776,solution,True,darces,752.7602540640761,-5493.39843975586,-1002.0735764503479,-0.5874276003714674,8.53506530868957,1.5607630945969504,0.34774414361356776,solution,True,darces,753.6281927685587,-5489.911950522187,-1002.0735764503479,-0.23470596510276928,5.588459599520574,1.5607630945969504,0.004977491655114851,0.0,unchanged,2.9466057091689954,improved,2.9466057091689954,improved,MOGA
5m,128,763.3250169192447,-5486.9748385718885,-999.7082603249537,no_solution,False,,,,,,,,,darces_unavailable,False,none,,,,,,,,feature_pose_unavailable,False,none,,,,,,,,,not_comparable,,not_comparable,,not_comparable,none
5m,132,767.3904432366945,-5486.967908683667,-999.1722128363871,solution,True,,762.5,-5487.5,-999.2675285339355,-6.835319878417381e-16,4.919304444761313,0.09531569754847169,0.2911486619980792,solution,True,darces,762.5,-5487.5,-999.2675285339355,-6.835319878417381e-16,4.919304444761313,0.09531569754847169,0.2911486619980792,solution,True,darces,762.5917611125365,-5487.920933172499,-999.2675285339355,-0.28358392962265183,4.892402866182171,0.09531569754847169,0.007564732375421704,0.0,unchanged,0.02690157857914155,improved,0.02690157857914155,improved,MOGA
5m,134,769.415861846703,-5486.970907245969,-998.9487466693923,no_solution,False,,,,,,,,,darces_unavailable,False,none,,,,,,,,feature_pose_unavailable,False,none,,,,,,,,,not_comparable,,not_comparable,,not_comparable,none
5m,138,773.3041541786316,-5487.244199931513,-998.3658635831699,no_solution,False,,,,,,,,,darces_unavailable,False,none,,,,,,,,feature_pose_unavailable,False,none,,,,,,,,,not_comparable,,not_comparable,,not_comparable,none
5m,139,773.9438141451094,-5488.001735520818,-998.2653897482463,solution,True,,765.8530898595677,-5496.053734012513,-998.3231735229492,-51.32715812932099,11.414661588277845,0.05778377470289797,0.0398414948034258,solution,True,ransac,764.3313529008816,-5489.648228410487,-998.3231735229492,-49.23031265978941,9.752453537828845,0.05778377470289797,2.136686964335013,solution,True,ransac,764.9019514932021,-5492.981037423624,-998.3231735229492,-51.31437523630828,10.322244312902136,0.05778377470289797,0.05262438781614239,1.6622080504489993,improved,-0.5697907750732902,worsened,1.092417275375709,improved,RANSAC
5m,140,774.5400012635344,-5488.778043803031,-997.9642308723309,no_solution,False,,,,,,,,,darces_unavailable,False,none,,,,,,,,feature_pose_unavailable,False,none,,,,,,,,,not_comparable,,not_comparable,,not_comparable,none
5m,146,780.463971005742,-5489.005970495998,-997.0502507005904,no_solution,False,,,,,,,,,darces_unavailable,False,none,,,,,,,,feature_pose_unavailable,False,none,,,,,,,,,not_comparable,,not_comparable,,not_comparable,none
5m,147,781.4605459363681,-5489.001590655576,-996.8607800671828,no_solution,False,,,,,,,,,darces_unavailable,False,none,,,,,,,,feature_pose_unavailable,False,none,,,,,,,,,not_comparable,,not_comparable,,not_comparable,none
5m,149,783.4506355065046,-5488.992372245736,-996.4280819350282,no_solution,False,,,,,,,,,darces_unavailable,False,none,,,,,,,,feature_pose_unavailable,False,none,,,,,,,,,not_comparable,,not_comparable,,not_comparable,none
5m,150,784.4605387228094,-5488.993333644493,-996.2057305723716,no_solution,False,,,,,,,,,darces_unavailable,False,none,,,,,,,,feature_pose_unavailable,False,none,,,,,,,,,not_comparable,,not_comparable,,not_comparable,none
5m,151,785.4510577359393,-5488.996752682305,-996.0019560753086,no_solution,False,,,,,,,,,darces_unavailable,False,none,,,,,,,,feature_pose_unavailable,False,none,,,,,,,,,not_comparable,,not_comparable,,not_comparable,none
5m,156,790.4961308194479,-5488.992053323246,-995.096493310575,no_solution,False,,,,,,,,,darces_unavailable,False,none,,,,,,,,feature_pose_unavailable,False,none,,,,,,,,,not_comparable,,not_comparable,,not_comparable,none
5m,157,791.5145972384942,-5488.9883807774795,-994.945164583863,no_solution,False,,,,,,,,,darces_unavailable,False,none,,,,,,,,feature_pose_unavailable,False,none,,,,,,,,,not_comparable,,not_comparable,,not_comparable,none
5m,158,792.5249376405873,-5488.981243733909,-994.801204552436,no_solution,False,,,,,,,,,darces_unavailable,False,none,,,,,,,,feature_pose_unavailable,False,none,,,,,,,,,not_comparable,,not_comparable,,not_comparable,none
5m,159,793.5140255398549,-5488.979286063395,-994.64736621451,no_solution,False,,,,,,,,,darces_unavailable,False,none,,,,,,,,feature_pose_unavailable,False,none,,,,,,,,,not_comparable,,not_comparable,,not_comparable,none
5m,161,795.5158100217254,-5488.969733478925,-994.3091357805397,no_solution,False,,,,,,,,,darces_unavailable,False,none,,,,,,,,feature_pose_unavailable,False,none,,,,,,,,,not_comparable,,not_comparable,,not_comparable,none
5m,162,796.5135878585855,-5488.962667985149,-994.1390333083408,no_solution,False,,,,,,,,,darces_unavailable,False,none,,,,,,,,feature_pose_unavailable,False,none,,,,,,,,,not_comparable,,not_comparable,,not_comparable,none
5m,164,798.1523353877491,-5490.032735647082,-993.770389705024,no_solution,False,,,,,,,,,darces_unavailable,False,none,,,,,,,,feature_pose_unavailable,False,none,,,,,,,,,not_comparable,,not_comparable,,not_comparable,none
5m,165,798.7891748082674,-5490.833600551593,-993.6473051865089,no_solution,False,,,,,,,,,darces_unavailable,False,none,,,,,,,,feature_pose_unavailable,False,none,,,,,,,,,not_comparable,,not_comparable,,not_comparable,none
5m,168,800.9328210951752,-5492.936402056335,-993.2200791012162,no_solution,False,,,,,,,,,darces_unavailable,False,none,,,,,,,,feature_pose_unavailable,False,none,,,,,,,,,not_comparable,,not_comparable,,not_comparable,none
5m,169,801.92467838996,-5493.121168189675,-993.0211090609979,no_solution,False,,,,,,,,,darces_unavailable,False,none,,,,,,,,feature_pose_unavailable,False,none,,,,,,,,,not_comparable,,not_comparable,,not_comparable,none
5m,172,804.9248989024969,-5492.968237410051,-992.4277429462467,no_solution,False,,,,,,,,,darces_unavailable,False,none,,,,,,,,feature_pose_unavailable,False,none,,,,,,,,,not_comparable,,not_comparable,,not_comparable,none
5m,175,807.6915708713464,-5493.620771683828,-991.7966754116858,no_solution,False,,,,,,,,,darces_unavailable,False,none,,,,,,,,feature_pose_unavailable,False,none,,,,,,,,,not_comparable,,not_comparable,,not_comparable,none
5m,177,809.0881983619931,-5495.1377861781075,-991.4232709950298,no_solution,False,,,,,,,,,darces_unavailable,False,none,,,,,,,,feature_pose_unavailable,False,none,,,,,,,,,not_comparable,,not_comparable,,not_comparable,none
5m,180,811.2403138368866,-5497.237748880063,-991.1009066403366,no_solution,False,,,,,,,,,darces_unavailable,False,none,,,,,,,,feature_pose_unavailable,False,none,,,,,,,,,not_comparable,,not_comparable,,not_comparable,none
5m,181,811.9326486801724,-5497.919374937028,-990.8991014654176,no_solution,False,,,,,,,,,darces_unavailable,False,none,,,,,,,,feature_pose_unavailable,False,none,,,,,,,,,not_comparable,,not_comparable,,not_comparable,none
5m,187,817.6732584817839,-5498.970650430072,-990.1527747051119,no_solution,False,,,,,,,,,darces_unavailable,False,none,,,,,,,,feature_pose_unavailable,False,none,,,,,,,,,not_comparable,,not_comparable,,not_comparable,none
5m,194,823.598676780502,-5501.605843634481,-989.0649073655541,no_solution,False,,,,,,,,,darces_unavailable,False,none,,,,,,,,feature_pose_unavailable,False,none,,,,,,,,,not_comparable,,not_comparable,,not_comparable,none
5m,195,824.3095352395991,-5502.309965776569,-988.919752461994,no_solution,False,,,,,,,,,darces_unavailable,False,none,,,,,,,,feature_pose_unavailable,False,none,,,,,,,,,not_comparable,,not_comparable,,not_comparable,none
5m,198,827.0796687756782,-5503.062446333706,-988.5003355589303,no_solution,False,,,,,,,,,darces_unavailable,False,none,,,,,,,,feature_pose_unavailable,False,none,,,,,,,,,not_comparable,,not_comparable,,not_comparable,none
5m,199,827.8696674538717,-5503.651070073286,-988.3076426842645,no_solution,False,,,,,,,,,darces_unavailable,False,none,,,,,,,,feature_pose_unavailable,False,none,,,,,,,,,not_comparable,,not_comparable,,not_comparable,none
5m,200,828.5127215317019,-5504.415405841557,-988.1042521788485,no_solution,False,,,,,,,,,darces_unavailable,False,none,,,,,,,,feature_pose_unavailable,False,none,,,,,,,,,not_comparable,,not_comparable,,not_comparable,none
5m,201,829.2735366595855,-5505.068929420453,-987.9120043294913,no_solution,False,,,,,,,,,darces_unavailable,False,none,,,,,,,,feature_pose_unavailable,False,none,,,,,,,,,not_comparable,,not_comparable,,not_comparable,none
5m,203,831.2756565770155,-5505.1213457694885,-987.566308361316,no_solution,False,,,,,,,,,darces_unavailable,False,none,,,,,,,,feature_pose_unavailable,False,none,,,,,,,,,not_comparable,,not_comparable,,not_comparable,none
5m,204,832.0429250554165,-5505.7713734235485,-987.3761042614393,no_solution,False,,,,,,,,,darces_unavailable,False,none,,,,,,,,feature_pose_unavailable,False,none,,,,,,,,,not_comparable,,not_comparable,,not_comparable,none
5m,208,834.7337442548587,-5508.743083088872,-986.6567459719683,no_solution,False,,,,,,,,,darces_unavailable,False,none,,,,,,,,feature_pose_unavailable,False,none,,,,,,,,,not_comparable,,not_comparable,,not_comparable,none
5m,209,835.4354498254113,-5509.466719385277,-986.5123598910061,no_solution,False,,,,,,,,,darces_unavailable,False,none,,,,,,,,feature_pose_unavailable,False,none,,,,,,,,,not_comparable,,not_comparable,,not_comparable,none
5m,211,836.8517040445106,-5510.850973095322,-986.239738537539,no_solution,False,,,,,,,,,darces_unavailable,False,none,,,,,,,,feature_pose_unavailable,False,none,,,,,,,,,not_comparable,,not_comparable,,not_comparable,none
5m,212,837.5721949874,-5511.560447933288,-986.0996039667609,no_solution,False,,,,,,,,,darces_unavailable,False,none,,,,,,,,feature_pose_unavailable,False,none,,,,,,,,,not_comparable,,not_comparable,,not_comparable,none
5m,213,838.283813117716,-5512.272513346713,-985.9784076677316,no_solution,False,,,,,,,,,darces_unavailable,False,none,,,,,,,,feature_pose_unavailable,False,none,,,,,,,,,not_comparable,,not_comparable,,not_comparable,none
5m,215,839.7047412784879,-5513.687425673829,-985.7235112455846,no_solution,False,,,,,,,,,darces_unavailable,False,none,,,,,,,,feature_pose_unavailable,False,none,,,,,,,,,not_comparable,,not_comparable,,not_comparable,none
5m,216,840.4086112953196,-5514.404045448131,-985.5767896767398,no_solution,False,,,,,,,,,darces_unavailable,False,none,,,,,,,,feature_pose_unavailable,False,none,,,,,,,,,not_comparable,,not_comparable,,not_comparable,none
5m,218,842.218317375276,-5515.082438561534,-985.3809150884459,no_solution,False,,,,,,,,,darces_unavailable,False,none,,,,,,,,feature_pose_unavailable,False,none,,,,,,,,,not_comparable,,not_comparable,,not_comparable,none
5m,219,843.2172092418316,-5514.978970406211,-985.2835620018234,no_solution,False,,,,,,,,,darces_unavailable,False,none,,,,,,,,feature_pose_unavailable,False,none,,,,,,,,,not_comparable,,not_comparable,,not_comparable,none
5m,221,845.2072371649019,-5515.08648003056,-985.0283736284637,no_solution,False,,,,,,,,,darces_unavailable,False,none,,,,,,,,feature_pose_unavailable,False,none,,,,,,,,,not_comparable,,not_comparable,,not_comparable,none
5m,223,846.5853583033013,-5516.55884781989,-984.7054822076326,no_solution,False,,,,,,,,,darces_unavailable,False,none,,,,,,,,feature_pose_unavailable,False,none,,,,,,,,,not_comparable,,not_comparable,,not_comparable,none
5m,224,847.2520198336991,-5517.282689161369,-984.5474512984875,no_solution,False,,,,,,,,,darces_unavailable,False,none,,,,,,,,feature_pose_unavailable,False,none,,,,,,,,,not_comparable,,not_comparable,,not_comparable,none
5m,226,848.6768733034485,-5518.692335657273,-984.1666905915085,no_solution,False,,,,,,,,,darces_unavailable,False,none,,,,,,,,feature_pose_unavailable,False,none,,,,,,,,,not_comparable,,not_comparable,,not_comparable,none
5m,227,849.4009702420402,-5519.40369991094,-983.9929522289314,no_solution,False,,,,,,,,,darces_unavailable,False,none,,,,,,,,feature_pose_unavailable,False,none,,,,,,,,,not_comparable,,not_comparable,,not_comparable,none
5m,238,857.2431334869498,-5527.263252013243,-982.4354571319211,no_solution,False,,,,,,,,,darces_unavailable,False,none,,,,,,,,feature_pose_unavailable,False,none,,,,,,,,,not_comparable,,not_comparable,,not_comparable,none
5m,242,858.9459836882357,-5530.59458744694,-981.7986470919595,no_solution,False,,,,,,,,,darces_unavailable,False,none,,,,,,,,feature_pose_unavailable,False,none,,,,,,,,,not_comparable,,not_comparable,,not_comparable,none
5m,244,857.7686156006791,-5532.203465987,-981.820232191847,no_solution,False,,,,,,,,,darces_unavailable,False,none,,,,,,,,feature_pose_unavailable,False,none,,,,,,,,,not_comparable,,not_comparable,,not_comparable,none
5m,250,855.785234249897,-5537.392184080715,-981.9625071648331,no_solution,False,,,,,,,,,darces_unavailable,False,none,,,,,,,,feature_pose_unavailable,False,none,,,,,,,,,not_comparable,,not_comparable,,not_comparable,none
5m,253,854.6638579612129,-5539.075610544716,-982.2816536493476,no_solution,False,,,,,,,,,darces_unavailable,False,none,,,,,,,,feature_pose_unavailable,False,none,,,,,,,,,not_comparable,,not_comparable,,not_comparable,none
10m,10,653.0653666970207,-5508.912417601022,-1006.8656099911697,no_solution,False,,,,,,,,,darces_unavailable,False,none,,,,,,,,feature_pose_unavailable,False,none,,,,,,,,,not_comparable,,not_comparable,,not_comparable,none
10m,13,655.1983962288042,-5506.776452522913,-1006.8301503021113,no_solution,False,,,,,,,,,darces_unavailable,False,none,,,,,,,,feature_pose_unavailable,False,none,,,,,,,,,not_comparable,,not_comparable,,not_comparable,none
10m,14,655.9157929042468,-5506.059642032294,-1006.8143394759986,no_solution,False,,,,,,,,,darces_unavailable,False,none,,,,,,,,feature_pose_unavailable,False,none,,,,,,,,,not_comparable,,not_comparable,,not_comparable,none
10m,16,657.3782128714513,-5504.620346929557,-1006.7785443171618,no_solution,False,,,,,,,,,darces_unavailable,False,none,,,,,,,,feature_pose_unavailable,False,none,,,,,,,,,not_comparable,,not_comparable,,not_comparable,none
10m,18,658.8288281527425,-5503.1617291172215,-1006.7661490926739,no_solution,False,,,,,,,,,darces_unavailable,False,none,,,,,,,,feature_pose_unavailable,False,none,,,,,,,,,not_comparable,,not_comparable,,not_comparable,none
10m,23,662.4121236448009,-5499.585756918119,-1006.676345770627,no_solution,False,,,,,,,,,darces_unavailable,False,none,,,,,,,,feature_pose_unavailable,False,none,,,,,,,,,not_comparable,,not_comparable,,not_comparable,none
10m,24,663.2246219904457,-5498.9824340922705,-1006.6723675092962,no_solution,False,,,,,,,,,darces_unavailable,False,none,,,,,,,,feature_pose_unavailable,False,none,,,,,,,,,not_comparable,,not_comparable,,not_comparable,none
10m,30,669.2899118781241,-5498.99555702436,-1006.8418620259275,no_solution,False,,,,,,,,,darces_unavailable,False,none,,,,,,,,feature_pose_unavailable,False,none,,,,,,,,,not_comparable,,not_comparable,,not_comparable,none
10m,33,672.1843737634349,-5498.377391221289,-1006.9215494338856,no_solution,False,,,,,,,,,darces_unavailable,False,none,,,,,,,,feature_pose_unavailable,False,none,,,,,,,,,not_comparable,,not_comparable,,not_comparable,none
10m,36,674.4699382648023,-5496.7387159222335,-1006.9502274167942,no_solution,False,,,,,,,,,darces_unavailable,False,none,,,,,,,,feature_pose_unavailable,False,none,,,,,,,,,not_comparable,,not_comparable,,not_comparable,none
10m,39,677.5306350166426,-5497.019617483041,-1006.9837414534746,no_solution,False,,,,,,,,,darces_unavailable,False,none,,,,,,,,feature_pose_unavailable,False,none,,,,,,,,,not_comparable,,not_comparable,,not_comparable,none
10m,41,679.5637249832185,-5496.996465268984,-1007.0208233930429,no_solution,False,,,,,,,,,darces_unavailable,False,none,,,,,,,,feature_pose_unavailable,False,none,,,,,,,,,not_comparable,,not_comparable,,not_comparable,none
10m,43,681.5655591393408,-5496.789476938898,-1007.0817007753739,no_solution,False,,,,,,,,,darces_unavailable,False,none,,,,,,,,feature_pose_unavailable,False,none,,,,,,,,,not_comparable,,not_comparable,,not_comparable,none
10m,53,689.9236098257888,-5492.8023951563255,-1007.2223599418907,no_solution,False,,,,,,,,,darces_unavailable,False,none,,,,,,,,feature_pose_unavailable,False,none,,,,,,,,,not_comparable,,not_comparable,,not_comparable,none
10m,54,690.918311986105,-5492.924556997537,-1007.21635448914,no_solution,False,,,,,,,,,darces_unavailable,False,none,,,,,,,,feature_pose_unavailable,False,none,,,,,,,,,not_comparable,,not_comparable,,not_comparable,none
10m,61,696.5610680189214,-5489.408815455407,-1007.1844145563737,no_solution,False,,,,,,,,,darces_unavailable,False,none,,,,,,,,feature_pose_unavailable,False,none,,,,,,,,,not_comparable,,not_comparable,,not_comparable,none
10m,66,700.6456770222389,-5486.806262796244,-1007.0096583018935,no_solution,False,,,,,,,,,darces_unavailable,False,none,,,,,,,,feature_pose_unavailable,False,none,,,,,,,,,not_comparable,,not_comparable,,not_comparable,none
10m,69,703.6765123624073,-5486.968361373813,-1006.7683413970327,no_solution,False,,,,,,,,,darces_unavailable,False,none,,,,,,,,feature_pose_unavailable,False,none,,,,,,,,,not_comparable,,not_comparable,,not_comparable,none
10m,70,704.6893001333958,-5486.94548530378,-1006.6386236879371,no_solution,False,,,,,,,,,darces_unavailable,False,none,,,,,,,,feature_pose_unavailable,False,none,,,,,,,,,not_comparable,,not_comparable,,not_comparable,none
10m,71,705.6990601009988,-5486.943362887523,-1006.4979334512418,no_solution,False,,,,,,,,,darces_unavailable,False,none,,,,,,,,feature_pose_unavailable,False,none,,,,,,,,,not_comparable,,not_comparable,,not_comparable,none
10m,72,706.715732062541,-5486.947829091322,-1006.3596556752635,no_solution,False,,,,,,,,,darces_unavailable,False,none,,,,,,,,feature_pose_unavailable,False,none,,,,,,,,,not_comparable,,not_comparable,,not_comparable,none
10m,73,707.76569787434,-5486.937990825915,-1006.305336034664,no_solution,False,,,,,,,,,darces_unavailable,False,none,,,,,,,,feature_pose_unavailable,False,none,,,,,,,,,not_comparable,,not_comparable,,not_comparable,none
10m,76,710.8029425833208,-5486.929539760131,-1006.0765333676009,no_solution,False,,,,,,,,,darces_unavailable,False,none,,,,,,,,feature_pose_unavailable,False,none,,,,,,,,,not_comparable,,not_comparable,,not_comparable,none
10m,77,711.8399342764524,-5486.961091391623,-1006.034725040889,no_solution,False,,,,,,,,,darces_unavailable,False,none,,,,,,,,feature_pose_unavailable,False,none,,,,,,,,,not_comparable,,not_comparable,,not_comparable,none
10m,79,713.8622939183145,-5487.032195186412,-1005.9497660547764,no_solution,False,,,,,,,,,darces_unavailable,False,none,,,,,,,,feature_pose_unavailable,False,none,,,,,,,,,not_comparable,,not_comparable,,not_comparable,none
10m,80,714.8830908916539,-5487.018995207981,-1005.8808053943021,no_solution,False,,,,,,,,,darces_unavailable,False,none,,,,,,,,feature_pose_unavailable,False,none,,,,,,,,,not_comparable,,not_comparable,,not_comparable,none
10m,82,716.8720062647225,-5486.948446147532,-1005.7515718203698,no_solution,False,,,,,,,,,darces_unavailable,False,none,,,,,,,,feature_pose_unavailable,False,none,,,,,,,,,not_comparable,,not_comparable,,not_comparable,none
10m,83,717.9048299204226,-5486.981442782929,-1005.6289926978208,no_solution,False,,,,,,,,,darces_unavailable,False,none,,,,,,,,feature_pose_unavailable,False,none,,,,,,,,,not_comparable,,not_comparable,,not_comparable,none
10m,84,718.9171868841113,-5486.99075858124,-1005.5012632553336,no_solution,False,,,,,,,,,darces_unavailable,False,none,,,,,,,,feature_pose_unavailable,False,none,,,,,,,,,not_comparable,,not_comparable,,not_comparable,none
10m,87,721.9586480505693,-5487.001587076867,-1005.1007557535738,no_solution,False,,,,,,,,,darces_unavailable,False,none,,,,,,,,feature_pose_unavailable,False,none,,,,,,,,,not_comparable,,not_comparable,,not_comparable,none
10m,88,722.9875972880423,-5487.002866565371,-1004.9642160449109,no_solution,False,,,,,,,,,darces_unavailable,False,none,,,,,,,,feature_pose_unavailable,False,none,,,,,,,,,not_comparable,,not_comparable,,not_comparable,none
10m,90,724.9941853815859,-5487.0046168024155,-1004.6745697982262,no_solution,False,,,,,,,,,darces_unavailable,False,none,,,,,,,,feature_pose_unavailable,False,none,,,,,,,,,not_comparable,,not_comparable,,not_comparable,none
10m,97,732.0056026480726,-5486.996956955169,-1003.731802559405,no_solution,False,,,,,,,,,darces_unavailable,False,none,,,,,,,,feature_pose_unavailable,False,none,,,,,,,,,not_comparable,,not_comparable,,not_comparable,none
10m,98,733.0200129150755,-5486.996191648911,-1003.6000861834601,no_solution,False,,,,,,,,,darces_unavailable,False,none,,,,,,,,feature_pose_unavailable,False,none,,,,,,,,,not_comparable,,not_comparable,,not_comparable,none
10m,100,735.0589826520511,-5487.033028486695,-1003.3643241287652,no_solution,False,,,,,,,,,darces_unavailable,False,none,,,,,,,,feature_pose_unavailable,False,none,,,,,,,,,not_comparable,,not_comparable,,not_comparable,none
10m,103,738.0949123813048,-5487.026136421222,-1002.9939512202589,no_solution,False,,,,,,,,,darces_unavailable,False,none,,,,,,,,feature_pose_unavailable,False,none,,,,,,,,,not_comparable,,not_comparable,,not_comparable,none
10m,104,739.1737275039754,-5486.838713773923,-1003.0012332511453,no_solution,False,,,,,,,,,darces_unavailable,False,none,,,,,,,,feature_pose_unavailable,False,none,,,,,,,,,not_comparable,,not_comparable,,not_comparable,none
10m,105,739.9981571376932,-5486.791740122756,-1002.8196329839519,no_solution,False,,,,,,,,,darces_unavailable,False,none,,,,,,,,feature_pose_unavailable,False,none,,,,,,,,,not_comparable,,not_comparable,,not_comparable,none
10m,106,741.1445186261084,-5486.845197609639,-1002.5909878779555,no_solution,False,,,,,,,,,darces_unavailable,False,none,,,,,,,,feature_pose_unavailable,False,none,,,,,,,,,not_comparable,,not_comparable,,not_comparable,none
10m,107,742.1386016162292,-5486.964558818956,-1002.4583538068428,no_solution,False,,,,,,,,,darces_unavailable,False,none,,,,,,,,feature_pose_unavailable,False,none,,,,,,,,,not_comparable,,not_comparable,,not_comparable,none
10m,110,745.1735406530634,-5486.996477994563,-1002.0401703283238,no_solution,False,,,,,,,,,darces_unavailable,False,none,,,,,,,,feature_pose_unavailable,False,none,,,,,,,,,not_comparable,,not_comparable,,not_comparable,none
10m,113,748.2423014425708,-5487.001615254331,-1001.7013584820298,no_solution,False,,,,,,,,,darces_unavailable,False,none,,,,,,,,feature_pose_unavailable,False,none,,,,,,,,,not_comparable,,not_comparable,,not_comparable,none
10m,116,751.2761590048843,-5486.994346743928,-1001.4264563805559,no_solution,False,,,,,,,,,darces_unavailable,False,none,,,,,,,,feature_pose_unavailable,False,none,,,,,,,,,not_comparable,,not_comparable,,not_comparable,none
10m,121,756.3124559306326,-5486.986530526136,-1000.8582677529937,no_solution,False,,,,,,,,,darces_unavailable,False,none,,,,,,,,feature_pose_unavailable,False,none,,,,,,,,,not_comparable,,not_comparable,,not_comparable,none
10m,122,757.3177792727969,-5486.993491899431,-1000.7013681388634,no_solution,False,,,,,,,,,darces_unavailable,False,none,,,,,,,,feature_pose_unavailable,False,none,,,,,,,,,not_comparable,,not_comparable,,not_comparable,none
10m,123,758.3852971053501,-5486.979231813488,-1000.512813355751,no_solution,False,,,,,,,,,darces_unavailable,False,none,,,,,,,,feature_pose_unavailable,False,none,,,,,,,,,not_comparable,,not_comparable,,not_comparable,none
10m,128,763.3250169192447,-5486.9748385718885,-999.7082603249537,no_solution,False,,,,,,,,,darces_unavailable,False,none,,,,,,,,feature_pose_unavailable,False,none,,,,,,,,,not_comparable,,not_comparable,,not_comparable,none
10m,132,767.3904432366945,-5486.967908683667,-999.1722128363871,no_solution,False,,,,,,,,,darces_unavailable,False,none,,,,,,,,feature_pose_unavailable,False,none,,,,,,,,,not_comparable,,not_comparable,,not_comparable,none
10m,134,769.415861846703,-5486.970907245969,-998.9487466693923,no_solution,False,,,,,,,,,darces_unavailable,False,none,,,,,,,,feature_pose_unavailable,False,none,,,,,,,,,not_comparable,,not_comparable,,not_comparable,none
10m,138,773.3041541786316,-5487.244199931513,-998.3658635831699,no_solution,False,,,,,,,,,darces_unavailable,False,none,,,,,,,,feature_pose_unavailable,False,none,,,,,,,,,not_comparable,,not_comparable,,not_comparable,none
10m,139,773.9438141451094,-5488.001735520818,-998.2653897482463,no_solution,False,,,,,,,,,darces_unavailable,False,none,,,,,,,,feature_pose_unavailable,False,none,,,,,,,,,not_comparable,,not_comparable,,not_comparable,none
10m,140,774.5400012635344,-5488.778043803031,-997.9642308723309,no_solution,False,,,,,,,,,darces_unavailable,False,none,,,,,,,,feature_pose_unavailable,False,none,,,,,,,,,not_comparable,,not_comparable,,not_comparable,none
10m,146,780.463971005742,-5489.005970495998,-997.0502507005904,no_solution,False,,,,,,,,,darces_unavailable,False,none,,,,,,,,feature_pose_unavailable,False,none,,,,,,,,,not_comparable,,not_comparable,,not_comparable,none
10m,147,781.4605459363681,-5489.001590655576,-996.8607800671828,no_solution,False,,,,,,,,,darces_unavailable,False,none,,,,,,,,feature_pose_unavailable,False,none,,,,,,,,,not_comparable,,not_comparable,,not_comparable,none
10m,149,783.4506355065046,-5488.992372245736,-996.4280819350282,no_solution,False,,,,,,,,,darces_unavailable,False,none,,,,,,,,feature_pose_unavailable,False,none,,,,,,,,,not_comparable,,not_comparable,,not_comparable,none
10m,150,784.4605387228094,-5488.993333644493,-996.2057305723716,no_solution,False,,,,,,,,,darces_unavailable,False,none,,,,,,,,feature_pose_unavailable,False,none,,,,,,,,,not_comparable,,not_comparable,,not_comparable,none
10m,151,785.4510577359393,-5488.996752682305,-996.0019560753086,no_solution,False,,,,,,,,,darces_unavailable,False,none,,,,,,,,feature_pose_unavailable,False,none,,,,,,,,,not_comparable,,not_comparable,,not_comparable,none
10m,156,790.4961308194479,-5488.992053323246,-995.096493310575,no_solution,False,,,,,,,,,darces_unavailable,False,none,,,,,,,,feature_pose_unavailable,False,none,,,,,,,,,not_comparable,,not_comparable,,not_comparable,none
10m,157,791.5145972384942,-5488.9883807774795,-994.945164583863,no_solution,False,,,,,,,,,darces_unavailable,False,none,,,,,,,,feature_pose_unavailable,False,none,,,,,,,,,not_comparable,,not_comparable,,not_comparable,none
10m,158,792.5249376405873,-5488.981243733909,-994.801204552436,no_solution,False,,,,,,,,,darces_unavailable,False,none,,,,,,,,feature_pose_unavailable,False,none,,,,,,,,,not_comparable,,not_comparable,,not_comparable,none
10m,159,793.5140255398549,-5488.979286063395,-994.64736621451,no_solution,False,,,,,,,,,darces_unavailable,False,none,,,,,,,,feature_pose_unavailable,False,none,,,,,,,,,not_comparable,,not_comparable,,not_comparable,none
10m,161,795.5158100217254,-5488.969733478925,-994.3091357805397,no_solution,False,,,,,,,,,darces_unavailable,False,none,,,,,,,,feature_pose_unavailable,False,none,,,,,,,,,not_comparable,,not_comparable,,not_comparable,none
10m,162,796.5135878585855,-5488.962667985149,-994.1390333083408,no_solution,False,,,,,,,,,darces_unavailable,False,none,,,,,,,,feature_pose_unavailable,False,none,,,,,,,,,not_comparable,,not_comparable,,not_comparable,none
10m,164,798.1523353877491,-5490.032735647082,-993.770389705024,no_solution,False,,,,,,,,,darces_unavailable,False,none,,,,,,,,feature_pose_unavailable,False,none,,,,,,,,,not_comparable,,not_comparable,,not_comparable,none
10m,165,798.7891748082674,-5490.833600551593,-993.6473051865089,no_solution,False,,,,,,,,,darces_unavailable,False,none,,,,,,,,feature_pose_unavailable,False,none,,,,,,,,,not_comparable,,not_comparable,,not_comparable,none
10m,168,800.9328210951752,-5492.936402056335,-993.2200791012162,no_solution,False,,,,,,,,,darces_unavailable,False,none,,,,,,,,feature_pose_unavailable,False,none,,,,,,,,,not_comparable,,not_comparable,,not_comparable,none
10m,169,801.92467838996,-5493.121168189675,-993.0211090609979,no_solution,False,,,,,,,,,darces_unavailable,False,none,,,,,,,,feature_pose_unavailable,False,none,,,,,,,,,not_comparable,,not_comparable,,not_comparable,none
10m,172,804.9248989024969,-5492.968237410051,-992.4277429462467,no_solution,False,,,,,,,,,darces_unavailable,False,none,,,,,,,,feature_pose_unavailable,False,none,,,,,,,,,not_comparable,,not_comparable,,not_comparable,none
10m,175,807.6915708713464,-5493.620771683828,-991.7966754116858,no_solution,False,,,,,,,,,darces_unavailable,False,none,,,,,,,,feature_pose_unavailable,False,none,,,,,,,,,not_comparable,,not_comparable,,not_comparable,none
10m,177,809.0881983619931,-5495.1377861781075,-991.4232709950298,no_solution,False,,,,,,,,,darces_unavailable,False,none,,,,,,,,feature_pose_unavailable,False,none,,,,,,,,,not_comparable,,not_comparable,,not_comparable,none
10m,180,811.2403138368866,-5497.237748880063,-991.1009066403366,no_solution,False,,,,,,,,,darces_unavailable,False,none,,,,,,,,feature_pose_unavailable,False,none,,,,,,,,,not_comparable,,not_comparable,,not_comparable,none
10m,181,811.9326486801724,-5497.919374937028,-990.8991014654176,no_solution,False,,,,,,,,,darces_unavailable,False,none,,,,,,,,feature_pose_unavailable,False,none,,,,,,,,,not_comparable,,not_comparable,,not_comparable,none
10m,187,817.6732584817839,-5498.970650430072,-990.1527747051119,no_solution,False,,,,,,,,,darces_unavailable,False,none,,,,,,,,feature_pose_unavailable,False,none,,,,,,,,,not_comparable,,not_comparable,,not_comparable,none
10m,194,823.598676780502,-5501.605843634481,-989.0649073655541,no_solution,False,,,,,,,,,darces_unavailable,False,none,,,,,,,,feature_pose_unavailable,False,none,,,,,,,,,not_comparable,,not_comparable,,not_comparable,none
10m,195,824.3095352395991,-5502.309965776569,-988.919752461994,no_solution,False,,,,,,,,,darces_unavailable,False,none,,,,,,,,feature_pose_unavailable,False,none,,,,,,,,,not_comparable,,not_comparable,,not_comparable,none
10m,198,827.0796687756782,-5503.062446333706,-988.5003355589303,no_solution,False,,,,,,,,,darces_unavailable,False,none,,,,,,,,feature_pose_unavailable,False,none,,,,,,,,,not_comparable,,not_comparable,,not_comparable,none
10m,199,827.8696674538717,-5503.651070073286,-988.3076426842645,no_solution,False,,,,,,,,,darces_unavailable,False,none,,,,,,,,feature_pose_unavailable,False,none,,,,,,,,,not_comparable,,not_comparable,,not_comparable,none
10m,200,828.5127215317019,-5504.415405841557,-988.1042521788485,no_solution,False,,,,,,,,,darces_unavailable,False,none,,,,,,,,feature_pose_unavailable,False,none,,,,,,,,,not_comparable,,not_comparable,,not_comparable,none
10m,201,829.2735366595855,-5505.068929420453,-987.9120043294913,no_solution,False,,,,,,,,,darces_unavailable,False,none,,,,,,,,feature_pose_unavailable,False,none,,,,,,,,,not_comparable,,not_comparable,,not_comparable,none
10m,203,831.2756565770155,-5505.1213457694885,-987.566308361316,no_solution,False,,,,,,,,,darces_unavailable,False,none,,,,,,,,feature_pose_unavailable,False,none,,,,,,,,,not_comparable,,not_comparable,,not_comparable,none
10m,204,832.0429250554165,-5505.7713734235485,-987.3761042614393,no_solution,False,,,,,,,,,darces_unavailable,False,none,,,,,,,,feature_pose_unavailable,False,none,,,,,,,,,not_comparable,,not_comparable,,not_comparable,none
10m,208,834.7337442548587,-5508.743083088872,-986.6567459719683,no_solution,False,,,,,,,,,darces_unavailable,False,none,,,,,,,,feature_pose_unavailable,False,none,,,,,,,,,not_comparable,,not_comparable,,not_comparable,none
10m,209,835.4354498254113,-5509.466719385277,-986.5123598910061,no_solution,False,,,,,,,,,darces_unavailable,False,none,,,,,,,,feature_pose_unavailable,False,none,,,,,,,,,not_comparable,,not_comparable,,not_comparable,none
10m,211,836.8517040445106,-5510.850973095322,-986.239738537539,no_solution,False,,,,,,,,,darces_unavailable,False,none,,,,,,,,feature_pose_unavailable,False,none,,,,,,,,,not_comparable,,not_comparable,,not_comparable,none
10m,212,837.5721949874,-5511.560447933288,-986.0996039667609,no_solution,False,,,,,,,,,darces_unavailable,False,none,,,,,,,,feature_pose_unavailable,False,none,,,,,,,,,not_comparable,,not_comparable,,not_comparable,none
10m,213,838.283813117716,-5512.272513346713,-985.9784076677316,no_solution,False,,,,,,,,,darces_unavailable,False,none,,,,,,,,feature_pose_unavailable,False,none,,,,,,,,,not_comparable,,not_comparable,,not_comparable,none
10m,215,839.7047412784879,-5513.687425673829,-985.7235112455846,no_solution,False,,,,,,,,,darces_unavailable,False,none,,,,,,,,feature_pose_unavailable,False,none,,,,,,,,,not_comparable,,not_comparable,,not_comparable,none
10m,216,840.4086112953196,-5514.404045448131,-985.5767896767398,no_solution,False,,,,,,,,,darces_unavailable,False,none,,,,,,,,feature_pose_unavailable,False,none,,,,,,,,,not_comparable,,not_comparable,,not_comparable,none
10m,218,842.218317375276,-5515.082438561534,-985.3809150884459,no_solution,False,,,,,,,,,darces_unavailable,False,none,,,,,,,,feature_pose_unavailable,False,none,,,,,,,,,not_comparable,,not_comparable,,not_comparable,none
10m,219,843.2172092418316,-5514.978970406211,-985.2835620018234,no_solution,False,,,,,,,,,darces_unavailable,False,none,,,,,,,,feature_pose_unavailable,False,none,,,,,,,,,not_comparable,,not_comparable,,not_comparable,none
10m,221,845.2072371649019,-5515.08648003056,-985.0283736284637,no_solution,False,,,,,,,,,darces_unavailable,False,none,,,,,,,,feature_pose_unavailable,False,none,,,,,,,,,not_comparable,,not_comparable,,not_comparable,none
10m,223,846.5853583033013,-5516.55884781989,-984.7054822076326,no_solution,False,,,,,,,,,darces_unavailable,False,none,,,,,,,,feature_pose_unavailable,False,none,,,,,,,,,not_comparable,,not_comparable,,not_comparable,none
10m,224,847.2520198336991,-5517.282689161369,-984.5474512984875,no_solution,False,,,,,,,,,darces_unavailable,False,none,,,,,,,,feature_pose_unavailable,False,none,,,,,,,,,not_comparable,,not_comparable,,not_comparable,none
10m,226,848.6768733034485,-5518.692335657273,-984.1666905915085,no_solution,False,,,,,,,,,darces_unavailable,False,none,,,,,,,,feature_pose_unavailable,False,none,,,,,,,,,not_comparable,,not_comparable,,not_comparable,none
10m,227,849.4009702420402,-5519.40369991094,-983.9929522289314,no_solution,False,,,,,,,,,darces_unavailable,False,none,,,,,,,,feature_pose_unavailable,False,none,,,,,,,,,not_comparable,,not_comparable,,not_comparable,none
10m,238,857.2431334869498,-5527.263252013243,-982.4354571319211,no_solution,False,,,,,,,,,darces_unavailable,False,none,,,,,,,,feature_pose_unavailable,False,none,,,,,,,,,not_comparable,,not_comparable,,not_comparable,none
10m,242,858.9459836882357,-5530.59458744694,-981.7986470919595,no_solution,False,,,,,,,,,darces_unavailable,False,none,,,,,,,,feature_pose_unavailable,False,none,,,,,,,,,not_comparable,,not_comparable,,not_comparable,none
10m,244,857.7686156006791,-5532.203465987,-981.820232191847,no_solution,False,,,,,,,,,darces_unavailable,False,none,,,,,,,,feature_pose_unavailable,False,none,,,,,,,,,not_comparable,,not_comparable,,not_comparable,none
10m,250,855.785234249897,-5537.392184080715,-981.9625071648331,no_solution,False,,,,,,,,,darces_unavailable,False,none,,,,,,,,feature_pose_unavailable,False,none,,,,,,,,,not_comparable,,not_comparable,,not_comparable,none
10m,253,854.6638579612129,-5539.075610544716,-982.2816536493476,no_solution,False,,,,,,,,,darces_unavailable,False,none,,,,,,,,feature_pose_unavailable,False,none,,,,,,,,,not_comparable,,not_comparable,,not_comparable,none
