abs_elevation_angle_deg,darces_status,feature,profile,range_m,selected,sigma_z_m,site
2.9115452369960755,skipped_insufficient_features,0,0p25m,22.20149206697604,0,0.6288904239264997,1
6.533687887660957,skipped_insufficient_features,0,0p25m,6.993300365349683,0,0.9939084953171765,2
1.6762890906775467,skipped_insufficient_features,0,0p25m,35.11810430532947,0,0.5460541536654799,3
2.914730964181463,skipped_insufficient_features,1,0p25m,19.919368714896564,0,0.6291441014489846,3
3.6441800508222513,skipped_insufficient_features,0,0p25m,58.2250483039731,0,0.6914948490220586,4
1.663854079451724,skipped_insufficient_features,0,0p25m,39.4988132733124,0,0.5454013620760564,6
1.4937688374625668,skipped_insufficient_features,1,0p25m,22.666743259674515,0,0.5368899620465925,6
10.328296148034953,skipped_insufficient_features,0,0p25m,32.506249399154,0,1.455391044867778,7
10.253313216142475,skipped_insufficient_features,0,0p25m,22.848003195027786,0,1.4458735342406228,8
9.84547061219815,skipped_insufficient_features,0,0p25m,29.45600532998322,0,1.3943373967939061,9
9.902986152434568,skipped_insufficient_features,0,0p25m,38.51663601614243,0,1.4015811545290247,10
9.087863748937597,skipped_insufficient_features,0,0p25m,45.519569967213,0,1.2997009586855006,11
5.989588194953643,skipped_insufficient_features,0,0p25m,71.55963422209479,0,0.9323184231618896,12
4.368185580177369,skipped_insufficient_features,0,0p25m,101.68164165669238,0,0.7604075548851208,13
3.161142372889459,skipped_insufficient_features,0,0p25m,32.30179948547759,0,0.6492860387973063,15
2.334849293284221,skipped_insufficient_features,1,0p25m,36.94802092128887,0,0.5861005495028886,15
5.014870271239147,skipped_insufficient_features,0,0p25m,25.397465424722995,0,0.8265170314528575,16
8.758677441591535,skipped_insufficient_features,0,0p25m,22.35578784118332,0,1.2590607243216516,17
0.02161663975124253,skipped_insufficient_features,1,0p25m,27.113764954354828,0,0.5000080066380449,17
3.7665719944396363,no_solution,0,0p25m,31.44886722920239,0,0.7027044937609181,18
6.67744565694357,no_solution,1,0p25m,17.50803387019799,0,1.0104354469967227,18
2.4011466836452917,no_solution,2,0p25m,25.559367167439806,0,0.5906827924686999,18
2.508168158776956,skipped_insufficient_features,0,0p25m,33.91395361794316,0,0.5982732328164384,19
6.056282047049264,skipped_insufficient_features,1,0p25m,11.125702225028315,0,0.9397809222339998,19
4.193706127239546,no_solution,0,0p25m,44.93363161374785,0,0.7432570218966035,20
4.604656874679428,no_solution,1,0p25m,39.459235294161495,0,0.7841399383712973,20
4.062854091374963,no_solution,2,0p25m,38.715710635348024,0,0.7306094083972192,20
4.11350149497817,no_solution,3,0p25m,35.8717333007481,0,0.7354822694379625,20
8.05532483101096,skipped_insufficient_features,0,0p25m,18.729155079714623,0,1.1733114583647153,21
4.168426294234943,skipped_insufficient_features,1,0p25m,23.98762701894458,0,0.7407988919433768,21
6.427515547114746,skipped_insufficient_features,0,0p25m,27.3889804483482,0,0.9817677802707336,22
4.274833252397912,skipped_insufficient_features,1,0p25m,29.26014781234025,0,0.751191836742214,22
4.0912224770648375,skipped_insufficient_features,0,0p25m,45.379304203568395,0,0.7333352260641991,23
1.849582829827084,skipped_insufficient_features,1,0p25m,21.445424920014993,0,0.5555699007961585,23
1.3672772062406002,skipped_insufficient_features,0,0p25m,30.553743633145842,0,0.5310787450961859,26
5.34188840503267,skipped_insufficient_features,0,0p25m,16.191239915460457,0,0.8612782590053436,27
3.9092676580148376,solution,0,0p5m,16.4354799138936,1,0.6055939886576938,1
2.898151382219652,solution,1,0p5m,22.262636860893185,0,0.5604225627297409,1
0.9177790382364687,solution,2,0p5m,69.7719499512519,1,0.5063750769757714,1
0.1729825638357666,solution,3,0p5m,31.97068970166268,1,0.5002278259080772,1
2.3235425591742023,solution,0,0p5m,102.9690487476698,1,0.5395921735408864,2
4.429264039413224,solution,1,0p5m,10.32593821403169,1,0.6324553410812099,2
1.447505289870262,solution,2,0p5m,31.47419578003543,1,0.5157161985182257,2
0.9899909423575078,solution,3,0p5m,44.54913018230547,1,0.5074103246287182,2
0.3541906585557327,solution,4,0p5m,60.026036017714844,0,0.5009544774828927,2
3.56829028271768,solution,0,0p5m,86.43277734748548,1,0.5892506253665244,3
1.6716431279223614,solution,1,0p5m,57.31600997976045,1,0.5208575472912801,3
6.773361124713016,solution,2,0p5m,9.519716382329886,1,0.776315209290802,3
1.8510930350695685,solution,3,0p5m,32.521146966243364,1,0.525464370370893,3
2.9280600977733537,solution,4,0p5m,19.827380058898353,0,0.5616093453679825,3
1.2980466458988913,solution,5,0p5m,44.93467480687937,1,0.5126751702648092,3
3.653861879102606,skipped_insufficient_features,0,0p5m,58.07000086102978,0,0.5932518329619026,4
4.21426477855112,skipped_insufficient_features,0,0p5m,58.14314232994292,0,0.6210794221199085,5
4.520781831134569,skipped_insufficient_features,1,0p5m,24.52804517282207,0,0.637407623426073,5
4.310171374452364,solution,0,0p5m,78.89312390823423,1,0.6261084620272166,6
2.346481947130664,solution,1,0p5m,79.2346199587024,0,0.5403492810789537,6
2.5507534650126225,solution,2,0p5m,70.71156199660703,0,0.547370239704407,6
2.2055434429922456,solution,3,0p5m,79.53379784720455,0,0.5357996983013301,6
1.670372622273951,solution,4,0p5m,39.34621964051947,1,0.520826470480418,6
1.7041126219962646,solution,5,0p5m,38.26388636821932,1,0.5216591532092438,6
1.244249498194558,solution,6,0p5m,52.355754220524794,1,0.5116576942130444,6
0.4332810553347059,solution,7,0p5m,118.59437170456277,1,0.5014276807721796,6
1.446814959266107,solution,8,0p5m,23.81438640821972,0,0.5157014335214007,6
10.451889848994748,skipped_insufficient_features,0,0p5m,32.11113514032165,0,1.0491594595667093,7
10.222766867414975,skipped_insufficient_features,0,0p5m,22.92651303622075,0,1.0310435068539778,8
10.030304970952919,skipped_insufficient_features,0,0p5m,28.91582611650582,0,1.015921320266657,9
9.668064504773367,skipped_insufficient_features,0,0p5m,39.46675816430835,0,0.9877039787931645,10
9.101718006622189,skipped_insufficient_features,0,0p5m,45.44914740674461,0,0.9442666325374518,11
6.001355425919427,skipped_insufficient_features,0,0p5m,71.4186600266345,0,0.7254641379292855,12
4.4033760719507145,skipped_insufficient_features,0,0p5m,101.1465520915073,0,0.6310662053434071,13
4.360718578791495,skipped_insufficient_features,1,0p5m,101.47475055401713,0,0.6287886577266439,13
2.8487869057540265,solution,0,0p5m,134.45677744167455,0,0.5584852098336824,14
6.120358083064784,solution,1,0p5m,17.467827569563422,1,0.73310919412035,14
0.6557528248048248,solution,2,0p5m,82.81379715965208,1,0.5032643568399728,14
0.601025808997753,solution,3,0p5m,63.475388931459094,1,0.5027436135719717,14
1.4669241113080642,solution,0,0p5m,77.8178963992217,1,0.516134249279578,15
2.8973204794531497,solution,1,0p5m,36.57355602070982,0,0.5603897318366581,15
3.150234614955507,solution,2,0p5m,32.41334601672589,1,0.570725842336254,15
3.7877967896649314,solution,3,0p5m,26.56360291827899,0,0.5996506265313136,15
2.2382423764341004,solution,4,0p5m,39.6941431448016,1,0.5368334145640904,15
2.363655371238323,solution,5,0p5m,37.069192060254025,0,0.5409202728882635,15
0.844483411628364,solution,6,0p5m,50.60261850932222,1,0.5054025637695894,15
4.950336809771324,skipped_insufficient_features,0,0p5m,25.69289785135184,0,0.6614796237950903,16
6.321894216127537,skipped_insufficient_features,1,0p5m,17.681204710086924,0,0.7462228687103266,16
8.875484633624135,no_solution,0,0p5m,22.05957841845578,0,0.927161795844169,17
7.09002756743821,no_solution,1,0p5m,24.292488550990406,0,0.7979715476111713,17
5.711180165024487,no_solution,2,0p5m,30.05203820042827,0,0.7071433679415742,17
0.08056703846886829,no_solution,3,0p5m,27.011571594411162,0,0.5000494297768163,17
3.7875493138522587,solution,0,0p5m,31.27499000799201,1,0.5996386525477727,18
6.5749276067881475,solution,1,0p5m,17.779904386694547,1,0.762970945576615,18
2.4077811024398814,solution,2,0p5m,25.487742151865866,1,0.5424037532260517,18
0.8223299927419593,solution,3,0p5m,67.94207091338914,1,0.5051242099371361,18
2.5029684739846996,no_solution,0,0p5m,33.95769426801531,0,0.5456833647025058,19
2.2808787152799233,no_solution,1,0p5m,31.829624565803474,0,0.5382011658052952,19
5.140499030237348,no_solution,2,0p5m,13.476831971943554,0,0.6725478904651512,19
4.190864204847494,solution,0,0p5m,44.93467480687937,1,0.6198637059241512,20
4.5727462358073785,solution,1,0p5m,39.72562145517676,1,0.6402479626068465,20
1.4395757423127526,solution,2,0p5m,125.37394067349084,1,0.515546998573006,20
4.064639765117738,solution,3,0p5m,38.69916019760635,1,0.6133842225180463,20
4.141373561118294,solution,4,0p5m,36.050312065223515,1,0.617307390947111,20
4.292428306685407,solution,5,0p5m,21.180769579975134,0,0.6251724850203768,20
7.98447806838895,skipped_insufficient_features,0,0p5m,18.897751188964257,0,0.8613093802601975,21
4.20822716883948,skipped_insufficient_features,1,0p5m,23.730254950168572,0,0.6207653246659396,21
6.436174352391791,no_solution,0,0p5m,27.370147971832377,0,0.7537488312488092,22
4.215173951279424,no_solution,1,0p5m,29.67532645144784,0,0.6211267462488049,22
1.716674561759992,no_solution,2,0p5m,45.914322384197284,0,0.5219730928324662,22
1.9154710728947375,no_solution,0,0p5m,102.05207004269928,0,0.5272211008575151,23
4.092344234829491,no_solution,1,0p5m,45.366562576417444,0,0.6147949701772176,23
2.5843900915423235,no_solution,2,0p5m,52.484521527779975,0,0.5485737082668244,23
2.40915968033046,no_solution,3,0p5m,44.9513626044862,0,0.5424504782469589,23
6.761148915044966,skipped_insufficient_features,0,0p5m,144.40611136652078,0,0.775488803426068,24
6.047279658236248,skipped_insufficient_features,0,0p5m,143.17166269901318,0,0.7284056035983988,25
1.7868155433465334,solution,0,0p5m,66.57796181920861,1,0.5237648790326942,26
2.3953886541743414,solution,1,0p5m,28.55039404281489,1,0.5419847546178488,26
0.9417852621138846,solution,2,0p5m,55.61587003724746,0,0.5067107651732521,26
2.427744466428106,solution,3,0p5m,20.931435688934478,1,0.54308261170294,26
1.366495590861221,solution,4,0p5m,30.571637182198796,0,0.5140289628285527,26
1.6265651608526426,solution,5,0p5m,23.262093628906236,1,0.519768310257578,26
0.5299417344535953,solution,6,0p5m,66.62675888860271,0,0.502134272378042,26
0.6972659784660593,solution,7,0p5m,40.68322750225208,1,0.5036892264397658,26
1.9129406527666144,solution,0,0p5m,80.03514852863084,1,0.5271510265907657,27
2.8291818871619014,solution,1,0p5m,32.382479830920914,1,0.557723250071602,27
5.326288467907265,solution,2,0p5m,16.15936261119231,1,0.6835903354698956,27
0.7485213149021429,solution,3,0p5m,39.59955807834224,1,0.5042492373831076,27
0.46917359183123386,solution,4,0p5m,44.448003329733496,1,0.5016736130097992,27
2.154588423501363,solution,0,0p5m,66.208949546115,1,0.5342154250293203,28
4.814046983157768,solution,1,0p5m,8.4335638967165,1,0.6536987344424402,28
0.4172174119602663,solution,2,0p5m,46.63287467012944,1,0.5013239157744936,28
0.21759428702515574,solution,3,0p5m,47.755889689126306,1,0.5003604436564145,28
2.67574564390621,solution,0,10m,107.00467279516349,1,0.5519084685166453,1
2.676271282969072,solution,1,10m,93.00537618869137,0,0.5519279337131133,1
2.5322688480657214,solution,2,10m,79.05694150420949,0,0.5467145233223436,1
3.432765789024405,solution,3,10m,43.01162633521314,1,0.583056235579069,1
0.6722374305652531,solution,4,10m,142.30249470757707,1,0.5034299904053254,1
0.5053706829038723,solution,5,10m,164.46884203398528,0,0.5019413108194926,1
0.879339868612236,solution,6,10m,71.06335201775947,0,0.5058551902521632,1
2.4109639441566673,solution,7,10m,25.495097567963924,0,0.5425116658249279,1
2.0844999186002275,solution,8,10m,29.154759474226502,1,0.5320896103764123,1
0.8139631961045029,solution,9,10m,73.824115301167,1,0.5050209696124793,1
1.638295818790187,solution,10,10m,35.35533905932738,1,0.5200491088001097,1
0.1719393822635832,solution,11,10m,157.00318468107582,0,0.5002250869582823,1
0.64943711329523,solution,12,10m,35.35533905932738,0,0.50320197378783,1
0.15657465186778066,solution,13,10m,96.17692030835673,0,0.500186663221298,1
0.12852166543438148,solution,14,10m,105.11898020814318,0,0.5001257749838002,1
0.1410928608727482,solution,15,10m,93.00537618869137,0,0.5001515795988781,1
2.3397959422295687,solution,0,10m,101.24228365658294,1,0.5401279499013338,2
2.544411212766372,solution,1,10m,87.46427842267951,0,0.5471448054156351,2
1.3250783890253766,solution,2,10m,148.49242404917499,1,0.5132019098416156,2
2.4662450770194964,solution,3,10m,60.41522986797286,0,0.5444053001895458,2
2.5669073019672397,solution,4,10m,47.43416490252569,1,0.5479465515758725,2
0.9463507110802729,solution,5,10m,43.01162633521314,0,0.5067755615660318,2
0.24624865697942722,solution,6,10m,155.72411502397438,0,0.500461580461954,2
0.2363844198150039,solution,7,10m,63.63961030678928,0,0.5004253561131422,2
0.08135906644207477,solution,8,10m,87.46427842267951,0,0.5000504063615561,2
0.02234989198847034,solution,9,10m,105.11898020814318,0,0.500003804030524,2
0.06578133480107615,solution,10,10m,158.90248582070703,0,0.5000329523337899,2
0.4949058798156651,solution,11,10m,82.76472678623425,0,0.5018618887041721,2
3.573080685716677,solution,0,10m,86.31338250816034,1,0.5894727961952817,3
1.8800301867761837,solution,1,10m,125.09996003196804,1,0.5262472725297855,3
3.8313149554010604,solution,2,10m,47.43416490252569,0,0.6017647899316834,3
3.0502166283237413,solution,3,10m,55.226805085936306,0,0.5665569141161548,3
1.6806384332607833,solution,4,10m,57.0087712549569,1,0.5210781982650973,3
2.03210480147816,solution,5,10m,29.154759474226502,0,0.5305411862523406,3
0.45799534185543705,solution,6,10m,113.35784048754634,0,0.501594935945042,3
1.0026938602407713,solution,7,10m,51.478150704935004,0,0.5076003192765581,3
0.3060640170563027,solution,8,10m,123.4908903522847,0,0.5007128826794222,3
0.3214297025966153,solution,9,10m,115.10864433221339,0,0.5007862027518613,3
0.1823466952305068,solution,10,10m,136.56500283747664,0,0.5002531532695318,3
0.07987124574095529,solution,11,10m,51.478150704935004,0,0.5000485797331999,3
0.12513044892454778,solution,12,10m,93.00537618869137,1,0.5001192258298898,3
0.134129491159175,solution,13,10m,155.72411502397438,0,0.5001369889052987,3
3.717137946148558,solution,0,10m,57.0087712549569,0,0.596254393760641,4
4.1022090119175045,solution,1,10m,45.27692569068709,0,0.6152988570576454,4
1.5487936819475496,solution,2,10m,96.17692030835673,1,0.5179541666883568,4
2.8756145266447564,solution,3,10m,29.154759474226502,1,0.5595347598804943,4
0.37683978811080215,solution,4,10m,161.40012391568973,0,0.5010803185844349,4
0.382474366232131,solution,5,10m,173.92527130926086,1,0.5011128311799266,4
1.9402380617967674,solution,6,10m,43.01162633521314,1,0.5279113739936294,4
0.6276301849129554,solution,7,10m,140.8900280360537,0,0.5029911626188028,4
1.6213074733080108,solution,8,10m,79.05694150420949,0,0.5196430635591947,4
3.576775695417142,solution,0,10m,65.19202405202648,0,0.5896443129768892,5
1.5784066570199105,solution,1,10m,101.24228365658294,1,0.5186351823425481,5
1.1305956547237008,solution,2,10m,137.2953021774598,1,0.5096439261718534,5
3.3885906049991603,solution,3,10m,35.35533905932738,1,0.5810756436504615,5
0.03637401544960462,solution,4,10m,127.47548783981962,0,0.5000100756478125,5
0.15435921956366574,solution,5,10m,79.05694150420949,0,0.5001814191848802,5
0.9536189159631993,solution,6,10m,35.35533905932738,0,0.5068793472935703,5
0.6527685249118866,solution,7,10m,117.6860229593982,0,0.5032348053004919,5
0.7112271992071908,solution,8,10m,123.4908903522847,0,0.5038378896945063,5
1.1103943844438506,solution,9,10m,118.53269591129698,1,0.5093054077915563,5
4.28147854026917,solution,0,10m,77.78174593052023,0,0.6245961250597917,6
4.664360592158375,solution,1,10m,71.06335201775947,1,0.6453047168255993,6
2.3852047233481346,solution,2,10m,113.35784048754634,1,0.5416418127660173,6
2.5279005478471186,solution,3,10m,106.06601717798213,1,0.5465601498988496,6
2.3640361998894,solution,4,10m,77.78174593052023,0,0.5409329754432467,6
2.2868209960397174,solution,5,10m,79.05694150420949,0,0.5383935695530231,6
1.1218620421751242,solution,6,10m,145.7737973711325,0,0.5094968525180388,6
2.5931192773953895,solution,7,10m,47.43416490252569,0,0.5488881806344743,6
0.9671049491392542,solution,8,10m,123.4908903522847,0,0.5070739678196188,6
1.7368619997687293,solution,9,10m,66.70832032063167,0,0.5224820441876632,6
1.1236160896466272,solution,10,10m,85.14693182963201,0,0.5095263023776754,6
0.569966903223745,solution,11,10m,115.97413504743201,0,0.5024680396708007,6
1.6694440742761811,solution,12,10m,38.07886552931954,0,0.5208037718259537,6
1.7456725298123141,solution,13,10m,35.35533905932738,0,0.5227058816341049,6
0.4413400534855256,solution,14,10m,118.53269591129698,0,0.5014812071691997,6
0.33888918628873294,solution,15,10m,129.80754985747168,0,0.5008738581657913,6
0.2744124936113721,solution,16,10m,137.2953021774598,0,0.5005731394542615,6
0.3310999866812087,solution,17,10m,113.35784048754634,1,0.5008341816068307,6
0.23033272733660928,solution,18,10m,137.2953021774598,0,0.5004038642046609,6
0.23282563777884244,solution,19,10m,101.24228365658294,0,0.5004126500980665,6
0.09503776616616094,solution,20,10m,136.56500283747664,0,0.5000687793568701,6
0.36224126163775466,solution,21,10m,35.35533905932738,0,0.5009983177773566,6
0.10006396272697442,solution,22,10m,73.824115301167,1,0.5000762461484816,6
8.784941181501708,no_solution,0,10m,35.35533905932738,0,0.9203575760351809,7
0.262427088808115,no_solution,1,10m,149.164338901763,0,0.5005241921935462,7
0.939853222876636,no_solution,2,10m,105.11898020814318,0,0.5066834361193375,7
8.865199140046682,no_solution,0,10m,25.495097567963924,0,0.926387643446923,8
2.1311403077600284,no_solution,1,10m,79.05694150420949,0,0.5334973279832697,8
2.3093123221702268,no_solution,2,10m,73.824115301167,0,0.5391257349594472,8
9.79579087296466,skipped_insufficient_features,0,10m,29.154759474226502,0,0.9976161673705705,9
9.802651309739593,solution,0,10m,38.07886552931954,0,0.9981497331619416,10
0.8106748969272427,solution,1,10m,158.90248582070703,0,0.5049806777803029,10
0.35155364342740303,solution,2,10m,166.88319268278636,1,0.5009403308011291,10
0.02707395859837088,solution,3,10m,161.40012391568973,1,0.5000055820780569,10
0.16482808136284557,solution,4,10m,155.08062419270823,0,0.5002068567605827,10
0.8737582931100344,solution,5,10m,57.0087712549569,0,0.5057815070073866,10
1.0979350344925083,solution,6,10m,51.478150704935004,0,0.5090995588908981,10
8.418526585820675,solution,0,10m,47.43416490252569,0,0.8930744716318343,11
1.38381060362696,solution,1,10m,163.24827717314508,0,0.5143818741375684,11
1.2444717813460957,solution,2,10m,165.07574019219177,1,0.5116618136650893,11
1.1683397437464262,solution,3,10m,155.08062419270823,0,0.5102921584374169,11
1.1246089026826078,solution,4,10m,158.90248582070703,0,0.5095429910266446,11
1.0995057804457893,solution,5,10m,149.164338901763,0,0.5091253866721487,11
0.9727226825733252,solution,6,10m,145.7737973711325,0,0.5071558234575124,11
0.6890545777371812,solution,7,10m,171.0263137648707,0,0.5036031459231655,11
1.4870326558410991,solution,8,10m,79.05694150420949,0,0.516572666180197,11
0.7027656787331483,solution,9,10m,145.08618128546908,1,0.503747442164204,11
0.6307622824693455,solution,10,10m,155.08062419270823,0,0.5030210035749815,11
0.40500267773429194,solution,11,10m,55.226805085936306,0,0.5012476233710225,11
0.5265029151809646,solution,12,10m,47.43416490252569,0,0.5021067198078901,11
6.48639118018539,solution,0,10m,65.19202405202648,0,0.7570758867650342,12
2.0691407616481015,solution,1,10m,163.24827717314508,1,0.5316320756776165,12
5.057039866471611,solution,2,10m,60.41522986797286,0,0.6676604154336031,12
1.882146516300491,solution,3,10m,159.53056133543816,0,0.526304962172675,12
1.6063044914910931,solution,4,10m,158.90248582070703,0,0.5192877379682702,12
1.6126787966457867,solution,5,10m,151.82226450688975,0,0.5194383301028082,12
1.2248981314630556,solution,6,10m,157.00318468107582,1,0.5113017647721378,12
2.071609912650118,solution,7,10m,91.92388155425118,0,0.5317054267757166,12
6.350895886362132,solution,8,10m,25.495097567963924,1,0.7481267324287741,12
1.0769467400637462,solution,9,10m,145.7737973711325,0,0.5087578712930814,12
2.2878585747683,solution,10,10m,65.19202405202648,0,0.538427209568948,12
0.8510260114430702,solution,11,10m,165.07574019219177,0,0.5054861565432236,12
0.9048640931073147,solution,12,10m,155.08062419270823,1,0.5061979808365744,12
0.6843038887566911,solution,13,10m,165.6804152578089,0,0.5035538034089397,12
0.04442565171549365,solution,14,10m,132.85330255586422,0,0.5000150298970439,12
0.4177961722012235,solution,15,10m,155.08062419270823,0,0.5013275866335665,12
4.581823741670174,solution,0,10m,96.17692030835673,0,0.6407462180863888,13
3.6350818304874113,solution,1,10m,91.92388155425118,1,0.592367826826701,13
2.415466102321412,solution,2,10m,115.10864433221339,0,0.5426645170150904,13
2.3824364514591467,solution,3,10m,113.35784048754634,0,0.5415488080783265,13
2.6294547568535793,solution,4,10m,101.24228365658294,0,0.5502066752723525,13
3.26532388498517,solution,5,10m,73.824115301167,1,0.5756513746818596,13
0.6011530012771363,solution,6,10m,140.8900280360537,0,0.5027447718457847,13
0.5906860595547687,solution,7,10m,127.47548783981962,0,0.5026502661305097,13
0.5209892645996859,solution,8,10m,143.0034964607509,0,0.5020629145666071,13
0.337921877017424,solution,9,10m,164.46884203398528,1,0.5008688808918947,13
4.689291502813668,solution,0,10m,171.0263137648707,0,0.6466915229720895,14
4.59264093894683,solution,1,10m,165.07574019219177,0,0.6413407687446799,14
4.372560368559645,solution,2,10m,173.34935823359717,0,0.629419475441398,14
4.350237276377775,solution,3,10m,145.7737973711325,0,0.628231236639905,14
3.8235281665844663,solution,4,10m,127.47548783981962,0,0.6013852515064974,14
2.9321852110867708,solution,5,10m,154.434452114805,0,0.5617737952925766,14
3.3652236855735147,solution,6,10m,110.67971810589327,0,0.580035761277697,14
2.612260484803181,solution,7,10m,140.8900280360537,0,0.5495808468731461,14
2.921882634103425,solution,8,10m,120.20815280171308,0,0.5613634234898361,14
2.5164086010649407,solution,9,10m,135.83077707206124,0,0.5461551028075303,14
2.3522473444819925,solution,10,10m,145.08618128546908,0,0.540540573106273,14
2.9367165396634145,solution,11,10m,106.06601717798213,0,0.5619546523258653,14
2.721489022722103,solution,12,10m,86.31338250816034,0,0.5536142045527752,14
2.795761848802039,solution,13,10m,76.48529270389177,0,0.5564342016709722,14
1.1187307206703487,solution,14,10m,155.72411502397438,0,0.5094443889780531,14
1.3870606328449975,solution,15,10m,120.20815280171308,0,0.5144485844767581,14
1.0801810196857684,solution,16,10m,135.83077707206124,0,0.5088101097035044,14
3.658120382746317,solution,17,10m,38.07886552931954,0,0.5934527439727926,14
1.1440745048431977,solution,18,10m,117.6860229593982,1,0.5098730655564887,14
1.9272817835823441,solution,19,10m,69.6419413859206,0,0.5275492767142226,14
1.7096660872155336,solution,20,10m,75.16648189186454,0,0.5217976799686979,14
0.9236234919723909,solution,21,10m,129.80754985747168,1,0.5064560238177365,14
4.533284423225023,solution,22,10m,25.495097567963924,0,0.6380891428485775,14
6.428704220242374,solution,23,10m,15.811388300841896,1,0.7532549418198625,14
2.3984742712544853,solution,24,10m,25.495097567963924,0,0.5420889089494743,14
0.5982799468451386,solution,25,10m,85.14693182963201,1,0.5027186675650285,14
0.6178998556997726,solution,26,10m,79.05694150420949,0,0.5028993940052244,14
0.13492529484872123,solution,27,10m,134.35028842544403,0,0.5001386190453871,14
0.10898825163292715,solution,28,10m,88.60022573334675,0,0.5000904515226698,14
0.16093215834103608,solution,29,10m,165.07574019219177,0,0.5001971955304984,14
0.5724265866811706,solution,30,10m,157.00318468107582,0,0.502489335747079,14
2.7352716604608975,solution,0,10m,127.47548783981962,1,0.5541328075579661,15
2.374461668568863,solution,1,10m,135.83077707206124,1,0.5412813995410795,15
2.291800017365133,solution,2,10m,125.09996003196804,0,0.5385551181333244,15
2.3752636473139095,solution,3,10m,95.13148795220224,0,0.5413082565337358,15
2.629386190242414,solution,4,10m,51.478150704935004,0,0.550204172838432,15
1.0061051150053868,solution,5,10m,129.0348790056394,0,0.507651741334718,15
1.6342051907096538,solution,6,10m,71.06335201775947,1,0.5199509784202806,15
2.8315202167968203,solution,7,10m,35.35533905932738,0,0.5578139068795305,15
3.2421839910089227,solution,8,10m,29.154759474226502,0,0.5746501589076308,15
0.5118936216148681,solution,9,10m,154.434452114805,0,0.5019916507683616,15
0.527923900819548,solution,10,10m,60.41522986797286,1,0.5021180834869767,15
0.038676431025256565,solution,11,10m,73.824115301167,0,0.5000113915471378,15
1.4593012299711008,solution,0,10m,157.00318468107582,1,0.5159695180440573,16
1.5200396392154218,solution,1,10m,137.2953021774598,0,0.5173044358141924,16
1.3102119278655562,solution,2,10m,123.4908903522847,1,0.5129109440241875,16
1.5244348063971354,solution,3,10m,101.24228365658294,1,0.5174030123813644,16
1.2397451252049032,solution,4,10m,114.23659658795863,0,0.5115743687532066,16
5.000598617307525,solution,5,10m,25.495097567963924,1,0.6643814508011485,16
8.106559296419055,no_solution,0,10m,168.67127793433,0,0.8701802834161009,17
7.355971123997637,no_solution,1,10m,171.0263137648707,0,0.8164829260075743,17
5.492058819850824,no_solution,2,10m,121.03718436910205,0,0.6936256552518306,17
4.828835930011583,no_solution,3,10m,79.05694150420949,0,0.6545367628688925,17
4.775879903097339,no_solution,4,10m,65.19202405202648,0,0.6515431313409387,17
5.702655511991675,no_solution,5,10m,51.478150704935004,0,0.7066122584213458,17
6.609878999603426,no_solution,6,10m,38.07886552931954,0,0.7653082482751185,17
7.6822510008341105,no_solution,7,10m,25.495097567963924,0,0.8395724920461216,17
0.7074818594612698,no_solution,8,10m,60.41522986797286,0,0.5037977231420641,17
0.3195092780560678,no_solution,9,10m,29.154759474226502,0,0.5007768433412744,17
5.824097179523346,solution,0,10m,165.07574019219177,0,0.7142172396507966,18
5.408906412280403,solution,1,10m,145.7737973711325,0,0.6885707386671244,18
5.492988457414628,solution,2,10m,132.09844813622905,0,0.6936824054998666,18
5.475069533936133,solution,3,10m,109.77249200050075,0,0.6925894516169016,18
5.142413633291097,solution,4,10m,96.17692030835673,0,0.6726605504760333,18
5.020594455455918,solution,5,10m,82.76472678623425,0,0.6655406613355176,18
3.3887205843949832,solution,6,10m,60.41522986797286,0,0.5810814431250824,18
4.349740817992539,solution,7,10m,38.07886552931954,1,0.6282048553130262,18
4.682441934807436,solution,8,10m,35.35533905932738,1,0.64631005625798,18
2.081650257482934,solution,9,10m,79.05694150420949,1,0.5320044949207715,18
1.3626295261793337,solution,10,10m,120.20815280171308,1,0.5139507404085998,18
2.278563341853532,solution,11,10m,71.06335201775947,0,0.5381263143830639,18
2.158356814515873,solution,12,10m,73.824115301167,0,0.5343314767431344,18
1.6703964757713867,solution,13,10m,88.60022573334675,0,0.5208270537404572,18
3.9091348472845002,solution,14,10m,29.154759474226502,0,0.6055874191226808,18
0.8056074535026724,solution,15,10m,117.6860229593982,1,0.5049188992036607,18
0.7985142530182601,solution,16,10m,85.14693182963201,0,0.5048330624927052,18
0.8067984044379126,solution,17,10m,65.19202405202648,0,0.5049333842464132,18
0.15078973467153234,solution,18,10m,93.00537618869137,0,0.5001731271268165,18
1.2284349990425174,no_solution,0,10m,129.80754985747168,0,0.5113664195708174,19
0.9287506242293979,no_solution,1,10m,91.92388155425118,0,0.506527448271835,19
2.7485603873361657,no_solution,2,10m,29.154759474226502,0,0.5546348592170833,19
4.004280876035074,no_solution,3,10m,15.811388300841896,0,0.6103332088228026,19
1.6990345593142386,solution,0,10m,145.7737973711325,0,0.5215328483427017,20
1.7541975035414474,solution,1,10m,109.77249200050075,0,0.5229234532344952,20
4.352958372898577,solution,2,10m,43.01162633521314,0,0.6283758677390536,20
1.461109189678715,solution,3,10m,123.4908903522847,0,0.5160085152125176,20
1.455647059712588,solution,4,10m,123.4908903522847,0,0.5158908373482749,20
1.321082590720653,solution,5,10m,127.47548783981962,0,0.5131233974264799,20
1.2201308565179196,solution,6,10m,135.09256086106296,0,0.5112149002952058,20
4.637607655674964,solution,7,10m,35.35533905932738,1,0.6438216324477791,20
4.352072925541914,solution,8,10m,35.35533905932738,0,0.6283287982189198,20
1.8998811883365039,solution,9,10m,71.06335201775947,1,0.5267907042100008,20
0.9210817566780065,solution,10,10m,142.30249470757707,0,0.5064207586868216,20
1.9638153367925675,solution,11,10m,65.19202405202648,1,0.528575900216457,20
2.961514711414104,solution,12,10m,43.01162633521314,0,0.5629483540103223,20
0.7447886505615169,solution,13,10m,165.07574019219177,0,0.5042071351752364,20
0.8029721004750611,solution,14,10m,149.164338901763,1,0.5048869211278082,20
1.0566822550457295,solution,15,10m,101.24228365658294,0,0.5084340188990708,20
0.6575687431579033,solution,16,10m,159.53056133543816,0,0.5032824038078555,20
2.7816178239428853,solution,17,10m,29.154759474226502,0,0.555892402913387,20
8.672066975132056,solution,0,10m,15.811388300841896,1,0.9119093142568216,21
3.6723036886555476,solution,1,10m,25.495097567963924,0,0.5941231089995157,21
4.128958589644203,solution,2,10m,21.213203435596427,0,0.6166693102923513,21
0.5105839150836815,solution,3,10m,120.20815280171308,1,0.5019814918722085,21
0.20638521112825034,solution,4,10m,135.09256086106296,1,0.5003242760244763,21
0.1889344412173551,solution,5,10m,137.2953021774598,0,0.5002717703957382,21
0.4362123665353484,solution,6,10m,57.0087712549569,1,0.5014470365054536,21
0.035887170163910916,solution,7,10m,157.00318468107582,0,0.5000098077418429,21
0.0406588814110057,solution,8,10m,163.24827717314508,0,0.5000125892620879,21
0.3440985162636222,solution,9,10m,66.70832032063167,0,0.5009009064661399,21
0.14347017760561598,solution,10,10m,162.63455967290594,0,0.5001567298686158,21
5.669038810289286,solution,0,10m,29.154759474226502,1,0.704521905448876,22
1.3573978748550894,solution,1,10m,101.24228365658294,1,0.5138452224932769,22
1.178882830971813,solution,2,10m,107.93516572461452,1,0.5104768862570761,22
6.7920047611173615,solution,3,10m,15.811388300841896,1,0.7775781166067421,22
2.45779455980067,solution,4,10m,43.01162633521314,0,0.5441134679798446,22
1.0461426202281117,solution,5,10m,95.13148795220224,0,0.5082679360575009,22
0.6172620849520357,solution,6,10m,155.08062419270823,0,0.5028934285720229,22
1.5218420753624597,solution,7,10m,51.478150704935004,0,0.5173448293521441,22
0.24520981150547383,solution,8,10m,135.09256086106296,0,0.5004576958815355,22
0.1255283533993837,solution,9,10m,154.434452114805,0,0.5001199852033635,22
0.021556274507716338,solution,10,10m,155.72411502397438,1,0.5000035386748458,22
1.6688138433643886,solution,0,10m,173.34935823359717,0,0.5207883722721133,23
1.942463884660389,solution,1,10m,145.7737973711325,0,0.5279738002996278,23
2.037979165963074,solution,2,10m,132.09844813622905,0,0.5307130444471257,23
2.0139615939095474,solution,3,10m,96.17692030835673,1,0.5300131898434162,23
4.313390598051514,solution,4,10m,43.01162633521314,1,0.6262785512536724,23
1.5010276705338708,solution,5,10m,105.11898020814318,1,0.5168810987256445,23
0.9489202231287418,solution,6,10m,145.7737973711325,0,0.5068121643207848,23
1.0801270259404325,solution,7,10m,125.09996003196804,0,0.5088092363816241,23
1.8870586948047583,solution,8,10m,60.41522986797286,1,0.5264390911119747,23
0.928281946248032,solution,9,10m,91.92388155425118,0,0.5065209032556739,23
0.8641991576444144,solution,10,10m,82.76472678623425,0,0.505656381316442,23
0.4133500931235773,solution,11,10m,98.2344135219425,0,0.5012995167631267,23
1.548256365491094,solution,12,10m,21.213203435596427,0,0.5179419210917845,23
0.17675180813483599,solution,13,10m,149.164338901763,1,0.5002378602880858,23
0.07646367798119186,solution,14,10m,132.85330255586422,0,0.5000445231919497,23
0.07419892836982028,solution,15,10m,129.80754985747168,0,0.50004192492438,23
6.879852486348096,no_solution,0,10m,141.59802258506295,0,0.7835495564604734,24
5.80070769452946,no_solution,1,10m,149.164338901763,0,0.7127460834731191,24
6.380925377127465,no_solution,2,10m,109.77249200050075,0,0.7501024256410906,24
6.1358619578963784,no_solution,3,10m,73.824115301167,0,0.7341106560872778,24
0.2088066038025146,no_solution,4,10m,137.2953021774598,0,0.5003319272580712,24
6.186761359110297,solution,0,10m,139.46325680981354,0,0.7374071748513737,25
6.0539440200022545,solution,1,10m,142.30249470757707,0,0.7288333858250321,25
5.79184063657672,solution,2,10m,136.56500283747664,0,0.7121891601292718,25
4.0686596068993275,solution,3,10m,129.0348790056394,0,0.613588516393369,25
4.6252381701547876,solution,4,10m,65.19202405202648,0,0.6431376985127819,25
4.242759250972684,solution,5,10m,65.19202405202648,0,0.6225658147537131,25
5.67995314537767,solution,6,10m,47.43416490252569,1,0.7051998683743332,25
2.771190804196916,solution,7,10m,91.92388155425118,1,0.555494421588933,25
0.4026544109216111,solution,8,10m,79.05694150420949,0,0.5012332147678928,25
1.0735382247455998,solution,9,10m,69.6419413859206,0,0.5087029826311733,25
1.2178302726802954,solution,10,10m,91.92388155425118,0,0.5111730974379304,25
1.7374801717382304,solution,0,10m,60.41522986797286,0,0.5224977153481886,26
1.493977248186392,solution,1,10m,66.70832032063167,1,0.5167253775019286,26
2.3434792957430752,solution,2,10m,29.154759474226502,0,0.5402498150969917,26
1.214086279379246,solution,3,10m,55.226805085936306,1,0.5111052286412769,26
0.44343833598887183,solution,4,10m,107.93516572461452,0,0.5014953045025369,26
0.48433587083498914,solution,5,10m,96.17692030835673,1,0.5017833430632662,26
0.5083088416060837,solution,6,10m,85.14693182963201,0,0.5019639063878908,26
0.5855723165266122,solution,7,10m,60.41522986797286,0,0.5026046917089643,26
0.6773832724194173,solution,8,10m,51.478150704935004,1,0.5034825257393284,26
0.15691506530574423,solution,9,10m,79.05694150420949,0,0.5001874756151299,26
0.1075671150434069,solution,10,10m,105.11898020814318,1,0.5000881082434379,26
0.0032425080269009574,solution,11,10m,93.00537618869137,1,0.5000000800676034,26
0.1575855771636716,solution,12,10m,91.92388155425118,0,0.5001890809424606,26
0.41433093127913445,solution,13,10m,96.17692030835673,0,0.5013056834990539,26
0.49123124344927965,solution,14,10m,82.76472678623425,0,0.5018343915979709,26
1.4643990463836534,no_solution,0,10m,123.4908903522847,0,0.5160795929734768,27
1.8951062079963792,no_solution,1,10m,77.78174593052023,0,0.5266595150730201,27
1.1554437493150167,no_solution,2,10m,105.11898020814318,0,0.5100683740707334,27
0.8435459137483883,no_solution,3,10m,136.56500283747664,0,0.5053906373970067,27
2.809047096424596,no_solution,4,10m,38.07886552931954,0,0.5569451393767805,27
0.8290133456575078,no_solution,5,10m,113.35784048754634,0,0.5052074213365775,27
0.8573048200920177,no_solution,6,10m,107.00467279516349,0,0.5055669727932867,27
0.8912177987917169,no_solution,7,10m,98.2344135219425,0,0.5060135189630827,27
0.5447765744893329,no_solution,8,10m,147.13938969562162,0,0.5022551709202526,27
5.059857815275449,no_solution,9,10m,15.811388300841896,0,0.6678246846204222,27
0.5558074392884456,no_solution,10,10m,139.46325680981354,0,0.502347213063474,27
0.5444227232578941,no_solution,11,10m,123.4908903522847,0,0.5022522486392447,27
0.5080927015844076,no_solution,12,10m,96.17692030835673,0,0.5019622397584774,27
0.2524329909885364,no_solution,13,10m,45.27692569068709,0,0.500485044951754,27
0.7238785410872067,no_solution,14,10m,55.226805085936306,0,0.503975112442086,27
1.6158710318002194,solution,0,10m,132.09844813622905,1,0.5195139543795566,28
1.2559604206939494,solution,1,10m,168.0773631397161,0,0.5118756839276876,28
1.3143341103080481,solution,2,10m,158.90248582070703,1,0.5129913103199051,28
1.662326489837066,solution,3,10m,115.97413504743201,0,0.5206301675861772,28
1.6230315298560845,solution,4,10m,115.10864433221339,0,0.519684091945333,28
1.2328064657880473,solution,5,10m,135.83077707206124,0,0.511446577606029,28
1.137814420788931,solution,6,10m,145.08618128546908,0,0.5097663193516094,28
1.886457440848488,solution,7,10m,79.05694150420949,0,0.5264226566455529,28
0.7653955232085872,solution,8,10m,168.0773631397161,0,0.504442151025852,28
1.9382518831097921,solution,9,10m,65.19202405202648,1,0.5278557232338477,28
0.3213650646905742,solution,10,10m,47.43416490252569,1,0.5007858868222286,28
0.3943850685544137,solution,11,10m,115.10864433221339,1,0.5011831392528872,28
0.7312240524538361,solution,12,10m,121.03718436910205,1,0.5040558786855961,28
0.7509679974597773,solution,13,10m,158.90248582070703,0,0.5042769468214094,28
2.9023285475120986,solution,0,10m_refined,106.06601717798213,1,0.7120634782057592,1
1.7107296106200927,solution,1,10m_refined,149.164338901763,0,0.5824106942760903,1
2.803517979532467,solution,2,10m_refined,71.06335201775947,1,0.6998594276169056,1
0.6722374305652531,solution,3,10m_refined,142.30249470757707,0,0.5135825356824588,1
0.5600129372415769,solution,4,10m_refined,125.09996003196804,1,0.5094642795467976,1
0.879339868612236,solution,5,10m_refined,71.06335201775947,1,0.5230276226168262,1
0.20272831076177325,solution,6,10m_refined,147.13938969562162,1,0.5012503870473118,1
2.3397959422295687,solution,0,10m_refined,101.24228365658294,1,0.6457188312713755,2
1.3894708302653358,solution,1,10m_refined,141.59802258506295,0,0.5557278052884397,2
0.6936359678329036,solution,2,10m_refined,117.6860229593982,0,0.5144487497446102,2
0.47783571107734674,solution,3,10m_refined,149.164338901763,1,0.5069078413910353,2
0.3315231204569063,solution,4,10m_refined,135.09256086106296,1,0.5033369160441417,2
0.24624865697942722,solution,5,10m_refined,155.72411502397438,1,0.5018437745692453,2
0.2363844198150039,solution,6,10m_refined,63.63961030678928,1,0.5016992606770121,2
0.0024271060068740136,solution,7,10m_refined,165.6804152578089,0,0.5000001794453248,2
3.573080685716677,solution,0,10m_refined,86.31338250816034,1,0.7999454417753352,3
1.8800301867761837,solution,1,10m_refined,125.09996003196804,1,0.5981176868979496,3
0.9281356850548349,solution,2,10m_refined,114.23659658795863,0,0.5255905514904629,3
1.6806384332607833,solution,3,10m_refined,57.0087712549569,1,0.5797326580664575,3
1.0026938602407713,solution,4,10m_refined,51.478150704935004,0,0.5297474270996085,3
0.3060640170563027,solution,5,10m_refined,123.4908903522847,0,0.5028454668429925,3
0.15345372303089275,solution,6,10m_refined,149.164338901763,1,0.5007168040964735,3
0.13165446065779818,solution,7,10m_refined,141.59802258506295,0,0.500527713613334,3
0.12513044892454778,solution,8,10m_refined,93.00537618869137,1,0.500476732904491,3
0.134129491159175,solution,9,10m_refined,155.72411502397438,1,0.500547730676142,3
3.717137946148558,solution,0,10m_refined,57.0087712549569,1,0.8198031521746414,4
1.5487936819475496,solution,1,10m_refined,96.17692030835673,1,0.5684242035305326,4
1.034797530954713,solution,2,10m_refined,132.09844813622905,1,0.531625534020119,4
0.8310644644346081,solution,3,10m_refined,158.90248582070703,0,0.520616851500338,4
0.3366732164441582,solution,4,10m_refined,123.4908903522847,0,0.503441042273207,4
0.37683978811080215,solution,5,10m_refined,161.40012391568973,1,0.5043073890899428,4
0.6276301849129554,solution,6,10m_refined,140.8900280360537,0,0.5118597842089764,4
1.6213074733080108,solution,7,10m_refined,79.05694150420949,0,0.5745569197396729,4
1.5903389323569908,solution,8,10m_refined,115.10864433221339,1,0.5719114909567109,4
1.6454147620142743,solution,9,10m_refined,123.4908903522847,0,0.5766430202999888,4
3.576775695417142,solution,0,10m_refined,65.19202405202648,1,0.800450912488674,5
1.4620668370693581,solution,1,10m_refined,109.77249200050075,1,0.561377323072616,5
1.1305956547237008,solution,2,10m_refined,137.2953021774598,0,0.5375385808808946,5
0.02933422963921359,solution,3,10m_refined,118.53269591129698,0,0.5000262115559913,5
0.11007603120884747,solution,4,10m_refined,98.2344135219425,1,0.500368961559094,5
0.6527685249118866,solution,5,10m_refined,117.6860229593982,1,0.5128168065335769,5
0.7112271992071908,solution,6,10m_refined,123.4908903522847,0,0.515180042671738,5
1.1103943844438506,solution,7,10m_refined,118.53269591129698,0,0.5362536653701246,5
4.28147854026917,solution,0,10m_refined,77.78174593052023,1,0.9002673368276936,6
2.3852047233481346,solution,1,10m_refined,113.35784048754634,0,0.6507713986845377,6
1.7464957133205388,solution,2,10m_refined,149.164338901763,1,0.5856393357067943,6
2.3640361998894,solution,3,10m_refined,77.78174593052023,0,0.6484087720624516,6
1.0181129760385612,solution,4,10m_refined,95.13148795220224,1,0.5306429018630903,6
1.7456725298123141,solution,5,10m_refined,35.35533905932738,0,0.5855644753394348,6
0.47676426686723294,solution,6,10m_refined,109.77249200050075,1,0.5068771059064843,6
0.33888918628873294,solution,7,10m_refined,129.80754985747168,0,0.5034863326601239,6
1.352197879685,solution,8,10m_refined,25.495097567963924,0,0.5529178312917252,6
0.23033272733660928,solution,9,10m_refined,137.2953021774598,0,0.5016135058427222,6
0.4216397675988886,solution,10,10m_refined,137.2953021774598,1,0.5053866706431805,6
8.784941181501708,solution,0,10m_refined,35.35533905932738,0,1.624263608858308,7
0.2550709532266323,solution,1,10m_refined,157.00318468107582,1,0.5019779909562018,7
0.17934891910062165,solution,2,10m_refined,113.35784048754634,0,0.500978881643278,7
0.24144315757121773,solution,3,10m_refined,91.92388155425118,1,0.5017726398759348,7
0.9802422956160821,solution,4,10m_refined,118.53269591129698,1,0.5284653607557883,7
8.865199140046682,skipped_insufficient_features,0,10m_refined,25.495097567963924,0,1.6379182713812597,8
2.1311403077600284,skipped_insufficient_features,1,10m_refined,79.05694150420949,0,0.6232797091684869,8
9.79579087296466,skipped_insufficient_features,0,10m_refined,29.154759474226502,0,1.7974849288927528,9
9.802651309739593,no_solution,0,10m_refined,38.07886552931954,0,1.798669385752985,10
0.8106748969272427,no_solution,1,10m_refined,158.90248582070703,0,0.5196363533528195,10
0.8426952260902059,no_solution,2,10m_refined,93.00537618869137,0,0.5211862206234255,10
8.418526585820675,solution,0,10m_refined,47.43416490252569,1,1.562154937105126,11
1.38381060362696,solution,1,10m_refined,163.24827717314508,1,0.5552970824388592,11
1.1683397437464262,solution,2,10m_refined,155.08062419270823,1,0.5399929146302489,11
1.4870326558410991,solution,3,10m_refined,79.05694150420949,0,0.5633731248276485,11
0.4209620418508448,solution,4,10m_refined,157.00318468107582,1,0.5053694592497082,11
0.40500267773429194,solution,5,10m_refined,55.226805085936306,1,0.5049719989666691,11
0.0057120254998209285,solution,6,10m_refined,164.46884203398528,0,0.5000009938814423,11
6.48639118018539,solution,0,10m_refined,65.19202405202648,1,1.242036872755496,12
2.0691407616481015,solution,1,10m_refined,163.24827717314508,0,0.6168716686290302,12
1.8121487962496856,solution,2,10m_refined,120.20815280171308,0,0.5916921097956936,12
2.5505530832070105,solution,3,10m_refined,79.05694150420949,0,0.6696457993378188,12
2.1347317995318202,solution,4,10m_refined,85.14693182963201,0,0.6236546791685504,12
1.554678168864569,solution,5,10m_refined,110.67971810589327,0,0.568913809136609,12
6.350895886362132,solution,6,10m_refined,25.495097567963924,0,1.220153445718291,12
0.04442565171549365,solution,7,10m_refined,132.85330255586422,1,0.5000601168777281,12
0.11588087054131045,solution,8,10m_refined,98.2344135219425,1,0.5004088856577099,12
4.581823741670174,solution,0,10m_refined,96.17692030835673,1,0.944575494054361,13
2.9104815878009838,solution,1,10m_refined,99.24716620639605,1,0.7130799436248657,13
2.0581533888583503,solution,2,10m_refined,73.824115301167,1,0.6157490404761269,13
1.9978377322089789,solution,3,10m_refined,57.0087712549569,0,0.6096574965126341,13
0.6011530012771363,solution,4,10m_refined,140.8900280360537,1,0.5108906169358374,13
4.689291502813668,no_solution,0,10m_refined,171.0263137648707,0,0.9606454619347568,14
4.59264093894683,no_solution,1,10m_refined,165.07574019219177,0,0.9461881031888257,14
2.966707517299972,no_solution,2,10m_refined,129.0348790056394,0,0.7201281056765062,14
2.7335421462978964,no_solution,3,10m_refined,125.89678312014172,0,0.6913491722135058,14
2.3522473444819925,no_solution,4,10m_refined,145.08618128546908,0,0.6470984814510324,14
2.795761848802039,no_solution,5,10m_refined,76.48529270389177,0,0.6989106403231021,14
1.7169460955891598,no_solution,6,10m_refined,79.05694150420949,0,0.5829683296860522,14
0.8652300192173452,no_solution,7,10m_refined,145.08618128546908,0,0.5223100876081732,14
3.063115370662129,no_solution,8,10m_refined,35.35533905932738,0,0.7323647481300709,14
0.6178998556997726,no_solution,9,10m_refined,79.05694150420949,0,0.5114989755251595,14
0.16093215834103608,no_solution,10,10m_refined,165.07574019219177,0,0.5007883162238338,14
0.47323684475512995,no_solution,11,10m_refined,161.40012391568973,0,0.5067763926688484,14
2.7352716604608975,solution,0,10m_refined,127.47548783981962,0,0.6915581491445933,15
2.696400769532338,solution,1,10m_refined,88.60022573334675,1,0.6868783451444449,15
0.8868989998724482,solution,2,10m_refined,151.82226450688975,1,0.5234163969951443,15
1.6342051907096538,solution,3,10m_refined,71.06335201775947,1,0.5756701137290594,15
0.7444824310112337,solution,4,10m_refined,143.0034964607509,1,0.5166095678800716,15
2.8315202167968203,solution,5,10m_refined,35.35533905932738,1,0.7032961103495612,15
0.5689472630154174,solution,6,10m_refined,63.63961030678928,1,0.5097657738703286,15
1.4593012299711008,solution,0,10m_refined,157.00318468107582,0,0.5611578870536054,16
1.416483110411494,solution,1,10m_refined,121.03718436910205,1,0.5578029174899107,16
1.5244348063971354,solution,2,10m_refined,101.24228365658294,0,0.5664128431499781,16
1.5614906062720233,solution,3,10m_refined,93.00537618869137,1,0.5694824172564912,16
5.000598617307525,solution,4,10m_refined,25.495097567963924,1,1.0077751974892792,16
1.7180735390440205,solution,5,10m_refined,65.19202405202648,0,0.5830696243235725,16
0.5202472072163334,solution,6,10m_refined,151.82226450688975,1,0.508178257756687,16
8.106559296419055,no_solution,0,10m_refined,168.67127793433,0,1.5095876597880968,17
7.355971123997637,no_solution,1,10m_refined,171.0263137648707,0,1.3844050974507283,17
4.828835930011583,no_solution,2,10m_refined,79.05694150420949,0,0.9816687301669311,17
7.6822510008341105,no_solution,3,10m_refined,25.495097567963924,0,1.4385853737620649,17
0.7074818594612698,no_solution,4,10m_refined,60.41522986797286,0,0.5150228959692095,17
5.824097179523346,solution,0,10m_refined,165.07574019219177,0,1.135968776708944,18
5.475069533936133,solution,1,10m_refined,109.77249200050075,0,1.0810738152244745,18
3.3887205843949832,solution,2,10m_refined,60.41522986797286,1,0.7749984349515251,18
4.349740817992539,solution,3,10m_refined,38.07886552931954,0,0.9102556569203184,18
2.081650257482934,solution,4,10m_refined,79.05694150420949,1,0.6181546169556779,18
1.3284290349022427,solution,5,10m_refined,123.4908903522847,1,0.551158624194173,18
1.0882355010972764,solution,6,10m_refined,106.06601717798213,0,0.5348674543252119,18
3.9091348472845002,solution,7,10m_refined,29.154759474226502,0,0.8467257459169869,18
4.640315528532128,solution,8,10m_refined,21.213203435596427,1,0.9533085585618223,18
0.9093733845317064,solution,9,10m_refined,106.06601717798213,1,0.524590194112899,18
1.116047184572092,solution,10,10m_refined,75.16648189186454,1,0.536611187773052,18
0.8067984044379126,solution,11,10m_refined,65.19202405202648,1,0.5194524907112718,18
1.1823504602263157,no_solution,0,10m_refined,158.90248582070703,0,0.540921587663941,19
1.2284349990425174,no_solution,1,10m_refined,129.80754985747168,0,0.5440427007677878,19
1.0779712473772178,no_solution,2,10m_refined,135.83077707206124,0,0.5342336281146735,19
1.07339981783553,no_solution,3,10m_refined,98.2344135219425,0,0.5339530336787431,19
0.614802225535646,no_solution,4,10m_refined,151.82226450688975,0,0.5113852434504279,19
1.4130915608474595,no_solution,5,10m_refined,65.19202405202648,0,0.5575406052701557,19
2.7485603873361657,no_solution,6,10m_refined,29.154759474226502,0,0.6931661476406757,19
0.14654341551452887,no_solution,7,10m_refined,45.27692569068709,0,0.500653740551456,19
1.6342840115226474,solution,0,10m_refined,166.88319268278636,0,0.5756769372356583,20
1.6990345593142386,solution,1,10m_refined,145.7737973711325,1,0.5813656745988758,20
1.4455106088792224,solution,2,10m_refined,141.59802258506295,1,0.5600686175146481,20
1.966202808724331,solution,3,10m_refined,99.24716620639605,0,0.6065114957884195,20
1.7541975035414474,solution,4,10m_refined,109.77249200050075,0,0.5863409859209548,20
4.352958372898577,solution,5,10m_refined,43.01162633521314,1,0.9107276896126716,20
1.461109189678715,solution,6,10m_refined,123.4908903522847,0,0.5613013015193427,20
1.455647059712588,solution,7,10m_refined,123.4908903522847,0,0.5608684553793493,20
1.681726668629384,solution,8,10m_refined,106.06601717798213,1,0.5798288917839258,20
4.609693149843529,solution,9,10m_refined,38.07886552931954,1,0.948732478594078,20
1.2201308565179196,solution,10,10m_refined,135.09256086106296,1,0.5434728117719864,20
4.352072925541914,solution,11,10m_refined,35.35533905932738,1,0.9105977787612535,20
2.120972295040024,solution,12,10m_refined,69.6419413859206,0,0.6222203350911762,20
1.514817100091271,solution,13,10m_refined,96.17692030835673,0,0.565625545091,20
1.7397038002796819,solution,14,10m_refined,77.78174593052023,1,0.5850224514482298,20
0.7448257485774566,solution,15,10m_refined,165.07574019219177,0,0.5166246455548145,20
1.642798648184359,solution,16,10m_refined,73.824115301167,1,0.5764155121870761,20
0.6575687431579033,solution,17,10m_refined,159.53056133543816,0,0.5130036178531817,20
8.672066975132056,no_solution,0,10m_refined,15.811388300841896,0,1.6050901500269033,21
3.6723036886555476,no_solution,1,10m_refined,25.495097567963924,0,0.8135902375207076,21
0.7441745556389447,no_solution,2,10m_refined,101.24228365658294,0,0.516596052281207,21
0.5587007125465872,no_solution,3,10m_refined,114.23659658795863,0,0.5094203848509891,21
0.4865769678317322,no_solution,4,10m_refined,125.89678312014172,0,0.5071611004918655,21
5.669038810289286,no_solution,0,10m_refined,29.154759474226502,0,1.1114874992681028,22
1.3573978748550894,no_solution,1,10m_refined,101.24228365658294,0,0.5533061094156301,22
4.260976935060746,no_solution,2,10m_refined,29.154759474226502,0,0.8972773663028033,22
0.8485868406238113,no_solution,3,10m_refined,125.09996003196804,0,0.5214774177071768,22
1.1765278247146427,no_solution,4,10m_refined,87.46427842267951,0,0.5405344937172376,22
1.0461426202281117,no_solution,5,10m_refined,95.13148795220224,0,0.5323017746510033,22
0.6172620849520357,no_solution,6,10m_refined,155.08062419270823,0,0.5114755145690723,22
1.3026289017310901,no_solution,7,10m_refined,60.41522986797286,0,0.549278236978517,22
0.975890844740754,no_solution,8,10m_refined,75.16648189186454,0,0.5282198840217981,22
1.75522880272745,solution,0,10m_refined,165.07574019219177,0,0.5864351106281012,23
1.942463884660389,solution,1,10m_refined,145.7737973711325,0,0.6041732658859752,23
2.0139615939095474,solution,2,10m_refined,96.17692030835673,1,0.6112740184499683,23
4.313390598051514,solution,3,10m_refined,43.01162633521314,1,0.9049305470817055,23
0.9489202231287418,solution,4,10m_refined,145.7737973711325,1,0.5267203049191026,23
1.0788289961606847,solution,5,10m_refined,125.09996003196804,0,0.5342863932739014,23
2.824816482380313,solution,6,10m_refined,45.27692569068709,1,0.7024717735674696,23
2.391679513759586,solution,7,10m_refined,45.27692569068709,0,0.6514965545916418,23
1.3627075187673416,solution,8,10m_refined,66.70832032063167,0,0.5537038323693125,23
0.8176498277740565,solution,9,10m_refined,87.46427842267951,0,0.519969230502891,23
0.38291689376579374,solution,10,10m_refined,140.8900280360537,0,0.5044468222743643,23
1.3227274317479767,solution,11,10m_refined,25.495097567963924,0,0.550740451913209,23
0.10504297026357533,solution,12,10m_refined,123.4908903522847,0,0.5003360034956784,23
0.004761644860569434,solution,13,10m_refined,157.00318468107582,1,0.5000006906665763,23
6.879852486348096,no_solution,0,10m_refined,141.59802258506295,0,1.306062643871885,24
6.1358619578963784,no_solution,1,10m_refined,73.824115301167,0,1.1856111594968957,24
0.2088066038025146,no_solution,2,10m_refined,137.2953021774598,0,0.5013263904235477,24
6.186761359110297,no_solution,0,10m_refined,139.46325680981354,0,1.1937660432803145,25
4.6252381701547876,no_solution,1,10m_refined,65.19202405202648,0,0.9510543606930529,25
4.242759250972684,no_solution,2,10m_refined,65.19202405202648,0,0.894624376372463,25
5.67995314537767,no_solution,3,10m_refined,47.43416490252569,0,1.1132059186964054,25
2.771190804196916,no_solution,4,10m_refined,91.92388155425118,0,0.6959139384045222,25
1.2178302726802952,no_solution,5,10m_refined,91.92388155425118,0,0.5433155088686054,25
1.7374801717382304,no_solution,0,10m_refined,60.41522986797286,0,0.5848208701613742,26
2.3434792957430752,no_solution,1,10m_refined,29.154759474226502,0,0.6461264975601411,26
0.48433587083498914,no_solution,2,10m_refined,96.17692030835673,0,0.5070957439211947,26
1.1383753324737012,no_solution,3,10m_refined,38.07886552931954,0,0.5380387659045806,26
0.5855723165266122,no_solution,4,10m_refined,60.41522986797286,0,0.5103390093961582,26
0.41433093127913445,no_solution,5,10m_refined,96.17692030835673,0,0.5052024873590927,26
1.4643990463836534,solution,0,10m_refined,123.4908903522847,0,0.5615626279718744,27
1.8951062079963792,solution,1,10m_refined,77.78174593052023,0,0.5995673267180217,27
1.1554437493150167,solution,2,10m_refined,105.11898020814318,1,0.5391465338000851,27
0.8435459137483883,solution,3,10m_refined,136.56500283747664,1,0.5212281510761013,27
1.7077973424894135,solution,4,10m_refined,57.0087712549569,0,0.5821481809218663,27
0.5447765744893329,solution,5,10m_refined,147.13938969562162,0,0.5089607321439726,27
0.3426923967721835,solution,6,10m_refined,65.19202405202648,1,0.5035647463572811,27
0.21446560870242914,solution,7,10m_refined,79.05694150420949,1,0.5013991584145223,27
0.6832290346314758,solution,8,10m_refined,57.0087712549569,0,0.5140242674630203,27
0.731516167239232,solution,9,10m_refined,101.24228365658294,1,0.5160448954464902,27
1.6158710318002194,solution,0,10m_refined,132.09844813622905,0,0.574089710045683,28
1.2559604206939494,solution,1,10m_refined,168.0773631397161,0,0.5459550010630471,28
1.662326489837066,solution,2,10m_refined,115.97413504743201,0,0.5781203037458932,28
1.2328064657880473,solution,3,10m_refined,135.83077707206124,1,0.544344015287832,28
2.0911064275632842,solution,4,10m_refined,66.70832032063167,1,0.6191277948847009,28
2.444023463830024,solution,5,10m_refined,57.0087712549569,0,0.6574013752107138,28
0.7653955232085872,solution,6,10m_refined,168.0773631397161,1,0.5175398872805398,28
1.3493511388891728,solution,7,10m_refined,29.154759474226502,1,0.5527057852932574,28
0.7520047723821676,solution,8,10m_refined,47.43416490252569,0,0.5169414223220333,28
0.3943850685544137,solution,9,10m_refined,115.10864433221339,0,0.5047159164178554,28
2.755319997658234,solution,0,1m,111.74300872985299,1,0.5548910033264515,1
2.672262453873216,solution,1,1m,107.37085265564393,0,0.551779560658208,1
2.8803323475664513,solution,2,1m,69.51618516575834,0,0.5597201495992958,1
2.991650398112033,solution,3,1m,53.39007398384086,0,0.5641648757301474,1
3.945837026231527,solution,4,1m,16.32482771731451,1,0.6074087760420928,1
0.9149722149319421,solution,5,1m,69.9035049192814,1,0.5063363801136102,1
2.827648570686046,solution,6,1m,22.594247055390007,1,0.5576638364743212,1
1.7222166337373677,solution,7,1m,36.20082871979591,1,0.5221122709381291,1
2.1168342750981033,solution,8,1m,28.71410803072246,0,0.5330626110401395,1
0.6493491947404159,solution,9,1m,35.36240942017385,0,0.5032011095855347,1
0.14033213389870583,solution,10,1m,31.81980515339464,0,0.5001499497070354,1
0.33115988237278504,solution,11,1m,64.50193795538239,1,0.5008344831948045,1
0.7567673987985215,solution,12,1m,84.77322690566875,0,0.5043429820590275,1
2.3220370319289243,solution,0,1m,103.03640133467395,1,0.539542708369413,2
1.4796754916224273,solution,1,1m,132.2365305050008,1,0.5164116110815314,2
6.730602521405932,solution,2,1m,6.96419413859206,1,0.7734246431773346,2
1.4551288074630908,solution,3,1m,31.120732639190873,1,0.5158796934983578,2
1.0491704510226607,solution,4,1m,42.714166268347086,0,0.5083154833577511,2
0.3627769738588203,solution,5,1m,87.91188770581599,1,0.5010012698760005,2
0.352177020259926,solution,6,1m,60.36969438385455,1,0.5009436654973426,2
0.302533920745034,solution,7,1m,66.50187967268293,0,0.5006965440194939,2
0.1753427524524653,solution,8,1m,30.20761493398643,0,0.5002340838465302,2
0.3838096898899314,solution,9,1m,77.59188101857049,1,0.5011206066755758,2
1.0741147098268502,solution,10,1m,48.44068537913146,0,0.5087122541757312,2
0.9322315357363619,solution,11,1m,95.94008547004739,1,0.5065761594691438,2
3.5564897587840365,solution,0,1m,86.72081641682117,1,0.5887042653009678,3
1.880398953071723,solution,1,1m,125.50896382330626,1,0.5262573206096403,3
1.6627281227277473,solution,2,1m,57.623779813545724,1,0.5206399455182381,3
5.142078373535293,solution,3,1m,12.349089035228468,1,0.6726408212249905,3
1.8163457021007292,solution,4,1m,33.1436268383531,1,0.524538859042541,3
1.3080121110547247,solution,5,1m,44.5926002830066,1,0.5128681545898531,3
2.8999151269729357,solution,6,1m,20.0124960961895,0,0.5604922774056965,3
0.5025072338851849,solution,7,1m,79.33788502348673,0,0.5019194148861825,3
0.32458606849085436,solution,8,1m,118.57697921603501,0,0.5008017071366078,3
0.23965089084549662,solution,9,1m,133.97201200250746,0,0.5004371878439463,3
0.029527261570025796,solution,10,1m,95.07102608050468,1,0.5000066395444059,3
0.24965636605843172,solution,11,1m,61.094189576423716,0,0.5004744380731858,3
0.28411504410625776,solution,12,1m,56.30719314616917,0,0.5006143609349526,3
3.66449615594276,no_solution,0,1m,57.900777196856346,0,0.5937538600375372,4
1.5017242974228455,no_solution,1,1m,100.4415252771482,0,0.5168965222978495,4
2.424763354871539,no_solution,2,1m,41.81506905411015,0,0.542980934711639,4
1.698572867234622,no_solution,3,1m,49.11720676097125,0,0.5215213820608479,4
4.189691068557763,no_solution,0,1m,58.48504082241885,0,0.6198028768349964,5
4.458788152534921,no_solution,1,1m,24.869660230891775,0,0.6340459377808149,5
1.1655174328993263,no_solution,2,1m,43.846322536787504,0,0.5102429787100451,5
4.327985690630558,solution,0,1m,78.53979882836472,1,0.6270507262176439,6
2.4622211500542535,solution,1,1m,108.89674007976548,1,0.5442662308973666,6
2.3427833609268176,solution,2,1m,79.27483837889548,1,0.5402267771749211,6
2.5145440095990477,solution,3,1m,71.7669840525572,1,0.5460895297737653,6
2.206270861230448,solution,4,1m,79.45124291035351,1,0.5358225497107718,6
0.7292672600977964,solution,5,1m,131.12017388640086,1,0.5040342846827993,6
1.6606025024073008,solution,6,1m,39.5790348543266,1,0.5205882211500515,6
1.2439175181550206,solution,7,1m,52.36888389110465,1,0.511651543118775,6
1.6910777196288194,solution,8,1m,38.451267859460756,1,0.5213356393184231,6
0.4514156696591172,solution,9,1m,116.16582974351795,0,0.5015495070461458,6
1.4619905010087133,solution,10,1m,23.547823678633232,0,0.5160275413089459,6
0.647211458022491,solution,11,1m,51.56064390598706,1,0.5031801321015233,6
0.014299672218265577,solution,12,1m,70.11775809308224,0,0.5000015572066536,6
0.16515935898827375,solution,13,1m,83.17752100177067,1,0.5002076889248495,6
10.196333681063173,skipped_insufficient_features,0,1m,32.901367752724205,0,1.0289613819964596,7
0.7699101167037915,skipped_insufficient_features,1,1m,84.54880247525686,0,0.5044944807325427,7
9.850605530696782,skipped_insufficient_features,0,1m,23.717082451262844,0,1.0018826182668608,8
9.719957294747607,skipped_insufficient_features,0,1m,29.841246622753548,0,0.9917261363856072,9
9.860627893809427,skipped_insufficient_features,0,1m,38.6846222677694,0,1.002663508148176,10
9.067897796113375,no_solution,0,1m,45.59056920021947,0,0.9417003256811417,11
1.1004306138547695,no_solution,1,1m,149.0385856078888,0,0.5091406103846081,11
0.969747063316291,no_solution,2,1m,146.2207235654372,0,0.5071124084436953,11
0.6749525568101564,no_solution,3,1m,148.52104228021025,0,0.503457660627102,11
6.025340703357172,solution,0,1m,71.13719139803032,0,0.7269990094660046,12
2.0893464289007353,solution,1,1m,161.66786941133356,1,0.532234605973433,12
1.8875346915308933,solution,2,1m,159.07388220572227,0,0.5264521052018579,12
1.7616298531300234,solution,3,1m,159.0990257669732,0,0.5231139319263757,12
1.561094430609756,solution,4,1m,156.2321989859965,1,0.5182355888609059,12
1.4217469460241372,solution,5,1m,155.5972364793154,1,0.5151697693266424,12
5.8667329370319905,solution,6,1m,27.613402542968153,1,0.7169067642895202,12
4.7517967310851095,solution,7,1m,28.469281690973517,0,0.6501883094289664,12
0.9708619602696625,solution,8,1m,62.56596518875099,1,0.5071286599045814,12
4.375031316134229,no_solution,0,1m,101.68824907529877,0,0.6295512431962175,13
4.721452725533886,no_solution,1,1m,39.04484601070928,0,0.6484872149600946,13
3.0043289335865584,no_solution,2,1m,58.96185207403173,0,0.5646796016626171,13
4.782924440111277,solution,0,1m,167.66782637107215,1,0.6519402128776911,14
2.8545486483984965,solution,1,1m,134.10630111967149,1,0.558709951475309,14
2.7613169305666827,solution,2,1m,137.5445382412548,0,0.5551186777184091,14
3.0289197208594456,solution,3,1m,123.87291875143654,1,0.5656828459385272,14
2.6653994106204966,solution,4,1m,140.20164050395417,0,0.5515259756238667,14
2.760174519844473,solution,5,1m,132.18358445737505,0,0.555075274739247,14
2.5892494378528106,solution,6,1m,139.93033981235092,0,0.5487486588199592,14
1.6781367429632819,solution,7,1m,81.94205269579228,0,0.52101672312789,14
4.074357798636912,solution,8,1m,28.853076092507017,0,0.6138783402815323,14
6.049029272120229,solution,9,1m,17.67766952966369,1,0.728517887821696,14
0.6529844117887333,solution,10,1m,83.16549765377466,0,0.5032369386185036,14
0.8839054873373133,solution,11,1m,50.08492787256461,1,0.5059158027271274,14
0.6459749043325904,solution,12,1m,58.86000339789321,0,0.5031680290654349,14
2.7604752717960213,solution,0,1m,126.31112381734239,0,0.5550866996184607,15
2.4073737309847734,solution,1,1m,134.77573965666076,1,0.5423899502984109,15
1.52552137590083,solution,2,1m,76.63223864666881,1,0.5174274234574467,15
2.8706551071473982,solution,3,1m,36.9120576505835,1,0.5593401401681435,15
3.1190448311487753,solution,4,1m,32.687918257362305,0,0.5694145466923719,15
3.7952120473285915,solution,5,1m,26.504716561397142,0,0.6000096658625949,15
2.219393657363773,solution,6,1m,40.03123780249619,0,0.5362359255679864,15
2.5078282146918522,solution,7,1m,34.935655139126844,0,0.5458536917986382,15
0.5109712186418705,solution,8,1m,156.32818044101967,1,0.5019844933495042,15
0.8498338111950399,solution,9,1m,50.284192347098504,1,0.5054708771061917,15
1.5313372697543446,solution,0,1m,95.35460135724966,1,0.5175583610375056,16
5.11462885242216,solution,1,1m,24.9098374141623,0,0.6710279815326524,16
2.080391671824128,solution,2,1m,54.07864643276494,0,0.5319669355695569,16
6.278820832660364,solution,3,1m,17.67766952966369,1,0.7434029332611,16
2.074455065735735,solution,4,1m,44.637428241331286,1,0.5317900440557128,16
8.166833017258398,solution,0,1m,167.96577032240825,1,0.8745786067251853,17
7.467065627067963,solution,1,1m,168.8268343599441,0,0.8242990839430654,17
5.206901024406444,solution,2,1m,77.79781487933964,0,0.6764690856878232,17
6.15147720658768,solution,3,1m,47.69171835864168,0,0.7351205674929565,17
8.822272385668068,solution,4,1m,22.192341021172147,1,0.9231600440248395,17
7.053057386813616,solution,5,1m,24.423349483639626,0,0.7954211187647197,17
5.7006978084762965,solution,6,1m,30.108138434649195,1,0.7064903467400362,17
0.7502538133840705,solution,7,1m,44.05110668303352,0,0.504268849273365,17
0.08029886194951107,solution,8,1m,27.101660465735304,1,0.5000491012749513,17
5.6688390255628365,solution,0,1m,169.62458548217592,0,0.7045095018703714,18
5.27983888683752,solution,1,1m,113.852975367357,0,0.6808089551845876,18
3.478929898095884,solution,2,1m,58.8430114796991,1,0.5851463678269465,18
3.8301999181140896,solution,3,1m,30.92733418838423,1,0.6017104082972207,18
6.613776797163096,solution,4,1m,17.67766952966369,1,0.7655692571012223,18
3.5046955148229686,solution,5,1m,31.12073263919087,1,0.5863219091082187,18
0.820627772288131,solution,6,1m,67.91538853603062,1,0.50510312186531,18
0.5547394365489791,solution,7,1m,58.58754133772811,0,0.5023382216434316,18
0.03782451853296096,solution,8,1m,44.72694937059759,1,0.5000108952438691,18
0.884886962482416,solution,0,1m,112.43887228178696,1,0.5059288727108542,19
2.4763996582159766,solution,1,1m,34.30014577228499,0,0.5447571045239797,19
2.2861885545009133,solution,2,1m,31.756889016400834,1,0.5383730712405358,19
4.627699913874474,solution,3,1m,14.577379737113251,1,0.6432737230933452,19
0.8927444629170392,solution,4,1m,62.45398305952952,1,0.5060340194106696,19
4.1778364231624066,solution,0,1m,45.10543204537564,1,0.6191888284044882,20
4.58528466515238,solution,1,1m,39.62953444086872,1,0.6409363472740429,20
1.4595307034297296,solution,2,1m,124.70966281728133,1,0.5159744652035415,20
1.4976368024652125,solution,3,1m,121.35279148004796,0,0.516806119501416,20
4.101904464999556,solution,4,1m,38.34709897762802,1,0.6152832887676636,20
1.18657111693135,solution,5,1m,131.09729211543615,0,0.510612599344675,20
4.099653525713874,solution,6,1m,36.36619309193636,1,0.615168245970876,20
1.869675043838599,solution,7,1m,72.95546586788409,1,0.5259658464028664,20
1.9594122781863479,solution,8,1m,65.33375850201793,0,0.5284512521744575,20
2.3253428486401932,solution,9,1m,53.89341332667657,0,0.5396513596523527,20
0.7572235865529597,solution,10,1m,155.57795473652428,1,0.5043481976619038,20
3.9040910337231916,solution,11,1m,23.16246964380094,0,0.6053380394451335,20
0.9238128855802741,solution,12,1m,78.47611101475404,0,0.5064586553409254,20
8.11732413174076,skipped_insufficient_features,0,1m,18.560711193270585,0,0.8709649263209782,21
4.091200462355519,skipped_insufficient_features,1,1m,24.38237068047322,0,0.614736599843337,21
6.354820604568409,solution,0,1m,27.721832551258224,1,0.7483846954170972,22
1.3062594051082168,solution,1,1m,106.92286939658887,1,0.5128341110593567,22
4.333150797408736,solution,2,1m,28.853076092507017,1,0.6273243998672858,22
1.705221766215885,solution,3,1m,46.22228899567826,1,0.5216867867598414,22
1.7320937461044736,solution,0,1m,168.21563542073014,0,0.5223613372012366,23
1.8252575869250423,solution,1,1m,158.31140198987563,0,0.5247747094109334,23
1.8292509569178466,solution,2,1m,125.05398834103613,0,0.5248807337491427,23
1.9366539544007784,solution,3,1m,102.0122541658599,1,0.5278109881007469,23
4.090039547666862,solution,4,1m,45.39273069556402,1,0.6146773659343542,23
2.592696114928464,solution,5,1m,52.19674319342156,1,0.548872915611689,23
2.4212787631433437,solution,6,1m,44.72694937059759,1,0.5428622205111325,23
0.4190358840525221,solution,7,1m,95.94008547004739,1,0.501335466696292,23
6.793257469972002,skipped_insufficient_features,0,1m,143.71673528159482,0,0.7776630297482229,24
6.040204183273377,no_solution,0,1m,143.34050369661745,0,0.7279516886124322,25
5.580696128409116,no_solution,1,1m,50.224496015390734,0,0.6990597880551126,25
5.331554824300452,no_solution,2,1m,51.210350516277465,0,0.6839065377552588,25
0.8440826721511695,no_solution,3,1m,42.80770958600799,0,0.5053974641776371,25
1.790881602313264,solution,0,1m,66.42665127793211,1,0.5238707620422465,26
2.3993170226621405,solution,1,1m,28.50438562747845,1,0.5421173757769326,26
0.9474235078641436,solution,2,1m,55.285622000661256,0,0.5067908318236587,26
2.4731901373023515,solution,3,1m,20.65187642806338,1,0.5446457785917066,26
0.5092164918770674,solution,4,1m,84.99705877264225,1,0.5019709128480526,26
1.3987264522460727,solution,5,1m,29.77414986191881,0,0.5146892570688134,26
1.6286092676486443,solution,6,1m,23.119256043393783,1,0.5198171057551045,26
0.496210684992298,solution,7,1m,72.10062413044703,0,0.5018717014378034,26
0.7033597918530217,solution,8,1m,40.329889660151565,1,0.503753757981848,26
0.4891465250825212,solution,9,1m,82.02743443507178,1,0.5018188822239168,26
1.913419480783896,solution,0,1m,80.01562347441904,1,0.5271642802377777,27
1.9218875459500688,solution,1,1m,63.81614215854794,1,0.5273991651690557,27
2.6842802221858295,solution,2,1m,39.85599076675927,1,0.5522249072199209,27
2.1615429826820995,solution,3,1m,47.10095540432275,0,0.5344297373802533,27
0.8856877257093901,solution,4,1m,108.89674007976548,1,0.5059395467139542,27
0.8885806819968594,solution,5,1m,108.00231479000809,0,0.505978187820591,27
0.8687108656268628,solution,6,1m,108.00231479000809,0,0.5057152702100685,27
2.8223625413852074,solution,7,1m,32.31872522238462,1,0.5574592112496174,27
3.9815357848859216,solution,8,1m,21.27204738618265,1,0.6091915773685059,27
4.637652206826337,solution,9,1m,18.179658962697843,0,0.643824097815446,27
0.5707338362243516,solution,10,1m,141.6350945210967,1,0.5024746700744688,27
0.5553417814549807,solution,11,1m,134.0839289400486,0,0.5023432906245289,27
0.5176264841428285,solution,12,1m,120.6751838614717,0,0.502036422303925,27
0.7484497652397137,solution,13,1m,39.604292696625706,1,0.504248428399598,27
0.46556153646232173,solution,14,1m,44.79397280885008,1,0.5016479837491974,27
1.6502348453321725,solution,0,1m,129.67844847930593,1,0.520336814232386,28
1.6721606348958202,solution,1,1m,115.29310473744734,1,0.5208702118666174,28
1.6211533189767344,solution,2,1m,115.2410517133543,0,0.5196393970286755,28
1.7787724383594692,solution,3,1m,91.50136611002046,0,0.5235560789907187,28
2.1648217488705535,solution,4,1m,65.89764790946639,1,0.5345309867172834,28
1.6551654656541817,solution,5,1m,82.52575355608697,1,0.520456195964428,28
4.660203369100348,solution,6,1m,8.631338250816034,1,0.6450739101812328,28
0.7147989417158833,solution,7,1m,49.11720676097125,1,0.5038763891546058,28
0.5622910671371805,solution,8,1m,52.55949010407159,1,0.5024021659203423,28
0.4346856021538265,solution,9,1m,55.915114235777075,1,0.501436938937231,28
0.42212052962777336,solution,10,1m,45.8530260724415,0,0.5013551746265158,28
0.261443512090408,solution,11,1m,47.71268175233918,0,0.5005202721964552,28
2.7640419074095885,solution,0,1p5m,111.38951925562836,1,0.6173422626518322,1
2.85620384627739,solution,1,1p5m,70.10795247331076,1,0.6245120691030546,1
0.9217780683885184,solution,2,1p5m,69.46311971111001,1,0.5143553837745193,1
2.8482029463465657,solution,3,1p5m,22.474986095657545,1,0.6238835623324595,1
0.6365336699809945,solution,4,1p5m,36.07804041241708,0,0.5068955882613502,1
0.3239278181632939,solution,5,1p5m,68.18815879608424,0,0.5017947512151019,1
2.3328880479741914,no_solution,0,1p5m,102.55547279399573,0,0.5859664200200597,2
1.4308858248246275,no_solution,1,1p5m,31.837477915186685,0,0.5339445894997729,2
7.7109954380122145,no_solution,2,1p5m,5.7118298293979315,0,1.1319237100492492,2
0.35441753413601823,no_solution,3,1p5m,58.91201065996644,0,0.5021477660694005,2
0.30093804156813003,no_solution,4,1p5m,66.85525409419965,0,0.501549412479313,2
0.1530821468447774,no_solution,5,1p5m,32.53651794522579,0,0.5004013785277617,2
3.525374635657919,solution,0,1p5m,87.41924845250044,1,0.6808036580800944,3
1.8839780086185254,solution,1,1p5m,125.27020795065361,1,0.557549472319814,3
1.6402584841048795,solution,2,1p5m,58.413397435862265,1,0.5441739587387749,3
1.797499326884087,solution,3,1p5m,33.49067034264916,0,0.5526289206399245,3
2.9808228607771166,solution,4,1p5m,19.471132478620753,0,0.6344465608260741,3
1.2133232397828997,solution,5,1p5m,47.303541093664435,1,0.5246260497427042,3
0.3251245069335395,solution,6,1p5m,118.38126963333346,0,0.5018080127843114,3
0.029670756707257027,solution,7,1p5m,94.61302764418862,1,0.5000150843997659,3
0.1380637764598543,solution,8,1p5m,151.28821831193596,0,0.5003265101313772,3
3.7196460230766957,skipped_insufficient_features,0,1p5m,56.97038704449883,0,0.6983837256957245,4
1.493640241278672,skipped_insufficient_features,1,1p5m,100.98576632377456,0,0.536883826110228,4
4.21426477855112,skipped_insufficient_features,0,1p5m,58.14314232994292,0,0.7452611685220146,5
4.327274330798051,solution,0,1p5m,78.55332583665697,1,0.7563577690540622,6
2.38212622962713,solution,1,1p5m,113.5104620728856,1,0.5893586481312091,6
2.36333369559679,solution,2,1p5m,78.49601900733565,0,0.5880578671459845,6
1.1480135350337997,solution,3,1p5m,83.33441665962509,1,0.5221000928464141,6
0.7367350141529845,solution,4,1p5m,129.7174814741637,0,0.5092164450323736,6
1.6508716895137365,solution,5,1p5m,39.81362831996099,1,0.544724207850913,6
0.45274276949167896,solution,6,1p5m,115.82583908610376,1,0.5035001041271127,6
0.3522349550275923,solution,7,1p5m,126.43229413405422,0,0.5021214497578314,6
1.4734873602925813,solution,8,1p5m,23.358617253596154,0,0.5359279196369231,6
0.40536875553840007,solution,9,1p5m,108.33801271945134,0,0.5028078543187984,6
10.38302199324249,skipped_insufficient_features,0,1p5m,32.25871975140985,0,1.4623454825664135,7
0.2373937381717965,skipped_insufficient_features,1,1p5m,93.48863567300573,0,0.5009647215489981,7
10.282546232055836,skipped_insufficient_features,0,1p5m,22.773339676033466,0,1.4495825127835158,8
2.1252037476360974,skipped_insufficient_features,1,1p5m,76.40435197029028,0,0.5722411110798333,8
9.46840426689757,skipped_insufficient_features,0,1p5m,30.612497447937827,0,1.3470509798633903,9
9.54396185523532,skipped_insufficient_features,0,1p5m,39.92649496261849,0,1.3564976491667993,10
8.968075917060695,no_solution,0,1p5m,46.09907808188793,0,1.2848770196446104,11
1.098190154099184,no_solution,1,1p5m,149.34230813804908,0,0.520259470647308,11
0.973855048712448,no_solution,2,1p5m,145.60434402860375,0,0.5159976738517855,11
5.9568939262602045,no_solution,0,1p5m,71.72604129603138,0,0.9286696106083087,12
2.089677729029165,no_solution,1,1p5m,161.6419654668923,0,0.5699908208756584,12
2.449562266057105,no_solution,2,1p5m,82.16522987249533,0,0.5940874352176805,12
5.818793171888036,no_solution,3,1p5m,27.841066789905877,0,0.9133270313227875,12
0.9745906632487634,no_solution,4,1p5m,63.5423087399254,0,0.5160214803512303,12
4.399223949197293,solution,0,1p5m,101.23055368810347,1,0.763491344003097,13
2.9597189920270597,solution,1,1p5m,97.86278659429232,1,0.6327452642036521,13
3.4493800077507832,solution,2,1p5m,51.79888994949602,0,0.6740670982073514,13
2.094750598150791,solution,3,1p5m,72.84658536952847,1,0.5703103568795794,13
0.6114135636675828,solution,4,1p5m,138.52481727113016,1,0.5063653850569484,13
4.760582186737735,solution,0,1p5m,168.45808083912152,0,0.8000756703202138,14
4.494421349932327,solution,1,1p5m,168.69832542144573,0,0.7730092561522196,14
2.840406654987554,solution,2,1p5m,134.8540878134586,0,0.623272228525409,14
2.7568017047420152,solution,3,1p5m,132.3447203329245,0,0.6167855668449082,14
1.5145558615569956,solution,4,1p5m,92.37491542621298,1,0.537887833873512,14
2.9589505063631254,solution,5,1p5m,38.19849473474053,0,0.6326834561641694,14
2.775484173747969,solution,6,1p5m,39.870101580006036,1,0.6182240211749668,14
0.6613602827216332,solution,7,1p5m,82.11044391549713,1,0.5074399988847771,14
0.6043861854039191,solution,8,1p5m,61.490852978308894,1,0.5062207858742751,14
2.7562801602513525,no_solution,0,1p5m,126.5034584507475,0,0.6167455028865115,15
2.382399472226442,no_solution,1,1p5m,135.00416660236823,0,0.5893776165037024,15
1.5455626447425062,no_solution,2,1p5m,75.57529358196368,0,0.5393984500559184,15
0.7523512215612851,no_solution,3,1p5m,143.55007836988457,0,0.509607620202827,15
3.1402948775164576,no_solution,4,1p5m,32.467291232870046,0,0.647543269172929,15
1.5597793823596966,no_solution,5,1p5m,58.72073739319015,0,0.5400998891727734,15
2.565015323940132,no_solution,6,1p5m,34.1558926102071,0,0.602399690860969,15
0.7702053992383663,no_solution,7,1p5m,55.04202939572632,0,0.5100645318744073,15
1.7389123810660534,no_solution,0,1p5m,92.25304873010973,0,0.5494034109618657,16
5.016582779418467,no_solution,1,1p5m,25.300691690149502,0,0.8266969137900861,16
2.1442395710389905,no_solution,2,1p5m,53.63417753634337,0,0.5734588475902205,16
8.153111602106156,no_solution,0,1p5m,168.27098680402395,0,1.1851391493921837,17
7.496765684455697,no_solution,1,1p5m,168.15060213986746,0,1.1063887269029113,17
5.219914434493211,no_solution,2,1p5m,77.60235176848701,0,0.8482183008546829,17
6.195381255450746,no_solution,3,1p5m,47.35108235299379,0,0.9554258796950107,17
8.9519909649258,no_solution,4,1p5m,21.86606960566988,0,1.282889524144204,17
7.219531554203346,no_solution,5,1p5m,23.835372873106056,0,1.0736056380123742,17
0.7117697358881842,no_solution,6,1p5m,60.04685670374428,0,0.5086075345181615,17
0.7407957212021178,no_solution,7,1p5m,44.61081707388915,0,0.509317401989677,17
0.058193261056453574,no_solution,8,1p5m,27.269488444046765,0,0.5000580226757285,17
5.684602823226739,no_solution,0,1p5m,169.15118976820708,0,0.8985309239691797,18
5.25476392338177,no_solution,1,1p5m,114.39897289748716,0,0.8519385432445886,18
3.48609871549594,no_solution,2,1p5m,58.72073739319015,0,0.6773118879846142,18
6.5749276067881475,no_solution,3,1p5m,17.779904386694547,0,0.9986393210447236,18
4.165580170423841,no_solution,4,1p5m,28.082467840273583,0,0.7405225788984409,18
2.319506079429942,no_solution,5,1p5m,26.08879069638913,0,0.5850534336532788,18
0.8273954040045012,no_solution,6,1p5m,67.45832046530657,0,0.5115972814496451,18
0.5837884334928108,no_solution,7,1p5m,55.04202939572632,0,0.5058063594202589,18
2.5029684739846996,solution,0,1p5m,33.95769426801531,1,0.5978990321570673,19
1.8923443669582678,solution,1,1p5m,38.89890743966982,1,0.5580354419662025,19
0.8879086558020735,solution,2,1p5m,62.794307066803434,1,0.5133331003639547,19
0.16138033310176875,solution,3,1p5m,42.066910987140474,0,0.50044605365109,19
4.201417870895709,solution,0,1p5m,44.761869934130324,1,0.7440082633114282,20
4.544292543441303,solution,1,1p5m,39.92649496261849,1,0.7780305734439553,20
1.5050708434135633,solution,2,1p5m,120.75232917008267,0,0.5374310260127225,20
1.4785837232477024,solution,3,1p5m,122.52805801121636,1,0.536168585720909,20
4.103989542358182,solution,4,1p5m,38.316119323334405,1,0.7345649184685523,20
1.176421823634233,solution,5,1p5m,132.6843057787921,1,0.5231831319573613,20
1.8606925723927765,solution,6,1p5m,73.30842379972441,1,0.5562060768220628,20
1.9525098055326127,solution,7,1p5m,65.56390012804302,0,0.5615810207095031,20
0.7555081313304687,solution,8,1p5m,155.93147533451994,1,0.5096876589936061,20
8.460516241324589,no_solution,0,1p5m,17.779904386694547,0,1.2225226293476514,21
4.129646354795221,no_solution,1,1p5m,24.21001858735346,0,0.7370416121327675,21
0.6637208662112949,no_solution,2,1p5m,111.69209909389294,0,0.5074928165548234,21
0.5443763112140972,no_solution,3,1p5m,118.60912696753147,0,0.5050525783143307,21
0.8908270257135901,no_solution,4,1p5m,60.53201632194322,0,0.5134197571595973,21
0.19818532482114465,no_solution,5,1p5m,140.68448741776757,0,0.5006725610622118,21
6.336598893454119,solution,0,1p5m,27.760133284982622,1,0.9714170890074674,22
1.2966815168333234,solution,1,1p5m,107.71316075577765,1,0.528033978889522,22
3.539175032971098,solution,2,1p5m,35.25797782062948,1,0.682035659066048,22
0.8646514436472776,solution,3,1p5m,122.76654674625331,1,0.5126521708082462,22
1.726459511048638,solution,4,1p5m,45.65769376567327,1,0.5487292378615657,22
1.735661816425828,solution,0,1p5m,167.86936885566706,0,0.5492270434879618,23
1.8665524154343813,solution,1,1p5m,154.35065597528245,0,0.5565428726753545,23
1.952576337652823,solution,2,1p5m,101.23055368810347,1,0.5615849905029836,23
4.156900821798074,solution,3,1p5m,44.661224792878215,0,0.7396804991017714,23
2.575718968459746,solution,4,1p5m,52.66046904462588,0,0.6031838471032795,23
2.3661240904078342,solution,5,1p5m,45.756147128008934,1,0.5882505396538028,23
1.858302791293522,solution,6,1p5m,21.34537420613656,1,0.5560689700648069,23
0.1032001081641851,solution,7,1p5m,127.19522396693989,1,0.5001824564722419,23
0.026185733947756498,solution,8,1p5m,29.868461627609815,0,0.5000117490221355,23
6.759526300326347,skipped_insufficient_features,0,1p5m,144.44073178989368,0,1.019915933842583,24
6.221796300581566,skipped_insufficient_features,1,1p5m,74.8874154981997,0,0.9584089333508918,24
6.041272201759108,skipped_insufficient_features,0,1p5m,143.31477593046714,0,0.9380992157962038,25
5.662752887352855,skipped_insufficient_features,1,1p5m,49.44314917154853,0,0.8961324914828485,25
1.7824227230458836,solution,0,1p5m,66.45016930001006,1,0.5517904543604618,26
2.301404233242043,solution,1,1p5m,29.868461627609815,1,0.5838245793590706,26
0.9678940782501076,solution,2,1p5m,54.010415662166494,1,0.5158053838000114,26
0.5090868390594075,solution,3,1p5m,85.01838036565975,0,0.5044214820575356,26
1.5500832641601785,solution,4,1p5m,26.516504294495533,1,0.5396208936507597,26
0.49620154367812647,solution,5,1p5m,72.1014909693274,0,0.5042014033332094,26
0.7035612818937377,solution,6,1p5m,40.31904016714684,0,0.5084117601624848,26
0.2192096065611489,solution,7,1p5m,71.34861596415168,0,0.5008227038248192,26
0.9218279960392677,solution,8,1p5m,72.87746565297122,1,0.5143569174817999,26
1.9328508080936502,no_solution,0,1p5m,78.66781425716619,0,0.5604127449167181,27
2.1675132531850863,no_solution,1,1p5m,46.96940493555353,0,0.5749589343533436,27
0.8914600179073412,no_solution,2,1p5m,108.19253671117986,0,0.5134385885685244,27
5.663080987428772,no_solution,3,1p5m,14.887074930959406,0,0.8961684837854589,27
0.5800606609057034,no_solution,4,1p5m,140.68448741776757,0,0.5057328572174307,27
0.7552580440207124,no_solution,5,1p5m,39.244426355853385,0,0.5096813066290347,27
1.6560267858848736,no_solution,0,1p5m,129.96009002766965,0,0.5449925590806977,28
1.2863292784545879,no_solution,1,1p5m,164.11467027660873,0,0.5275996499365694,28
1.6672608725724267,no_solution,2,1p5m,115.63141874075575,0,0.5455797990267582,28
1.7876124858946087,no_solution,3,1p5m,91.05012355840051,0,0.5520784208296381,28
2.1305611313881663,no_solution,4,1p5m,66.95614236199692,0,0.5725829864121071,28
1.3224234292351582,no_solution,5,1p5m,34.54887841884307,0,0.5291275126430933,28
0.7307914093718629,no_solution,6,1p5m,48.89401803901986,0,0.5090696409000146,28
0.26316201283331925,no_solution,7,1p5m,47.39857592797488,0,0.5011852646170262,28
2.7549550599054307,solution,0,2m,111.75866856758807,1,0.6310269254843383,1
1.7186215056426892,solution,1,2m,151.9802618763371,0,0.5546329213628161,1
2.8992169505157355,solution,2,2m,69.06518659932803,1,0.6435439955835265,1
0.9171556260068014,solution,3,2m,69.81403870282824,1,0.5161413862704755,1
1.8068869793838818,solution,4,2m,34.66987164671943,1,0.5600821121386018,1
0.174476277585679,solution,5,2m,154.719100307622,1,0.5005931337680913,1
0.1550447411167041,solution,6,2m,97.12878049270464,1,0.5004684330398727,1
0.3224264269426487,solution,7,2m,69.35416353759881,0,0.5020226818929108,1
2.303531915685727,solution,0,2m,103.46980235798269,1,0.5946089752023782,2
1.3911844707353853,solution,1,2m,141.42842712835352,1,0.5364199304940506,2
1.0661446997312454,solution,2,2m,42.638011210655684,1,0.5216943322181188,2
8.557441560400793,solution,3,2m,5.0990195135927845,1,1.3035165799641901,2
0.34985221043493075,solution,4,2m,59.682493245507096,0,0.5023805763022972,2
0.3024106001401173,solution,5,2m,66.52818951391959,0,0.5017797726825767,2
0.13136633300596498,solution,6,2m,36.24913792078372,1,0.500336324376738,2
3.573080685716677,solution,0,2m,86.31338250816034,1,0.7067843619400243,3
1.8879805439633282,solution,1,2m,125.00399993600205,1,0.5652800382182127,3
3.3346750410556143,solution,2,2m,55.00909015790027,0,0.6835801031034983,3
1.6806384332607833,solution,3,2m,57.0087712549569,1,0.5523563805102933,3
0.8447783220951165,solution,4,2m,103.58571330062848,0,0.5137265798644213,3
1.823544798100773,solution,5,2m,33.015148038438355,0,0.5611350499334012,3
2.9545632402262583,solution,6,2m,19.6468827043885,0,0.6484498103979113,3
1.189028561326743,solution,7,2m,47.853944456021594,1,0.5268495594658676,3
0.32498291080212305,solution,8,2m,118.43141475132347,0,0.50205481908815,3
0.029990195352171983,solution,9,2m,93.60555539069249,1,0.5000175341922092,3
0.13781731113000636,solution,10,2m,151.5585695366646,0,0.5003701546442574,3
3.6856320275362506,solution,0,2m,57.56735185849702,1,0.7180230231478445,4
1.498645622608461,solution,1,2m,100.64790112068906,1,0.5420384763409873,4
0.6483501028513466,solution,2,2m,133.843191832831,1,0.5081297004285649,4
1.6443972627057195,solution,3,2m,75.27283706623525,1,0.5502232818952886,4
4.1555869165739665,no_solution,0,2m,58.66856057549052,0,0.7667139913651712,5
1.4633250657739798,no_solution,1,2m,110.78808600206071,0,0.5401521091208001,5
1.107041029402497,no_solution,2,2m,141.7391971192161,0,0.5233531100784979,5
4.360272567365186,solution,0,2m,77.83315488916018,1,0.7887230384062287,6
2.359749014509695,solution,1,2m,114.58621208504974,1,0.5989006635726851,6
2.3419440007082617,solution,2,2m,79.20858539325141,0,0.5975335089859701,6
1.019385431428861,solution,3,2m,95.00526301210897,1,0.5198682285326935,6
1.6749685498681348,solution,4,2m,39.11521443121589,1,0.552020132757905,6
0.4489393211846519,solution,5,2m,116.76472069936193,1,0.5039140937608609,6
0.355083036562107,solution,6,2m,125.41929676090518,0,0.5024521218109428,6
1.4838220327367908,solution,7,2m,23.194827009486403,0,0.5412421057786527,6
0.11508683141398154,solution,8,2m,133.15404612703287,0,0.5002581517326459,6
0.40236028742071156,solution,9,2m,107.78682665335315,0,0.5031464068954805,6
10.392379346926424,no_solution,0,2m,32.28002478313795,0,1.5500329608717367,7
0.17967836982974986,no_solution,1,2m,113.14592347937243,0,0.5006290078495702,7
0.23709392418976177,no_solution,2,2m,93.60555539069249,0,0.5010947257743708,7
10.527178976015403,skipped_insufficient_features,0,2m,22.135943621178654,0,1.5684681802503848,8
2.142044765580159,skipped_insufficient_features,1,2m,75.8023746329889,0,0.5826969844074774,8
9.064569628598262,skipped_insufficient_features,0,2m,31.906112267087636,0,1.3707625933324046,9
9.787611387150072,skipped_insufficient_features,0,2m,38.91015291668744,0,1.4678425673511446,10
8.947449854841178,solution,0,2m,46.238512086787566,1,1.3551675966955383,11
1.2092724766437621,solution,1,2m,162.60996279441184,0,0.5277476083935159,11
1.1729360576375418,solution,2,2m,154.69324484281788,1,0.5261454317225938,11
1.0959571933268775,solution,3,2m,149.64624953536256,1,0.5228978945191013,11
0.9727226825733252,solution,4,2m,145.7737973711325,0,0.518121602447901,11
1.3685840551702342,solution,5,2m,84.05950273467003,1,0.5352844368363081,11
5.959990396129799,solution,0,2m,71.84705978674423,1,0.9734145930602924,12
2.08865433284837,solution,1,2m,161.72198366332265,0,0.5788990734214028,12
2.4343460526943317,solution,2,2m,82.37718130647589,1,0.6047068654025346,12
1.5817892046004753,solution,3,2m,108.78419002777932,0,0.5466293873101028,12
5.960926103199437,solution,4,2m,27.16615541441225,0,0.9735279140301241,12
0.8483077020839592,solution,5,2m,167.0748335327616,0,0.5138399839243112,12
0.6843038887566911,solution,6,2m,165.6804152578089,1,0.5090481984003867,12
0.9661181594495554,solution,7,2m,61.98386886924694,1,0.5178805433882492,12
0.06193042939584967,solution,8,2m,133.4541119636259,1,0.5000747671385913,12
4.371040032143716,solution,0,2m,101.83319694480774,1,0.789893121190984,13
2.9525643867182305,solution,1,2m,97.94896630388705,1,0.6482716608038721,13
3.4450089778216206,solution,2,2m,51.86520991955976,0,0.694214128094625,13
2.1173533710445995,solution,3,2m,72.069410986909,1,0.5809317010767248,13
0.6050612167066329,solution,4,2m,139.97856978837868,1,0.5070875867599007,13
1.5435243161343513,solution,5,2m,40.024992192379,0,0.5444905038014292,13
4.765283669005541,solution,0,2m,168.2914139223983,0,0.8335180297033777,14
4.533363899629623,solution,1,2m,167.2423391369542,0,0.8076744498002665,14
2.8542169038779295,solution,2,2m,134.2013412749664,1,0.6395970522406664,14
2.760038324207049,solution,3,2m,132.18925826253812,0,0.6314611725761518,14
2.3372565030529744,solution,4,2m,147.27525250360293,0,0.5971747924787718,14
1.4548180454951791,solution,5,2m,96.5090669315583,0,0.5397035407732684,14
3.0236765677951998,solution,6,2m,36.796738985948195,1,0.6546537554087379,14
2.8616432400303724,solution,7,2m,38.600518131237564,1,0.6402457996613771,14
0.6039062049234984,solution,8,2m,137.38267721950973,1,0.5070607395784151,14
0.6042604282296025,solution,9,2m,63.13477647065839,0,0.5070689678675359,14
2.777991643254356,solution,0,2m,125.51493934986385,1,0.6329989118314047,15
1.5242602852338099,solution,1,2m,76.69419795525604,1,0.54343045835894,15
0.7489537377289559,solution,2,2m,144.20124826089406,1,0.5108198294457339,15
3.2425496120566746,solution,3,2m,31.144823004794873,1,0.6748457616638583,15
2.4546243882674452,solution,4,2m,35.6931365951495,1,0.6063067542023535,15
0.7020687249104506,solution,5,2m,57.0087712549569,0,0.5095196864407143,15
1.4404392992943402,solution,0,2m,169.49926253526885,1,0.5389504792881278,16
1.7356972521612355,solution,1,2m,91.706052144883,1,0.5556698805750232,16
1.2365041693713248,solution,2,2m,114.58621208504974,1,0.5289771072134583,16
5.000598617307525,solution,3,2m,25.495097567963924,1,0.860227262502018,16
8.138531753622118,solution,0,2m,168.57639217873896,0,1.2485467791745495,17
7.464522234604502,solution,1,2m,168.88457596832222,0,1.1613282066289552,17
5.310383018362613,solution,2,2m,76.27581530209953,0,0.8960695677895977,17
6.239889500726407,solution,3,2m,47.01063709417264,1,1.0075338215702163,17
8.572780757160228,solution,4,2m,22.847319317591726,1,1.3055396481554382,17
0.7073979050334106,solution,5,2m,60.41522986797286,0,0.5096633958846509,17
0.8451731404825068,solution,6,2m,41.400483088968905,1,0.5137392436885834,17
0.009885053295285065,solution,7,2m,27.459060435491963,1,0.5000019049865809,17
5.672995021698685,no_solution,0,2m,169.49926253526885,0,0.9389063692569083,18
5.270251766504058,no_solution,1,2m,114.06138698087096,0,0.891385333546248,18
3.493185446034945,no_solution,2,2m,58.60034129593445,0,0.6989146837448074,18
6.685367753061861,no_solution,3,2m,17.4928556845359,0,1.0626877979344398,18
4.261370520978764,no_solution,4,2m,27.459060435491963,0,0.7780322281294674,18
2.537818054107808,no_solution,5,2m,24.041630560342615,0,0.6129646570272111,18
0.8263149839793413,no_solution,6,2m,67.60177512462228,0,0.5131406380282735,18
0.9516340494123263,no_solution,0,2m,111.40017953306898,0,0.5173572550028729,19
2.52175885211088,no_solution,1,2m,33.61547262794322,0,0.6116677871539441,19
1.881737811036842,no_solution,2,2m,39.11521443121589,0,0.5648734940706818,19
0.8526620741197146,no_solution,3,2m,67.60177512462228,0,0.5139805133134007,19
1.927039018407222,solution,0,2m,102.30347012687302,1,0.5678475353204534,20
4.1593906952953565,solution,1,2m,45.27692569068709,1,0.7671188326885708,20
4.555896245856378,solution,2,2m,39.824615503479755,1,0.8101632044419502,20
1.4541920908516912,solution,3,2m,124.55520864259351,0,0.5396706234883948,20
1.4732362072443568,solution,4,2m,122.38463955905577,1,0.5406775459652626,20
4.102749789167104,solution,5,2m,38.28837943815329,1,0.7611073290413667,20
4.03698601570295,solution,6,2m,36.68787265568828,0,0.7541736587552896,20
1.7820363518919884,solution,7,2m,76.38062581571324,1,0.5585256931144696,20
0.7818519096015326,solution,8,2m,151.42654985173505,1,0.5117801674847082,20
0.6600665135965516,solution,9,2m,158.927656498169,0,0.508423750054381,20
7.819439275919,solution,0,2m,19.235384061671343,1,1.2070565995753995,21
4.153854046063489,solution,1,2m,24.041630560342615,1,0.7665296133128632,21
0.752147710241026,solution,2,2m,100.16985574512924,0,0.5109113331461581,21
0.6551968387242237,solution,3,2m,113.14592347937243,1,0.5083009155653194,21
0.545816332022495,solution,4,2m,118.29623831720095,0,0.5057750160349421,21
0.47703064430788994,solution,5,2m,128.41339493993607,1,0.5044170595719596,21
0.8877254730219376,solution,6,2m,60.74537019394976,1,0.5151369008222604,21
0.19813623326827495,solution,7,2m,140.71957930579526,1,0.5007647754981994,21
6.485094255065656,solution,0,2m,27.018512172212592,1,1.0377696954461744,22
1.2984729090016458,solution,1,2m,107.56393447619885,1,0.5318658832361368,22
3.5295295454759623,solution,2,2m,35.35533905932738,1,0.7024832076095732,22
0.8180381524508143,solution,3,2m,131.00381673829202,1,0.512881961971333,22
0.9848688222277258,solution,4,2m,101.04454463255303,0,0.5185689189593797,22
1.682337307998282,solution,5,2m,46.84015371452148,0,0.5524573126691197,22
1.7941060666917674,solution,0,2m,162.28986413205232,0,0.5592794728832567,23
1.9677578148763906,solution,1,2m,100.44899203078147,1,0.5705676232032547,23
4.155067149513772,solution,2,2m,44.654227123532216,1,0.7666586844296003,23
0.9223983879367295,solution,3,2m,149.96666296213968,1,0.5163235581375908,23
2.5230765660857792,solution,4,2m,53.75872022286245,1,0.6117739914935938,23
1.0461376352761618,solution,5,2m,129.00387591076478,1,0.5209037447771198,23
2.4010484261646186,solution,6,2m,45.09988913511872,1,0.6020996693831632,23
1.7923364072679602,solution,7,2m,22.135943621178654,0,0.5591686984027711,23
0.11293321325181523,solution,8,2m,127.94530081249565,0,0.5002485829053253,23
0.026218104219383316,solution,9,2m,29.832867780352597,0,0.5000134008245398,23
6.760357517465263,skipped_insufficient_features,0,2m,144.42298985964803,0,1.0720669965736243,24
6.229602386289093,skipped_insufficient_features,1,2m,74.79304780526061,0,1.0062721943702118,24
5.993351597938209,no_solution,0,2m,144.3675863897433,0,0.9774580264778444,25
5.625891410175086,no_solution,1,2m,49.8196748283246,0,0.9332918491494999,25
4.439617822717521,no_solution,2,2m,62.433965115151864,0,0.7973731606115573,25
1.842694569003259,solution,0,2m,64.51356446515724,0,0.5623550019182267,26
1.9945159690574337,solution,1,2m,34.438350715445125,1,0.5723789712506329,26
0.9294655720697746,solution,2,2m,55.94640292279746,0,0.5165706654435253,26
0.49968527507527255,solution,3,2m,86.45229898620394,1,0.5048445223592514,26
1.5296319061748636,solution,4,2m,26.870057685088806,1,0.5437249096598519,26
0.49189256192163333,solution,5,2m,72.73238618387272,1,0.5046952875541586,26
0.686550863959434,solution,6,2m,41.012193308819754,0,0.5091071904166116,26
0.22362742429817173,solution,7,2m,71.84705978674423,1,0.500974016780297,26
1.9147158034359408,solution,0,2m,79.51100552753688,1,0.5670330388594085,27
0.8787693526296714,solution,1,2m,132.4009063413087,1,0.5148373446630384,27
2.165640649792797,solution,2,2m,47.01063709417264,0,0.5843980742014324,27
0.8859851216656687,solution,3,2m,107.71258050942797,1,0.5150784668887911,27
0.9051664481496223,solution,4,2m,96.84007434941384,1,0.5157284616467273,27
5.391310658640084,solution,5,2m,15.811388300841896,1,0.9055511211704637,27
0.579213822850562,solution,6,2m,140.8900280360537,1,0.506498736077983,27
1.6635026000198456,solution,0,2m,129.37542270462347,0,0.551343013023527,28
1.2778876913355017,solution,1,2m,165.19685227025363,0,0.5308923403246539,28
1.6658087216158208,solution,2,2m,115.73245007343446,1,0.5514788927945196,28
1.1649205101971634,solution,3,2m,143.0314650697531,1,0.5257979480223707,28
1.6718185739169138,solution,4,2m,95.50916186418976,0,0.5518337299404021,28
2.2596147693665367,solution,5,2m,62.369864518050704,0,0.5913075786602225,28
0.7761897686989105,solution,6,2m,167.31407591712062,1,0.5116120707077663,28
1.321968838542411,solution,7,2m,34.438350715445125,1,0.5329938915207614,28
0.7414480812282966,solution,8,2m,48.104053883222775,0,0.5106062704966392,28
0.23168925683509703,solution,9,2m,49.8196748283246,1,0.5010454359892312,28
0.366495167905024,solution,10,2m,113.99122773266372,0,0.5026118619776593,28
2.796857220260759,solution,0,5m,109.60155108391487,1,0.6198774863550911,1
1.7107083554395317,solution,1,5m,152.6843148460247,1,0.547882286059658,1
2.646317898471641,solution,2,5m,75.58108228915486,0,0.6084121494966462,1
1.3051673316108487,solution,3,5m,95.19716382329885,0,0.5283923328602167,1
0.6433377889390385,solution,4,5m,148.70272357963051,1,0.5070427775468332,1
0.5688956495725205,solution,5,5m,123.1361035602475,0,0.5055154668230855,1
0.9331380372229588,solution,6,5m,67.54628043053148,1,0.5147063691152204,1
2.410487161065358,solution,7,5m,25.739075352467502,1,0.591335826585178,1
0.17511902639348012,solution,8,5m,154.15090009467994,0,0.5005251926097894,1
0.8712581083104858,solution,9,5m,28.50438562747845,0,0.5128438546603278,1
0.15061374079084516,solution,10,5m,97.2753822917186,0,0.5003885435854777,1
0.317427969512688,solution,11,5m,70.44501401802685,1,0.5017235688587887,1
1.1237043675456526,solution,12,5m,70.44501401802685,0,0.521192641845681,1
2.3756723601105385,solution,0,5m,100.56092680559384,1,0.5889110818903939,2
1.3908012207265268,solution,1,5m,141.46554350795108,1,0.5321251849001131,2
0.7114902512255148,solution,2,5m,114.72793905583765,0,0.5086008326035787,2
1.0677349389317634,solution,3,5m,42.573465914816005,1,0.51917155902275,2
5.582341742769943,solution,4,5m,7.905694150420948,1,0.8873325771234044,2
0.256952063687384,solution,5,5m,154.15090009467994,1,0.5011300477858538,2
0.7511477060006758,solution,6,5m,33.354160160315836,0,0.5095771918223441,2
0.3156175131702351,solution,7,5m,63.73774391990981,0,0.5017039970088467,2
0.24706977694824575,solution,8,5m,59.26634795564849,1,0.5010448846312009,2
0.10143663310282132,solution,9,5m,86.67467911679859,1,0.5001762752227231,2
0.1753427524524653,solution,10,5m,30.20761493398643,0,0.5005265347052034,2
3.633783741117639,solution,0,5m,84.335638967165,1,0.6905516980094271,3
1.8428411262732816,solution,1,5m,127.52450744856849,1,0.5551853608674789,3
3.484751338198921,solution,2,5m,52.55949010407159,0,0.6771924847450743,3
1.6676349627951235,solution,3,5m,55.339859052946636,1,0.5455994114077821,3
0.8575456858065489,solution,4,5m,102.04165815979276,0,0.5124475568729558,3
1.8372827738867261,solution,5,5m,32.59601202601324,1,0.554869177654754,3
1.1578554508487633,solution,6,5m,48.088460154178364,0,0.5224725594819021,3
0.5168044197360111,solution,7,5m,78.50159234053791,1,0.5045559518487349,3
0.35599051655784064,solution,8,5m,107.52906583803284,1,0.5021668321526915,3
0.30185745784287504,solution,9,5m,122.72937708633577,0,0.5015588798123148,3
0.017479285837498748,solution,10,5m,95.72094859538323,0,0.5000052350686863,3
0.13650917721180836,solution,11,5m,153.01143748099355,0,0.5003192008200998,3
0.479827517410723,solution,12,5m,71.15124735378853,0,0.5039297465954922,3
0.4582573933368404,solution,13,5m,77.86205751198719,1,0.5035855875266015,3
3.5215837125424843,solution,0,5m,60.10407640085654,1,0.6804656934266147,4
1.5054371941979152,solution,1,5m,99.56153875869938,1,0.537448623637563,4
0.2821967748712049,solution,2,5m,95.19716382329885,1,0.5013626896953952,4
0.3663660592164186,solution,3,5m,166.01957715883992,1,0.5022946905990453,4
0.6498927079386061,solution,4,5m,131.19641763401927,1,0.5071860155797367,4
1.6304789282405272,solution,5,5m,75.91113225344488,1,0.5436695908216332,4
1.5986951965180265,solution,6,5m,114.50982490598787,1,0.5420480919672612,4
4.397118333412536,solution,0,5m,54.886246000250374,1,0.7632818364031306,5
1.788455396398599,solution,1,5m,95.19716382329885,0,0.55212525677911,5
1.455492585601694,solution,2,5m,111.63556780883053,1,0.5350839551752788,5
1.1147799849257447,solution,3,5m,140.75688260259247,0,0.5208639876575811,5
0.6234813537745154,solution,4,5m,113.852975367357,0,0.5066175009132312,5
0.7063507066896393,solution,5,5m,124.34830115445888,0,0.5084780424812606,5
1.449462303760904,solution,6,5m,92.80355596635293,1,0.5348031607478578,5
4.358170591445681,solution,0,5m,77.86205751198719,1,0.7594146000518975,6
2.388784092270029,solution,1,5m,113.19231422671771,1,0.5898212818964155,6
1.7013833238288243,solution,2,5m,152.6843148460247,1,0.5473839273338839,6
2.4825188870532857,solution,3,5m,74.24621202458749,0,0.5964326711058754,6
0.8953132490235685,solution,4,5m,135.32368602724358,0,0.5135534952977377,6
1.046635627519254,solution,5,5m,92.53377761660873,1,0.5184345185852095,6
0.5611625155618197,solution,6,5m,118.79604370516722,0,0.5053673211020929,6
1.7194677974915091,solution,7,5m,37.58324094593227,1,0.5483524891764245,6
1.6317799178491807,solution,8,5m,39.528470752104745,0,0.5437365402855808,6
0.44442637729345624,solution,9,5m,117.52659273543158,1,0.5033731206366415,6
0.3513842783349726,solution,10,5m,126.73791855636576,0,0.5021112364369325,6
1.5099917139276122,solution,11,5m,22.638462845343543,0,0.5376677095787102,6
0.23368107092859483,solution,12,5m,135.32368602724358,0,0.5009348100084033,6
0.09738644890005058,solution,13,5m,133.2760293526184,0,0.5001624817542185,6
0.39988043933290823,solution,14,5m,108.45505981741931,0,0.5027325403107812,6
0.44034697359213176,solution,15,5m,124.54918707081151,0,0.5033116812331018,6
0.5884063387997978,solution,16,5m,149.0385856078888,1,0.5058980509073868,6
9.87733315318933,no_solution,0,5m,33.354160160315836,0,1.3983493112097718,7
0.2815244703302566,no_solution,1,5m,153.5008143300875,0,0.5013562131633222,7
0.17960710524624973,no_solution,2,5m,113.19231422671771,0,0.5005524427482989,7
0.24125721382977938,no_solution,3,5m,91.99184746487049,0,0.5009963467741402,7
9.850605530696782,skipped_insufficient_features,0,5m,23.717082451262844,0,1.3949837836931427,8
8.775419797090832,skipped_insufficient_features,0,5m,32.59601202601324,0,1.261120224074857,9
10.261975838339207,solution,0,5m,36.9120576505835,1,1.4469724104762733,10
0.81696213132428,solution,1,5m,157.67847031221478,0,0.5113098216459854,10
0.7926210612530644,solution,2,5m,156.56468311851177,1,0.5106527546676789,10
0.15275806543433323,solution,3,5m,151.8634254848744,1,0.5003996815258293,10
8.988037587743438,solution,0,5m,45.96194077712559,0,1.287344539736312,11
1.354567564728665,solution,1,5m,166.77080080157918,1,0.5305199658450352,11
1.271306698275657,solution,2,5m,161.59362611192313,1,0.5269749496274458,11
1.1808060328297163,solution,3,5m,153.6635936062931,1,0.5233524335930727,11
1.109004118149639,solution,4,5m,147.35162028291376,0,0.5206525711172159,11
0.9538130329772957,solution,5,5m,148.02871343087463,1,0.5153555669037804,11
5.620438633679158,solution,0,5m,72.88689868556625,1,0.8914964989938501,12
2.1147634712678536,solution,1,5m,159.7263284496329,0,0.5715767750015593,12
1.997986495402464,solution,2,5m,166.32047378479896,1,0.5643194794815988,12
1.7924052152602743,solution,3,5m,155.44291556709814,0,0.5523449685855063,12
1.5800026285871072,solution,4,5m,154.95967217311735,0,0.5411071769363782,12
2.4386062423428485,solution,5,5m,82.53787009609589,1,0.5933127356249193,12
1.6002911118513892,solution,6,5m,107.52906583803284,0,0.542128862074632,12
5.8667329370319905,solution,7,5m,27.613402542968153,0,0.9186399972454696,12
0.8690855659088572,solution,8,5m,162.5192296314501,1,0.5127806679543571,12
0.9715887283562517,solution,9,5m,63.73774391990981,1,0.515924435723461,12
0.06149653516788098,solution,10,5m,134.39680055715613,1,0.500064796381044,12
0.11377054705282633,solution,11,5m,100.0624804809475,1,0.5002217388582361,12
4.489569479220771,solution,0,5m,98.2980162566875,0,0.7725220180585777,13
2.9048272565547815,solution,1,5m,99.56153875869938,1,0.6283560560684686,13
2.4905637554579605,solution,2,5m,111.63556780883053,0,0.5970085243883563,13
3.5298129521958854,solution,3,5m,50.62114182829147,1,0.6811995917962606,13
2.09373649274215,solution,4,5m,72.88689868556625,1,0.5702464313335728,13
2.057661422700839,solution,5,5m,55.339859052946636,1,0.5679879977776007,13
0.6158746566524964,solution,6,5m,137.52272539475067,1,0.5064580248970085,13
0.5340495787384487,solution,7,5m,139.50806428303704,1,0.504863606752294,13
1.5498224334854633,solution,8,5m,38.242646351945886,0,0.5396080439019136,13
4.736973004785097,solution,0,5m,169.30002953337012,1,0.7976487753749728,14
4.461183398050774,solution,1,5m,169.88967008032006,0,0.7696759906999989,14
2.82669875333335,solution,2,5m,135.50830232867654,0,0.6221999875886308,14
2.805269464522349,solution,3,5m,129.6630247988994,0,0.6205305598491856,14
2.330681919470725,solution,4,5m,147.6905548774193,0,0.58581564163382,14
2.8671164430157883,solution,5,5m,74.5821694508815,1,0.6253711402631672,14
1.5470163885739308,solution,6,5m,90.34655499796325,1,0.5394699226101511,14
0.8788607815979826,solution,7,5m,136.42763649642254,0,0.5130661533752456,14
2.906002690967331,solution,8,5m,38.890872965260115,0,0.6284494966298507,14
0.5881880575439589,solution,9,5m,139.86600730699365,1,0.5058937008959791,14
0.5274343285779868,solution,10,5m,124.34830115445888,1,0.5047444183922318,14
0.652076718031155,solution,11,5m,81.62413858657254,1,0.5072340540986707,14
0.6019145267942262,solution,12,5m,61.74544517614235,0,0.5061703154235596,14
0.1759318693937287,solution,13,5m,161.59362611192313,1,0.5005300768992756,14
0.47404243337731583,solution,14,5m,161.90274858692177,0,0.5038359133644094,14
2.752886925773961,solution,0,5m,125.54879529489719,1,0.6164849644448478,15
2.3339402753658587,solution,1,5m,138.6091627562911,0,0.5860383715471301,15
1.7162502370118327,solution,2,5m,169.0044378115557,1,0.5481795390838318,15
2.7938266300782413,solution,3,5m,85.51315688243535,0,0.6196425258973495,15
2.3210177278519413,solution,4,5m,97.78803607803972,0,0.5851563729599489,15
1.5661308901593216,solution,5,5m,74.5821694508815,1,0.540415048950084,15
0.7577952520905382,solution,6,5m,142.52192813739225,0,0.509745847130094,15
2.6800937539629373,solution,7,5m,37.58324094593227,0,0.6109475008932268,15
2.2660469362755262,solution,8,5m,38.242646351945886,1,0.581444868745901,15
0.7006641415904801,solution,9,5m,57.118298293979315,1,0.5083431869833434,15
1.438377921759412,solution,0,5m,169.74245196767956,0,0.5342896916756347,16
1.5056469376834998,solution,1,5m,138.6091627562911,0,0.5374587003178826,16
1.728676793371011,solution,2,5m,92.80355596635293,1,0.5488489820619009,16
1.2257132564680802,solution,3,5m,115.59628021696892,1,0.5251196162986305,16
4.568518586177029,solution,4,5m,27.613402542968153,0,0.7804783351474236,16
2.2116452641730566,solution,5,5m,50.62114182829147,0,0.5778370958073199,16
1.319812739011472,solution,6,5m,69.73162840490677,1,0.5290157317255398,16
0.5258235739132489,solution,7,5m,150.208188857998,1,0.504715617816022,16
8.166833017258398,no_solution,0,5m,167.96577032240825,0,1.1868013370055133,17
7.446833982768611,no_solution,1,5m,166.77080080157918,0,1.1004620070005415,17
4.325145914357359,no_solution,2,5m,86.67467911679859,0,0.7561475464656123,17
6.10168898214184,no_solution,3,5m,48.088460154178364,0,0.9448761100381715,17
8.257903407913943,no_solution,4,5m,23.717082451262844,0,1.1978489887384558,17
0.7211588364375124,no_solution,5,5m,59.26634795564849,0,0.5088341589957416,17
0.03337909088661688,no_solution,6,5m,25.739075352467502,0,0.5000190905340379,17
5.704400277225922,solution,0,5m,168.56007831037573,0,0.9007066995878028,18
3.583833587105733,solution,1,5m,57.118298293979315,0,0.686040398170349,18
4.192378757104943,solution,2,5m,39.528470752104745,0,0.7431277805132668,18
2.2994045502015625,solution,3,5m,71.50174823037545,1,0.5836892648751408,18
1.3813227190517063,solution,4,5m,118.58541225631423,1,0.5317016418334565,18
6.137983948251881,solution,5,5m,19.03943276465977,0,0.9489571602140926,18
4.061290830171877,solution,6,5m,28.50438562747845,1,0.7304594644263248,18
0.8440009331848372,solution,7,5m,114.72793905583765,1,0.5120619863078707,18
1.1563136787876147,solution,8,5m,72.54309064273454,1,0.5224140185599957,18
0.8450195795859473,solution,9,5m,66.04922406811453,1,0.5120907799568456,18
0.5768096909725913,solution,10,5m,55.339859052946636,0,0.5056691321765958,18
1.1963541545283263,solution,0,5m,157.0429877453941,0,0.52395747855655,19
1.2582108715351867,solution,1,5m,126.73791855636576,0,0.5264357714079685,19
1.1169386747715084,solution,2,5m,133.08831654206165,0,0.5209432632009662,19
1.2077698064818811,solution,3,5m,92.80355596635293,1,0.5244063042729744,19
0.9439550820203716,solution,4,5m,112.30538722608101,1,0.5150443522221401,19
1.1902170368143632,solution,5,5m,88.38834764831844,1,0.5237177936940733,19
0.6080909524953299,solution,6,5m,153.5008143300875,1,0.5062968139467379,19
2.5622820031907727,solution,7,5m,32.59601202601324,0,0.6021998089893055,19
2.2230034999591464,solution,8,5m,32.59601202601324,1,0.5785849182552791,19
0.8726783919511638,solution,9,5m,66.04922406811453,1,0.512885243615158,19
0.153772372955136,solution,10,5m,43.15669125408017,1,0.5004050047570074,19
1.6674425567175706,solution,0,5m,148.53450777512947,0,0.5455893236958312,20
4.299582151740416,solution,1,5m,43.73213921133976,1,0.7536262770174381,20
4.894258954684594,solution,2,5m,36.9120576505835,1,0.8139080204190006,20
1.4764571986686748,solution,3,5m,122.11674741819813,1,0.5360680765623482,20
1.4190677240161202,solution,4,5m,126.93502274786104,1,0.5334034429422317,20
1.196975832617014,solution,5,5m,137.70439353920412,1,0.5239818208723185,20
1.4464108207753488,solution,6,5m,109.60155108391487,0,0.5346614603156004,20
4.426373533887614,solution,7,5m,35.531676008879735,1,0.7661966744115734,20
1.7481387930442684,solution,8,5m,77.86205751198719,1,0.5499055049017817,20
0.79308334686292,solution,9,5m,157.51984002023363,0,0.5106650562180937,20
0.7947945484021057,solution,10,5m,148.53450777512947,1,0.51071065163522,20
1.0718681430017134,solution,11,5m,99.81232388838565,1,0.5193175403380319,20
0.6606627088171149,solution,12,5m,158.78444508200417,0,0.5074244257679836,20
7.759150394580703,solution,0,5m,19.03943276465977,1,1.1376867367672614,21
4.19286990756148,solution,1,5m,23.717082451262844,1,0.7431755998965739,21
0.7165186872086279,solution,2,5m,102.04165815979276,0,0.5087218011145669,21
0.6220919966124219,solution,3,5m,115.16292806281021,0,0.5065882303382592,21
0.47599065388455675,solution,4,5m,128.6953767623375,1,0.5038673880371917,21
0.8733910394097628,solution,5,5m,61.74544517614235,1,0.5129060352653104,21
0.20115155812951527,solution,6,5m,138.6091627562911,1,0.500692830254758,21
0.041514628890879084,solution,7,5m,159.8827695531948,0,0.5000295302354283,21
6.07982829598888,solution,0,5m,28.50438562747845,1,0.9424216311880865,22
1.2495864512340746,solution,1,5m,107.52906583803284,1,0.5260834435870743,22
3.8190647537171967,solution,2,5m,32.59601202601324,1,0.7075708559589182,22
0.8403458167615676,solution,3,5m,127.52450744856849,1,0.5119589414654258,22
0.6940407977932883,solution,4,5m,147.6905548774193,1,0.508187446251081,22
1.0203376808722893,solution,5,5m,97.5320460156558,1,0.5175350719374372,22
1.7727148754582716,solution,6,5m,44.30011286667337,1,0.5512536436078914,22
1.7865189135550779,solution,0,5m,162.98006013006622,0,0.5520176840388147,23
1.995343964317967,solution,1,5m,99.05806378079474,1,0.5641589914273821,23
4.36054567048143,solution,2,5m,42.573465914816005,1,0.7596499896902089,23
0.9312952970190524,solution,3,5m,148.53450777512947,1,0.5146491585645604,23
1.102839153917288,solution,4,5m,122.52550754842846,1,0.5204280311922586,23
2.547554298490822,solution,5,5m,53.033008588991066,1,0.6011253541586478,23
1.3414097812134644,solution,6,5m,98.2980162566875,1,0.5299463780470702,23
2.539284542536807,solution,7,5m,42.573465914816005,1,0.6005239288610444,23
0.3922916651227308,solution,8,5m,137.52272539475067,0,0.5026300758209403,23
0.26974823041786744,solution,9,5m,155.60366319595437,0,0.5012452610798105,23
1.6735186375491755,solution,10,5m,23.717082451262844,0,0.5459083611837603,23
0.1763096878387132,solution,11,5m,149.5409642873818,1,0.5005323548552103,23
0.10752078520029491,solution,12,5m,128.6953767623375,0,0.5001980510422194,23
0.08376338389617892,solution,13,5m,128.11127975318956,0,0.5001202082032193,23
0.027440191276544915,solution,14,5m,28.50438562747845,0,0.5000129016719234,23
6.727772851694635,no_solution,0,5m,145.12925273699992,0,1.016244604412622,24
6.035606396256104,no_solution,1,5m,77.2172260574025,0,0.9374647523546665,24
0.1652736531348749,no_solution,2,5m,139.32874793092773,0,0.5004678254003205,24
6.067658452696374,no_solution,0,5m,142.52192813739225,0,0.9410563920621867,25
4.466787156726038,no_solution,1,5m,67.54628043053148,0,0.770237209352561,25
4.489068064527362,no_solution,2,5m,61.74544517614235,0,0.7724716776139662,25
2.668557840045548,no_solution,3,5m,95.45941546018392,0,0.6100791194961236,25
1.790881602313264,solution,0,5m,66.42665127793211,1,0.5522601691921382,26
1.928607880679522,solution,1,5m,35.531676008879735,1,0.5601618388487316,26
0.9103771846660846,solution,2,5m,57.118298293979315,1,0.5140072230206478,26
0.453353232162503,solution,3,5m,110.96170510586073,0,0.5035095168044998,26
0.48970524774234614,solution,4,5m,84.92643875731514,0,0.5040925517817048,26
1.6611283133757742,solution,5,5m,24.748737341529164,0,0.5452588166332902,26
1.4234157360199076,solution,6,5m,22.638462845343543,1,0.5336020778693649,26
0.7293756893268023,solution,7,5m,38.890872965260115,1,0.5090348425321258,26
0.2246969770101384,solution,8,5m,71.50174823037545,1,0.5008643725053651,26
0.4096498031384867,solution,9,5m,97.2753822917186,1,0.5028673063074979,26
1.4734642734441108,solution,0,5m,122.72937708633577,0,0.5359268310527872,27
1.8533026533778454,solution,1,5m,81.62413858657254,1,0.5557825642309806,27
1.1931509196604109,solution,2,5m,101.79636535751166,1,0.5238322360706958,27
0.8804410993321751,solution,3,5m,131.38683343470913,1,0.5131125915907964,27
2.1765015188404546,solution,4,5m,46.502688094345686,0,0.5755415605607322,27
0.8801912393924768,solution,5,5m,106.59502802663921,1,0.5131052440888355,27
0.9083456679535215,solution,6,5m,96.50129532809392,1,0.5139456150551491,27
5.732197985285154,solution,7,5m,14.577379737113251,1,0.9037659232755076,27
0.5857109064586482,solution,8,5m,139.32874793092773,1,0.5058444455785628,27
0.5528592405937535,solution,9,5m,88.38834764831844,0,0.5052104635840436,27
0.7629471253483041,solution,10,5m,38.890872965260115,1,0.5098775393990411,27
0.21867903653306597,solution,11,5m,77.54031209635411,0,0.5008187293492536,27
0.721608140774106,solution,12,5m,53.96758286230726,0,0.5088450757855492,27
1.67229007734471,solution,0,5m,128.6953767623375,0,0.5458437742760804,28
1.265825431803051,solution,1,5m,166.77080080157918,1,0.5267486632356689,28
1.6926019825898455,solution,2,5m,113.19231422671771,1,0.5469167094301915,28
1.6567730558412128,solution,3,5m,107.52906583803284,0,0.5450314650625188,28
1.2582373968417708,solution,4,5m,133.08831654206165,0,0.5264368584069073,28
1.169089657103825,solution,5,5m,142.52192813739225,0,0.5229012787135628,28
1.81827647608007,solution,6,5m,89.51256894984078,0,0.5537939053899499,28
1.6546308428240124,solution,7,5m,96.50129532809392,1,0.544919822805487,28
1.9674522926982962,solution,8,5m,74.5821694508815,1,0.5624752970035752,28
0.7467967027399276,solution,9,5m,164.8104972384951,0,0.5094675773101843,28
1.1882979360358261,solution,10,5m,34.8209706929603,1,0.5236430741718755,28
0.6743652439163169,solution,11,5m,50.62114182829147,1,0.5077332516188476,28
0.41173453872616783,solution,12,5m,45.96194077712559,1,0.5028964811432001,28
0.3607442261826724,solution,13,5m,115.81234821900469,0,0.5022249604856251,28
0.4172134145921352,solution,14,5m,133.2760293526184,1,0.5029738532264006,28
0.633914137504298,solution,15,5m,124.34830115445888,0,0.5068393276237535,28
0.7449270880136334,solution,16,5m,160.19519343600794,1,0.5094206647235605,28
2.796857220260759,solution,0,5m_refined,109.60155108391487,1,0.6198774863550911,1
1.7107083554395317,solution,1,5m_refined,152.6843148460247,1,0.547882286059658,1
2.646317898471641,solution,2,5m_refined,75.58108228915486,0,0.6084121494966462,1
1.3051673316108487,solution,3,5m_refined,95.19716382329885,0,0.5283923328602167,1
0.6433377889390385,solution,4,5m_refined,148.70272357963051,1,0.5070427775468332,1
0.5688956495725205,solution,5,5m_refined,123.1361035602475,0,0.5055154668230855,1
0.9331380372229588,solution,6,5m_refined,67.54628043053148,1,0.5147063691152204,1
2.410487161065358,solution,7,5m_refined,25.739075352467502,1,0.591335826585178,1
0.17511902639348012,solution,8,5m_refined,154.15090009467994,0,0.5005251926097894,1
0.8712581083104857,solution,9,5m_refined,28.50438562747845,0,0.5128438546603278,1
0.1506137407908451,solution,10,5m_refined,97.2753822917186,0,0.5003885435854777,1
0.317427969512688,solution,11,5m_refined,70.44501401802685,1,0.5017235688587887,1
1.1237043675456526,solution,12,5m_refined,70.44501401802685,0,0.521192641845681,1
2.3756723601105385,solution,0,5m_refined,100.56092680559384,1,0.5889110818903939,2
1.357366199273374,solution,1,5m_refined,144.95689014324225,1,0.5306426094650479,2
0.7114902512255148,solution,2,5m_refined,114.72793905583765,0,0.5086008326035787,2
1.0677349389317634,solution,3,5m_refined,42.573465914816005,1,0.51917155902275,2
5.582341742769943,solution,4,5m_refined,7.905694150420948,1,0.8873325771234044,2
0.256952063687384,solution,5,5m_refined,154.15090009467994,1,0.5011300477858538,2
0.7511477060006758,solution,6,5m_refined,33.354160160315836,0,0.5095771918223441,2
0.3156175131702351,solution,7,5m_refined,63.73774391990981,0,0.5017039970088467,2
0.24706977694824575,solution,8,5m_refined,59.26634795564849,1,0.5010448846312009,2
0.10143663310282132,solution,9,5m_refined,86.67467911679859,1,0.5001762752227231,2
0.1753427524524653,solution,10,5m_refined,30.20761493398643,0,0.5005265347052034,2
3.633783741117639,solution,0,5m_refined,84.335638967165,1,0.6905516980094271,3
1.8428411262732816,solution,1,5m_refined,127.52450744856849,1,0.5551853608674789,3
3.484751338198921,solution,2,5m_refined,52.55949010407159,0,0.6771924847450743,3
1.6676349627951235,solution,3,5m_refined,55.339859052946636,1,0.5455994114077821,3
0.8575456858065489,solution,4,5m_refined,102.04165815979276,0,0.5124475568729558,3
1.8372827738867261,solution,5,5m_refined,32.59601202601324,0,0.554869177654754,3
1.1578554508487633,solution,6,5m_refined,48.088460154178364,1,0.5224725594819021,3
0.5168044197360111,solution,7,5m_refined,78.50159234053791,0,0.5045559518487349,3
0.35599051655784064,solution,8,5m_refined,107.52906583803284,0,0.5021668321526915,3
0.30185745784287504,solution,9,5m_refined,122.72937708633577,0,0.5015588798123148,3
0.017479285837498748,solution,10,5m_refined,95.72094859538323,1,0.5000052350686863,3
0.13650917721180836,solution,11,5m_refined,153.01143748099355,0,0.5003192008200998,3
0.479827517410723,solution,12,5m_refined,71.15124735378853,0,0.5039297465954922,3
0.4582573933368404,solution,13,5m_refined,77.86205751198719,0,0.5035855875266015,3
3.5215837125424843,solution,0,5m_refined,60.10407640085654,1,0.6804656934266147,4
1.5054371941979152,solution,1,5m_refined,99.56153875869938,1,0.537448623637563,4
0.2821967748712049,solution,2,5m_refined,95.19716382329885,1,0.5013626896953952,4
0.3663660592164186,solution,3,5m_refined,166.01957715883992,1,0.5022946905990453,4
0.6498927079386061,solution,4,5m_refined,131.19641763401927,1,0.5071860155797367,4
1.6304789282405272,solution,5,5m_refined,75.91113225344488,1,0.5436695908216332,4
1.5986951965180265,solution,6,5m_refined,114.50982490598787,1,0.5420480919672612,4
4.397118333412536,no_solution,0,5m_refined,54.886246000250374,0,0.7632818364031306,5
1.788455396398599,no_solution,1,5m_refined,95.19716382329885,0,0.55212525677911,5
1.455492585601694,no_solution,2,5m_refined,111.63556780883053,0,0.5350839551752788,5
1.1147799849257447,no_solution,3,5m_refined,140.75688260259247,0,0.5208639876575811,5
0.6234813537745154,no_solution,4,5m_refined,113.852975367357,0,0.5066175009132312,5
0.7063507066896393,no_solution,5,5m_refined,124.34830115445888,0,0.5084780424812606,5
1.449462303760904,no_solution,6,5m_refined,92.80355596635293,0,0.5348031607478578,5
4.358170591445681,solution,0,5m_refined,77.86205751198719,1,0.7594146000518975,6
2.388784092270029,solution,1,5m_refined,113.19231422671771,1,0.5898212818964155,6
1.7013833238288243,solution,2,5m_refined,152.6843148460247,1,0.5473839273338839,6
2.4825188870532857,solution,3,5m_refined,74.24621202458749,0,0.5964326711058754,6
0.8953132490235685,solution,4,5m_refined,135.32368602724358,0,0.5135534952977377,6
1.046635627519254,solution,5,5m_refined,92.53377761660873,1,0.5184345185852095,6
0.5611625155618197,solution,6,5m_refined,118.79604370516722,0,0.5053673211020929,6
1.7194677974915091,solution,7,5m_refined,37.58324094593227,1,0.5483524891764245,6
1.6317799178491807,solution,8,5m_refined,39.528470752104745,0,0.5437365402855808,6
0.44442637729345624,solution,9,5m_refined,117.52659273543158,1,0.5033731206366415,6
0.3513842783349726,solution,10,5m_refined,126.73791855636576,0,0.5021112364369325,6
1.5099917139276122,solution,11,5m_refined,22.638462845343543,0,0.5376677095787102,6
0.23368107092859483,solution,12,5m_refined,135.32368602724358,0,0.5009348100084033,6
0.09738644890005058,solution,13,5m_refined,133.2760293526184,0,0.5001624817542185,6
0.39988043933290823,solution,14,5m_refined,108.45505981741931,0,0.5027325403107812,6
0.44034697359213176,solution,15,5m_refined,124.54918707081151,0,0.5033116812331018,6
0.5884063387997978,solution,16,5m_refined,149.0385856078888,1,0.5058980509073868,6
9.87733315318933,no_solution,0,5m_refined,33.354160160315836,0,1.3983493112097718,7
0.2815244703302566,no_solution,1,5m_refined,153.5008143300875,0,0.5013562131633222,7
0.1796071052462497,no_solution,2,5m_refined,113.19231422671771,0,0.5005524427482989,7
0.24125721382977933,no_solution,3,5m_refined,91.99184746487049,0,0.5009963467741402,7
9.850605530696782,skipped_insufficient_features,0,5m_refined,23.717082451262844,0,1.3949837836931427,8
8.775419797090832,skipped_insufficient_features,0,5m_refined,32.59601202601324,0,1.261120224074857,9
10.261975838339207,solution,0,5m_refined,36.9120576505835,1,1.4469724104762733,10
0.81696213132428,solution,1,5m_refined,157.67847031221478,0,0.5113098216459854,10
0.7926210612530644,solution,2,5m_refined,156.56468311851177,1,0.5106527546676789,10
0.15275806543433323,solution,3,5m_refined,151.8634254848744,1,0.5003996815258293,10
8.988037587743438,solution,0,5m_refined,45.96194077712559,0,1.287344539736312,11
1.354567564728665,solution,1,5m_refined,166.77080080157918,1,0.5305199658450352,11
1.271306698275657,solution,2,5m_refined,161.59362611192313,1,0.5269749496274458,11
1.1808060328297163,solution,3,5m_refined,153.6635936062931,1,0.5233524335930727,11
1.109004118149639,solution,4,5m_refined,147.35162028291376,0,0.5206525711172159,11
0.9538130329772957,solution,5,5m_refined,148.02871343087463,1,0.5153555669037804,11
5.620438633679158,solution,0,5m_refined,72.88689868556625,1,0.8914964989938501,12
2.1147634712678536,solution,1,5m_refined,159.7263284496329,1,0.5715767750015593,12
1.997986495402464,solution,2,5m_refined,166.32047378479896,1,0.5643194794815988,12
1.7924052152602743,solution,3,5m_refined,155.44291556709814,0,0.5523449685855063,12
1.5800026285871072,solution,4,5m_refined,154.95967217311735,0,0.5411071769363782,12
2.4386062423428485,solution,5,5m_refined,82.53787009609589,1,0.5933127356249193,12
1.6002911118513892,solution,6,5m_refined,107.52906583803284,0,0.542128862074632,12
5.8667329370319905,solution,7,5m_refined,27.613402542968153,0,0.9186399972454696,12
0.8690855659088572,solution,8,5m_refined,162.5192296314501,1,0.5127806679543571,12
0.9715887283562517,solution,9,5m_refined,63.73774391990981,1,0.515924435723461,12
0.06149653516788098,solution,10,5m_refined,134.39680055715613,1,0.500064796381044,12
0.11377054705282633,solution,11,5m_refined,100.0624804809475,1,0.5002217388582361,12
4.489569479220771,solution,0,5m_refined,98.2980162566875,1,0.7725220180585777,13
2.9048272565547815,solution,1,5m_refined,99.56153875869938,1,0.6283560560684686,13
2.4905637554579605,solution,2,5m_refined,111.63556780883053,0,0.5970085243883563,13
3.5298129521958854,solution,3,5m_refined,50.62114182829147,0,0.6811995917962606,13
2.09373649274215,solution,4,5m_refined,72.88689868556625,1,0.5702464313335728,13
1.894961050023426,solution,5,5m_refined,60.10407640085654,0,0.5581877912125278,13
0.6158746566524964,solution,6,5m_refined,137.52272539475067,1,0.5064580248970085,13
0.5340495787384487,solution,7,5m_refined,139.50806428303704,0,0.504863606752294,13
1.5498224334854633,solution,8,5m_refined,38.242646351945886,0,0.5396080439019136,13
4.736973004785097,no_solution,0,5m_refined,169.30002953337012,0,0.7976487753749728,14
4.461183398050774,no_solution,1,5m_refined,169.88967008032006,0,0.7696759906999989,14
2.82669875333335,no_solution,2,5m_refined,135.50830232867654,0,0.6221999875886308,14
2.805269464522349,no_solution,3,5m_refined,129.6630247988994,0,0.6205305598491856,14
2.330681919470725,no_solution,4,5m_refined,147.6905548774193,0,0.58581564163382,14
2.69135889769075,no_solution,5,5m_refined,79.45124291035351,0,0.6117979386869452,14
1.5470163885739308,no_solution,6,5m_refined,90.34655499796325,0,0.5394699226101511,14
0.8788607815979826,no_solution,7,5m_refined,136.42763649642254,0,0.5130661533752456,14
2.906002690967331,no_solution,8,5m_refined,38.890872965260115,0,0.6284494966298507,14
0.5881880575439589,no_solution,9,5m_refined,139.86600730699365,0,0.5058937008959791,14
0.5274343285779868,no_solution,10,5m_refined,124.34830115445888,0,0.5047444183922318,14
0.652076718031155,no_solution,11,5m_refined,81.62413858657254,0,0.5072340540986707,14
0.6019145267942262,no_solution,12,5m_refined,61.74544517614235,0,0.5061703154235596,14
0.1759318693937287,no_solution,13,5m_refined,161.59362611192313,0,0.5005300768992756,14
0.47404243337731583,no_solution,14,5m_refined,161.90274858692177,0,0.5038359133644094,14
2.752886925773961,solution,0,5m_refined,125.54879529489719,1,0.6164849644448478,15
2.3339402753658587,solution,1,5m_refined,138.6091627562911,0,0.5860383715471301,15
1.7162502370118327,solution,2,5m_refined,169.0044378115557,1,0.5481795390838318,15
2.7938266300782413,solution,3,5m_refined,85.51315688243535,0,0.6196425258973495,15
2.3210177278519413,solution,4,5m_refined,97.78803607803972,0,0.5851563729599489,15
1.5661308901593216,solution,5,5m_refined,74.5821694508815,1,0.540415048950084,15
0.7577952520905382,solution,6,5m_refined,142.52192813739225,0,0.509745847130094,15
2.6800937539629373,solution,7,5m_refined,37.58324094593227,0,0.6109475008932268,15
2.2660469362755262,solution,8,5m_refined,38.242646351945886,1,0.581444868745901,15
0.7006641415904801,solution,9,5m_refined,57.118298293979315,1,0.5083431869833434,15
1.438377921759412,solution,0,5m_refined,169.74245196767956,0,0.5342896916756347,16
1.5056469376834998,solution,1,5m_refined,138.6091627562911,0,0.5374587003178826,16
1.728676793371011,solution,2,5m_refined,92.80355596635293,1,0.5488489820619009,16
1.2257132564680802,solution,3,5m_refined,115.59628021696892,1,0.5251196162986305,16
4.568518586177029,solution,4,5m_refined,27.613402542968153,0,0.7804783351474236,16
2.2116452641730566,solution,5,5m_refined,50.62114182829147,0,0.5778370958073199,16
1.319812739011472,solution,6,5m_refined,69.73162840490677,1,0.5290157317255398,16
0.5258235739132489,solution,7,5m_refined,150.208188857998,1,0.504715617816022,16
8.166833017258398,no_solution,0,5m_refined,167.96577032240825,0,1.1868013370055133,17
7.446833982768611,no_solution,1,5m_refined,166.77080080157918,0,1.1004620070005415,17
4.325145914357359,no_solution,2,5m_refined,86.67467911679859,0,0.7561475464656123,17
6.10168898214184,no_solution,3,5m_refined,48.088460154178364,0,0.9448761100381715,17
8.257903407913943,no_solution,4,5m_refined,23.717082451262844,0,1.1978489887384558,17
0.7211588364375124,no_solution,5,5m_refined,59.26634795564849,0,0.5088341589957416,17
0.03337909088661688,no_solution,6,5m_refined,25.739075352467502,0,0.5000190905340379,17
5.704400277225922,solution,0,5m_refined,168.56007831037573,0,0.9007066995878028,18
3.583833587105733,solution,1,5m_refined,57.118298293979315,0,0.686040398170349,18
4.192378757104943,solution,2,5m_refined,39.528470752104745,0,0.7431277805132668,18
2.2994045502015625,solution,3,5m_refined,71.50174823037545,1,0.5836892648751408,18
1.3813227190517063,solution,4,5m_refined,118.58541225631423,1,0.5317016418334565,18
6.137983948251881,solution,5,5m_refined,19.03943276465977,0,0.9489571602140926,18
4.061290830171877,solution,6,5m_refined,28.50438562747845,1,0.7304594644263248,18
0.8440009331848372,solution,7,5m_refined,114.72793905583765,1,0.5120619863078707,18
1.1563136787876147,solution,8,5m_refined,72.54309064273454,1,0.5224140185599957,18
0.8450195795859473,solution,9,5m_refined,66.04922406811453,1,0.5120907799568456,18
0.5768096909725913,solution,10,5m_refined,55.339859052946636,0,0.5056691321765958,18
1.1963541545283263,solution,0,5m_refined,157.0429877453941,0,0.52395747855655,19
1.2582108715351867,solution,1,5m_refined,126.73791855636576,0,0.5264357714079685,19
1.1169386747715084,solution,2,5m_refined,133.08831654206165,0,0.5209432632009662,19
1.2077698064818811,solution,3,5m_refined,92.80355596635293,1,0.5244063042729744,19
0.9439550820203716,solution,4,5m_refined,112.30538722608101,1,0.5150443522221401,19
1.1902170368143632,solution,5,5m_refined,88.38834764831844,1,0.5237177936940733,19
0.6080909524953299,solution,6,5m_refined,153.5008143300875,1,0.5062968139467379,19
2.5622820031907727,solution,7,5m_refined,32.59601202601324,0,0.6021998089893055,19
2.2230034999591464,solution,8,5m_refined,32.59601202601324,1,0.5785849182552791,19
0.8726783919511638,solution,9,5m_refined,66.04922406811453,1,0.512885243615158,19
0.153772372955136,solution,10,5m_refined,43.15669125408017,1,0.5004050047570074,19
1.6674425567175706,solution,0,5m_refined,148.53450777512947,1,0.5455893236958312,20
4.299582151740416,solution,1,5m_refined,43.73213921133976,1,0.7536262770174381,20
4.894258954684594,solution,2,5m_refined,36.9120576505835,1,0.8139080204190006,20
1.4764571986686748,solution,3,5m_refined,122.11674741819813,0,0.5360680765623482,20
1.4190677240161202,solution,4,5m_refined,126.93502274786104,0,0.5334034429422317,20
1.196975832617014,solution,5,5m_refined,137.70439353920412,0,0.5239818208723185,20
1.4464108207753488,solution,6,5m_refined,109.60155108391487,1,0.5346614603156004,20
4.426373533887614,solution,7,5m_refined,35.531676008879735,0,0.7661966744115734,20
1.7481387930442684,solution,8,5m_refined,77.86205751198719,0,0.5499055049017817,20
0.79308334686292,solution,9,5m_refined,157.51984002023363,0,0.5106650562180937,20
0.7947945484021057,solution,10,5m_refined,148.53450777512947,1,0.51071065163522,20
1.0718681430017134,solution,11,5m_refined,99.81232388838565,1,0.5193175403380319,20
0.6606627088171149,solution,12,5m_refined,158.78444508200417,0,0.5074244257679836,20
7.759150394580703,solution,0,5m_refined,19.03943276465977,1,1.1376867367672614,21
4.19286990756148,solution,1,5m_refined,23.717082451262844,1,0.7431755998965739,21
0.7165186872086279,solution,2,5m_refined,102.04165815979276,0,0.5087218011145669,21
0.6220919966124219,solution,3,5m_refined,115.16292806281021,0,0.5065882303382592,21
0.47599065388455675,solution,4,5m_refined,128.6953767623375,1,0.5038673880371917,21
0.8733910394097628,solution,5,5m_refined,61.74544517614235,1,0.5129060352653104,21
0.20115155812951527,solution,6,5m_refined,138.6091627562911,1,0.500692830254758,21
0.041514628890879084,solution,7,5m_refined,159.8827695531948,0,0.5000295302354283,21
6.07982829598888,solution,0,5m_refined,28.50438562747845,1,0.9424216311880865,22
1.2495864512340746,solution,1,5m_refined,107.52906583803284,1,0.5260834435870743,22
3.8190647537171967,solution,2,5m_refined,32.59601202601324,1,0.7075708559589182,22
0.8403458167615676,solution,3,5m_refined,127.52450744856849,1,0.5119589414654258,22
0.6940407977932883,solution,4,5m_refined,147.6905548774193,1,0.508187446251081,22
1.0203376808722893,solution,5,5m_refined,97.5320460156558,1,0.5175350719374372,22
1.7727148754582716,solution,6,5m_refined,44.30011286667337,1,0.5512536436078914,22
1.7865189135550779,solution,0,5m_refined,162.98006013006622,1,0.5520176840388147,23
1.995343964317967,solution,1,5m_refined,99.05806378079474,0,0.5641589914273821,23
4.36054567048143,solution,2,5m_refined,42.573465914816005,1,0.7596499896902089,23
0.9312952970190524,solution,3,5m_refined,148.53450777512947,1,0.5146491585645604,23
1.102839153917288,solution,4,5m_refined,122.52550754842846,0,0.5204280311922586,23
2.547554298490822,solution,5,5m_refined,53.033008588991066,1,0.6011253541586478,23
1.3414097812134644,solution,6,5m_refined,98.2980162566875,0,0.5299463780470702,23
2.539284542536807,solution,7,5m_refined,42.573465914816005,0,0.6005239288610444,23
0.3922916651227308,solution,8,5m_refined,137.52272539475067,0,0.5026300758209403,23
0.26974823041786744,solution,9,5m_refined,155.60366319595437,0,0.5012452610798105,23
1.6735186375491755,solution,10,5m_refined,23.717082451262844,0,0.5459083611837603,23
0.1763096878387132,solution,11,5m_refined,149.5409642873818,0,0.5005323548552103,23
0.10752078520029491,solution,12,5m_refined,128.6953767623375,0,0.5001980510422194,23
0.08376338389617892,solution,13,5m_refined,128.11127975318956,0,0.5001202082032193,23
0.027440191276544915,solution,14,5m_refined,28.50438562747845,0,0.5000129016719234,23
6.727772851694635,no_solution,0,5m_refined,145.12925273699992,0,1.016244604412622,24
6.035606396256104,no_solution,1,5m_refined,77.2172260574025,0,0.9374647523546665,24
0.1652736531348749,no_solution,2,5m_refined,139.32874793092773,0,0.5004678254003205,24
6.067658452696374,no_solution,0,5m_refined,142.52192813739225,0,0.9410563920621867,25
4.466787156726038,no_solution,1,5m_refined,67.54628043053148,0,0.770237209352561,25
4.489068064527362,no_solution,2,5m_refined,61.74544517614235,0,0.7724716776139662,25
2.668557840045548,no_solution,3,5m_refined,95.45941546018392,0,0.6100791194961236,25
1.790881602313264,solution,0,5m_refined,66.42665127793211,1,0.5522601691921382,26
1.928607880679522,solution,1,5m_refined,35.531676008879735,1,0.5601618388487316,26
0.9103771846660846,solution,2,5m_refined,57.118298293979315,1,0.5140072230206478,26
0.453353232162503,solution,3,5m_refined,110.96170510586073,0,0.5035095168044998,26
0.48970524774234614,solution,4,5m_refined,84.92643875731514,0,0.5040925517817048,26
1.6611283133757742,solution,5,5m_refined,24.748737341529164,0,0.5452588166332902,26
1.4234157360199076,solution,6,5m_refined,22.638462845343543,1,0.5336020778693649,26
0.7293756893268023,solution,7,5m_refined,38.890872965260115,1,0.5090348425321258,26
0.2246969770101384,solution,8,5m_refined,71.50174823037545,1,0.5008643725053651,26
0.4096498031384867,solution,9,5m_refined,97.2753822917186,1,0.5028673063074979,26
1.4734642734441108,solution,0,5m_refined,122.72937708633577,0,0.5359268310527872,27
1.8533026533778454,solution,1,5m_refined,81.62413858657254,1,0.5557825642309806,27
1.1931509196604109,solution,2,5m_refined,101.79636535751166,1,0.5238322360706958,27
0.8804410993321751,solution,3,5m_refined,131.38683343470913,1,0.5131125915907964,27
2.1765015188404546,solution,4,5m_refined,46.502688094345686,0,0.5755415605607322,27
0.8801912393924768,solution,5,5m_refined,106.59502802663921,1,0.5131052440888355,27
0.9083456679535215,solution,6,5m_refined,96.50129532809392,1,0.5139456150551491,27
5.732197985285154,solution,7,5m_refined,14.577379737113251,1,0.9037659232755076,27
0.5857109064586482,solution,8,5m_refined,139.32874793092773,1,0.5058444455785628,27
0.5528592405937535,solution,9,5m_refined,88.38834764831844,0,0.5052104635840436,27
0.7629471253483041,solution,10,5m_refined,38.890872965260115,1,0.5098775393990411,27
0.21867903653306597,solution,11,5m_refined,77.54031209635411,0,0.5008187293492536,27
0.721608140774106,solution,12,5m_refined,53.96758286230726,0,0.5088450757855492,27
1.67229007734471,solution,0,5m_refined,128.6953767623375,1,0.5458437742760804,28
1.265825431803051,solution,1,5m_refined,166.77080080157918,0,0.5267486632356689,28
1.6926019825898455,solution,2,5m_refined,113.19231422671771,0,0.5469167094301915,28
1.6567730558412128,solution,3,5m_refined,107.52906583803284,0,0.5450314650625188,28
1.2582373968417708,solution,4,5m_refined,133.08831654206165,1,0.5264368584069073,28
1.169089657103825,solution,5,5m_refined,142.52192813739225,1,0.5229012787135628,28
1.81827647608007,solution,6,5m_refined,89.51256894984078,1,0.5537939053899499,28
1.6546308428240124,solution,7,5m_refined,96.50129532809392,1,0.544919822805487,28
1.9674522926982962,solution,8,5m_refined,74.5821694508815,0,0.5624752970035752,28
0.7467967027399276,solution,9,5m_refined,164.8104972384951,1,0.5094675773101843,28
1.1882979360358261,solution,10,5m_refined,34.8209706929603,1,0.5236430741718755,28
0.6743652439163169,solution,11,5m_refined,50.62114182829147,1,0.5077332516188476,28
0.41173453872616783,solution,12,5m_refined,45.96194077712559,0,0.5028964811432001,28
0.3607442261826724,solution,13,5m_refined,115.81234821900469,1,0.5022249604856251,28
0.4172134145921352,solution,14,5m_refined,133.2760293526184,0,0.5029738532264006,28
0.633914137504298,solution,15,5m_refined,124.34830115445888,1,0.5068393276237535,28
0.7449270880136334,solution,16,5m_refined,160.19519343600794,0,0.5094206647235605,28
