cluster_size,consensus_count,consensus_xy_rmse_m,consensus_z_rmse_m,correspondence_count,correspondence_global_indices,correspondence_local_indices,correspondence_xy_rmse_m,correspondence_z_rmse_m,estimated_heading_deg,estimated_x_m,estimated_y_m,estimated_z_m,evaluated_hypothesis_count,feature_count_npz,fitness,fitness_reference,fitness_reference_point_count,fitness_reference_spacing_m,heading_error_deg,heading_measurement_deg,local_feature_count,log10_hypotheses,median_abs_elevation_angle_deg,median_feature_range_m,median_sigma_z_m,moga_delta_error_m,moga_xy_error_m,overlap,profile,ransac_delta_error_m,ransac_xy_error_m,runtime_s,selected_fraction,site,status,terrain_mae_m,truth_x_m,truth_y_m,truth_z_m,xy_error_m,z_error_m
,,,,,,,,,,,,,,1,,,,,,-0.27220387723835904,1,0.0,2.9115452369960755,22.20149206697604,0.6288904239264997,nan,,,0p25m,nan,nan,,0.0,1,skipped_insufficient_features,nan,,,,,
,,,,,,,,,,,,,,1,,,,,,-1.9318747485652559,1,0.0,6.533687887660957,6.993300365349683,0.9939084953171765,nan,,,0p25m,nan,nan,,0.0,2,skipped_insufficient_features,nan,,,,,
,,,,,,,,,,,,,,2,,,,,,-40.71819704388585,2,0.0,2.295510027429505,27.518736510113015,0.5875991275572323,nan,,,0p25m,nan,nan,,0.0,3,skipped_insufficient_features,nan,,,,,
,,,,,,,,,,,,,,1,,,,,,-64.79133493705918,1,0.0,3.6441800508222513,58.2250483039731,0.6914948490220586,nan,,,0p25m,nan,nan,,0.0,4,skipped_insufficient_features,nan,,,,,
,,,,,,,,,,,,,,0,,,,,,-147.34555813717074,0,0.0,nan,nan,nan,nan,,,0p25m,nan,nan,,0,5,skipped_insufficient_features,nan,,,,,
,,,,,,,,,,,,,,2,,,,,,-149.25701624245687,2,0.0,1.5788114584571455,31.082778266493456,0.5411456620613244,nan,,,0p25m,nan,nan,,0.0,6,skipped_insufficient_features,nan,,,,,
,,,,,,,,,,,,,,1,,,,,,-109.2759993649763,1,0.0,10.328296148034953,32.506249399154,1.455391044867778,nan,,,0p25m,nan,nan,,0.0,7,skipped_insufficient_features,nan,,,,,
,,,,,,,,,,,,,,1,,,,,,-114.39735521942477,1,0.0,10.253313216142475,22.848003195027786,1.4458735342406228,nan,,,0p25m,nan,nan,,0.0,8,skipped_insufficient_features,nan,,,,,
,,,,,,,,,,,,,,1,,,,,,-104.79089921902104,1,0.0,9.84547061219815,29.45600532998322,1.3943373967939061,nan,,,0p25m,nan,nan,,0.0,9,skipped_insufficient_features,nan,,,,,
,,,,,,,,,,,,,,1,,,,,,-111.72540843703277,1,0.0,9.902986152434568,38.51663601614243,1.4015811545290247,nan,,,0p25m,nan,nan,,0.0,10,skipped_insufficient_features,nan,,,,,
,,,,,,,,,,,,,,1,,,,,,-110.5384072461038,1,0.0,9.087863748937597,45.519569967213,1.2997009586855006,nan,,,0p25m,nan,nan,,0.0,11,skipped_insufficient_features,nan,,,,,
,,,,,,,,,,,,,,1,,,,,,-95.71127683719807,1,0.0,5.989588194953643,71.55963422209479,0.9323184231618896,nan,,,0p25m,nan,nan,,0.0,12,skipped_insufficient_features,nan,,,,,
,,,,,,,,,,,,,,1,,,,,,-99.79358424542976,1,0.0,4.368185580177369,101.68164165669238,0.7604075548851208,nan,,,0p25m,nan,nan,,0.0,13,skipped_insufficient_features,nan,,,,,
,,,,,,,,,,,,,,0,,,,,,-131.9409613661199,0,0.0,nan,nan,nan,nan,,,0p25m,nan,nan,,0,14,skipped_insufficient_features,nan,,,,,
,,,,,,,,,,,,,,2,,,,,,148.4489082081921,2,0.0,2.74799583308684,34.62491020338323,0.6176932941500974,nan,,,0p25m,nan,nan,,0.0,15,skipped_insufficient_features,nan,,,,,
,,,,,,,,,,,,,,1,,,,,,-138.39500865476546,1,0.0,5.014870271239147,25.397465424722995,0.8265170314528575,nan,,,0p25m,nan,nan,,0.0,16,skipped_insufficient_features,nan,,,,,
,,,,,,,,,,,,,,2,,,,,,-143.02059009636423,2,0.0,4.390147040671389,24.734776397769075,0.8795343654798482,nan,,,0p25m,nan,nan,,0.0,17,skipped_insufficient_features,nan,,,,,
,,,,,,,,,,,,,,3,,raw_lidar_xy_decimated,24985,0.125,,-139.12382904054863,3,0.0,3.7665719944396363,25.559367167439806,0.7027044937609181,nan,,,0p25m,nan,nan,0.7938243999997212,0.0,18,no_solution,nan,,,,,
,,,,,,,,,,,,,,2,,,,,,-163.07943097450712,2,0.0,4.28222510291311,22.519827921485735,0.769027077525219,nan,,,0p25m,nan,nan,,0.0,19,skipped_insufficient_features,nan,,,,,
,,,,,,,,,,,,,,4,,raw_lidar_xy_decimated,31729,0.125,,-137.02000719215434,4,0.0,4.153603811108858,39.08747296475476,0.7393696456672829,nan,,,0p25m,nan,nan,7.553230164001434,0.0,20,no_solution,nan,,,,,
,,,,,,,,,,,,,,2,,,,,,-139.50755383711078,2,0.0,6.111875562622952,21.3583910493296,0.957055175154046,nan,,,0p25m,nan,nan,,0.0,21,skipped_insufficient_features,nan,,,,,
,,,,,,,,,,,,,,2,,,,,,-154.6185220563164,2,0.0,5.351174399756329,28.324564130344225,0.8664798085064738,nan,,,0p25m,nan,nan,,0.0,22,skipped_insufficient_features,nan,,,,,
,,,,,,,,,,,,,,2,,,,,,-158.94227573393476,2,0.0,2.970402653445961,33.41236456179169,0.6444525634301788,nan,,,0p25m,nan,nan,,0.0,23,skipped_insufficient_features,nan,,,,,
,,,,,,,,,,,,,,0,,,,,,-138.21486385709562,0,0.0,nan,nan,nan,nan,,,0p25m,nan,nan,,0,24,skipped_insufficient_features,nan,,,,,
,,,,,,,,,,,,,,0,,,,,,116.45158980740251,0,0.0,nan,nan,nan,nan,,,0p25m,nan,nan,,0,25,skipped_insufficient_features,nan,,,,,
,,,,,,,,,,,,,,1,,,,,,94.64262420433211,1,0.0,1.3672772062406002,30.553743633145842,0.5310787450961859,nan,,,0p25m,nan,nan,,0.0,26,skipped_insufficient_features,nan,,,,,
,,,,,,,,,,,,,,1,,,,,,165.23564396358438,1,0.0,5.34188840503267,16.191239915460457,0.8612782590053436,nan,,,0p25m,nan,nan,,0.0,27,skipped_insufficient_features,nan,,,,,
,,,,,,,,,,,,,,0,,,,,,-146.19826293198696,0,0.0,nan,nan,nan,nan,,,0p25m,nan,nan,,0,28,skipped_insufficient_features,nan,,,,,
2,0,inf,inf,3,"[1302, 1254, 1159]","[3, 0, 2]",7.29722139622592,1.2902949290792645,2.7569968446673943,-487.9683589096985,153.74051658188114,12.819910764694214,43,4,-0.52033410783081,raw_lidar_xy_decimated,13278,0.25,3.0292007219057666,-0.27220387723835904,4,1.6334684555795866,1.9079652102280602,27.11666328127793,0.5333988198527562,0.742571023351843,512.3524632271403,1.0,0p5m,0.0,511.6098922037885,37.95364960100051,0.75,1,solution,0.52033410783081,-0.005049131810665131,-0.0011176990810781717,-0.49565547704696655,511.6098922037885,13.31556624174118
2,0,inf,inf,4,"[741, 740, 739, 604]","[2, 1, 3, 0]",3.2066308048008136,0.7465466814422556,2.6593365130541926,10.85120334429066,4.881447955015837,-0.29149359464645386,375,5,-0.2678664873762068,raw_lidar_xy_decimated,11900,0.25,4.591211261619435,-1.9318747485652559,5,2.574031267727719,1.447505289870262,44.54913018230547,0.5157161985182257,0.242323003402924,5.958981904291052,1.0,0p5m,0.0,5.716658900888128,90.3629703509996,0.8,2,solution,0.2678664873762068,12.267229080200195,-0.6570590734481812,-0.8115395307540894,5.716658900888128,0.5200459361076355
5,0,inf,inf,5,"[741, 740, 739, 604, 727]","[3, 2, 5, 0, 1]",4.781435963061031,0.2445065817043165,-43.07203560410414,21.078462617775383,-9.524559348098322,-0.03548252582550049,467,6,-0.17195907525869045,raw_lidar_xy_decimated,23966,0.25,2.3538385602182927,-40.71819704388585,6,2.6693168805661123,2.389576566421461,38.72791088656137,0.5435368578694377,1.0682678920490587,3.9700744773346064,1.0,0p5m,0.0,2.9018065852855477,158.94674383600068,0.8333333333333334,3,solution,0.17195907525869045,23.901281356811523,-10.196999549865723,-0.5373302102088928,2.9018065852855477,0.5018476843833923
,,,,,,,,,,,,,,1,,,,,,-64.79133493705918,1,0.0,3.653861879102606,58.07000086102978,0.5932518329619026,nan,,,0p5m,nan,nan,,0.0,4,skipped_insufficient_features,nan,,,,,
,,,,,,,,,,,,,,2,,,,,,-147.34555813717074,2,0.0,4.367523304842845,41.33559375138249,0.6292435227729908,nan,,,0p5m,nan,nan,,0.0,5,skipped_insufficient_features,nan,,,,,
3,0,inf,inf,5,"[739, 741, 740, 604, 727]","[4, 5, 6, 0, 7]",7.6935626839935445,0.3770972603082187,-151.92763073717032,-2.549063190250422,-57.47054106874324,0.02948176860809326,1968,9,-0.23287467108544488,raw_lidar_xy_decimated,23580,0.25,2.6706144947134476,-149.25701624245687,9,3.2940250940953226,1.7041126219962646,70.71156199660703,0.5216591532092438,-0.23822689485158155,1.9843359249471655,1.0,0p5m,0.0,2.222562819798747,242.70647412599828,0.5555555555555556,6,solution,0.23287467108544488,-0.9627990126609802,-59.02731704711914,-0.45432978868484497,2.222562819798747,0.48381155729293823
,,,,,,,,,,,,,,1,,,,,,-109.2759993649763,1,0.0,10.451889848994748,32.11113514032165,1.0491594595667093,nan,,,0p5m,nan,nan,,0.0,7,skipped_insufficient_features,nan,,,,,
,,,,,,,,,,,,,,1,,,,,,-114.39735521942477,1,0.0,10.222766867414975,22.92651303622075,1.0310435068539778,nan,,,0p5m,nan,nan,,0.0,8,skipped_insufficient_features,nan,,,,,
,,,,,,,,,,,,,,1,,,,,,-104.79089921902104,1,0.0,10.030304970952919,28.91582611650582,1.015921320266657,nan,,,0p5m,nan,nan,,0.0,9,skipped_insufficient_features,nan,,,,,
,,,,,,,,,,,,,,1,,,,,,-111.72540843703277,1,0.0,9.668064504773367,39.46675816430835,0.9877039787931645,nan,,,0p5m,nan,nan,,0.0,10,skipped_insufficient_features,nan,,,,,
,,,,,,,,,,,,,,1,,,,,,-110.5384072461038,1,0.0,9.101718006622189,45.44914740674461,0.9442666325374518,nan,,,0p5m,nan,nan,,0.0,11,skipped_insufficient_features,nan,,,,,
,,,,,,,,,,,,,,1,,,,,,-95.71127683719807,1,0.0,6.001355425919427,71.4186600266345,0.7254641379292855,nan,,,0p5m,nan,nan,,0.0,12,skipped_insufficient_features,nan,,,,,
,,,,,,,,,,,,,,2,,,,,,-99.79358424542976,2,0.0,4.382047325371104,101.31065132276223,0.6299274315350255,nan,,,0p5m,nan,nan,,0.0,13,skipped_insufficient_features,nan,,,,,
2,0,inf,inf,3,"[108, 90, 78]","[2, 1, 3]",5.233364571229779,0.8961732250970685,-133.53427010617455,926.5289102118816,224.31886526185608,-16.959826827049255,166,4,-1.0925537563393073,raw_lidar_xy_decimated,12648,0.25,1.5933087400546526,-131.9409613661199,4,2.220108088040055,1.7522698652794255,73.14459304555558,0.5308747833368277,1.5886526469444107,1077.0172892915127,0.9796015180265655,0p5m,0.0,1075.4286366445683,46.880606312000964,0.75,14,solution,1.0925537563393073,-50.64036178588867,-224.77685546875,3.8478145599365234,1075.4286366445683,20.80764138698578
2,0,inf,inf,4,"[1217, 1154, 1204, 1109]","[6, 2, 4, 0]",4.8661135813589365,0.5199836269129314,153.25282613278853,-301.2200602507534,866.6087513337355,11.062024116516113,203,7,-0.3931531351047504,raw_lidar_xy_decimated,15144,0.25,4.803917924596419,148.4489082081921,7,2.307496037913213,2.363655371238323,37.069192060254025,0.5409202728882635,2.24267777368118,908.6049032503154,1.0,0p5m,0.0,906.3622254766342,130.8292300129997,0.5714285714285714,15,solution,0.3931531351047504,-16.422508239746094,6.153733253479004,0.1715155839920044,906.3622254766342,10.890508532524109
,,,,,,,,,,,,,,2,,,,,,-138.39500865476546,2,0.0,5.636115512949431,21.68705128071938,0.7038512462527085,nan,,,0p5m,nan,nan,,0.0,16,skipped_insufficient_features,nan,,,,,
,,,,,,,,,,,,,,4,,raw_lidar_xy_decimated,12052,0.25,,-143.02059009636423,4,0.0,6.400603866231348,25.652030072700782,0.7525574577763727,nan,,,0p5m,nan,nan,17.710767239999768,0.0,17,no_solution,nan,,,,,
2,0,inf,inf,4,"[170, 156, 158, 152]","[3, 2, 1, 0]",10.611370585426378,0.602848423002052,-137.70442918972896,890.0251051700117,593.0945434229815,-15.860376358032227,51,4,-0.43280997883295924,raw_lidar_xy_decimated,13160,0.25,1.4193998508196728,-139.12382904054863,4,1.7075701760979363,3.0976652081460703,28.381366079928938,0.5710212028869122,-4.68270131010263,1345.8598558223373,0.9769756838905775,0p5m,-4.974893838980051,1345.5676632934599,17.245630866000283,1.0,18,solution,0.43280997883295924,-131.5979461669922,-290.22393798828125,5.277122974395752,1350.54255713244,21.13749933242798
,,,,,,,,,,,,,,3,,raw_lidar_xy_decimated,13439,0.25,,-163.07943097450712,3,0.0,2.5029684739846996,31.829624565803474,0.5456833647025058,nan,,,0p5m,nan,nan,5.013370507000218,0.0,19,no_solution,nan,,,,,
3,0,inf,inf,5,"[926, 955, 925, 890, 856]","[1, 4, 3, 0, 2]",6.413684314991702,0.8720215601476157,-138.68713849204352,-190.51039558494875,-335.63909215302226,7.445396423339844,581,6,-0.14077297570169045,raw_lidar_xy_decimated,19907,0.25,1.6671312998891779,-137.02000719215434,6,2.7641761323903307,4.166118882982894,39.212390826391555,0.6185855484356311,2.8449460079932116,7.042175340109697,1.0,0p5m,0.0,4.1972293321164855,121.79812125399985,0.8333333333333334,20,solution,0.14077297570169045,-194.00518798828125,-337.96356201171875,6.880199909210205,4.1972293321164855,0.5651965141296387
,,,,,,,,,,,,,,2,,,,,,-139.50755383711078,2,0.0,6.096352618614215,21.314003069566414,0.7410373524630686,nan,,,0p5m,nan,nan,,0.0,21,skipped_insufficient_features,nan,,,,,
,,,,,,,,,,,,,,3,,raw_lidar_xy_decimated,22001,0.25,,-154.6185220563164,3,0.0,4.215173951279424,29.67532645144784,0.6211267462488049,nan,,,0p5m,nan,nan,6.047192353000355,0.0,22,no_solution,nan,,,,,
,,,,,,,,,,,,,,4,,raw_lidar_xy_decimated,15248,0.25,,-158.94227573393476,4,0.0,2.4967748859363916,48.925542052098706,0.5455120932568917,nan,,,0p5m,nan,nan,16.986588326000856,0.0,23,no_solution,nan,,,,,
,,,,,,,,,,,,,,1,,,,,,-138.21486385709562,1,0.0,6.761148915044966,144.40611136652078,0.775488803426068,nan,,,0p5m,nan,nan,,0.0,24,skipped_insufficient_features,nan,,,,,
,,,,,,,,,,,,,,1,,,,,,116.45158980740251,1,0.0,6.047279658236248,143.17166269901318,0.7284056035983988,nan,,,0p5m,nan,nan,,0.0,25,skipped_insufficient_features,nan,,,,,
4,0,inf,inf,5,"[950, 930, 968, 962, 856]","[3, 1, 7, 5, 0]",5.134301871406013,0.44536981653249624,95.41513447104738,-312.08200042034485,-353.96018055908314,5.636096902191639,562,8,-0.06110935772336524,raw_lidar_xy_decimated,13663,0.25,0.7725102667152726,94.64262420433211,8,2.749736315569061,1.4965303758569317,35.62743234222544,0.5168986365430653,2.068397543596515,3.8958928433594657,1.0,0p5m,0.0,1.8274952997629508,213.36904802299978,0.625,26,solution,0.06110935772336524,-312.87744140625,-352.31488037109375,5.095863342285156,1.8274952997629508,0.5402335599064827
4,0,inf,inf,5,"[1024, 968, 985, 939, 1016]","[4, 1, 2, 0, 3]",5.867489695437897,0.25614006558471475,163.16618925813157,-362.2363636489216,-307.26742468732687,6.741978406906128,197,5,-0.31767129069721034,raw_lidar_xy_decimated,14858,0.25,2.069454705452813,165.23564396358438,5,2.294466226161593,1.9129406527666144,39.59955807834224,0.5271510265907657,-1.8157343106938697,30.63598423822794,1.0,0p5m,0.0,32.45171854892181,79.22446450900134,1.0,27,solution,0.31767129069721034,-355.8419494628906,-339.0829162597656,6.069794654846191,32.45171854892181,0.6721837520599365
2,0,inf,inf,4,"[853, 798, 839, 820]","[2, 0, 3, 1]",5.858820361620379,0.4189739808129459,-142.50690391759372,-140.07878935703695,-160.0125517330429,2.781571924686432,48,4,-0.3084782015864349,raw_lidar_xy_decimated,14076,0.25,3.6913590143932424,-146.19826293198696,4,1.6812412373755872,1.2859029177308146,47.19438217962787,0.517769670401907,0.6051199663576199,322.5963124356006,1.0,0p5m,0.0,321.991192469243,27.986650030999954,1.0,28,solution,0.3084782015864349,-390.8143615722656,-362.02740478515625,6.942140579223633,321.991192469243,4.160568654537201
6,0,inf,inf,6,"[180, 213, 215, 243, 199, 222]","[0, 3, 9, 10, 4, 8]",9.573971331546716,1.0523286055137884,2.161079488226367,296.82673985242803,704.909306021473,-3.4238667488098145,774,16,-0.5744265044545519,raw_lidar_xy_decimated,614,5.0,2.4332833654647175,-0.27220387723835904,16,2.8887409606828927,0.8466515323583694,86.03115884645044,0.5054380799323213,0.7196807272054002,765.5777175036222,1.0,10m,0.0,764.8580367764168,201.29430180499912,0.375,1,solution,0.5744265044545519,-0.005049131810665131,-0.0011176990810781717,-0.49565547704696655,764.8580367764168,2.928211271762848
3,0,inf,inf,3,"[57, 70, 60]","[2, 4, 0]",6.249730417378576,0.63950849045434,-3.0848123304975914,707.6332997973682,669.6923165721663,-14.51198935508728,384,12,-0.5875377509701198,raw_lidar_xy_decimated,547,5.0,1.152937581932349,-1.9318747485652559,12,2.584331224367531,0.720628295447969,87.46427842267951,0.504318725135102,-1.9128081569297137,963.9558463365779,1.0,10m,0.0,965.8686544935076,57.72194080599729,0.25,2,solution,0.5875377509701198,12.267229080200195,-0.6570590734481812,-0.8115395307540894,965.8686544935076,13.700449824333191
4,0,inf,inf,4,"[236, 217, 260, 249]","[1, 0, 12, 4]",4.848376886885995,0.22864711249470346,-41.726501579787204,23.53040615169821,-9.91169333065928,-0.3265777826309204,554,14,-0.33148537333611416,raw_lidar_xy_decimated,935,5.0,1.0083045359013454,-40.71819704388585,14,2.74350976472843,0.7303446010481042,89.65937934842586,0.5045976276108001,1.0432010656351005,1.51111992236746,1.0,10m,0.0,0.4679188567323595,116.78125368499968,0.2857142857142857,3,solution,0.33148537333611416,23.901281356811523,-10.196999549865723,-0.5373302102088928,0.4679188567323595,0.2107524275779724
5,0,inf,inf,4,"[302, 369, 332, 326]","[2, 6, 3, 5]",11.202631761924193,1.272727262710584,-63.43494882292201,-547.485291572496,-542.9693035591749,7.182891130447388,98,9,-0.9536902227462609,raw_lidar_xy_decimated,465,5.0,1.356386114137166,-64.79133493705918,9,1.9912260756924949,1.6213074733080108,79.05694150420949,0.5196430635591947,4.665744338726995,779.2217132715665,1.0,10m,0.0,774.5559689328395,35.38347664200046,0.4444444444444444,4,solution,0.9536902227462609,36.56502151489258,-34.223609924316406,-2.5595836639404297,774.5559689328395,9.742474794387817
2,0,inf,inf,4,"[57, 70, 99, 60]","[2, 3, 9, 1]",12.718695553539357,0.8750585701912393,-147.01801191498907,682.255179086151,624.9015332888766,-15.234854221343994,203,10,-0.615348694652035,raw_lidar_xy_decimated,493,5.0,0.32754622218166674,-147.34555813717074,10,2.307496037913213,1.032006650203525,109.46415330799057,0.5080923775425633,-4.554066745646196,938.8405869596519,1.0,10m,0.0,943.3946537052981,64.58403591400202,0.4,5,solution,0.615348694652035,19.5212345123291,-46.497894287109375,-2.1845808029174805,943.3946537052981,13.050273418426514
8,0,inf,inf,5,"[217, 260, 234, 236, 249]","[1, 22, 3, 2, 17]",6.849126761195031,0.4302606979447372,-150.1177190155725,3.000972370844785,-64.54525311110983,-0.23602092266082764,1513,23,-0.3557645761575899,raw_lidar_xy_decimated,1102,5.0,0.8607027731156336,-149.25701624245687,23,3.179838928023187,1.1218620421751242,101.24228365658294,0.5094968525180388,0.5537308352186994,7.347779847920055,1.0,10m,0.7324241137772258,7.526473126478582,250.88868992800053,0.21739130434782608,6,solution,0.3557645761575899,-0.9627990126609802,-59.02731704711914,-0.45432978868484497,6.794049012701356,0.21830886602401733
,,,,,,,,,,,,,,3,,raw_lidar_xy_decimated,525,5.0,,-109.2759993649763,3,0.0,0.939853222876636,105.11898020814318,0.5066834361193375,nan,,,10m,nan,nan,0.7949540049994539,0.0,7,no_solution,nan,,,,,
,,,,,,,,,,,,,,3,,raw_lidar_xy_decimated,392,5.0,,-114.39735521942477,3,0.0,2.3093123221702268,73.824115301167,0.5391257349594472,nan,,,10m,nan,nan,0.011614142000325955,0.0,8,no_solution,nan,,,,,
,,,,,,,,,,,,,,1,,,,,,-104.79089921902104,1,0.0,9.79579087296466,29.154759474226502,0.9976161673705705,nan,,,10m,nan,nan,,0.0,9,skipped_insufficient_features,nan,,,,,
2,0,inf,inf,2,"[131, 109]","[2, 3]",7.084605053663556,1.5631416221490375,-113.68929262614525,621.473369312065,-331.3830212640821,-11.939737677574158,56,7,-1.5354141609371508,raw_lidar_xy_decimated,558,5.0,1.9638841891124912,-111.72540843703277,7,1.7481880270062005,0.8106748969272427,155.08062419270823,0.5049806777803029,nan,,1.0,10m,0.0,670.1525834336227,18.32451654900069,0.2857142857142857,10,solution,1.5354141609371508,-23.69623565673828,-150.10791015625,-0.596463680267334,670.1525834336227,11.343273997306824
2,0,inf,inf,2,"[330, 281]","[9, 2]",9.529274376060151,1.0896717020712041,-110.2931296157347,-349.5701075114483,480.06445633587384,7.85840106010437,271,13,-1.076246829813629,raw_lidar_xy_decimated,595,5.0,0.24527763036911665,-110.5384072461038,13,2.432969290874406,1.0995057804457893,149.164338901763,0.5091253866721487,nan,,1.0,10m,0.0,714.2194852504775,103.05436914599704,0.15384615384615385,11,solution,1.076246829813629,-26.17138671875,-156.74221801757812,-0.03909933567047119,714.2194852504775,7.897500395774841
4,0,inf,inf,4,"[287, 320, 339, 319]","[1, 12, 8, 6]",7.188107485445866,0.5248710543373989,-100.21086769107792,-418.05916876920554,-398.7991772360994,9.056229829788208,951,16,-0.9879230285277896,raw_lidar_xy_decimated,712,5.0,4.499590853879852,-95.71127683719807,16,2.978180516937414,1.60949164406844,153.45144434979898,0.5193630340355392,-5.70555706351098,445.00179829027053,1.0,10m,0.0,450.7073553537815,168.14272903899837,0.25,12,solution,0.9879230285277896,-27.199756622314453,-174.37538146972656,1.2406376600265503,450.7073553537815,7.815592169761658
2,0,inf,inf,3,"[403, 335, 354]","[9, 5, 1]",6.51467973930471,1.419941033880571,-103.5121333746663,-422.8824250170336,234.1975868623112,11.940551400184631,194,10,-1.0474602513860842,raw_lidar_xy_decimated,658,5.0,3.71854912923655,-99.79358424542976,10,2.287801729930226,2.3989512768902794,114.23324240987986,0.5421066625467085,0.4273696380230376,584.7287565151469,1.0,10m,0.0,584.3013868771238,40.53808421299982,0.3,13,solution,1.0474602513860842,-30.75284194946289,-198.97962951660156,2.7760562896728516,584.3013868771238,9.16449511051178
4,0,inf,inf,4,"[159, 158, 183, 157]","[18, 23, 25, 21]",9.33606457468989,0.7370064595266225,-129.16562161374154,401.8182229200747,-668.405561705907,-7.121077865362167,403,31,-1.6438724649003522,raw_lidar_xy_decimated,807,5.0,2.7753397523783576,-131.9409613661199,31,2.6053050461411096,2.5164086010649407,120.20815280171308,0.5461551028075303,-0.932702535450403,632.7274586485845,1.0,10m,0.0,633.6601611840349,163.3711293769993,0.12903225806451613,14,solution,1.6438724649003522,-50.64036178588867,-224.77685546875,3.8478145599365234,633.6601611840349,10.96889242529869
2,0,inf,inf,4,"[217, 249, 260, 234]","[0, 6, 10, 1]",10.54494724196562,0.34089108656036904,149.9816325723909,-19.347831891198037,9.728959507645001,0.4553295373916626,301,12,-0.3476310087855178,raw_lidar_xy_decimated,702,5.0,1.532724364198799,148.4489082081921,12,2.478566495593843,2.333130842966998,84.47780162668462,0.5399182588372019,-2.1831334019190916,2.436364539873064,1.0,10m,-3.317245370395673,1.3022525713964823,63.0285645690019,0.3333333333333333,15,solution,0.3476310087855178,-16.422508239746094,6.153733253479004,0.1715155839920044,4.619497941792155,0.2838139533996582
2,0,inf,inf,4,"[373, 377, 368, 325]","[3, 5, 2, 0]",12.781696458124248,1.0243782421244152,-141.5586844191624,-429.5567110488838,179.78590289048043,11.839285612106323,22,6,-0.8101007116875978,raw_lidar_xy_decimated,283,5.0,3.1636757643969418,-138.39500865476546,6,1.3424226808222062,1.4896704345932612,118.86374347012166,0.5166369769291248,-6.395042967312406,556.4322978576464,1.0,10m,0.0,562.8273408249588,5.2965159859995765,0.6666666666666666,16,solution,0.8101007116875978,-178.57537841796875,-323.9828796386719,6.217787742614746,562.8273408249588,5.621497869491577
,,,,,,,,,,,,,,10,,raw_lidar_xy_decimated,507,5.0,,-143.02059009636423,10,0.0,5.597357165921249,62.803626959999676,0.7001189568365882,nan,,,10m,nan,nan,51.40411640899765,0.0,17,no_solution,nan,,,,,
6,0,inf,inf,5,"[37, 36, 54, 35, 30]","[9, 8, 15, 7, 10]",10.138278222994426,0.44885716129932424,-143.0236542100022,913.4045200248709,203.3674604319458,-17.074795484542847,824,19,-0.7223618921241489,raw_lidar_xy_decimated,542,5.0,3.899825169453578,-139.12382904054863,19,2.9159272116971158,3.3887205843949832,85.14693182963201,0.5810814431250824,-2.9785197570427044,1152.7301904902718,0.7878228782287823,10m,0.0,1155.7087102473145,382.26675954200255,0.2631578947368421,18,solution,0.7223618921241489,-131.5979461669922,-290.22393798828125,5.277122974395752,1155.7087102473145,22.3519184589386
,,,,,,,,,,,,,,4,,raw_lidar_xy_decimated,302,5.0,,-163.07943097450712,4,0.0,1.9884976931893417,60.53932051423884,0.5330006393939504,nan,,,10m,nan,nan,1.344859003998863,0.0,19,no_solution,nan,,,,,
3,0,inf,inf,4,"[295, 289, 300, 328]","[7, 9, 11, 14]",7.149382519729513,0.9232837930435435,-137.95311685348722,-224.3912169677115,-303.2665529268467,6.602781772613525,1320,18,-0.7654000456774616,raw_lidar_xy_decimated,592,5.0,0.9331096613328782,-137.02000719215434,18,3.12057393120585,1.5800718744964768,116.63169117639272,0.5187706817776097,-3.7713978367357868,42.35010687174557,1.0,10m,0.0,46.12150470848135,215.40889376700216,0.2222222222222222,20,solution,0.7654000456774616,-194.00518798828125,-337.96356201171875,6.880199909210205,46.12150470848135,0.2774181365966797
6,0,inf,inf,4,"[335, 373, 354, 343]","[0, 4, 3, 6]",7.4544424742009925,0.8757028977890889,-143.1548201177274,-330.6650886586875,245.31564533199756,8.761202335357666,101,11,-0.9825214533113062,raw_lidar_xy_decimated,364,5.0,3.647266280616634,-139.50755383711078,11,2.0043213737826426,0.3440985162636222,120.20815280171308,0.5009009064661399,5.61856029988985,615.057930159447,1.0,10m,2.593089877021953,612.0324597365791,40.808714112001326,0.36363636363636365,21,solution,0.9825214533113062,-211.0142364501953,-352.2628173828125,5.4391608238220215,609.4393698595571,3.3220415115356445
3,0,inf,inf,5,"[328, 295, 289, 287, 300]","[10, 0, 1, 2, 3]",7.0595265354000025,0.44329381217283126,-159.3915021436999,-231.76122341171006,-376.9880552473066,5.982954502105713,153,11,-0.4712596951513958,raw_lidar_xy_decimated,458,5.0,4.772980087383502,-154.6185220563164,11,2.184691430817599,1.178882830971813,101.24228365658294,0.5104768862570761,4.174703131162252,11.189815570595915,1.0,10m,0.0,7.015112439433663,42.400211590000254,0.45454545454545453,22,solution,0.4712596951513958,-236.06866455078125,-371.45111083984375,5.889065742492676,7.015112439433663,0.09388875961303711
2,0,inf,inf,5,"[328, 289, 295, 287, 300]","[13, 3, 4, 5, 8]",11.11097338051974,0.36165844663798413,-156.7615654180089,-244.45448794874412,-383.78092534480464,6.562227964401245,1368,16,-0.665144255205882,raw_lidar_xy_decimated,517,5.0,2.1807103159258645,-158.94227573393476,16,3.1360860973840974,1.2905773482371516,115.10947012005562,0.5128451675536343,-3.8737702731444372,6.085931966732847,1.0,10m,-4.160044020663102,5.799658219214182,180.40726205100145,0.3125,23,solution,0.665144255205882,-252.51278686523438,-377.9277648925781,6.394556045532227,9.959702239877284,0.16767191886901855
,,,,,,,,,,,,,,5,,raw_lidar_xy_decimated,779,5.0,,-138.21486385709562,5,0.0,6.1358619578963784,137.2953021774598,0.7341106560872778,nan,,,10m,nan,nan,0.5742169260010996,0.0,24,no_solution,nan,,,,,
3,0,inf,inf,2,"[60, 63]","[7, 6]",1.3856525755109879,0.32302187635719404,113.09504403689685,790.3256452201698,661.0353347654599,-13.183043003082275,18,11,-2.724360046830171,raw_lidar_xy_decimated,618,5.0,3.3565457705056474,116.45158980740251,11,1.255272505103306,4.242759250972684,91.92388155425118,0.6225658147537131,nan,,1.0,10m,0.0,1522.494496245033,24.796988178000902,0.18181818181818182,25,solution,2.724360046830171,-301.57952880859375,-399.9701232910156,3.864340305328369,1522.494496245033,17.047383308410645
2,0,inf,inf,6,"[131, 109, 95, 94, 100, 121]","[11, 5, 1, 3, 8, 10]",9.552645599961316,0.3836970420003121,96.82115236478437,640.9769981792032,-255.65895555804582,-13.27818849682808,447,15,-0.5849135870879689,raw_lidar_xy_decimated,483,5.0,2.1785281604522595,94.64262420433211,15,2.6503075231319366,0.49123124344927965,82.76472678623425,0.5018343915979709,-4.379602300294437,954.3594965781984,1.0,10m,-1.9906950550893043,956.7484038234036,71.60737152599904,0.4,26,solution,0.5849135870879689,-312.87744140625,-352.31488037109375,5.095863342285156,958.7390988784929,18.374051839113235
,,,,,,,,,,,,,,15,,raw_lidar_xy_decimated,542,5.0,,165.23564396358438,15,0.0,0.8435459137483883,105.11898020814318,0.5053906373970067,nan,,,10m,nan,nan,76.73310738099826,0.0,27,no_solution,nan,,,,,
3,0,inf,inf,6,"[339, 398, 372, 344, 341, 395]","[0, 12, 10, 9, 2, 11]",13.443747220073181,0.6024379181810398,-145.4858092134073,-538.3625279348689,-307.8741547601103,10.280546188354492,962,14,-0.6597668093207394,raw_lidar_xy_decimated,683,5.0,0.7124537185796669,-146.19826293198696,14,2.983175072037813,1.2443834432409984,126.56781625266555,0.5116611307668583,1.7968969440592275,158.968891539921,1.0,10m,0.0,157.17199459586178,114.31962853399818,0.42857142857142855,28,solution,0.6597668093207394,-390.8143615722656,-362.02740478515625,6.942140579223633,157.17199459586178,3.3384056091308594
2,0,inf,inf,5,"[304, 341, 338, 321, 305]","[2, 4, 5, 6, 0]",8.680741151158168,1.3405311736185859,-0.3967788337916328,-446.308273385734,-159.82811284089658,8.48939573764801,129,7,-0.6350620413474045,raw_lidar_xy_decimated,614,5.0,0.12457495655326056,-0.27220387723835904,7,2.110589710299249,0.879339868612236,125.09996003196804,0.5230276226168262,3.828927977236958,477.8871905943015,1.0,10m_refined,0.3194435171602663,474.3777061342248,10.75534102099482,0.7142857142857143,1,solution,0.6350620413474045,-0.005049131810665131,-0.0011176990810781717,-0.49565547704696655,474.05826261706454,8.985051214694977
3,0,inf,inf,5,"[278, 331, 335, 315, 313]","[0, 4, 6, 3, 5]",11.255765648748152,0.42295156501741926,2.836187702768555,-546.1809127189846,-554.9716723991335,7.46148157119751,137,8,-0.8409844057447039,raw_lidar_xy_decimated,547,5.0,4.768062451333805,-1.9318747485652559,8,2.1367205671564067,0.4046794157671265,138.34529172306296,0.5051223787175885,-5.5791010170240725,781.2684176454969,1.0,10m_refined,0.0,786.847518662521,14.235497728004702,0.625,2,solution,0.8409844057447039,12.267229080200195,-0.6570590734481812,-0.8115395307540894,786.847518662521,8.2730211019516
3,0,inf,inf,6,"[208, 247, 236, 235, 255, 221]","[0, 8, 3, 6, 9, 1]",18.586275150629625,0.5024289120753822,-42.50387796778964,22.529643208706553,-9.687430691824353,-0.3288291096687317,547,10,-0.35947666822424296,raw_lidar_xy_decimated,935,5.0,1.785680923903783,-40.71819704388585,10,2.737987326333431,0.6170998510555687,118.86374347012166,0.5142180091667277,1.0393201720470182,2.5025534516106083,1.0,10m_refined,0.6714203626053694,2.1346536421689595,49.68819236800482,0.6,3,solution,0.35947666822424296,23.901281356811523,-10.196999549865723,-0.5373302102088928,1.46323327956359,0.20850110054016113
2,0,inf,inf,5,"[50, 138, 53, 62, 69]","[2, 8, 0, 1, 5]",10.185678338996222,1.2942653034493714,-63.150201109322744,699.7752070101334,633.9245584036984,-15.571085810661316,397,10,-0.6407464941394002,raw_lidar_xy_decimated,465,5.0,1.6411338277364393,-64.79133493705918,10,2.598790506763115,1.2917956064511313,123.4908903522847,0.5500248687753257,3.598866728292819,945.017862173314,1.0,10m_refined,0.0,941.4189954450212,34.576877856001374,0.5,4,solution,0.6407464941394002,36.56502151489258,-34.223609924316406,-2.5595836639404297,941.4189954450212,13.011502146720886
3,0,inf,inf,4,"[305, 341, 304, 338]","[1, 4, 0, 5]",5.875814211811941,1.3225640287088407,-151.31385242626055,-466.44482232408427,-187.76613789850472,8.377695322036743,194,8,-0.7662659244654074,raw_lidar_xy_decimated,493,5.0,3.968294289089812,-147.34555813717074,8,2.287801729930226,0.9108107918255207,118.10935943534759,0.5257168540209314,5.721675678113684,511.80440117877794,1.0,10m_refined,0.0,506.08272550066425,16.665689336994546,0.5,5,solution,0.7662659244654074,19.5212345123291,-46.497894287109375,-2.1845808029174805,506.08272550066425,10.562276124954224
5,0,inf,inf,5,"[235, 208, 236, 221, 255]","[4, 0, 6, 2, 10]",11.401544752454946,0.3392994029821552,-148.39249775375112,-5.5987648424386975,-58.4425202970134,0.06081271171569824,879,11,-0.2266015267698092,raw_lidar_xy_decimated,1102,5.0,0.8645184887057553,-149.25701624245687,11,2.9439888750737717,1.352197879685,109.77249200050075,0.5529178312917252,-3.952411277725222,0.720293122705093,1.0,10m_refined,-1.4306651358894222,3.242039264540893,70.60527427300985,0.45454545454545453,6,solution,0.2266015267698092,-0.9627990126609802,-59.02731704711914,-0.45432978868484497,4.672704400430315,0.5151425004005432
2,0,inf,inf,3,"[61, 117, 56]","[1, 4, 3]",10.847738866105122,0.9557092365236466,-108.25756307538975,710.0976290086945,606.1727902425607,-16.267663598060608,55,5,-1.608587086343036,raw_lidar_xy_decimated,525,5.0,1.018436289586532,-109.2759993649763,5,1.7403626894942439,0.2550709532266323,113.35784048754634,0.5019779909562018,5.854703693819943,1001.8767589996054,1.0,10m_refined,0.0,996.0220553057854,3.881790056009777,0.6,7,solution,1.608587086343036,-8.252805709838867,-83.77835845947266,-1.3806068897247314,996.0220553057854,14.887056708335876
,,,,,,,,,,,,,,2,,,,,,-114.39735521942477,2,0.0,5.498169723903356,52.27601953608671,1.1305989902748732,nan,,,10m_refined,nan,nan,,0.0,8,skipped_insufficient_features,nan,,,,,
,,,,,,,,,,,,,,1,,,,,,-104.79089921902104,1,0.0,9.79579087296466,29.154759474226502,1.7974849288927528,nan,,,10m_refined,nan,nan,,0.0,9,skipped_insufficient_features,nan,,,,,
,,,,,,,,,,,,,,3,,raw_lidar_xy_decimated,558,5.0,,-111.72540843703277,3,0.0,0.8426952260902059,93.00537618869137,0.5211862206234255,nan,,,10m_refined,nan,nan,0.44857577500806656,0.0,10,no_solution,nan,,,,,
3,0,inf,inf,5,"[314, 265, 280, 292, 287]","[4, 1, 2, 5, 0]",13.593613382258786,1.9577526720278786,-112.61986494804043,-331.28205128205127,-206.4102564102564,7.056432664394379,89,7,-1.0625381660080628,raw_lidar_xy_decimated,595,5.0,2.0814577019366425,-110.5384072461038,7,1.9493900066449128,1.1683397437464262,155.08062419270823,0.5399929146302489,-1.081780534593804,308.04510549772124,1.0,10m_refined,0.0,309.12688603231504,12.891411236007116,0.7142857142857143,11,solution,1.0625381660080628,-26.17138671875,-156.74221801757812,-0.03909933567047119,309.12688603231504,7.09553200006485
2,0,inf,inf,3,"[240, 238, 178]","[7, 8, 0]",7.563610683737314,0.6030427497179334,-97.69605172201656,203.36375711458015,400.8947787197489,-1.5752236247062683,427,9,-0.8899747108053576,raw_lidar_xy_decimated,712,5.0,1.9847748848184779,-95.71127683719807,9,2.630427875025024,2.0691407616481015,98.2344135219425,0.6168716686290302,1.5350909321047084,621.289309208292,1.0,10m_refined,0.0,619.7542182761873,29.997242554003606,0.3333333333333333,12,solution,0.8899747108053576,-27.199756622314453,-174.37538146972656,1.2406376600265503,619.7542182761873,2.8158612847328186
2,0,inf,inf,4,"[378, 325, 321, 322]","[4, 1, 0, 2]",12.479460928269814,1.7767579898567556,-95.99252744787896,-478.31451457944013,-425.5152512719882,11.602622389793396,36,5,-1.1922540459505793,raw_lidar_xy_decimated,658,5.0,3.801056797550814,-99.79358424542976,5,1.5563025007672873,2.0581533888583503,96.17692030835673,0.6157490404761269,4.349510070005294,505.9767010509593,1.0,10m_refined,0.0,501.627190980954,4.289723285997752,0.8,13,solution,1.1922540459505793,-30.75284194946289,-198.97962951660156,2.7760562896728516,501.627190980954,8.826566100120544
,,,,,,,,,,,,,,12,,raw_lidar_xy_decimated,807,5.0,,-131.9409613661199,12,0.0,2.5428947453899444,137.06053014555425,0.6692238268322691,nan,,,10m_refined,nan,nan,55.97977787499258,0.0,14,no_solution,nan,,,,,
2,0,inf,inf,6,"[309, 328, 331, 330, 359, 295]","[2, 3, 4, 5, 6, 1]",14.49512190419793,0.2730498957296132,144.19966002219118,-539.7557194612862,-530.6564702289013,8.695876240730286,116,7,-0.7978904523180115,raw_lidar_xy_decimated,702,5.0,4.249248186000926,148.4489082081921,7,2.0644579892269186,1.6342051907096538,88.60022573334675,0.5756701137290594,0.3820245183337647,750.0771922566911,1.0,10m_refined,-7.491767557217145,742.2034001811402,13.748352887996589,0.8571428571428571,15,solution,0.7978904523180115,-16.422508239746094,6.153733253479004,0.1715155839920044,749.6951677383573,8.524360656738281
4,0,inf,inf,4,"[287, 289, 276, 265]","[6, 4, 3, 1]",12.484740092526636,0.4262068382786532,-141.48811511651053,-201.39377666396396,-255.34917074604874,5.699037790298462,110,7,-0.3352055736691617,raw_lidar_xy_decimated,283,5.0,3.093106461745066,-138.39500865476546,7,2.041392685158225,1.5244348063971354,101.24228365658294,0.5664128431499781,4.487860884827924,76.81534732580812,1.0,10m_refined,0.0,72.3274864409802,8.15297227499832,0.5714285714285714,16,solution,0.3352055736691617,-178.57537841796875,-323.9828796386719,6.217787742614746,72.3274864409802,0.5187499523162842
,,,,,,,,,,,,,,5,,raw_lidar_xy_decimated,507,5.0,,-143.02059009636423,5,0.0,7.355971123997637,79.05694150420949,1.3844050974507283,nan,,,10m_refined,nan,nan,3.88167478700052,0.0,17,no_solution,nan,,,,,
2,0,inf,inf,7,"[34, 37, 59, 41, 65, 76, 61]","[2, 4, 5, 8, 11, 9, 10]",15.276653584502833,1.0768910682113968,-139.23374675268127,919.7283513930539,619.9907598110029,-15.740832805633545,318,12,-1.0302572619094668,raw_lidar_xy_decimated,542,5.0,0.10991771213264201,-139.12382904054863,12,2.5024271199844326,2.735185420938959,77.11171169803701,0.6965765259536014,-3.6313040993575214,1386.9720829349028,0.7804428044280443,10m_refined,0.0,1390.6033870342603,70.2900343999936,0.5833333333333334,18,solution,1.0302572619094668,-131.5979461669922,-290.22393798828125,5.277122974395752,1390.6033870342603,21.017955780029297
,,,,,,,,,,,,,,8,,raw_lidar_xy_decimated,302,5.0,,-163.07943097450712,8,0.0,1.1301608538017667,114.0209816897071,0.5375776078893073,nan,,,10m_refined,nan,nan,21.705108901005588,0.0,19,no_solution,nan,,,,,
3,0,inf,inf,9,"[356, 350, 373, 372, 342, 344, 378, 366, 374]","[9, 10, 5, 11, 1, 8, 2, 14, 16]",19.886281592570427,0.7434936298567981,-139.55216336999243,-592.6684077843468,-478.000405135602,12.25670838356018,1879,18,-0.6589566588835108,raw_lidar_xy_decimated,592,5.0,2.5321561778380897,-137.02000719215434,18,3.2739267801005254,1.6622626584068714,107.91925458924143,0.578122201985501,0.8783987661620927,423.42150928894546,1.0,10m_refined,0.0,422.54311052278337,105.28941625499283,0.5,20,solution,0.6589566588835108,-194.00518798828125,-337.96356201171875,6.880199909210205,422.54311052278337,5.376508474349976
,,,,,,,,,,,,,,5,,raw_lidar_xy_decimated,364,5.0,,-139.50755383711078,5,0.0,0.7441745556389447,101.24228365658294,0.516596052281207,nan,,,10m_refined,nan,nan,1.6267043920088327,0.0,21,no_solution,nan,,,,,
,,,,,,,,,,,,,,9,,raw_lidar_xy_decimated,458,5.0,,-154.6185220563164,9,0.0,1.1765278247146427,87.46427842267951,0.5405344937172376,nan,,,10m_refined,nan,nan,11.896209113998339,0.0,22,no_solution,nan,,,,,
3,0,inf,inf,5,"[286, 292, 275, 291, 320]","[3, 4, 2, 6, 13]",9.580735484987073,0.27518513605970235,-160.59637426214425,-249.9911800503685,-378.8587207876306,6.820131540298462,1553,14,-0.1968072335829223,raw_lidar_xy_decimated,517,5.0,1.654098528209488,-158.94227573393476,14,3.1911714557285586,1.3427174752576592,109.8339053303207,0.5522221421412608,2.6905274451017114,5.378496903133353,1.0,10m_refined,0.0,2.687969458031642,119.5623870499985,0.35714285714285715,23,solution,0.1968072335829223,-252.51278686523438,-377.9277648925781,6.394556045532227,2.687969458031642,0.42557549476623535
,,,,,,,,,,,,,,3,,raw_lidar_xy_decimated,779,5.0,,-138.21486385709562,3,0.0,6.1358619578963784,137.2953021774598,1.1856111594968957,nan,,,10m_refined,nan,nan,0.004400841993629001,0.0,24,no_solution,nan,,,,,
,,,,,,,,,,,,,,6,,raw_lidar_xy_decimated,618,5.0,,116.45158980740251,6,0.0,4.433998710563736,78.55795280313883,0.9228393685327579,nan,,,10m_refined,nan,nan,3.6918858639983227,0.0,25,no_solution,nan,,,,,
,,,,,,,,,,,,,,6,,raw_lidar_xy_decimated,483,5.0,,94.64262420433211,6,0.0,0.8619738245001567,60.41522986797286,0.5241888876503693,nan,,,10m_refined,nan,nan,4.005927645994234,0.0,26,no_solution,nan,,,,,
2,0,inf,inf,5,"[289, 258, 263, 280, 284]","[7, 3, 2, 6, 9]",12.425094107332068,0.7642671871613819,162.9487381444465,-205.01925528525342,-154.57968320275586,3.817875862121582,687,10,-0.5508014393468538,raw_lidar_xy_decimated,542,5.0,2.2869058191378713,165.23564396358438,10,2.8369567370595505,0.7875310404938101,90.14961258039622,0.5186365232612957,0.39794733043100905,238.70222359816887,1.0,10m_refined,0.0,238.30427626773786,50.11893392899947,0.5,27,solution,0.5508014393468538,-355.8419494628906,-339.0829162597656,6.069794654846191,238.30427626773786,2.2519187927246094
2,0,inf,inf,4,"[305, 334, 287, 292]","[4, 7, 3, 6]",13.135204630309948,0.8378867489189087,-150.66378352404791,-435.55410509704643,-261.85627921987935,7.843842595815659,673,10,-0.6079574097743997,raw_lidar_xy_decimated,683,5.0,4.465520592060955,-146.19826293198696,10,2.828015064223977,1.3026557797915612,115.5413896898227,0.5493303931781522,3.2166906884650643,112.92493581014057,1.0,10m_refined,0.0,109.7082451216755,44.89675594998698,0.4,28,solution,0.6079574097743997,-390.8143615722656,-362.02740478515625,6.942140579223633,109.7082451216755,0.9017020165920258
4,0,inf,inf,6,"[593, 594, 595, 497, 585, 611]","[7, 6, 4, 0, 5, 11]",8.626546287243698,0.4749841637641551,0.9281273147819636,-2.915559144336953,2.8831386547785343,0.08491510152816772,1929,13,-0.15063805482251136,raw_lidar_xy_decimated,6940,0.5,1.2003311920203146,-0.27220387723835904,13,3.2853322276438846,2.1168342750981033,53.39007398384086,0.5330626110401395,1.7400955061896601,5.837656152207644,1.0,1m,0.0,4.097560646017984,320.3944134660014,0.46153846153846156,1,solution,0.15063805482251136,-0.005049131810665131,-0.0011176990810781717,-0.49565547704696655,4.097560646017984,0.5805705785751343
4,0,inf,inf,8,"[914, 1019, 1045, 1034, 1054, 931, 1021, 985]","[0, 2, 9, 6, 11, 1, 3, 5]",9.364980165379178,0.5571425166968973,2.8500426546603452,-758.8949655976437,-343.82489942984995,13.665531635284424,1994,12,-0.3616853583121388,raw_lidar_xy_decimated,6329,0.5,4.781917403225606,-1.9318747485652559,12,3.2997251539756367,0.9907009933795112,63.43578702826874,0.5074458214134474,-5.093510560307891,838.9771601511118,1.0,1m,0.0,844.0706707114197,319.14799261499866,0.6666666666666666,2,solution,0.3616853583121388,12.267229080200195,-0.6570590734481812,-0.8115395307540894,844.0706707114197,14.477071166038513
4,0,inf,inf,7,"[593, 594, 595, 585, 611, 526, 497]","[5, 4, 3, 2, 10, 1, 0]",6.16023850552743,0.3190277341377025,-42.03836177419845,20.070381418614737,-10.6801872302199,0.007704436779022217,1829,13,-0.16992359134767862,raw_lidar_xy_decimated,13086,0.5,1.320164730312598,-40.71819704388585,13,3.262213705476417,1.3080121110547247,61.094189576423716,0.5128681545898531,-1.5532998466645682,2.3079518507675214,1.0,1m,0.0,3.8612516974320896,378.0201580419998,0.5384615384615384,3,solution,0.16992359134767862,23.901281356811523,-10.196999549865723,-0.5373302102088928,3.8612516974320896,0.545034646987915
,,,,,,,,,,,,,,4,,raw_lidar_xy_decimated,8336,0.5,,-64.79133493705918,4,0.0,2.0616681110530806,53.5089919789138,0.5322511583862435,nan,,,1m,nan,nan,10.322693973999776,0.0,4,no_solution,nan,,,,,
,,,,,,,,,,,,,,3,,raw_lidar_xy_decimated,8257,0.5,,-147.34555813717074,3,0.0,4.189691068557763,43.846322536787504,0.6198028768349964,nan,,,1m,nan,nan,0.05479085499973735,0.0,5,no_solution,nan,,,,,
3,0,inf,inf,11,"[731, 715, 672, 790, 777, 795, 695, 677, 747, 853, 673]","[2, 4, 1, 11, 8, 6, 3, 0, 7, 13, 5]",12.619194620804842,1.0909088766326418,-146.2709945938839,-275.72396407986287,-94.98820976674415,6.37228924036026,1924,14,-0.6356787696275122,raw_lidar_xy_decimated,14748,0.5,2.9860216485729723,-149.25701624245687,14,3.284205067701794,1.5612965017080072,75.15339144046096,0.5183078812294988,2.265486909987146,279.3699503065166,1.0,1m,0.0,277.10446339652947,421.6140284239991,0.7857142857142857,6,solution,0.6356787696275122,-0.9627990126609802,-59.02731704711914,-0.45432978868484497,277.10446339652947,6.826619029045105
,,,,,,,,,,,,,,2,,,,,,-109.2759993649763,2,0.0,5.483121898883482,58.72508511399053,0.7667279313645011,nan,,,1m,nan,nan,,0.0,7,skipped_insufficient_features,nan,,,,,
,,,,,,,,,,,,,,1,,,,,,-114.39735521942477,1,0.0,9.850605530696782,23.717082451262844,1.0018826182668608,nan,,,1m,nan,nan,,0.0,8,skipped_insufficient_features,nan,,,,,
,,,,,,,,,,,,,,1,,,,,,-104.79089921902104,1,0.0,9.719957294747607,29.841246622753548,0.9917261363856072,nan,,,1m,nan,nan,,0.0,9,skipped_insufficient_features,nan,,,,,
,,,,,,,,,,,,,,1,,,,,,-111.72540843703277,1,0.0,9.860627893809427,38.6846222677694,1.002663508148176,nan,,,1m,nan,nan,,0.0,10,skipped_insufficient_features,nan,,,,,
,,,,,,,,,,,,,,4,,raw_lidar_xy_decimated,13361,0.5,,-110.5384072461038,4,0.0,1.0350888385855304,147.37088292282374,0.5081265094141517,nan,,,1m,nan,nan,11.166560706999007,0.0,11,no_solution,nan,,,,,
4,0,inf,inf,5,"[663, 734, 730, 672, 631]","[4, 8, 6, 5, 1]",10.030535397585666,0.5068397913418745,-100.28179955450268,-223.82968355023542,-254.74542132265907,6.036197900772095,1432,9,-0.9698644317468879,raw_lidar_xy_decimated,11468,0.5,4.570522717304613,-95.71127683719807,9,3.1559430179718366,1.8875346915308933,155.5972364793154,0.5264521052018579,-5.598841376054082,206.8221356239623,1.0,1m,0.0,212.4209770000164,449.97241337800006,0.5555555555555556,12,solution,0.9698644317468879,-27.199756622314453,-174.37538146972656,1.2406376600265503,212.4209770000164,4.795560240745544
,,,,,,,,,,,,,,3,,raw_lidar_xy_decimated,7715,0.5,,-99.79358424542976,3,0.0,4.375031316134229,58.96185207403173,0.6295512431962175,nan,,,1m,nan,nan,4.3541206030004105,0.0,13,no_solution,nan,,,,,
2,0,inf,inf,5,"[986, 559, 900, 866, 861]","[11, 0, 9, 1, 3]",9.742566120353468,1.7014090102437471,-128.10865654114923,-433.85065369584845,188.58071375584797,12.48390194773674,403,13,-1.6309178345266717,raw_lidar_xy_decimated,7520,0.5,3.832304824970663,-131.9409613661199,13,2.6053050461411096,2.760174519844473,123.87291875143654,0.555075274739247,1.2739731889761288,564.9357581815236,1.0,1m,0.0,563.6617849925475,193.78892512699895,0.38461538461538464,14,solution,1.6309178345266717,-50.64036178588867,-224.77685546875,3.8478145599365234,563.6617849925475,8.636087387800217
2,0,inf,inf,5,"[978, 916, 829, 955, 994]","[9, 2, 1, 3, 8]",10.386468632184195,0.612236017236645,148.98043385328276,-497.1080273785436,510.91000238389455,12.139117658138275,2205,10,-0.41040664563593454,raw_lidar_xy_decimated,7937,0.5,0.5315256450906531,148.4489082081921,10,3.3434085938038574,2.457600972838313,45.15771507479735,0.5441218210485246,-2.3200038172640234,694.7004116198965,1.0,1m,0.0,697.0204154371605,283.6690289939979,0.5,15,solution,0.41040664563593454,-16.422508239746094,6.153733253479004,0.1715155839920044,697.0204154371605,11.96760207414627
2,0,inf,inf,3,"[519, 524, 483]","[3, 0, 4]",3.5239347257008578,1.1421742173661407,-136.1457628381751,465.08429751288907,875.8021039049725,-3.1896109580993652,34,5,-0.5975826405622084,raw_lidar_xy_decimated,6420,0.5,2.24924581659036,-138.39500865476546,5,1.5314789170422551,2.080391671824128,44.637428241331286,0.5319669355695569,-0.7429623383861781,1360.7935906620244,0.9993769470404984,1m,0.0,1361.5365530004105,32.84810577299868,0.6,16,solution,0.5975826405622084,-178.57537841796875,-323.9828796386719,6.217787742614746,1361.5365530004105,9.407398700714111
2,0,inf,inf,4,"[768, 764, 227, 807]","[6, 4, 0, 8]",9.209921685186286,1.4089291352800213,-142.89942979444226,-345.2786558790213,-364.223271492169,8.108587265014648,3,9,-2.6108503486466352,raw_lidar_xy_decimated,6592,0.5,0.12116030192197513,-143.02059009636423,9,0.47712125471966244,6.15147720658768,44.05110668303352,0.7351205674929565,-0.1059849667805679,262.09476793086844,1.0,1m,1.6196617819298353,263.82041467957885,244.9912146380011,0.4444444444444444,17,solution,2.6108503486466352,-102.15924835205078,-266.02862548828125,3.638662815093994,262.200752897649,4.469924449920654
2,0,inf,inf,6,"[70, 85, 59, 132, 74, 87]","[3, 5, 4, 6, 2, 8]",8.662160200841456,1.0452057939911963,-140.83312013059435,936.1826009831475,664.891645326566,-17.246506452560425,408,9,-0.5094310380128882,raw_lidar_xy_decimated,6894,0.5,1.709291090045724,-139.12382904054863,9,2.61066016308988,3.5046955148229686,58.58754133772811,0.5863219091082187,1.9878566316851902,1434.60820911978,0.9158688714824486,1m,0.0,1432.6203524880948,308.77310576799937,0.6666666666666666,18,solution,0.5094310380128882,-131.5979461669922,-290.22393798828125,5.277122974395752,1432.6203524880948,22.523629426956177
3,0,inf,inf,4,"[231, 229, 237, 194]","[3, 2, 0, 4]",5.096592650596258,0.6411154130043614,-165.09765945053147,705.7969009411148,120.01505192212987,-12.67282086610794,55,5,-0.24986395068039396,raw_lidar_xy_decimated,6335,0.5,2.0182284760243476,-163.07943097450712,5,1.7403626894942439,2.2861885545009133,34.30014577228499,0.5383730712405358,0.5186054898464363,969.7426062195117,1.0,1m,0.0,969.2240007296652,32.19270628799859,0.8,19,solution,0.24986395068039396,-162.78665161132812,-310.0521240234375,5.476531028747559,969.2240007296652,18.1493518948555
7,0,inf,inf,7,"[767, 733, 736, 759, 771, 709, 681]","[7, 1, 4, 6, 10, 0, 2]",6.054760662976384,0.7297076627239545,-140.88513126156715,-191.84975000831372,-338.7325203129709,7.454341173171997,2426,13,-0.11057255421773743,raw_lidar_xy_decimated,10632,0.5,3.865124069412815,-137.02000719215434,13,3.3848907965305544,1.9594122781863479,65.33375850201793,0.5284512521744575,4.341114706283436,6.629609791388734,1.0,1m,0.0,2.2884950851052985,404.80951898499916,0.5384615384615384,20,solution,0.11057255421773743,-194.00518798828125,-337.96356201171875,6.880199909210205,2.2884950851052985,0.574141263961792
,,,,,,,,,,,,,,2,,,,,,-139.50755383711078,2,0.0,6.104262297048139,21.471540936871904,0.7428507630821576,nan,,,1m,nan,nan,,0.0,21,skipped_insufficient_features,nan,,,,,
2,0,inf,inf,4,"[733, 767, 709, 681]","[2, 3, 0, 1]",6.777569180589689,0.7170704428263336,-154.7702088094138,-235.90411990268242,-371.6641356711308,6.460026979446411,8,4,-0.1249091699997316,raw_lidar_xy_decimated,11140,0.5,0.15168675309737978,-154.6185220563164,4,0.9030899869919435,3.0191862818123107,37.53768254409264,0.5745055933135637,3.3408945709903795,3.6100683437893646,1.0,1m,0.0,0.2691737727989852,7.824979981996876,1.0,22,solution,0.1249091699997316,-236.06866455078125,-371.45111083984375,5.889065742492676,0.2691737727989852,0.5709612369537354
3,0,inf,inf,5,"[895, 841, 879, 845, 788]","[7, 5, 6, 4, 3]",13.792482602766041,0.5697267395052933,-156.91056076174635,-406.2621861159126,-131.1433038236311,9.569019973278046,1607,8,-0.6942537155143249,raw_lidar_xy_decimated,8074,0.5,2.0317149721884107,-158.94227573393476,8,3.2060158767633444,1.8829524556593125,98.97616981795365,0.5263458609249447,1.932209085844704,292.692330139326,1.0,1m,0.0,290.76012105348127,222.86890671900255,0.625,23,solution,0.6942537155143249,-252.51278686523438,-377.9277648925781,6.394556045532227,290.76012105348127,3.174463927745819
,,,,,,,,,,,,,,1,,,,,,-138.21486385709562,1,0.0,6.793257469972002,143.71673528159482,0.7776630297482229,nan,,,1m,nan,nan,,0.0,24,skipped_insufficient_features,nan,,,,,
,,,,,,,,,,,,,,4,,raw_lidar_xy_decimated,12931,0.5,,116.45158980740251,4,0.0,5.456125476354783,50.7174232658341,0.6914831629051856,nan,,,1m,nan,nan,8.884014693001518,0.0,25,no_solution,nan,,,,,
8,0,inf,inf,7,"[740, 756, 764, 771, 748, 789, 681]","[1, 3, 6, 8, 4, 9, 0]",5.638011630401577,0.46100531068989675,95.07557186591626,-312.5101494939811,-353.7603625372522,5.658276028931141,1569,10,-0.03570644062964375,raw_lidar_xy_decimated,6979,0.5,0.4329476615841372,94.64262420433211,10,3.1956229435869368,1.1730749800551081,47.80775583040641,0.510740044446236,2.845179129918047,4.336595249416658,1.0,1m,0.0,1.4914161194986113,267.43917921999673,0.7,26,solution,0.03570644062964375,-312.87744140625,-352.31488037109375,5.095863342285156,1.4914161194986113,0.5624126866459846
7,0,inf,inf,9,"[740, 771, 789, 756, 764, 748, 681, 709, 844]","[1, 8, 13, 2, 7, 4, 0, 10, 14]",8.710440479067728,0.8634110566038133,168.44383530239563,-357.3971993340792,-343.2197861572765,6.645580887794495,2503,15,-0.14159727369414357,raw_lidar_xy_decimated,7583,0.5,3.208191338811247,165.23564396358438,15,3.3984608496082234,0.8885806819968594,63.81614215854794,0.505978187820591,2.47708748368568,6.896645686805469,1.0,1m,0.0,4.419558203119789,538.6658090029996,0.6,27,solution,0.14159727369414357,-355.8419494628906,-339.0829162597656,6.069794654846191,4.419558203119789,0.5757862329483032
7,0,inf,inf,8,"[731, 688, 710, 669, 730, 663, 695, 698]","[8, 4, 6, 5, 7, 1, 9, 0]",7.649209335783933,0.9713809681171112,-149.7990852390612,-241.16206183204247,-168.7894608212429,4.61154118925333,2492,12,-0.3670755652290301,raw_lidar_xy_decimated,7390,0.5,3.600822307074253,-146.19826293198696,12,3.396548037987132,1.6356940821544534,60.90638107262173,0.5199881056305307,-0.5985261411175031,243.81242656955402,1.0,1m,0.0,244.41095271067152,274.2089633760006,0.6666666666666666,28,solution,0.3670755652290301,-390.8143615722656,-362.02740478515625,6.942140579223633,244.41095271067152,2.3305993899703026
2,0,inf,inf,4,"[488, 546, 545, 495]","[1, 3, 2, 0]",8.23354833568095,1.1363523244823526,0.9604486718677547,-444.8169472785816,-161.1857644590951,8.506591737270355,135,6,-0.498508336214311,raw_lidar_xy_decimated,4666,0.75,1.2326525491061204,-0.27220387723835904,6,2.130333768495006,1.8429099878990534,68.82563925359713,0.5658488232131758,0.004656722385504963,473.11998630290526,1.0,1p5m,0.5926380253052912,473.70796760582505,14.322965295999893,0.6666666666666666,1,solution,0.498508336214311,-0.005049131810665131,-0.0011176990810781717,-0.49565547704696655,473.11532958051976,9.002247214317322
,,,,,,,,,,,,,,6,,raw_lidar_xy_decimated,4352,0.75,,-1.9318747485652559,6,0.0,0.8926516794803229,45.72426430259611,0.5180461777845866,nan,,,1p5m,nan,nan,9.510284927000612,0.0,2,no_solution,nan,,,,,
5,0,inf,inf,5,"[375, 370, 340, 318, 384]","[5, 2, 1, 0, 7]",5.676379493746371,0.3320785325519341,-40.68631480149443,19.74618054632766,-10.699047981214001,-0.020504534244537354,1085,9,-0.19260788827174402,raw_lidar_xy_decimated,8682,0.75,0.03188224239141846,-40.71819704388585,9,3.0354297381845483,1.6402584841048795,87.41924845250044,0.5441739587387749,-1.127404878794883,3.0579165392927314,1.0,1p5m,0.0,4.185321418087614,79.8309895299999,0.5555555555555556,3,solution,0.19260788827174402,23.901281356811523,-10.196999549865723,-0.5373302102088928,4.185321418087614,0.5168256759643555
,,,,,,,,,,,,,,2,,,,,,-64.79133493705918,2,0.0,2.606643132177684,78.9780766841367,0.6176337759029762,nan,,,1p5m,nan,nan,,0.0,4,skipped_insufficient_features,nan,,,,,
,,,,,,,,,,,,,,1,,,,,,-147.34555813717074,1,0.0,4.21426477855112,58.14314232994292,0.7452611685220146,nan,,,1p5m,nan,nan,,0.0,5,skipped_insufficient_features,nan,,,,,
5,0,inf,inf,5,"[375, 340, 366, 318, 370]","[5, 1, 3, 0, 6]",7.986447631435325,0.36733890601767283,-150.1732968671931,-0.2220730783711673,-61.33533680827089,0.11303138732910156,1596,10,-0.22595565785247904,raw_lidar_xy_decimated,10593,0.75,0.9162806247362312,-149.25701624245687,10,3.2030328870147105,1.3107504476631906,95.83621468953822,0.5290140062416686,1.5442607230851864,3.968230633706291,1.0,1p5m,0.0,2.423969910621105,136.11241507400064,0.5,6,solution,0.22595565785247904,-0.9627990126609802,-59.02731704711914,-0.45432978868484497,2.423969910621105,0.5673611760139465
,,,,,,,,,,,,,,2,,,,,,-109.2759993649763,2,0.0,5.310207865707143,62.873677712207794,0.9816551020577058,nan,,,1p5m,nan,nan,,0.0,7,skipped_insufficient_features,nan,,,,,
,,,,,,,,,,,,,,2,,,,,,-114.39735521942477,2,0.0,6.203874989845967,49.588845823161876,1.0109118119316745,nan,,,1p5m,nan,nan,,0.0,8,skipped_insufficient_features,nan,,,,,
,,,,,,,,,,,,,,1,,,,,,-104.79089921902104,1,0.0,9.46840426689757,30.612497447937827,1.3470509798633903,nan,,,1p5m,nan,nan,,0.0,9,skipped_insufficient_features,nan,,,,,
,,,,,,,,,,,,,,1,,,,,,-111.72540843703277,1,0.0,9.54396185523532,39.92649496261849,1.3564976491667993,nan,,,1p5m,nan,nan,,0.0,10,skipped_insufficient_features,nan,,,,,
,,,,,,,,,,,,,,3,,raw_lidar_xy_decimated,8549,0.75,,-110.5384072461038,3,0.0,1.098190154099184,145.60434402860375,0.520259470647308,nan,,,1p5m,nan,nan,0.013480823999998393,0.0,11,no_solution,nan,,,,,
,,,,,,,,,,,,,,5,,raw_lidar_xy_decimated,7522,0.75,,-95.71127683719807,5,0.0,2.449562266057105,71.72604129603138,0.5940874352176805,nan,,,1p5m,nan,nan,6.840900397000041,0.0,12,no_solution,nan,,,,,
2,0,inf,inf,4,"[414, 403, 366, 303]","[4, 3, 1, 0]",6.489160245269291,1.1396670673150506,-97.94180098371862,-26.805701196935964,-199.15030589968634,3.344308376312256,78,5,-0.13936148799193007,raw_lidar_xy_decimated,5438,0.75,1.851783261711148,-99.79358424542976,5,1.8920946026904804,2.9597189920270597,97.86278659429232,0.6327452642036521,-1.655048186376348,2.2957809099022723,1.0,1p5m,0.0,3.9508290962786203,8.390967887000443,0.8,13,solution,0.13936148799193007,-30.75284194946289,-198.97962951660156,2.7760562896728516,3.9508290962786203,0.5682520866394043
2,0,inf,inf,4,"[347, 349, 342, 306]","[7, 8, 4, 6]",4.6998763993119175,1.0391198327680915,-127.11552700651058,267.2165906770171,-170.31224442114055,-3.0677193999290466,344,9,-1.4754375419410637,raw_lidar_xy_decimated,5603,0.75,4.825434359609318,-131.9409613661199,9,2.53655844257153,2.775484173747969,92.37491542621298,0.6182240211749668,189.52000554429424,512.009441162848,1.0,1p5m,184.4231161693939,506.9125517879477,102.81050269800016,0.4444444444444444,14,solution,1.4754375419410637,-50.64036178588867,-224.77685546875,3.8478145599365234,322.4894356185538,6.91553395986557
,,,,,,,,,,,,,,8,,raw_lidar_xy_decimated,5470,0.75,,148.4489082081921,8,0.0,1.9710894272930692,67.14801548757691,0.5647387528382379,nan,,,1p5m,nan,nan,43.43188548600028,0.0,15,no_solution,nan,,,,,
,,,,,,,,,,,,,,3,,raw_lidar_xy_decimated,3766,0.75,,-138.39500865476546,3,0.0,2.1442395710389905,53.63417753634337,0.5734588475902205,nan,,,1p5m,nan,nan,0.6243397809994349,0.0,16,no_solution,nan,,,,,
,,,,,,,,,,,,,,9,,raw_lidar_xy_decimated,4717,0.75,,-143.02059009636423,9,0.0,6.195381255450746,47.35108235299379,0.9554258796950107,nan,,,1p5m,nan,nan,61.52264481899965,0.0,17,no_solution,nan,,,,,
,,,,,,,,,,,,,,8,,raw_lidar_xy_decimated,4632,0.75,,-139.12382904054863,8,0.0,3.8258394429598903,56.88138339445823,0.7089172334415275,nan,,,1p5m,nan,nan,30.694648661999963,0.0,18,no_solution,nan,,,,,
3,0,inf,inf,3,"[576, 578, 610]","[1, 0, 2]",4.383711847576766,0.6413245735736908,-166.47197354863152,-467.84978122373593,-153.9821831803753,10.15936815738678,11,4,-0.7632520240074747,raw_lidar_xy_decimated,3938,0.75,3.3925425741244055,-163.07943097450712,4,1.041392685158225,1.3901265113801706,40.48290921340515,0.5356842711650787,-0.03616282031310902,342.63180983495806,1.0,1p5m,0.0,342.66797265527117,2.457010015999913,0.75,19,solution,0.7632520240074747,-162.78665161132812,-310.0521240234375,5.476531028747559,342.66797265527117,4.682837128639221
5,0,inf,inf,7,"[489, 465, 477, 474, 492, 452, 430]","[6, 1, 4, 5, 8, 0, 3]",6.474873664098033,0.7277332849166352,-138.55056683558428,-191.87381383572114,-338.15581577301947,7.46293044090271,493,9,-0.0741867145204263,raw_lidar_xy_decimated,6939,0.75,1.5305596434299389,-137.02000719215434,9,2.69284691927723,1.8606925723927765,73.30842379972441,0.5562060768220628,4.931201347524916,7.071228750839092,1.0,1p5m,0.0,2.1400274033141757,51.54209115899994,0.7777777777777778,20,solution,0.0741867145204263,-194.00518798828125,-337.96356201171875,6.880199909210205,2.1400274033141757,0.5827305316925049
,,,,,,,,,,,,,,6,,raw_lidar_xy_decimated,6278,0.75,,-139.50755383711078,6,0.0,0.7772739459624425,86.11205770791807,0.5104562868572103,nan,290.04134544286836,,1p5m,nan,294.0241579775494,7.045648852999875,0.0,21,no_solution,nan,,,,,
2,0,inf,inf,5,"[452, 474, 489, 465, 430]","[0, 3, 4, 2, 1]",6.262154219794174,0.6408608952718917,-157.97069494807081,-236.5914453993461,-372.7623650218448,6.465026617050171,25,5,-0.23148413873184384,raw_lidar_xy_decimated,6893,0.75,3.3521728917544067,-154.6185220563164,5,1.3979400086720377,1.726459511048638,45.65769376567327,0.5487292378615657,1.3382759665191692,2.7499017474687197,1.0,1p5m,0.0,1.4116257809495505,3.884231046000423,1.0,22,solution,0.23148413873184384,-236.06866455078125,-371.45111083984375,5.889065742492676,1.4116257809495505,0.5759608745574951
2,0,inf,inf,4,"[52, 53, 42, 39]","[6, 7, 5, 2]",12.960991046420867,0.9199271849550101,-155.86863570045955,990.4479905505796,208.3997256281707,-18.4273379445076,705,9,-0.650740422639557,raw_lidar_xy_decimated,5237,0.75,3.0736400334752148,-158.94227573393476,9,2.848189116991399,1.8665524154343813,52.66046904462588,0.5565428726753545,-6.46821327177031,1367.8430398053788,0.6270765705556617,1p5m,0.0,1374.311253077149,76.56302918899928,0.4444444444444444,23,solution,0.650740422639557,-252.51278686523438,-377.9277648925781,6.394556045532227,1374.311253077149,24.821893990039825
,,,,,,,,,,,,,,2,,,,,,-138.21486385709562,2,0.0,6.490661300453956,109.66407364404668,0.9891624335967374,nan,,,1p5m,nan,nan,,0.0,24,skipped_insufficient_features,nan,,,,,
,,,,,,,,,,,,,,2,,,,,,116.45158980740251,2,0.0,5.852012544555982,96.37896255100783,0.9171158536395261,nan,,,1p5m,nan,nan,,0.0,25,skipped_insufficient_features,nan,,,,,
2,0,inf,inf,5,"[154, 130, 138, 189, 121]","[4, 0, 1, 8, 2]",10.051102721073008,0.5997729897467513,97.23353682538679,628.4329454257978,-257.3494816235615,-13.408379822969437,320,9,-0.4385055534596426,raw_lidar_xy_decimated,4500,0.75,2.5909126210546845,94.64262420433211,9,2.505149978319906,0.9218279960392677,66.45016930001006,0.5143569174817999,2.918559426429283,949.0071764793867,1.0,1p5m,2.6769164772067597,948.7655335301641,40.37998965599945,0.5555555555555556,26,solution,0.4385055534596426,-312.87744140625,-352.31488037109375,5.095863342285156,946.0886170529574,18.504243165254593
,,,,,,,,,,,,,,6,,raw_lidar_xy_decimated,4957,0.75,,165.23564396358438,6,0.0,1.4121554130004956,62.818609596359856,0.5369256667426212,nan,,,1p5m,nan,nan,14.911118293999607,0.0,27,no_solution,nan,,,,,
,,,,,,,,,,,,,,8,,raw_lidar_xy_decimated,5031,0.75,,-146.19826293198696,8,0.0,1.4892251075600158,79.00313296019871,0.5370600358618955,nan,234.33113232266294,,1p5m,nan,235.1024208578766,41.72404224499951,0.0,28,no_solution,nan,,,,,
4,0,inf,inf,6,"[469, 524, 520, 499, 478, 519]","[2, 4, 3, 5, 0, 6]",11.187150098898316,1.278300933449912,-2.1512617696160916,-443.6703201866643,-160.23802687180677,8.585423707962036,614,8,-0.48494494069210864,raw_lidar_xy_decimated,3512,1.0,1.8790578923777446,-0.27220387723835904,8,2.788168371141168,1.3178885658247452,83.47140959776644,0.5353871538166457,-2.283466596839048,469.43121390548015,1.0,2m,0.0,471.7146805023192,174.7161684959974,0.75,1,solution,0.48494494069210864,-0.005049131810665131,-0.0011176990810781717,-0.49565547704696655,471.7146805023192,9.081079185009003
3,0,inf,inf,5,"[552, 492, 469, 540, 551]","[3, 1, 0, 6, 2]",11.610472682285813,0.41620977813799437,-6.78702228537339,-451.5119730686876,-116.7658757276946,9.31932806968689,234,7,-0.521158947944157,raw_lidar_xy_decimated,3285,1.0,4.855147536808147,-1.9318747485652559,7,2.369215857410143,1.0661446997312454,59.682493245507096,0.5216943322181188,8.683417874391125,486.77588346102675,1.0,2m,0.0,478.0924655866356,87.0036615450008,0.7142857142857143,2,solution,0.521158947944157,12.267229080200195,-0.6570590734481812,-0.8115395307540894,478.0924655866356,10.130867600440979
4,0,inf,inf,5,"[364, 358, 330, 313, 374]","[7, 3, 1, 0, 9]",5.545241180442634,0.31887276465673653,-41.59882514541464,20.38057955288403,-10.045953509451387,-0.03912770748138428,1777,11,-0.20778149444576668,raw_lidar_xy_decimated,6395,1.0,0.8806281015287709,-40.71819704388585,11,3.2496874278053016,1.6806384332607833,86.31338250816034,0.5523563805102933,-0.3634453828533255,3.160495039245658,1.0,2m,0.0,3.5239404220989834,382.74082528599683,0.45454545454545453,3,solution,0.20778149444576668,23.901281356811523,-10.196999549865723,-0.5373302102088928,3.5239404220989834,0.49820250272750854
2,0,inf,inf,4,"[463, 565, 511, 451]","[1, 3, 2, 0]",12.082364643519844,1.1372284869209859,-67.60687727791559,-525.888327994853,-551.9145011961369,7.416910409927368,45,4,-0.7169634308985877,raw_lidar_xy_decimated,3816,1.0,2.8155423408564104,-64.79133493705918,4,1.6532125137753437,1.5715214426570903,87.96036909346216,0.546130879118138,-1.258911817628018,763.173969003536,1.0,2m,0.0,764.432880821164,13.768386922998616,1.0,4,solution,0.7169634308985877,36.56502151489258,-34.223609924316406,-2.5595836639404297,764.432880821164,9.976494073867798
,,,,,,,,,,,,,,3,,raw_lidar_xy_decimated,3797,1.0,,-147.34555813717074,3,0.0,1.4633250657739798,110.78808600206071,0.5401521091208001,nan,,,2m,nan,nan,0.014724220000061905,0.0,5,no_solution,nan,,,,,
4,0,inf,inf,5,"[330, 364, 313, 355, 358]","[1, 4, 0, 3, 5]",7.419282327607086,0.3543381785920999,-149.751968103109,-1.1790415280377644,-56.57092364246468,0.08658981323242188,1253,10,-0.1191661242570508,raw_lidar_xy_decimated,8078,1.0,0.4949518606521224,-149.25701624245687,10,3.09795107099415,1.251603732082826,101.39604483273106,0.5305551671556732,1.1445979253423704,3.6104911476629202,1.0,2m,0.0,2.46589322232055,444.16714014399986,0.5,6,solution,0.1191661242570508,-0.9627990126609802,-59.02731704711914,-0.45432978868484497,2.46589322232055,0.5409196019172668
,,,,,,,,,,,,,,3,,raw_lidar_xy_decimated,5861,1.0,,-109.2759993649763,3,0.0,0.23709392418976177,93.60555539069249,0.5010947257743708,nan,,,2m,nan,nan,0.02385046600102214,0.0,7,no_solution,nan,,,,,
,,,,,,,,,,,,,,2,,,,,,-114.39735521942477,2,0.0,6.334611870797781,48.96915912708378,1.0755825823289311,nan,,,2m,nan,nan,,0.0,8,skipped_insufficient_features,nan,,,,,
,,,,,,,,,,,,,,1,,,,,,-104.79089921902104,1,0.0,9.064569628598262,31.906112267087636,1.3707625933324046,nan,,,2m,nan,nan,,0.0,9,skipped_insufficient_features,nan,,,,,
,,,,,,,,,,,,,,1,,,,,,-111.72540843703277,1,0.0,9.787611387150072,38.91015291668744,1.4678425673511446,nan,,,2m,nan,nan,,0.0,10,skipped_insufficient_features,nan,,,,,
3,0,inf,inf,4,"[444, 445, 433, 413]","[2, 3, 5, 0]",7.2287092175764736,1.6412978483889835,-113.51435388013638,-310.99742854628903,-348.57275675272604,6.951306581497192,39,6,-1.1589806580569084,raw_lidar_xy_decimated,5926,1.0,2.9759466340325957,-110.5384072461038,6,1.591064607026499,1.191104267140652,147.71002345324752,0.5269465200580548,-3.6691999971974383,339.732648708601,1.0,2m,0.0,343.40184870579844,35.00593061499967,0.6666666666666666,11,solution,1.1589806580569084,-26.17138671875,-156.74221801757812,-0.03909933567047119,343.40184870579844,6.990405917167664
4,0,inf,inf,5,"[389, 403, 355, 300, 364]","[7, 8, 2, 0, 6]",10.16199195231547,0.5529958323704127,-96.8259181078475,-24.1240813355014,-173.15199051777893,1.7334662675857544,861,9,-0.19844356138158203,raw_lidar_xy_decimated,5412,1.0,1.1146412706494289,-95.71127683719807,9,2.935003151453655,1.5817892046004753,108.78419002777932,0.5466293873101028,1.8813430758404572,5.1913980438462595,1.0,2m,0.0,3.3100549680058022,148.8811666770016,0.5555555555555556,12,solution,0.19844356138158203,-27.199756622314453,-174.37538146972656,1.2406376600265503,3.3100549680058022,0.4928286075592041
3,0,inf,inf,4,"[355, 403, 389, 300]","[1, 4, 3, 0]",6.130203365328945,1.1384011333099961,-99.21741943476552,-27.77513758965241,-199.92960624838324,3.33257257938385,113,6,-0.18148203318664544,raw_lidar_xy_decimated,4026,1.0,0.5761648106642383,-99.79358424542976,6,2.05307844348342,2.5349588788814152,85.00918864539803,0.6146016809402984,1.0804208722469948,4.205989467776605,1.0,2m,0.0,3.12556859552961,43.507585888000904,0.6666666666666666,13,solution,0.18148203318664544,-30.75284194946289,-198.97962951660156,2.7760562896728516,3.12556859552961,0.5565162897109985
2,0,inf,inf,4,"[569, 528, 499, 548]","[8, 7, 2, 6]",14.939040975923463,1.143101119414405,-134.4995453152127,-499.73401969655345,-451.716451693178,11.12787115573883,468,10,-1.605753966940999,raw_lidar_xy_decimated,4456,1.0,2.558583949092821,-131.9409613661199,10,2.670245853074124,2.8071276140424892,133.19529976875225,0.635529112408409,3.601659873926053,506.77826297674085,1.0,2m,0.0,503.1766031028148,366.84877967899956,0.4,14,solution,1.605753966940999,-50.64036178588867,-224.77685546875,3.8478145599365234,503.1766031028148,7.280056595802307
3,0,inf,inf,5,"[520, 519, 492, 425, 491]","[4, 3, 2, 0, 1]",9.113581686900599,0.6243570753377176,147.80590035928773,-377.4870007812814,-77.33429900359624,8.821160674095154,199,6,-0.5194698826334702,raw_lidar_xy_decimated,4115,1.0,0.6430078489043751,148.4489082081921,6,2.298853076409707,1.9894423367506275,66.85148460510646,0.5748686062806467,0.18304265993032232,370.7742180870239,1.0,2m,1.1330901232366841,371.72426555033024,54.105534388003434,0.8333333333333334,15,solution,0.5194698826334702,-16.422508239746094,6.153733253479004,0.1715155839920044,370.59117542709356,8.64964509010315
2,0,inf,inf,4,"[403, 401, 400, 355]","[2, 3, 1, 0]",7.956042260715808,0.7936230639723325,-139.71234166950032,-104.9563324033594,-217.89992666666956,4.016835451126099,54,4,-0.43428187189660766,raw_lidar_xy_decimated,2558,1.0,1.3173330147348565,-138.39500865476546,4,1.7323937598229686,1.588068275727788,103.14613211496638,0.5473101799315755,-0.11957450979073769,129.00577872248982,1.0,2m,0.0,129.12535323228056,9.044088874001318,1.0,16,solution,0.43428187189660766,-178.57537841796875,-323.9828796386719,6.217787742614746,129.12535323228056,2.2009522914886475
2,0,inf,inf,4,"[340, 306, 317, 315]","[7, 4, 6, 3]",4.417201595490126,1.8000523582726926,-141.38020675053764,304.1776047280979,667.2984163137672,-3.9125604331493378,16,8,-3.546322359721244,raw_lidar_xy_decimated,3723,1.0,1.6403833458265922,-143.02059009636423,8,1.2041199826559248,5.77513625954451,53.71293348107275,0.951801694679907,0.1648390894052909,1018.1083567415592,1.0,2m,0.029607740724145515,1017.973125392878,118.70059628200033,0.5,17,solution,3.546322359721244,-102.15924835205078,-266.02862548828125,3.638662815093994,1017.9435176521539,7.551223248243332
,,,,,,,,,,,,,,7,,raw_lidar_xy_decimated,3489,1.0,,-139.12382904054863,7,0.0,4.261370520978764,58.60034129593445,0.7780322281294674,nan,,,2m,nan,nan,61.29628762200082,0.0,18,no_solution,nan,,,,,
,,,,,,,,,,,,,,4,,raw_lidar_xy_decimated,2749,1.0,,-163.07943097450712,4,0.0,1.4166859302245842,53.358494777919084,0.5411153745367774,nan,,,2m,nan,nan,5.815133536001667,0.0,19,no_solution,nan,,,,,
8,0,inf,inf,7,"[444, 455, 447, 470, 433, 475, 413]","[0, 5, 2, 7, 1, 8, 4]",7.814268541806768,0.7279698993412242,-136.01957016234044,-189.5139823835214,-338.9839628275452,7.454330921173096,965,10,-0.13537417954191522,raw_lidar_xy_decimated,4937,1.0,1.0004370298138952,-137.02000719215434,10,2.9845273133437926,1.8545376851496052,89.34204797129314,0.5631866142174615,0.6619655994342475,5.267630112744517,1.0,2m,0.0,4.60566451331027,159.01065669600212,0.7,20,solution,0.13537417954191522,-194.00518798828125,-337.96356201171875,6.880199909210205,4.60566451331027,0.5741310119628906
4,0,inf,inf,6,"[475, 454, 470, 433, 447, 413]","[7, 5, 6, 0, 1, 3]",7.18762516909341,0.7775386459816708,-142.37267435910337,-205.95795355351038,-353.9814834229933,5.657572004944086,111,8,-0.3960921033792208,raw_lidar_xy_decimated,4144,1.0,2.865120521992594,-139.50755383711078,8,2.0453229787866576,0.7036722744826249,106.65788961225084,0.5096061243557388,1.8679480098128147,7.208342160901221,1.0,2m,0.5039402964327895,5.844334447521196,66.12162134200116,0.75,21,solution,0.3960921033792208,-211.0142364501953,-352.2628173828125,5.4391608238220215,5.3403941510884065,0.2184111811220646
2,0,inf,inf,4,"[162, 152, 186, 179]","[1, 3, 2, 0]",5.539336981555852,0.868806911563568,-156.91243075727206,703.8429458074786,-211.1671601314731,-11.359063148498535,42,6,-0.6223375304813936,raw_lidar_xy_decimated,4668,1.0,2.2939087009556545,-154.6185220563164,6,1.6232492903979006,1.4904051084999639,73.94234917353725,0.5421615979526282,1.4054815776569285,954.8858327862913,1.0,2m,0.0,953.4803512086344,23.983570743999735,0.6666666666666666,22,solution,0.6223375304813936,-236.06866455078125,-371.45111083984375,5.889065742492676,953.4803512086344,17.24812889099121
8,0,inf,inf,6,"[454, 470, 446, 413, 433, 447]","[5, 6, 3, 1, 2, 4]",5.666971331981721,0.35999766407581063,-159.18867824401866,-247.32801311892032,-383.6196243771105,6.830154776573181,1166,10,-0.3176150733549017,raw_lidar_xy_decimated,3721,1.0,0.2464025100838967,-158.94227573393476,10,3.0666985504229953,1.7932212369798637,77.10385612682197,0.559224085643014,-2.1371991748898287,5.562095805309878,1.0,2m,0.0,7.699294980199706,191.86077225500048,0.6,23,solution,0.3176150733549017,-252.51278686523438,-377.9277648925781,6.394556045532227,7.699294980199706,0.4355987310409546
,,,,,,,,,,,,,,2,,,,,,-138.21486385709562,2,0.0,6.494979951877178,109.60801883245432,1.039169595471918,nan,,,2m,nan,nan,,0.0,24,skipped_insufficient_features,nan,,,,,
,,,,,,,,,,,,,,3,,raw_lidar_xy_decimated,6538,1.0,,116.45158980740251,3,0.0,5.625891410175086,62.433965115151864,0.9332918491494999,nan,,,2m,nan,nan,1.3742531839998264,0.0,25,no_solution,nan,,,,,
4,0,inf,inf,5,"[426, 409, 445, 410, 403]","[4, 3, 5, 1, 7]",7.429870639697029,0.9436157533801723,91.96440985420443,-198.9265316205516,-154.1758991195677,3.7896842658519745,158,8,-0.4876076951380281,raw_lidar_xy_decimated,3304,1.0,2.678214350127689,94.64262420433211,8,2.1986570869544226,0.8080082180146043,60.22998369397735,0.5128389279300685,-1.8134731480942605,226.75569741605023,1.0,2m,-1.4401741152442185,227.12899644890027,57.16872760000115,0.625,26,solution,0.4876076951380281,-312.87744140625,-352.31488037109375,5.095863342285156,228.56917056414449,1.3061790764331818
3,0,inf,inf,6,"[470, 446, 475, 459, 413, 433]","[4, 1, 5, 3, 0, 6]",7.944519155738218,0.9444224662041142,166.5572388504696,-357.91874548767504,-342.1435604358132,6.607069969177246,215,7,-0.1646441954611005,raw_lidar_xy_decimated,3557,1.0,1.321594886885208,165.23564396358438,7,2.3324384599156054,0.9051664481496223,96.84007434941384,0.5157284616467273,2.944399981865845,6.643132805541299,1.0,2m,0.0,3.698732823675454,62.62622951099911,0.8571428571428571,27,solution,0.1646441954611005,-355.8419494628906,-339.0829162597656,6.069794654846191,3.698732823675454,0.5372753143310547
5,0,inf,inf,5,"[459, 522, 500, 413, 433]","[3, 9, 7, 2, 6]",11.374152301399906,1.0931549825097795,-145.08153748263848,-386.4330154520479,-364.09321349983406,7.497150659561157,2186,11,-0.13805393281896544,raw_lidar_xy_decimated,3798,1.0,1.116725449348479,-146.19826293198696,11,3.339650157613684,1.2778876913355017,113.99122773266372,0.5308923403246539,-2.8488472546374517,1.9950932353753534,1.0,2m,0.0,4.843940490012805,267.00829106699894,0.45454545454545453,28,solution,0.13805393281896544,-390.8143615722656,-362.02740478515625,6.942140579223633,4.843940490012805,0.5550100803375244
5,0,inf,inf,6,"[339, 289, 334, 310, 331, 350]","[7, 0, 6, 1, 4, 11]",10.306397242544174,0.38611609317693457,2.178680075276602,-6.5324402093417575,-2.741623189545237,0.02179408073425293,2090,13,-0.22356912435696713,raw_lidar_xy_decimated,1403,2.5,2.450883952514971,-0.27220387723835904,13,3.3201462861110542,0.9331380372229588,95.19716382329885,0.5147063691152204,-1.164320459330975,5.915030119803859,1.0,5m,0.0,7.079350579134834,404.1786448310013,0.46153846153846156,1,solution,0.22356912435696713,-0.005049131810665131,-0.0011176990810781717,-0.49565547704696655,7.079350579134834,0.5174495577812195
6,0,inf,inf,7,"[443, 507, 518, 495, 449, 515, 491]","[0, 8, 3, 5, 1, 4, 9]",11.105795697067608,0.864227787106334,-3.217161759815476,-463.3978305797409,-127.58265779427748,9.35206413269043,1048,11,-0.5347705043471828,raw_lidar_xy_decimated,1272,2.5,1.285287011250233,-1.9318747485652559,11,3.0203612826477078,0.7114902512255148,63.73774391990981,0.5086008326035787,1.5887161792347797,493.896908871512,1.0,5m,0.0,492.3081926922772,234.62379144100123,0.6363636363636364,2,solution,0.5347705043471828,12.267229080200195,-0.6570590734481812,-0.8115395307540894,492.3081926922772,10.163603663444519
5,0,inf,inf,7,"[449, 443, 546, 491, 485, 518, 507]","[1, 0, 13, 7, 8, 5, 3]",12.715489200147909,1.021545487948912,-43.844999631955226,-456.5217211256711,-150.40193650269578,9.540359020233154,2014,14,-0.6153743568078568,raw_lidar_xy_decimated,2301,2.5,3.1268025880693813,-40.71819704388585,14,3.3040594662175993,0.68717505277128,81.41861565385145,0.5085017543608454,2.630949672851216,503.09442052784834,1.0,5m,0.0,500.4634708549971,503.921665373,0.5,3,solution,0.6153743568078568,23.901281356811523,-10.196999549865723,-0.5373302102088928,500.4634708549971,10.077689230442047
4,0,inf,inf,7,"[208, 117, 240, 190, 159, 175, 107]","[5, 0, 6, 4, 2, 3, 1]",10.808632711516578,1.2922360968456286,-66.90317808183917,558.0547840667725,382.14644603681035,-11.850525140762329,294,7,-0.6015196650888736,raw_lidar_xy_decimated,1204,2.5,2.111843144779982,-64.79133493705918,7,2.4683473304121573,1.5054371941979152,99.56153875869938,0.537448623637563,-1.2062242529949572,666.1134861913227,1.0,5m,0.0,667.3197104443177,91.96582974499688,1.0,4,solution,0.6015196650888736,36.56502151489258,-34.223609924316406,-2.5595836639404297,667.3197104443177,9.2909414768219
2,0,inf,inf,3,"[504, 535, 593]","[0, 2, 6]",7.055174324513614,0.164269321279906,-149.65837572908055,-736.9659040420307,-356.60294873552004,12.598716974258423,252,7,-0.8602055982826067,raw_lidar_xy_decimated,1238,2.5,2.3128175919098055,-147.34555813717074,7,2.401400540781544,1.449462303760904,111.63556780883053,0.5348031607478578,0.4658816311168721,818.0464193108093,1.0,5m,0.0,817.5805376796924,65.454597740998,0.42857142857142855,5,solution,0.8602055982826067,19.5212345123291,-46.497894287109375,-2.1845808029174805,817.5805376796924,14.783297777175903
7,0,inf,inf,7,"[289, 310, 339, 331, 312, 334, 365]","[0, 1, 7, 5, 2, 9, 16]",10.06894139267476,0.47009150028866187,-149.8305282837463,-2.867990964822866,-55.85791015383166,0.12604427337646484,1663,17,-0.16827678924023237,raw_lidar_xy_decimated,2826,2.5,0.5735120412894332,-149.25701624245687,17,3.2208922492195193,0.8953132490235685,117.52659273543158,0.5135534952977377,0.05932667724136653,3.757285090988148,1.0,5m,0.0,3.6979584137467816,339.7354985130005,0.4117647058823529,6,solution,0.16827678924023237,-0.9627990126609802,-59.02731704711914,-0.45432978868484497,3.6979584137467816,0.5803740620613098
,,,,,,,,,,,,,,4,,raw_lidar_xy_decimated,1504,2.5,,-109.2759993649763,4,0.0,0.261390842080018,102.5920808457941,0.5011762799687312,nan,,,5m,nan,nan,7.068009182999958,0.0,7,no_solution,nan,,,,,
,,,,,,,,,,,,,,1,,,,,,-114.39735521942477,1,0.0,9.850605530696782,23.717082451262844,1.3949837836931427,nan,,,5m,nan,nan,,0.0,8,skipped_insufficient_features,nan,,,,,
,,,,,,,,,,,,,,1,,,,,,-104.79089921902104,1,0.0,8.775419797090832,32.59601202601324,1.261120224074857,nan,,,5m,nan,nan,,0.0,9,skipped_insufficient_features,nan,,,,,
2,0,inf,inf,3,"[434, 467, 380]","[2, 3, 0]",5.97852871436779,1.2190003062632961,-112.94893728092327,-279.04374953027656,457.9005215437965,6.980513215065002,3,4,-1.633402962437119,raw_lidar_xy_decimated,1622,2.5,1.2235288438905059,-111.72540843703277,4,0.47712125471966244,0.8047915962886723,154.21405430169307,0.5109812881568321,-1.4982930141686666,657.9534534083781,1.0,5m,0.0,659.4517464225468,5.830562578001263,0.75,10,solution,1.633402962437119,-23.69623565673828,-150.10791015625,-0.596463680267334,659.4517464225468,7.576976895332336
2,0,inf,inf,4,"[432, 383, 403, 385]","[5, 2, 3, 1]",13.367605960554426,0.7516118669461449,-111.76088436319351,-327.77544986119216,-203.19305308785647,7.127267360687256,16,6,-1.1745291056943608,raw_lidar_xy_decimated,1640,2.5,1.22247711708971,-110.5384072461038,6,1.2041199826559248,1.2260563655526866,150.84615351858386,0.5251636916102593,-0.755173910335941,304.40493321829325,1.0,5m,0.0,305.1601071286292,19.25118342099813,0.6666666666666666,11,solution,1.1745291056943608,-26.17138671875,-156.74221801757812,-0.03909933567047119,305.1601071286292,7.166366696357727
8,0,inf,inf,7,"[365, 377, 331, 375, 279, 310, 339]","[9, 10, 5, 11, 0, 2, 8]",11.593399054328966,0.5374232583021396,-95.66431025947723,-23.571626042861006,-173.86341868718682,1.7954351902008057,1748,12,-0.17081038129645507,raw_lidar_xy_decimated,1756,2.5,0.04696657772083768,-95.71127683719807,12,3.2425414282983844,1.6963481635558317,120.96293319759448,0.5472369153300691,1.3048244543040406,4.968898333508858,1.0,5m,0.0,3.6640738792048175,494.0841732489971,0.5833333333333334,12,solution,0.17081038129645507,-27.199756622314453,-174.37538146972656,1.2406376600265503,3.6640738792048175,0.5547975301742554
4,0,inf,inf,6,"[375, 420, 416, 419, 436, 401]","[1, 6, 5, 3, 4, 7]",14.2175568887433,1.1844519844707855,-96.87314682365795,-184.64767004286867,-250.65646741453344,6.840449571609497,482,9,-0.8846494397448026,raw_lidar_xy_decimated,1496,2.5,2.920437421771794,-99.79358424542976,9,2.6830470382388496,2.09373649274215,98.2980162566875,0.5702464313335728,6.988001580988595,169.32750290161002,1.0,5m,0.0,162.33950132062142,105.218506246998,0.6666666666666666,13,solution,0.8846494397448026,-30.75284194946289,-198.97962951660156,2.7760562896728516,162.33950132062142,4.0643932819366455
4,0,inf,inf,7,"[21, 218, 246, 239, 225, 194, 235]","[0, 6, 9, 11, 13, 5, 10]",14.055948817509824,0.8683313641160532,-129.0540977687309,756.2734806312776,898.3177782817357,-7.598519325256348,368,15,-1.8458227911966485,raw_lidar_xy_decimated,1827,2.5,2.886863597388981,-131.9409613661199,15,2.5658478186735176,1.5470163885739308,135.50830232867654,0.5394699226101511,-2.483816757350951,1380.4303184815558,0.8210180623973727,5m,0.0,1382.9141352389067,216.556564626997,0.4666666666666667,14,solution,1.8458227911966485,-50.64036178588867,-224.77685546875,3.8478145599365234,1382.9141352389067,11.446333885192871
4,0,inf,inf,5,"[334, 289, 350, 339, 310]","[5, 0, 9, 8, 2]",7.09287813356867,0.12645872235221634,151.56172087489716,-18.33653182015741,7.874190967704255,0.46675026416778564,551,10,-0.3485911141239493,raw_lidar_xy_decimated,1607,2.5,3.1128126667050537,148.4489082081921,10,2.741151598851785,2.2935323320637337,91.65059648023754,0.583300620852925,3.6866321756400837,6.26024073422232,1.0,5m,0.0,2.573608558582236,134.28327293999973,0.5,15,solution,0.3485911141239493,-16.422508239746094,6.153733253479004,0.1715155839920044,2.573608558582236,0.29523468017578125
2,0,inf,inf,4,"[401, 383, 385, 392]","[7, 3, 2, 6]",11.611357329577062,0.30432498517304446,-140.34571563715284,-164.7284916400842,-230.80849960973939,4.868707895278931,319,8,-0.42651437127164116,raw_lidar_xy_decimated,719,2.5,1.9507069823873735,-138.39500865476546,8,2.503790683057181,1.4720124297214559,104.19991809166092,0.5358741959967586,-0.5366834004628203,93.66098837127201,1.0,5m,-2.7024676459785155,91.49520412575632,90.2012460879996,0.5,16,solution,0.42651437127164116,-178.57537841796875,-323.9828796386719,6.217787742614746,94.19767177173483,1.3490798473358154
,,,,,,,,,,,,,,7,,raw_lidar_xy_decimated,1370,2.5,,-143.02059009636423,7,0.0,6.10168898214184,59.26634795564849,0.9448761100381715,nan,,,5m,nan,nan,45.94040087400208,0.0,17,no_solution,nan,,,,,
7,0,inf,inf,6,"[416, 419, 431, 392, 395, 418]","[6, 7, 9, 4, 3, 8]",10.549518540065796,0.17673962131304832,-138.81407483429035,-127.40661375857346,-290.6432326458093,5.814154148101807,636,11,-0.16785138757373344,raw_lidar_xy_decimated,1327,2.5,0.3097542062582761,-139.12382904054863,11,2.803457115648414,2.2994045502015625,66.04922406811453,0.5836892648751408,-1.6049363076345027,2.607316696126396,1.0,5m,0.0,4.212253003760899,189.98175114699916,0.5454545454545454,18,solution,0.16785138757373344,-131.5979461669922,-290.22393798828125,5.277122974395752,4.212253003760899,0.5370311737060547
3,0,inf,inf,7,"[416, 392, 375, 383, 377, 379, 403]","[10, 9, 8, 4, 3, 5, 6]",13.169780021478545,0.5483724313205303,-167.93621919290902,-132.09437182486346,-224.16463591322457,3.7319591641426086,1012,11,-0.42581556688561445,raw_lidar_xy_decimated,791,2.5,4.856788218401903,-163.07943097450712,11,3.0051805125037805,1.1902170368143632,92.80355596635293,0.5237177936940733,5.556089885772977,96.76286952617359,1.0,5m,0.0,91.20677964040061,335.1815915299994,0.6363636363636364,19,solution,0.42581556688561445,-162.78665161132812,-310.0521240234375,5.476531028747559,91.20677964040061,1.74457186460495
8,0,inf,inf,9,"[431, 421, 444, 422, 441, 409, 388, 426, 419]","[7, 2, 10, 5, 8, 1, 4, 3, 11]",11.829339477126904,0.7361786433446602,-139.91924239920587,-191.72043953386847,-337.6412173463392,7.3809075355529785,1931,13,-0.11321291098610253,raw_lidar_xy_decimated,1477,2.5,2.8992352070515324,-137.02000719215434,13,3.285782273779395,1.4464108207753488,122.11674741819813,0.5346614603156004,9.720891885809886,12.0282673609418,1.0,5m,0.0,2.307375475131915,334.4211267399987,0.6923076923076923,20,solution,0.11321291098610253,-194.00518798828125,-337.96356201171875,6.880199909210205,2.307375475131915,0.5007076263427734
4,0,inf,inf,5,"[409, 421, 444, 441, 426]","[0, 1, 6, 5, 4]",7.211027585820892,0.26225136830369367,-139.32506043473845,-209.3186372651199,-351.143968610201,6.030748724937439,121,8,-0.09691062744051454,raw_lidar_xy_decimated,1023,2.5,0.18249340237233014,-139.50755383711078,8,2.08278537031645,0.6693053419105248,108.60229311130149,0.507655015726413,3.3544152310644986,5.385887399813728,1.0,5m,0.0,2.0314721687492296,34.59432510100305,0.625,21,solution,0.09691062744051454,-211.0142364501953,-352.2628173828125,5.4391608238220215,2.0314721687492296,0.5915879011154175
8,0,inf,inf,7,"[409, 441, 421, 426, 430, 422, 388]","[0, 6, 2, 3, 5, 4, 1]",7.139346672928348,0.5584554164772395,-154.0841649975543,-233.65727000035378,-369.80913205845195,6.4810426235198975,77,7,-0.08824951080291268,raw_lidar_xy_decimated,1251,2.5,0.5343570587621116,-154.6185220563164,7,1.8864907251724818,1.2495864512340746,97.5320460156558,0.5260834435870743,2.686308128094916,5.603655895566634,1.0,5m,0.0,2.917347767471718,28.210045124997123,1.0,22,solution,0.08824951080291268,-236.06866455078125,-371.45111083984375,5.889065742492676,2.917347767471718,0.5919768810272217
8,0,inf,inf,8,"[422, 409, 441, 430, 426, 388, 421, 459]","[3, 2, 7, 6, 4, 1, 5, 11]",4.907124934079973,0.2863506904923993,-159.92701239656543,-248.7244257392058,-381.1313968526248,6.716468572616577,1587,15,-0.20274277471853724,raw_lidar_xy_decimated,1292,2.5,0.9847366626306666,-158.94227573393476,15,3.2005769267548483,1.102839153917288,122.52550754842846,0.5204280311922586,1.0208507093549457,5.98219505908889,1.0,5m,0.0,4.9613443497339444,368.19120838399976,0.5333333333333333,23,solution,0.20274277471853724,-252.51278686523438,-377.9277648925781,6.394556045532227,4.9613443497339444,0.3219125270843506
,,,,,,,,,,,,,,3,,raw_lidar_xy_decimated,2324,2.5,,-138.21486385709562,3,0.0,6.035606396256104,139.32874793092773,0.9374647523546665,nan,,,5m,nan,nan,0.016154195000126492,0.0,24,no_solution,nan,,,,,
,,,,,,,,,,,,,,4,,raw_lidar_xy_decimated,1858,2.5,,116.45158980740251,4,0.0,4.4779276106267005,81.5028479453577,0.7713544434832635,nan,,,5m,nan,nan,5.099280085996725,0.0,25,no_solution,nan,,,,,
2,0,inf,inf,7,"[400, 385, 419, 377, 407, 432, 383]","[6, 1, 2, 8, 7, 9, 0]",15.648351291109426,0.8604574674752075,94.02900787383307,-196.94912550130064,-165.3030537854506,3.6448373198509216,362,10,-0.5129517039881795,raw_lidar_xy_decimated,1174,2.5,0.6136163304990419,94.64262420433211,10,2.558708570533166,0.8198764369964435,61.77247478595571,0.5115210327763868,-6.3463114827723075,213.68277230265912,1.0,5m,-6.137975241592017,213.8911085438394,171.75080618099673,0.7,26,solution,0.5129517039881795,-312.87744140625,-352.31488037109375,5.095863342285156,220.02908378543142,1.4510260224342346
8,0,inf,inf,8,"[426, 441, 444, 422, 459, 430, 388, 409]","[2, 6, 7, 3, 10, 5, 1, 8]",8.427270973848533,0.7964657625877064,164.40564190604732,-356.79124933531773,-338.9383296485736,6.637357831001282,2260,13,-0.10085188823174421,raw_lidar_xy_decimated,1244,2.5,0.8300020575370581,165.23564396358438,13,3.3541084391474008,0.8804410993321751,88.38834764831844,0.5131125915907964,3.321105862925373,4.281353505945711,1.0,5m,0.0,0.9602476430203384,261.7004620830012,0.6153846153846154,27,solution,0.10085188823174421,-355.8419494628906,-339.0829162597656,6.069794654846191,0.9602476430203384,0.5675631761550903
5,0,inf,inf,9,"[420, 377, 379, 392, 490, 401, 491, 416, 436]","[10, 2, 7, 8, 14, 12, 16, 1, 11]",14.31096747007712,1.0531480231080157,-147.7813339954634,-253.42976081904442,-171.83326548549414,5.146777153015137,2078,17,-0.5141327050928411,raw_lidar_xy_decimated,1524,2.5,1.5830710634764387,-146.19826293198696,17,3.3176455432211585,1.1882979360358261,115.81234821900469,0.5236430741718755,-1.61543373003866,233.00839103646126,1.0,5m,0.0,234.62382476649992,200.68596112999876,0.5294117647058824,28,solution,0.5141327050928411,-390.8143615722656,-362.02740478515625,6.942140579223633,234.62382476649992,1.795363426208496
3,0,inf,inf,6,"[336, 341, 291, 333, 314, 351]","[6, 7, 0, 4, 1, 11]",15.757739825840428,0.3675603261608446,0.9953863643255071,3.8670391578251753,-6.240443697297465,-0.009536266326904297,1981,13,-0.23013521198722717,raw_lidar_xy_decimated,1403,2.5,1.2675902415638802,-0.27220387723835904,13,3.296884475538547,0.9331380372229588,95.19716382329885,0.5147063691152204,-4.2756812281339975,3.0674963289426334,1.0,5m_refined,0.0,7.343177557076631,109.00052251100715,0.46153846153846156,1,solution,0.23013521198722717,-0.005049131810665131,-0.0011176990810781717,-0.49565547704696655,7.343177557076631,0.48611921072006226
5,0,inf,inf,7,"[444, 509, 520, 496, 450, 518, 492]","[0, 8, 3, 5, 1, 4, 9]",10.467780078427571,0.8621483469660668,-3.2171617598154767,-463.39783057974097,-127.58265779427748,9.346802711486816,1602,11,-0.5346901142407608,raw_lidar_xy_decimated,1272,2.5,1.285287011250233,-1.9318747485652559,11,3.204662511748219,0.7114902512255148,63.73774391990981,0.5086008326035787,1.3985494443832636,493.7067421366605,1.0,5m_refined,0.0,492.30819269227726,93.59414009399188,0.6363636363636364,2,solution,0.5346901142407608,12.267229080200195,-0.6570590734481812,-0.8115395307540894,492.30819269227726,10.158342242240906
3,0,inf,inf,5,"[341, 351, 336, 291, 311]","[6, 10, 3, 0, 1]",7.983308836100399,0.31078955297390787,-41.891143203698725,23.62341780562359,-11.1796319410134,-0.02508866786956787,1922,14,-0.1947907598374681,raw_lidar_xy_decimated,2301,2.5,1.1729461598128808,-40.71819704388585,14,3.2837533833325265,0.68717505277128,81.41861565385145,0.5085017543608454,4.122086438707072,5.143249779809449,1.0,5m_refined,0.0,1.0211633411023775,106.71409240399953,0.35714285714285715,3,solution,0.1947907598374681,23.901281356811523,-10.196999549865723,-0.5373302102088928,1.0211633411023775,0.512241542339325
3,0,inf,inf,7,"[209, 117, 241, 191, 159, 175, 107]","[5, 0, 6, 4, 2, 3, 1]",10.808632711516577,1.2951891205132118,-66.90317808183917,558.0547840667725,382.14644603681035,-11.851110696792603,538,7,-0.6015737381187519,raw_lidar_xy_decimated,1204,2.5,2.111843144779982,-64.79133493705918,7,2.7307822756663893,1.5054371941979152,99.56153875869938,0.537448623637563,-1.2063012823709869,666.1134091619467,1.0,5m_refined,0.0,667.3197104443177,25.018674898994504,1.0,4,solution,0.6015737381187519,36.56502151489258,-34.223609924316406,-2.5595836639404297,667.3197104443177,9.291527032852173
,,,,,,,,,,,,,,7,,raw_lidar_xy_decimated,1238,2.5,,-147.34555813717074,7,0.0,1.449462303760904,111.63556780883053,0.5348031607478578,nan,,,5m_refined,nan,nan,22.7402020090085,0.0,5,no_solution,nan,,,,,
4,0,inf,inf,7,"[291, 333, 311, 341, 314, 336, 366]","[0, 5, 1, 7, 2, 9, 16]",10.0191580811683,0.44874227338337014,-150.24956517205712,-3.5883992486284164,-55.900620033325,0.08674812316894531,1397,17,-0.21128220778247384,raw_lidar_xy_decimated,2826,2.5,0.9925489296002468,-149.25701624245687,17,3.1451964061141817,0.8953132490235685,117.52659273543158,0.5135534952977377,0.9338133233468406,5.016705780316712,1.0,5m_refined,0.0,4.082892456969871,104.8320890590112,0.4117647058823529,6,solution,0.21128220778247384,-0.9627990126609802,-59.02731704711914,-0.45432978868484497,4.082892456969871,0.5410779118537903
,,,,,,,,,,,,,,4,,raw_lidar_xy_decimated,1504,2.5,,-109.2759993649763,4,0.0,0.26139084208001795,102.5920808457941,0.5011762799687312,nan,,,5m_refined,nan,nan,2.5071838580042822,0.0,7,no_solution,nan,,,,,
,,,,,,,,,,,,,,1,,,,,,-114.39735521942477,1,0.0,9.850605530696782,23.717082451262844,1.3949837836931427,nan,,,5m_refined,nan,nan,,0.0,8,skipped_insufficient_features,nan,,,,,
,,,,,,,,,,,,,,1,,,,,,-104.79089921902104,1,0.0,8.775419797090832,32.59601202601324,1.261120224074857,nan,,,5m_refined,nan,nan,,0.0,9,skipped_insufficient_features,nan,,,,,
2,0,inf,inf,3,"[435, 469, 381]","[2, 3, 0]",5.978528714367807,1.218384094148989,-112.94893728092327,-279.04374953027656,457.9005215437965,6.978790879249573,4,4,-1.6325242593786813,raw_lidar_xy_decimated,1622,2.5,1.2235288438905059,-111.72540843703277,4,0.6020599913279624,0.8047915962886723,154.21405430169307,0.5109812881568321,-1.4983199484457828,657.953426474101,1.0,5m_refined,0.0,659.4517464225468,2.0302418719948037,0.75,10,solution,1.6325242593786813,-23.69623565673828,-150.10791015625,-0.596463680267334,659.4517464225468,7.575254559516907
2,0,inf,inf,4,"[433, 384, 404, 386]","[5, 2, 3, 1]",13.367605960554426,0.7512237831280587,-111.76088436319351,-327.77544986119216,-203.19305308785647,7.1239542961120605,20,6,-1.1739842550109079,raw_lidar_xy_decimated,1640,2.5,1.22247711708971,-110.5384072461038,6,1.3010299956639813,1.2260563655526866,150.84615351858386,0.5251636916102593,-3.026345887843547,302.13376124078565,1.0,5m_refined,0.0,305.1601071286292,6.119517049999558,0.6666666666666666,11,solution,1.1739842550109079,-26.17138671875,-156.74221801757812,-0.03909933567047119,305.1601071286292,7.163053631782532
5,0,inf,inf,8,"[333, 366, 281, 378, 376, 311, 341, 291]","[5, 9, 0, 10, 11, 2, 8, 1]",11.973413391666906,0.7940640974675378,-93.54868197390444,-24.402030732816094,-176.6335605631396,1.7934696674346924,2039,12,-0.1765529460224476,raw_lidar_xy_decimated,1756,2.5,2.1625948632936343,-95.71127683719807,12,3.30941722577814,1.6963481635558317,120.96293319759448,0.5472369153300691,4.464241100467957,8.05960519478402,1.0,5m_refined,0.0,3.5953640943160625,93.2050799580029,0.6666666666666666,12,solution,0.1765529460224476,-27.199756622314453,-174.37538146972656,1.2406376600265503,3.5953640943160625,0.5528320074081421
3,0,inf,inf,4,"[333, 378, 366, 281]","[1, 6, 4, 0]",3.96198629966299,1.1314773382537102,-98.57261603575826,-29.27574735848152,-200.42570380381068,3.370391845703125,764,9,-0.14462925945728675,raw_lidar_xy_decimated,1496,2.5,1.220968209671497,-99.79358424542976,9,2.8830933585756897,2.09373649274215,98.2980162566875,0.5702464313335728,7.483995513370974,9.551104430393435,1.0,5m_refined,0.0,2.0671089170224604,48.53988725300587,0.4444444444444444,13,solution,0.14462925945728675,-30.75284194946289,-198.97962951660156,2.7760562896728516,2.0671089170224604,0.5943355560302734
,,,,,,,,,,,,,,15,,raw_lidar_xy_decimated,1827,2.5,,-131.9409613661199,15,0.0,1.5470163885739308,135.50830232867654,0.5394699226101511,nan,,,5m_refined,nan,nan,32.862627348993556,0.0,14,no_solution,nan,,,,,
5,0,inf,inf,5,"[336, 291, 351, 341, 311]","[5, 0, 9, 8, 2]",7.352804952907243,0.1253002601250649,151.56172087489716,-18.33653182015741,7.874190967704255,0.46395695209503174,797,10,-0.3505782700613533,raw_lidar_xy_decimated,1607,2.5,3.1128126667050537,148.4489082081921,10,2.9014583213961123,2.2935323320637337,91.65059648023754,0.583300620852925,6.817730895713012,9.391339454295249,1.0,5m_refined,0.0,2.573608558582236,55.054499803998624,0.5,15,solution,0.3505782700613533,-16.422508239746094,6.153733253479004,0.1715155839920044,2.573608558582236,0.29244136810302734
2,0,inf,inf,4,"[402, 384, 386, 393]","[7, 3, 2, 6]",11.611357329577071,0.304798587075508,-140.34571563715286,-164.72849164008423,-230.80849960973939,4.867184162139893,527,8,-0.4263326889306019,raw_lidar_xy_decimated,719,2.5,1.950706982387402,-138.39500865476546,8,2.7218106152125467,1.4720124297214559,104.19991809166092,0.5358741959967586,2.080584539551012,96.27825631128584,1.0,5m_refined,-2.7024676459785155,91.49520412575632,26.63102938699012,0.5,16,solution,0.4263326889306019,-178.57537841796875,-323.9828796386719,6.217787742614746,94.19767177173483,1.3506035804748535
,,,,,,,,,,,,,,7,,raw_lidar_xy_decimated,1370,2.5,,-143.02059009636423,7,0.0,6.10168898214184,59.26634795564849,0.9448761100381715,nan,,,5m_refined,nan,nan,25.081912523994106,0.0,17,no_solution,nan,,,,,
5,0,inf,inf,6,"[417, 420, 432, 393, 396, 419]","[6, 7, 9, 4, 3, 8]",10.549518540065796,0.17712607019091678,-138.81407483429035,-127.40661375857346,-290.6432326458093,5.812722682952881,869,11,-0.16717250069680636,raw_lidar_xy_decimated,1327,2.5,0.3097542062582761,-139.12382904054863,11,2.9390197764486663,2.2994045502015625,66.04922406811453,0.5836892648751408,-3.0723356055650664,1.1399173981958326,1.0,5m_refined,0.0,4.212253003760899,99.28143093299877,0.5454545454545454,18,solution,0.16717250069680636,-131.5979461669922,-290.22393798828125,5.277122974395752,4.212253003760899,0.5355997085571289
3,0,inf,inf,7,"[417, 393, 376, 384, 378, 380, 404]","[10, 9, 8, 4, 3, 5, 6]",13.169780021478555,0.5494276649587811,-167.93621919290902,-132.09437182486346,-224.16463591322457,3.7259920239448547,1560,11,-0.4261480998274424,raw_lidar_xy_decimated,791,2.5,4.856788218401903,-163.07943097450712,11,3.1931245983544616,1.1902170368143632,92.80355596635293,0.5237177936940733,3.455539124083856,94.66231876448447,1.0,5m_refined,0.0,91.20677964040061,87.50140961700527,0.6363636363636364,19,solution,0.4261480998274424,-162.78665161132812,-310.0521240234375,5.476531028747559,91.20677964040061,1.7505390048027039
5,0,inf,inf,6,"[460, 396, 410, 437, 442, 445]","[10, 0, 2, 11, 1, 6]",12.546396100327321,0.6912473861855872,-135.93996126772848,-225.31643065803024,-312.07395463846944,7.221171855926514,1765,13,-0.5203152625603259,raw_lidar_xy_decimated,1477,2.5,1.0800459244258604,-137.02000719215434,13,3.2467447097238415,1.4464108207753488,122.11674741819813,0.5346614603156004,-3.4911225413007188,37.13726270183828,1.0,5m_refined,0.0,40.628385243139,55.193938866999815,0.46153846153846156,20,solution,0.5203152625603259,-194.00518798828125,-337.96356201171875,6.880199909210205,40.628385243139,0.3409719467163086
4,0,inf,inf,5,"[410, 422, 445, 442, 427]","[0, 1, 6, 5, 4]",7.211027585820891,0.2614959810001506,-139.32506043473845,-209.3186372651199,-351.143968610201,6.027914881706238,214,8,-0.09612123531526272,raw_lidar_xy_decimated,1023,2.5,0.18249340237233014,-139.50755383711078,8,2.330413773349191,0.6693053419105248,108.60229311130149,0.507655015726413,4.122186576171069,6.153658744920299,1.0,5m_refined,0.0,2.0314721687492296,16.00548710100702,0.625,21,solution,0.09612123531526272,-211.0142364501953,-352.2628173828125,5.4391608238220215,2.0314721687492296,0.5887540578842163
5,0,inf,inf,7,"[410, 442, 422, 427, 431, 423, 389]","[0, 6, 2, 3, 5, 4, 1]",7.139346672928339,0.5602852745749963,-154.08416499755432,-233.65727000035378,-369.80913205845195,6.478208780288696,127,7,-0.08762576644973911,raw_lidar_xy_decimated,1251,2.5,0.5343570587620832,-154.6185220563164,7,2.103803720955957,1.2495864512340746,97.5320460156558,0.5260834435870743,2.5893661078372916,5.50671387530901,1.0,5m_refined,0.0,2.917347767471718,9.168999228000757,1.0,22,solution,0.08762576644973911,-236.06866455078125,-371.45111083984375,5.889065742492676,2.917347767471718,0.5891430377960205
4,0,inf,inf,4,"[468, 477, 471, 464]","[3, 2, 5, 0]",12.104872467253227,1.3539603404182765,-158.62206423170008,-426.63960404245836,-456.77573848656033,8.647581338882446,1519,15,-0.8899202905241779,raw_lidar_xy_decimated,1292,2.5,0.32021150223468453,-158.94227573393476,15,3.1815577738627865,1.102839153917288,122.52550754842846,0.5204280311922586,3.323402120645653,194.47033879541348,1.0,5m_refined,0.0,191.14693667476783,53.53358479999588,0.26666666666666666,23,solution,0.8899202905241779,-252.51278686523438,-377.9277648925781,6.394556045532227,191.14693667476783,2.2530252933502197
,,,,,,,,,,,,,,3,,raw_lidar_xy_decimated,2324,2.5,,-138.21486385709562,3,0.0,6.035606396256104,139.32874793092773,0.9374647523546665,nan,,,5m_refined,nan,nan,0.011458068998763338,0.0,24,no_solution,nan,,,,,
,,,,,,,,,,,,,,4,,raw_lidar_xy_decimated,1858,2.5,,116.45158980740251,4,0.0,4.4779276106267005,81.5028479453577,0.7713544434832635,nan,,,5m_refined,nan,nan,1.7292143009981373,0.0,25,no_solution,nan,,,,,
2,0,inf,inf,7,"[401, 386, 420, 378, 408, 433, 384]","[6, 1, 2, 8, 7, 9, 0]",15.64835129110943,0.8604916415639683,94.02900787383307,-196.94912550130064,-165.3030537854506,3.6437990069389343,524,10,-0.5129139042306511,raw_lidar_xy_decimated,1174,2.5,0.6136163304990419,94.64262420433211,10,2.7193312869837265,0.8198764369964435,61.77247478595571,0.5115210327763868,-8.767710275055947,211.26137351037548,1.0,5m_refined,-6.137975241592017,213.8911085438394,46.542950427989126,0.7,26,solution,0.5129139042306511,-312.87744140625,-352.31488037109375,5.095863342285156,220.02908378543142,1.452064335346222
5,0,inf,inf,8,"[427, 442, 445, 423, 460, 431, 389, 410]","[2, 6, 7, 3, 10, 5, 1, 8]",8.427270973848527,0.7967179317858395,164.40564190604732,-356.79124933531773,-338.9383296485736,6.634029030799866,2387,13,-0.10147561371764234,raw_lidar_xy_decimated,1244,2.5,0.8300020575370581,165.23564396358438,13,3.3778524190067545,0.8804410993321751,88.38834764831844,0.5131125915907964,3.7147264030120484,4.6749740460323865,1.0,5m_refined,0.0,0.9602476430203384,133.75996409800428,0.6153846153846154,27,solution,0.10147561371764234,-355.8419494628906,-339.0829162597656,6.069794654846191,0.9602476430203384,0.5642343759536743
2,0,inf,inf,10,"[499, 477, 535, 460, 498, 471, 470, 445, 536, 472]","[11, 6, 13, 5, 10, 0, 4, 9, 15, 7]",17.360406919753377,0.7375845693199429,-143.02678509973032,-491.305926700159,-382.73065650619213,9.177227020263672,2163,17,-0.4861249271909467,raw_lidar_xy_decimated,1524,2.5,3.1714778322566417,-146.19826293198696,17,3.3350565194390915,1.1882979360358261,115.81234821900469,0.5236430741718755,4.476728168734496,107.07877148989944,1.0,5m_refined,0.0,102.60204332116494,61.42235926799185,0.5882352941176471,28,solution,0.4861249271909467,-390.8143615722656,-362.02740478515625,6.942140579223633,102.60204332116494,2.235086441040039
