frame_index,frame_id,run_id,source_sequence,source_frame_index,timestamp_ns,scan_path,pose_path,transform_path,global_frame,tx,ty,tz,qx,qy,qz,qw,stage_origin_x_m,stage_origin_y_m,stage_yaw_deg,quality_flag,sensor_config_id
0,000000,final_loop,apollo14_cone_crater_clockwise_1p4_final_02,0,53883336143,scans/000000.npy,poses/000000.npy,transforms/000000.npz,global_dem,805.0780334999259,-5815.662621658695,-0.08021073280830665,-0.06678047170532717,0.03646063059745732,0.9690323152601633,-0.2349199076212515,805.06,-5815.75,-154.6515,included,os1_rev7_128ch20hz1024res_rtx
1,000001,final_loop,apollo14_cone_crater_clockwise_1p4_final_02,1,57450002996,scans/000001.npy,poses/000001.npy,transforms/000001.npz,global_dem,804.1310126759965,-5816.134395046952,-0.1892308986735543,-0.064494539583703,0.031321119198970945,0.9713407200983148,-0.22662005060209742,805.06,-5815.75,-154.6515,included,os1_rev7_128ch20hz1024res_rtx
2,000002,final_loop,apollo14_cone_crater_clockwise_1p4_final_02,2,58966669742,scans/000002.npy,poses/000002.npy,transforms/000002.npz,global_dem,803.2036284338014,-5816.576522359457,-0.3064753638647726,-0.06520998582127423,0.03239984714960371,0.9719641900155195,-0.22356994650745574,805.06,-5815.75,-154.6515,included,os1_rev7_128ch20hz1024res_rtx
3,000003,final_loop,apollo14_cone_crater_clockwise_1p4_final_02,3,61200003191,scans/000003.npy,poses/000003.npy,transforms/000003.npz,global_dem,802.3053950431248,-5817.010875296327,-0.4241459597728632,-0.06921157570616633,0.03148438999952368,0.9723724051463523,-0.22070431958737408,805.06,-5815.75,-154.6515,included,os1_rev7_128ch20hz1024res_rtx
4,000004,final_loop,apollo14_cone_crater_clockwise_1p4_final_02,4,62433336589,scans/000004.npy,poses/000004.npy,transforms/000004.npz,global_dem,801.4371896602161,-5817.549228091973,-0.5198241685860086,0.04552884924878422,0.0713409235900564,0.9553236357490313,-0.28318606513501204,805.06,-5815.75,-154.6515,included,os1_rev7_128ch20hz1024res_rtx
5,000005,final_loop,apollo14_cone_crater_clockwise_1p4_final_02,5,63366669971,scans/000005.npy,poses/000005.npy,transforms/000005.npz,global_dem,800.4801003426498,-5818.200592626197,-0.6490821129482259,-0.05758279061687182,0.03057250114222044,0.951386636930388,-0.3010199519449973,805.06,-5815.75,-154.6515,included,os1_rev7_128ch20hz1024res_rtx
6,000006,final_loop,apollo14_cone_crater_clockwise_1p4_final_02,6,64750003376,scans/000006.npy,poses/000006.npy,transforms/000006.npz,global_dem,799.5869923699812,-5818.770474878701,-0.7511138511935479,-0.05643469289075185,0.029358790303899165,0.962023733797219,-0.26544966091723665,805.06,-5815.75,-154.6515,included,os1_rev7_128ch20hz1024res_rtx
7,000007,final_loop,apollo14_cone_crater_clockwise_1p4_final_02,7,66700003478,scans/000007.npy,poses/000007.npy,transforms/000007.npz,global_dem,798.6889594108444,-5819.278755498371,-0.8504625816892037,-0.055707246473447346,0.02446859003593575,0.9689393710739601,-0.2396966540751008,805.06,-5815.75,-154.6515,included,os1_rev7_128ch20hz1024res_rtx
8,000008,final_loop,apollo14_cone_crater_clockwise_1p4_final_02,8,68983336931,scans/000008.npy,poses/000008.npy,transforms/000008.npz,global_dem,797.7399520800167,-5819.731537799466,-0.9449921871370619,-0.016661108556956673,0.03117823100698895,0.9749359718292848,-0.2196592274552023,805.06,-5815.75,-154.6515,included,os1_rev7_128ch20hz1024res_rtx
9,000009,final_loop,apollo14_cone_crater_clockwise_1p4_final_02,9,69900003645,scans/000009.npy,poses/000009.npy,transforms/000009.npz,global_dem,796.8447281567676,-5820.142193275378,-1.0333676124049151,0.015058574069090098,0.0398604654909647,0.9750437188282415,-0.21788558697500557,805.06,-5815.75,-154.6515,included,os1_rev7_128ch20hz1024res_rtx
10,000010,final_loop,apollo14_cone_crater_clockwise_1p4_final_02,10,71050003705,scans/000010.npy,poses/000010.npy,transforms/000010.npz,global_dem,795.8076044117345,-5820.595863084278,-1.1421926602112413,-0.04594997958270612,0.01697247108844079,0.9816330505518157,-0.1843829945136953,805.06,-5815.75,-154.6515,included,os1_rev7_128ch20hz1024res_rtx
11,000011,final_loop,apollo14_cone_crater_clockwise_1p4_final_02,11,72633337121,scans/000011.npy,poses/000011.npy,transforms/000011.npz,global_dem,794.8428425907567,-5820.962184672391,-1.2320852409156229,-0.05038045385953957,0.0180097029906437,0.9830036399589328,-0.17561692485231722,805.06,-5815.75,-154.6515,included,os1_rev7_128ch20hz1024res_rtx
12,000012,final_loop,apollo14_cone_crater_clockwise_1p4_final_02,12,75100003916,scans/000012.npy,poses/000012.npy,transforms/000012.npz,global_dem,793.8818709369658,-5821.295742894978,-1.3223032848545864,-0.015971772488462772,0.02121207145339142,0.9871735077200929,-0.1574274949424043,805.06,-5815.75,-154.6515,included,os1_rev7_128ch20hz1024res_rtx
13,000013,final_loop,apollo14_cone_crater_clockwise_1p4_final_02,13,76200003974,scans/000013.npy,poses/000013.npy,transforms/000013.npz,global_dem,792.9854092823559,-5821.63306286421,-1.4042596053921925,0.10745083273636537,0.038442068294496694,0.9758093828775725,-0.1864740577603067,805.06,-5815.75,-154.6515,included,os1_rev7_128ch20hz1024res_rtx
14,000014,final_loop,apollo14_cone_crater_clockwise_1p4_final_02,14,77116670688,scans/000014.npy,poses/000014.npy,transforms/000014.npz,global_dem,791.8892098167748,-5822.0967411813035,-1.4982690365760043,-0.062330133833308134,0.004744518210783487,0.9738653927756897,-0.21835439248414756,805.06,-5815.75,-154.6515,included,os1_rev7_128ch20hz1024res_rtx
15,000015,final_loop,apollo14_cone_crater_clockwise_1p4_final_02,15,78450004091,scans/000015.npy,poses/000015.npy,transforms/000015.npz,global_dem,790.992366137272,-5822.509209013369,-1.5943112141863316,-0.025537046274353204,0.006762264464796051,0.9753245062171055,-0.21918996012420147,805.06,-5815.75,-154.6515,included,os1_rev7_128ch20hz1024res_rtx
16,000016,final_loop,apollo14_cone_crater_clockwise_1p4_final_02,16,80433337528,scans/000016.npy,poses/000016.npy,transforms/000016.npz,global_dem,790.0434315921917,-5822.943582085497,-1.6848645624405703,-0.03958913552862185,-0.0027947117359487933,0.9796105675926781,-0.1969467587830799,805.06,-5815.75,-154.6515,included,os1_rev7_128ch20hz1024res_rtx
17,000017,final_loop,apollo14_cone_crater_clockwise_1p4_final_02,17,82533337637,scans/000017.npy,poses/000017.npy,transforms/000017.npz,global_dem,789.0497939832777,-5823.275297828356,-1.7315047089129036,-0.027372042733242157,0.037647545853652986,0.9837269718449013,-0.17353581311264674,805.06,-5815.75,-154.6515,included,os1_rev7_128ch20hz1024res_rtx
18,000018,final_loop,apollo14_cone_crater_clockwise_1p4_final_02,18,83550004357,scans/000018.npy,poses/000018.npy,transforms/000018.npz,global_dem,788.0133900477468,-5823.709113484178,-1.8298397696886923,-0.022478044603559906,-0.010134090876035694,0.9856565462467114,-0.1669527195163986,805.06,-5815.75,-154.6515,included,os1_rev7_128ch20hz1024res_rtx
19,000019,final_loop,apollo14_cone_crater_clockwise_1p4_final_02,19,84766671087,scans/000019.npy,poses/000019.npy,transforms/000019.npz,global_dem,787.0330559098777,-5824.038870826813,-1.880040410786472,-0.022573743630169788,-0.00315361194606123,0.9872833314601064,-0.15732801483285425,805.06,-5815.75,-154.6515,included,os1_rev7_128ch20hz1024res_rtx
20,000020,final_loop,apollo14_cone_crater_clockwise_1p4_final_02,20,86433337841,scans/000020.npy,poses/000020.npy,transforms/000020.npz,global_dem,786.0612564175157,-5824.357447271529,-1.9294142972648947,-0.017395375739137024,-0.0007578165573463346,0.9894600113035594,-0.14375573953105214,805.06,-5815.75,-154.6515,included,os1_rev7_128ch20hz1024res_rtx
21,000021,final_loop,apollo14_cone_crater_clockwise_1p4_final_02,21,88783337963,scans/000021.npy,poses/000021.npy,transforms/000021.npz,global_dem,785.095078590776,-5824.638185690498,-1.9728700400779706,-0.007262329441766615,-0.0014032109846585862,0.9908369639611224,-0.134860670391027,805.06,-5815.75,-154.6515,included,os1_rev7_128ch20hz1024res_rtx
22,000022,final_loop,apollo14_cone_crater_clockwise_1p4_final_02,22,89783338015,scans/000022.npy,poses/000022.npy,transforms/000022.npz,global_dem,784.1060356758217,-5824.923645927847,-1.9755491283732212,-0.01687894866106793,-0.0010201754215748442,0.9904003144906397,-0.13719066072822997,805.06,-5815.75,-154.6515,included,os1_rev7_128ch20hz1024res_rtx
23,000023,final_loop,apollo14_cone_crater_clockwise_1p4_final_02,23,90816671403,scans/000023.npy,poses/000023.npy,transforms/000023.npz,global_dem,783.038112380535,-5825.176552321189,-2.0687001843537813,-0.02022955319545762,0.006381826235157524,0.9959125667821777,-0.08779633703492955,805.06,-5815.75,-154.6515,included,os1_rev7_128ch20hz1024res_rtx
24,000024,final_loop,apollo14_cone_crater_clockwise_1p4_final_02,24,92283338146,scans/000024.npy,poses/000024.npy,transforms/000024.npz,global_dem,781.9867046425754,-5825.354879008319,-2.11108177438411,-0.021925390272693152,0.005927029996844335,0.9957890654542241,-0.08881601600280158,805.06,-5815.75,-154.6515,included,os1_rev7_128ch20hz1024res_rtx
25,000025,final_loop,apollo14_cone_crater_clockwise_1p4_final_02,25,94433338258,scans/000025.npy,poses/000025.npy,transforms/000025.npz,global_dem,780.9773615475682,-5825.546031704109,-2.1512531855844483,-0.020962943808607987,0.003691127338866406,0.9948711003819996,-0.09888591502612931,805.06,-5815.75,-154.6515,included,os1_rev7_128ch20hz1024res_rtx
26,000026,final_loop,apollo14_cone_crater_clockwise_1p4_final_02,26,96066671676,scans/000026.npy,poses/000026.npy,transforms/000026.npz,global_dem,780.0429221018661,-5825.737710538745,-2.1710249365357592,0.09069783383329601,0.01748090792646937,0.9892169329995683,-0.11365817288229653,805.06,-5815.75,-154.6515,included,os1_rev7_128ch20hz1024res_rtx
27,000027,final_loop,apollo14_cone_crater_clockwise_1p4_final_02,27,97033338394,scans/000027.npy,poses/000027.npy,transforms/000027.npz,global_dem,778.8528600107571,-5826.025203542053,-2.2086116205154926,-0.03526172944544014,0.01653406859433957,0.9889276621432261,-0.1431967669333613,805.06,-5815.75,-154.6515,included,os1_rev7_128ch20hz1024res_rtx
28,000028,final_loop,apollo14_cone_crater_clockwise_1p4_final_02,28,98300005126,scans/000028.npy,poses/000028.npy,transforms/000028.npz,global_dem,777.8601442530054,-5826.33336543433,-2.2560160612232165,-0.014460739699866628,0.006694157686287437,0.9878912678589445,-0.15432730849804638,805.06,-5815.75,-154.6515,included,os1_rev7_128ch20hz1024res_rtx
29,000029,final_loop,apollo14_cone_crater_clockwise_1p4_final_02,29,100133338555,scans/000029.npy,poses/000029.npy,transforms/000029.npz,global_dem,776.8517109441705,-5826.645896849768,-2.2852401192469336,-0.018123737787002905,0.004650101853571725,0.986695658176819,-0.1614979405948985,805.06,-5815.75,-154.6515,included,os1_rev7_128ch20hz1024res_rtx
30,000030,final_loop,apollo14_cone_crater_clockwise_1p4_final_02,30,102216671997,scans/000030.npy,poses/000030.npy,transforms/000030.npz,global_dem,776.0057816199551,-5826.970766703575,-2.304263154148176,0.10183530272806096,0.02586223066621882,0.9713510219851151,-0.2131616950385879,805.06,-5815.75,-154.6515,included,os1_rev7_128ch20hz1024res_rtx
31,000031,final_loop,apollo14_cone_crater_clockwise_1p4_final_02,31,103216672049,scans/000031.npy,poses/000031.npy,transforms/000031.npz,global_dem,774.9659463729108,-5827.524099949085,-2.3529786397846797,0.062497883540320924,-0.018877423425471242,0.9764884312883343,-0.20544585904282434,805.06,-5815.75,-154.6515,included,os1_rev7_128ch20hz1024res_rtx
32,000032,final_loop,apollo14_cone_crater_clockwise_1p4_final_02,32,104250005437,scans/000032.npy,poses/000032.npy,transforms/000032.npz,global_dem,773.9043619437367,-5827.864404964047,-2.41962485901617,-0.003491290470373709,-0.014163908404894012,0.9951853077550412,-0.0969195430140546,805.06,-5815.75,-154.6515,included,os1_rev7_128ch20hz1024res_rtx
33,000033,final_loop,apollo14_cone_crater_clockwise_1p4_final_02,33,105833338852,scans/000033.npy,poses/000033.npy,transforms/000033.npz,global_dem,772.859266841499,-5828.070552536111,-2.4787822899927474,-0.021562127781080565,-0.017360458751358165,0.994777094044528,-0.09824572398745464,805.06,-5815.75,-154.6515,included,os1_rev7_128ch20hz1024res_rtx
34,000034,final_loop,apollo14_cone_crater_clockwise_1p4_final_02,34,108216672310,scans/000034.npy,poses/000034.npy,transforms/000034.npz,global_dem,771.8776362827385,-5828.286104700521,-2.5246241441598722,-0.013414110029850065,-0.015501959778596806,0.992774472007209,-0.11823112376162755,805.06,-5815.75,-154.6515,included,os1_rev7_128ch20hz1024res_rtx
35,000035,final_loop,apollo14_cone_crater_clockwise_1p4_final_02,35,109466672375,scans/000035.npy,poses/000035.npy,transforms/000035.npz,global_dem,770.8052362970543,-5828.629779785361,-2.552475032812335,0.005204990040752159,-0.05509162048133421,0.9919431223773384,-0.11395904264126203,805.06,-5815.75,-154.6515,included,os1_rev7_128ch20hz1024res_rtx
36,000036,final_loop,apollo14_cone_crater_clockwise_1p4_final_02,36,110483339095,scans/000036.npy,poses/000036.npy,transforms/000036.npz,global_dem,769.7623330694165,-5828.876143008278,-2.59393347187719,-0.011282096215744575,-0.003084593220470679,0.990631008998156,-0.13606396878284227,805.06,-5815.75,-154.6515,included,os1_rev7_128ch20hz1024res_rtx
37,000037,final_loop,apollo14_cone_crater_clockwise_1p4_final_02,37,111816672498,scans/000037.npy,poses/000037.npy,transforms/000037.npz,global_dem,768.7890817310401,-5829.174619539797,-2.629778724401559,-0.010116702425145533,-0.021158459225335713,0.9907803071670196,-0.13343296019079082,805.06,-5815.75,-154.6515,included,os1_rev7_128ch20hz1024res_rtx
38,000038,final_loop,apollo14_cone_crater_clockwise_1p4_final_02,38,113833339270,scans/000038.npy,poses/000038.npy,transforms/000038.npz,global_dem,767.7926472082473,-5829.461539149761,-2.657370416150462,-0.0072842214388204535,-0.019871737318903394,0.9895074215880321,-0.14292346482003396,805.06,-5815.75,-154.6515,included,os1_rev7_128ch20hz1024res_rtx
39,000039,final_loop,apollo14_cone_crater_clockwise_1p4_final_02,39,115733339369,scans/000039.npy,poses/000039.npy,transforms/000039.npz,global_dem,766.7435443028538,-5829.7570024254255,-2.6572844479570645,-0.007518728290380672,0.004731063666267852,0.9880630188854809,-0.15379387657638108,805.06,-5815.75,-154.6515,included,os1_rev7_128ch20hz1024res_rtx
40,000040,final_loop,apollo14_cone_crater_clockwise_1p4_final_02,40,116650006083,scans/000040.npy,poses/000040.npy,transforms/000040.npz,global_dem,765.7606309527212,-5830.001836790019,-2.6440806721840358,-0.011578201083574064,0.04287453877455367,0.9843840798825705,-0.1703399614250361,805.06,-5815.75,-154.6515,included,os1_rev7_128ch20hz1024res_rtx
41,000041,final_loop,apollo14_cone_crater_clockwise_1p4_final_02,41,117766672808,scans/000041.npy,poses/000041.npy,transforms/000041.npz,global_dem,764.8295818304027,-5830.40524614847,-2.689744144017691,0.009743351618569544,-0.02330771481371776,0.986939655830256,-0.15909724472490175,805.06,-5815.75,-154.6515,included,os1_rev7_128ch20hz1024res_rtx
42,000042,final_loop,apollo14_cone_crater_clockwise_1p4_final_02,42,119366672892,scans/000042.npy,poses/000042.npy,transforms/000042.npz,global_dem,763.8931997795723,-5830.724794077314,-2.6732596210079236,0.023385471737262322,-0.023537317325511474,0.9876814806140413,-0.15291961043894697,805.06,-5815.75,-154.6515,included,os1_rev7_128ch20hz1024res_rtx
43,000043,final_loop,apollo14_cone_crater_clockwise_1p4_final_02,43,121816673019,scans/000043.npy,poses/000043.npy,transforms/000043.npz,global_dem,762.9205989154799,-5831.037387030349,-2.6177635971535396,0.04979607968482544,-0.021840659425961285,0.9874509496947257,-0.14826988227838486,805.06,-5815.75,-154.6515,included,os1_rev7_128ch20hz1024res_rtx
44,000044,final_loop,apollo14_cone_crater_clockwise_1p4_final_02,44,122950006412,scans/000044.npy,poses/000044.npy,transforms/000044.npz,global_dem,761.9672883156413,-5831.395287029504,-2.5223302472965248,0.1603256598080177,-0.028595133989067874,0.9724796625593282,-0.16661724708974898,805.06,-5815.75,-154.6515,included,os1_rev7_128ch20hz1024res_rtx
45,000045,final_loop,apollo14_cone_crater_clockwise_1p4_final_02,45,124016673134,scans/000045.npy,poses/000045.npy,transforms/000045.npz,global_dem,760.9388836369087,-5831.821609828999,-2.454962696295577,0.10648972442956793,-0.06140283495170622,0.9771197995225595,-0.17356995083193869,805.06,-5815.75,-154.6515,included,os1_rev7_128ch20hz1024res_rtx
46,000046,final_loop,apollo14_cone_crater_clockwise_1p4_final_02,46,125533339880,scans/000046.npy,poses/000046.npy,transforms/000046.npz,global_dem,759.9122761903434,-5832.240952238739,-2.340455910069919,0.07342129183940237,-0.07534049642047556,0.9835525618733714,-0.14682466256074853,805.06,-5815.75,-154.6515,included,os1_rev7_128ch20hz1024res_rtx
47,000047,final_loop,apollo14_cone_crater_clockwise_1p4_final_02,47,127616673322,scans/000047.npy,poses/000047.npy,transforms/000047.npz,global_dem,758.8129148103951,-5832.508835500292,-2.3152516537600927,-0.05057004955879178,-0.04068758640041481,0.992177891815535,-0.10663124023010756,805.06,-5815.75,-154.6515,included,os1_rev7_128ch20hz1024res_rtx
48,000048,final_loop,apollo14_cone_crater_clockwise_1p4_final_02,48,129300006743,scans/000048.npy,poses/000048.npy,transforms/000048.npz,global_dem,757.8778369154155,-5832.612186005704,-2.483543490994392,0.04430603024880884,0.03154485870001812,0.9945185410395485,-0.08930156270612238,805.06,-5815.75,-154.6515,included,os1_rev7_128ch20hz1024res_rtx
49,000049,final_loop,apollo14_cone_crater_clockwise_1p4_final_02,49,130183340122,scans/000049.npy,poses/000049.npy,transforms/000049.npz,global_dem,756.6836846979448,-5832.779550638389,-2.7785955411073444,-0.11683043849051074,0.041789807134081224,0.9873626568573654,-0.09858622878159001,805.06,-5815.75,-154.6515,included,os1_rev7_128ch20hz1024res_rtx
50,000050,final_loop,apollo14_cone_crater_clockwise_1p4_final_02,50,131133340172,scans/000050.npy,poses/000050.npy,transforms/000050.npz,global_dem,755.6877970350295,-5832.992926776192,-3.0142475508686872,-0.15168354870090742,-0.023915838724945907,0.9869903399285571,-0.04764664310623781,805.06,-5815.75,-154.6515,included,os1_rev7_128ch20hz1024res_rtx
51,000051,final_loop,apollo14_cone_crater_clockwise_1p4_final_02,51,132633340250,scans/000051.npy,poses/000051.npy,transforms/000051.npz,global_dem,754.7217096338014,-5833.1618425854995,-3.303509847212476,-0.11941414806054769,-0.02347421843414519,0.9891394972733947,-0.08241527313317398,805.06,-5815.75,-154.6515,included,os1_rev7_128ch20hz1024res_rtx
52,000052,final_loop,apollo14_cone_crater_clockwise_1p4_final_02,52,134983340373,scans/000052.npy,poses/000052.npy,transforms/000052.npz,global_dem,753.761224907128,-5833.304135915717,-3.5184445302942486,-0.05031880911307427,-0.005488008618580502,0.994967798269766,-0.08646952999212308,805.06,-5815.75,-154.6515,included,os1_rev7_128ch20hz1024res_rtx
53,000053,final_loop,apollo14_cone_crater_clockwise_1p4_final_02,53,135966673757,scans/000053.npy,poses/000053.npy,transforms/000053.npz,global_dem,752.6530688259766,-5833.460686109693,-3.72572285967117,-0.08338390263449062,0.019115871921673057,0.9924485695551014,-0.08790645602087034,805.06,-5815.75,-154.6515,included,os1_rev7_128ch20hz1024res_rtx
54,000054,final_loop,apollo14_cone_crater_clockwise_1p4_final_02,54,137000007145,scans/000054.npy,poses/000054.npy,transforms/000054.npz,global_dem,751.6742317299409,-5833.6640365510775,-3.8774544492896754,-0.06910095225698487,0.008413961447988725,0.9936498465701193,-0.08839822430970064,805.06,-5815.75,-154.6515,included,os1_rev7_128ch20hz1024res_rtx
55,000055,final_loop,apollo14_cone_crater_clockwise_1p4_final_02,55,138366673883,scans/000055.npy,poses/000055.npy,transforms/000055.npz,global_dem,750.6871599693071,-5833.8786018294,-4.0301931123092745,-0.07028502620241248,-0.015436593868962397,0.993801106175333,-0.08474130059265939,805.06,-5815.75,-154.6515,included,os1_rev7_128ch20hz1024res_rtx
56,000056,final_loop,apollo14_cone_crater_clockwise_1p4_final_02,56,140400007322,scans/000056.npy,poses/000056.npy,transforms/000056.npz,global_dem,749.6935829957181,-5834.043618182619,-4.168817516366718,-0.061351946968063356,-0.024154407497190878,0.9956276275227565,-0.066167443014636,805.06,-5815.75,-154.6515,included,os1_rev7_128ch20hz1024res_rtx
57,000057,final_loop,apollo14_cone_crater_clockwise_1p4_final_02,57,142116674078,scans/000057.npy,poses/000057.npy,transforms/000057.npz,global_dem,748.7753990920312,-5834.188343036452,-4.265478714292155,0.08905806595792354,-0.012734540302156644,0.9934161765177627,-0.07092808050381956,805.06,-5815.75,-154.6515,included,os1_rev7_128ch20hz1024res_rtx
58,000058,final_loop,apollo14_cone_crater_clockwise_1p4_final_02,58,143050007460,scans/000058.npy,poses/000058.npy,transforms/000058.npz,global_dem,747.5493850148002,-5834.351348612184,-4.336058155244764,-0.10497548320614877,-0.03042892038779318,0.9895758854114252,-0.09377524055881134,805.06,-5815.75,-154.6515,included,os1_rev7_128ch20hz1024res_rtx
59,000059,final_loop,apollo14_cone_crater_clockwise_1p4_final_02,59,144200007520,scans/000059.npy,poses/000059.npy,transforms/000059.npz,global_dem,746.6158104994612,-5834.570687129706,-4.45237609079105,-0.03380067589852174,-0.04599165009228266,0.9915346677253386,-0.11662454771356942,805.06,-5815.75,-154.6515,included,os1_rev7_128ch20hz1024res_rtx
60,000060,final_loop,apollo14_cone_crater_clockwise_1p4_final_02,60,145883340941,scans/000060.npy,poses/000060.npy,transforms/000060.npz,global_dem,745.6347956899119,-5834.7906786531685,-4.540366098167238,-0.025987447034671308,-0.026593067861622088,0.9936016064734912,-0.10664571698678318,805.06,-5815.75,-154.6515,included,os1_rev7_128ch20hz1024res_rtx
61,000061,final_loop,apollo14_cone_crater_clockwise_1p4_final_02,61,148250007731,scans/000061.npy,poses/000061.npy,transforms/000061.npz,global_dem,744.694235919989,-5834.995642469178,-4.592740012926828,0.05410214121082973,-0.022608464896140074,0.9961725923828031,-0.064822695229134,805.06,-5815.75,-154.6515,included,os1_rev7_128ch20hz1024res_rtx
62,000062,final_loop,apollo14_cone_crater_clockwise_1p4_final_02,62,149250007783,scans/000062.npy,poses/000062.npy,transforms/000062.npz,global_dem,743.6920206015031,-5835.0548581629,-4.619228935271267,0.14606699615395471,0.006363137725453663,0.9892186775820537,-0.008387552423704975,805.06,-5815.75,-154.6515,included,os1_rev7_128ch20hz1024res_rtx
63,000063,final_loop,apollo14_cone_crater_clockwise_1p4_final_02,63,150200007833,scans/000063.npy,poses/000063.npy,transforms/000063.npz,global_dem,742.4996886804286,-5835.060966938269,-4.7031348145821115,-0.004168845556916331,-0.02375683532002696,0.9991516325533264,0.03338036351393449,805.06,-5815.75,-154.6515,included,os1_rev7_128ch20hz1024res_rtx
64,000064,final_loop,apollo14_cone_crater_clockwise_1p4_final_02,64,151683341244,scans/000064.npy,poses/000064.npy,transforms/000064.npz,global_dem,741.4469297730498,-5835.005067567992,-4.737902902655015,-0.013077959818094042,-0.019204854171773374,0.9995104376607072,0.02095293656122723,805.06,-5815.75,-154.6515,included,os1_rev7_128ch20hz1024res_rtx
65,000065,final_loop,apollo14_cone_crater_clockwise_1p4_final_02,65,153883341358,scans/000065.npy,poses/000065.npy,transforms/000065.npz,global_dem,740.4277341259188,-5834.983029320674,-4.758546808138565,-0.0053565601247496,-0.0164931336084723,0.999849345701965,0.0007547892125513929,805.06,-5815.75,-154.6515,included,os1_rev7_128ch20hz1024res_rtx
66,000066,final_loop,apollo14_cone_crater_clockwise_1p4_final_02,66,155450008107,scans/000066.npy,poses/000066.npy,transforms/000066.npz,global_dem,739.5587636942456,-5834.96809522207,-4.734494896889475,0.17184422375684,0.021647902007386706,0.9846882099850326,-0.019749942191308614,805.06,-5815.75,-154.6515,included,os1_rev7_128ch20hz1024res_rtx
67,000067,final_loop,apollo14_cone_crater_clockwise_1p4_final_02,67,156333341486,scans/000067.npy,poses/000067.npy,transforms/000067.npz,global_dem,738.4859113401129,-5835.055279877563,-4.772364180963463,0.0675130527608308,-0.020254279797960437,0.9972542675061279,-0.022708540190765285,805.06,-5815.75,-154.6515,included,os1_rev7_128ch20hz1024res_rtx
68,000068,final_loop,apollo14_cone_crater_clockwise_1p4_final_02,68,157533341549,scans/000068.npy,poses/000068.npy,transforms/000068.npz,global_dem,737.355439126332,-5835.1085040652215,-4.823654837361941,-0.017310442725760388,-0.009105655477774324,0.9997490631921556,-0.010919993469124614,805.06,-5815.75,-154.6515,included,os1_rev7_128ch20hz1024res_rtx
69,000069,final_loop,apollo14_cone_crater_clockwise_1p4_final_02,69,159233341637,scans/000069.npy,poses/000069.npy,transforms/000069.npz,global_dem,736.3464936981038,-5835.137835435566,-4.856793799330072,-0.010218817123276772,-0.009413339048038856,0.9998632132113509,0.008973276505302597,805.06,-5815.75,-154.6515,included,os1_rev7_128ch20hz1024res_rtx
70,000070,final_loop,apollo14_cone_crater_clockwise_1p4_final_02,70,161783341770,scans/000070.npy,poses/000070.npy,transforms/000070.npz,global_dem,735.3411047545363,-5835.149506080607,-4.889561878389899,-0.012565627868483824,-0.001649288577189179,0.9994506842410916,-0.03062212620759431,805.06,-5815.75,-154.6515,included,os1_rev7_128ch20hz1024res_rtx
71,000071,final_loop,apollo14_cone_crater_clockwise_1p4_final_02,71,162916675163,scans/000071.npy,poses/000071.npy,transforms/000071.npz,global_dem,734.1861271999253,-5835.2540290758225,-4.942970331003072,-0.0372062445492731,0.01416251754414517,0.9978650275553088,-0.05177359602533234,805.06,-5815.75,-154.6515,included,os1_rev7_128ch20hz1024res_rtx
72,000072,final_loop,apollo14_cone_crater_clockwise_1p4_final_02,72,164033341888,scans/000072.npy,poses/000072.npy,transforms/000072.npz,global_dem,733.1030913491687,-5835.348883803812,-5.07834515810311,-0.045228211988380854,0.025433084667683865,0.9968034530990468,-0.0607490159133219,805.06,-5815.75,-154.6515,included,os1_rev7_128ch20hz1024res_rtx
73,000073,final_loop,apollo14_cone_crater_clockwise_1p4_final_02,73,165433341961,scans/000073.npy,poses/000073.npy,transforms/000073.npz,global_dem,732.1063935482024,-5835.53463478304,-5.147477071952645,-0.05326874070240432,-0.012280387644686731,0.994561976518398,-0.08864597118365924,805.06,-5815.75,-154.6515,included,os1_rev7_128ch20hz1024res_rtx
74,000074,final_loop,apollo14_cone_crater_clockwise_1p4_final_02,74,167566675405,scans/000074.npy,poses/000074.npy,transforms/000074.npz,global_dem,731.1343611941779,-5835.750067752363,-5.242854601551463,-0.02931846929948346,-0.037331901028768495,0.9932809542157406,-0.10554478914556338,805.06,-5815.75,-154.6515,included,os1_rev7_128ch20hz1024res_rtx
75,000075,final_loop,apollo14_cone_crater_clockwise_1p4_final_02,75,169100008819,scans/000075.npy,poses/000075.npy,transforms/000075.npz,global_dem,730.3540305928725,-5835.983762478235,-5.337022689466151,0.2615975353902066,-0.06760428544905007,0.9564826664073209,-0.11016941013291623,805.06,-5815.75,-154.6515,included,os1_rev7_128ch20hz1024res_rtx
76,000076,final_loop,apollo14_cone_crater_clockwise_1p4_final_02,76,170066675536,scans/000076.npy,poses/000076.npy,transforms/000076.npz,global_dem,729.1874364087681,-5836.298730483085,-5.43550894659602,0.12306337886306669,-0.05803135214389027,0.9778028232738238,-0.15934053391681763,805.06,-5815.75,-154.6515,included,os1_rev7_128ch20hz1024res_rtx
77,000077,final_loop,apollo14_cone_crater_clockwise_1p4_final_02,77,170933342248,scans/000077.npy,poses/000077.npy,transforms/000077.npz,global_dem,728.0516109694703,-5836.668425881708,-5.809874593239625,-0.1253544957780405,-0.10487196195661491,0.9683230658681149,-0.188781784320887,805.06,-5815.75,-154.6515,included,os1_rev7_128ch20hz1024res_rtx
78,000078,final_loop,apollo14_cone_crater_clockwise_1p4_final_02,78,172100008975,scans/000078.npy,poses/000078.npy,transforms/000078.npz,global_dem,727.1480764834985,-5837.014250063573,-6.071598246899397,-0.10465740427321885,-0.08968132252385082,0.975013968251645,-0.17421782295547553,805.06,-5815.75,-154.6515,included,os1_rev7_128ch20hz1024res_rtx
79,000079,final_loop,apollo14_cone_crater_clockwise_1p4_final_02,79,174866675786,scans/000079.npy,poses/000079.npy,transforms/000079.npz,global_dem,726.1978232020754,-5837.330024221354,-6.309083149887739,-0.10149869878161036,-0.07222837434024494,0.9803462169114854,-0.15297833530648805,805.06,-5815.75,-154.6515,included,os1_rev7_128ch20hz1024res_rtx
80,000080,final_loop,apollo14_cone_crater_clockwise_1p4_final_02,80,175983342511,scans/000080.npy,poses/000080.npy,transforms/000080.npz,global_dem,725.2768150134618,-5837.609608809049,-6.505064457711209,-0.04685175807764651,-0.08882379827515863,0.9873284731925699,-0.12287282713536163,805.06,-5815.75,-154.6515,included,os1_rev7_128ch20hz1024res_rtx
81,000081,final_loop,apollo14_cone_crater_clockwise_1p4_final_02,81,177066675901,scans/000081.npy,poses/000081.npy,transforms/000081.npz,global_dem,724.2097103094159,-5837.839813031623,-6.7127742192850945,-0.06371729695979386,-0.041466420304087565,0.9898890340635913,-0.11975116824462524,805.06,-5815.75,-154.6515,included,os1_rev7_128ch20hz1024res_rtx
82,000082,final_loop,apollo14_cone_crater_clockwise_1p4_final_02,82,178533342644,scans/000082.npy,poses/000082.npy,transforms/000082.npz,global_dem,723.1980916048124,-5838.079122579295,-6.863781012485337,-0.05870033637918312,-0.04626160130718247,0.9924574724199444,-0.09717149886299682,805.06,-5815.75,-154.6515,included,os1_rev7_128ch20hz1024res_rtx
83,000083,final_loop,apollo14_cone_crater_clockwise_1p4_final_02,83,180666676089,scans/000083.npy,poses/000083.npy,transforms/000083.npz,global_dem,722.1860934778719,-5838.258314660415,-6.983906680703084,-0.04927542066357629,-0.0463135771025693,0.9952714950237862,-0.0697254378796554,805.06,-5815.75,-154.6515,included,os1_rev7_128ch20hz1024res_rtx
84,000084,final_loop,apollo14_cone_crater_clockwise_1p4_final_02,84,184283342944,scans/000084.npy,poses/000084.npy,transforms/000084.npz,global_dem,721.1816455644027,-5838.368953539705,-7.083001691320522,-0.04410706760033315,-0.048476129531140444,0.9977335679656297,-0.015243320109273633,805.06,-5815.75,-154.6515,included,os1_rev7_128ch20hz1024res_rtx
85,000085,final_loop,apollo14_cone_crater_clockwise_1p4_final_02,85,189350009875,scans/000085.npy,poses/000085.npy,transforms/000085.npz,global_dem,720.1813617562935,-5838.332849833452,-7.144991273752049,0.0607795088678234,-0.08353940739564572,0.9839390961501886,0.14557085484711732,805.06,-5815.75,-154.6515,included,os1_rev7_128ch20hz1024res_rtx
86,000086,final_loop,apollo14_cone_crater_clockwise_1p4_final_02,86,190383343262,scans/000086.npy,poses/000086.npy,transforms/000086.npz,global_dem,719.1155687453087,-5837.981311291686,-7.213109285757757,-0.029673543289917396,-0.05712409972184091,0.9836471141643583,0.16821020437452805,805.06,-5815.75,-154.6515,included,os1_rev7_128ch20hz1024res_rtx
87,000087,final_loop,apollo14_cone_crater_clockwise_1p4_final_02,87,191816676670,scans/000087.npy,poses/000087.npy,transforms/000087.npz,global_dem,718.145648136551,-5837.638915003188,-7.245882092420406,-0.022616625184339555,-0.058317212068184826,0.9815794754929362,0.18052513490613364,805.06,-5815.75,-154.6515,included,os1_rev7_128ch20hz1024res_rtx
88,000088,final_loop,apollo14_cone_crater_clockwise_1p4_final_02,88,193950010115,scans/000088.npy,poses/000088.npy,transforms/000088.npz,global_dem,717.1858880005191,-5837.273432452784,-7.272922233085021,-0.026745932108154413,-0.05374181303547474,0.9807465366721567,0.18582977009321286,805.06,-5815.75,-154.6515,included,os1_rev7_128ch20hz1024res_rtx
89,000089,final_loop,apollo14_cone_crater_clockwise_1p4_final_02,89,195466676861,scans/000089.npy,poses/000089.npy,transforms/000089.npz,global_dem,716.3648209150256,-5836.94597008615,-7.287348598835166,0.11907107788782646,-0.08118240079996486,0.972435916394331,0.1833027133386267,805.06,-5815.75,-154.6515,included,os1_rev7_128ch20hz1024res_rtx
90,000090,final_loop,apollo14_cone_crater_clockwise_1p4_final_02,90,196433343578,scans/000090.npy,poses/000090.npy,transforms/000090.npz,global_dem,715.1990974745006,-5836.503109575463,-7.31991984103027,-0.045050169038682523,-0.06623366845770341,0.9793142759520385,0.18581477968330676,805.06,-5815.75,-154.6515,included,os1_rev7_128ch20hz1024res_rtx
91,000091,final_loop,apollo14_cone_crater_clockwise_1p4_final_02,91,197616676973,scans/000091.npy,poses/000091.npy,transforms/000091.npz,global_dem,714.2244310514648,-5836.159129427587,-7.38447457965358,-0.02171260907096727,-0.03752701241076765,0.9841477286733947,0.17196957316296313,805.06,-5815.75,-154.6515,included,os1_rev7_128ch20hz1024res_rtx
92,000092,final_loop,apollo14_cone_crater_clockwise_1p4_final_02,92,199383343731,scans/000092.npy,poses/000092.npy,transforms/000092.npz,global_dem,713.2266960060301,-5835.806583572396,-7.430843825652272,-0.037707344660723466,-0.025573305125981237,0.9852215966988866,0.16511380203262063,805.06,-5815.75,-154.6515,included,os1_rev7_128ch20hz1024res_rtx
93,000093,final_loop,apollo14_cone_crater_clockwise_1p4_final_02,93,201750010522,scans/000093.npy,poses/000093.npy,transforms/000093.npz,global_dem,712.2787048399518,-5835.464635261397,-7.467973991874915,0.022950146382231248,0.007882161478366333,0.9889333693946772,0.14636240367373707,805.06,-5815.75,-154.6515,included,os1_rev7_128ch20hz1024res_rtx
94,000094,final_loop,apollo14_cone_crater_clockwise_1p4_final_02,94,202766677241,scans/000094.npy,poses/000094.npy,transforms/000094.npz,global_dem,711.1644663247499,-5835.226342012808,-7.612311536351086,-0.02512942790509394,-0.027166206506919897,0.9923305487156537,0.11794316920820658,805.06,-5815.75,-154.6515,included,os1_rev7_128ch20hz1024res_rtx
95,000095,final_loop,apollo14_cone_crater_clockwise_1p4_final_02,95,203833343964,scans/000095.npy,poses/000095.npy,transforms/000095.npz,global_dem,710.0905343150245,-5835.018238883389,-7.721485129642438,-0.04751441314420624,-0.020522640853746485,0.9945232874203392,0.09079995889091086,805.06,-5815.75,-154.6515,included,os1_rev7_128ch20hz1024res_rtx
96,000096,final_loop,apollo14_cone_crater_clockwise_1p4_final_02,96,205283344039,scans/000096.npy,poses/000096.npy,transforms/000096.npz,global_dem,709.0829003164938,-5834.838518248223,-7.817051054281451,-0.041399535800141544,-0.018965137912889417,0.9946785848539008,0.09241706991957316,805.06,-5815.75,-154.6515,included,os1_rev7_128ch20hz1024res_rtx
97,000097,final_loop,apollo14_cone_crater_clockwise_1p4_final_02,97,207466677486,scans/000097.npy,poses/000097.npy,transforms/000097.npz,global_dem,708.079761205737,-5834.644081773775,-7.888653608423482,-0.03289269487726675,-0.01418113795828125,0.9948181838728275,0.09515117963477078,805.06,-5815.75,-154.6515,included,os1_rev7_128ch20hz1024res_rtx
98,000098,final_loop,apollo14_cone_crater_clockwise_1p4_final_02,98,208950010897,scans/000098.npy,poses/000098.npy,transforms/000098.npz,global_dem,707.1658004736329,-5834.460577726255,-7.9431202107433245,0.05940431111520751,-0.020688946644242655,0.9936464219617728,0.09332675623981614,805.06,-5815.75,-154.6515,included,os1_rev7_128ch20hz1024res_rtx
99,000099,final_loop,apollo14_cone_crater_clockwise_1p4_final_02,99,209816677609,scans/000099.npy,poses/000099.npy,transforms/000099.npz,global_dem,706.0204846794569,-5834.327339077408,-8.084657349156867,-0.07441849923806952,-0.06505092997836534,0.9922319701067427,0.07553794396325192,805.06,-5815.75,-154.6515,included,os1_rev7_128ch20hz1024res_rtx
100,000100,final_loop,apollo14_cone_crater_clockwise_1p4_final_02,100,210883344331,scans/000100.npy,poses/000100.npy,transforms/000100.npz,global_dem,705.0032639620863,-5834.183410989456,-8.272126258538295,-0.08454048494711887,-0.021411925424116397,0.9961634866382012,0.007262488785570994,805.06,-5815.75,-154.6515,included,os1_rev7_128ch20hz1024res_rtx
101,000101,final_loop,apollo14_cone_crater_clockwise_1p4_final_02,101,212516677750,scans/000101.npy,poses/000101.npy,transforms/000101.npz,global_dem,703.9996570762837,-5834.156647403705,-8.432924306193575,-0.10221522659696576,-0.040443019623611486,0.9929580207156344,0.04416762062806713,805.06,-5815.75,-154.6515,included,os1_rev7_128ch20hz1024res_rtx
102,000102,final_loop,apollo14_cone_crater_clockwise_1p4_final_02,102,215050011215,scans/000102.npy,poses/000102.npy,transforms/000102.npz,global_dem,703.0215987336027,-5834.03840716142,-8.606593074517777,-0.07149565102705335,-0.036683461656765524,0.9942339418346838,0.07100397474058125,805.06,-5815.75,-154.6515,included,os1_rev7_128ch20hz1024res_rtx
103,000103,final_loop,apollo14_cone_crater_clockwise_1p4_final_02,103,220283344822,scans/000103.npy,poses/000103.npy,transforms/000103.npz,global_dem,702.0367825872419,-5833.871980488786,-8.73417439807947,-0.05563743128074814,-0.046225274435184406,0.9818857090321821,0.17512325557229952,805.06,-5815.75,-154.6515,included,os1_rev7_128ch20hz1024res_rtx
104,000104,final_loop,apollo14_cone_crater_clockwise_1p4_final_02,104,221766678232,scans/000104.npy,poses/000104.npy,transforms/000104.npz,global_dem,701.1174424509119,-5833.515759272566,-8.812083317263607,-0.011023051241051898,-0.05612903401404749,0.9779714328254218,0.20074835107511757,805.06,-5815.75,-154.6515,included,os1_rev7_128ch20hz1024res_rtx
105,000105,final_loop,apollo14_cone_crater_clockwise_1p4_final_02,105,222800011619,scans/000105.npy,poses/000105.npy,transforms/000105.npz,global_dem,700.1302166618956,-5833.08041617621,-8.91950331710141,-0.061009503697624055,-0.044362696501282196,0.9738065284097445,0.21450090173299147,805.06,-5815.75,-154.6515,included,os1_rev7_128ch20hz1024res_rtx
106,000106,final_loop,apollo14_cone_crater_clockwise_1p4_final_02,106,224250011695,scans/000106.npy,poses/000106.npy,transforms/000106.npz,global_dem,699.2280666607908,-5832.6632282922865,-9.012975207290896,-0.05082821341164956,-0.05257751727045423,0.9695503780914717,0.23371812454694085,805.06,-5815.75,-154.6515,included,os1_rev7_128ch20hz1024res_rtx
107,000107,final_loop,apollo14_cone_crater_clockwise_1p4_final_02,107,226283345134,scans/000107.npy,poses/000107.npy,transforms/000107.npz,global_dem,698.3564470913363,-5832.183821463217,-9.073686210537534,-0.036007371093927806,-0.05309399473659524,0.9577786931321259,0.280257866851105,805.06,-5815.75,-154.6515,included,os1_rev7_128ch20hz1024res_rtx
108,000108,final_loop,apollo14_cone_crater_clockwise_1p4_final_02,108,229583345307,scans/000108.npy,poses/000108.npy,transforms/000108.npz,global_dem,697.5483940623811,-5831.59315279572,-9.108476614000821,-0.0307889581574801,-0.052598805794054536,0.9293848851116314,0.36404552051997024,805.06,-5815.75,-154.6515,included,os1_rev7_128ch20hz1024res_rtx
109,000109,final_loop,apollo14_cone_crater_clockwise_1p4_final_02,109,231033345382,scans/000109.npy,poses/000109.npy,transforms/000109.npz,global_dem,696.9017258909121,-5831.015865692792,-9.114537554143116,0.12776622085641973,-0.11519117514072452,0.9217515023517515,0.34753554334780856,805.06,-5815.75,-154.6515,included,os1_rev7_128ch20hz1024res_rtx
110,000110,final_loop,apollo14_cone_crater_clockwise_1p4_final_02,110,232000012099,scans/000110.npy,poses/000110.npy,transforms/000110.npz,global_dem,695.9520596633754,-5830.2676880680865,-9.16750147281747,-0.0073406691131132126,-0.06134262501957194,0.9397593918706207,0.3362074989104811,805.06,-5815.75,-154.6515,included,os1_rev7_128ch20hz1024res_rtx
111,000111,final_loop,apollo14_cone_crater_clockwise_1p4_final_02,111,233400012172,scans/000111.npy,poses/000111.npy,transforms/000111.npz,global_dem,695.108267486582,-5829.590021014911,-9.217917812893187,-0.03049895583285431,-0.05182808659455331,0.934064799405255,0.35200371254444746,805.06,-5815.75,-154.6515,included,os1_rev7_128ch20hz1024res_rtx
112,000112,final_loop,apollo14_cone_crater_clockwise_1p4_final_02,112,235483345614,scans/000112.npy,poses/000112.npy,transforms/000112.npz,global_dem,694.3278398307734,-5828.8887679740355,-9.257615685973438,-0.03472017979458549,-0.042688900944103436,0.9269104251477329,0.37122665664478527,805.06,-5815.75,-154.6515,included,os1_rev7_128ch20hz1024res_rtx
113,000113,final_loop,apollo14_cone_crater_clockwise_1p4_final_02,113,237366679046,scans/000113.npy,poses/000113.npy,transforms/000113.npz,global_dem,693.5950563369797,-5828.107123223839,-9.256004028944172,0.01631162936241124,-0.01509601375086393,0.9244523916163999,0.3806492043221626,805.06,-5815.75,-154.6515,included,os1_rev7_128ch20hz1024res_rtx
114,000114,final_loop,apollo14_cone_crater_clockwise_1p4_final_02,114,238216679090,scans/000114.npy,poses/000114.npy,transforms/000114.npz,global_dem,692.8111320775187,-5827.429585287046,-9.336782740279993,-0.031848324134932895,-0.028890269051141615,0.9384348935761503,0.3427695831351851,805.06,-5815.75,-154.6515,included,os1_rev7_128ch20hz1024res_rtx
115,000115,final_loop,apollo14_cone_crater_clockwise_1p4_final_02,115,239266679145,scans/000115.npy,poses/000115.npy,transforms/000115.npz,global_dem,692.062508190351,-5826.753392053229,-9.385503981791212,-0.04360730594921298,-0.03948011480367835,0.9277764491104459,0.36847060110536956,805.06,-5815.75,-154.6515,included,os1_rev7_128ch20hz1024res_rtx
116,000116,final_loop,apollo14_cone_crater_clockwise_1p4_final_02,116,240700012553,scans/000116.npy,poses/000116.npy,transforms/000116.npz,global_dem,691.334311049158,-5826.039486059553,-9.457183909220118,-0.04674734853984566,-0.038641402833588905,0.9218550649066635,0.38275941098486105,805.06,-5815.75,-154.6515,included,os1_rev7_128ch20hz1024res_rtx
117,000117,final_loop,apollo14_cone_crater_clockwise_1p4_final_02,117,242950012670,scans/000117.npy,poses/000117.npy,transforms/000117.npz,global_dem,690.584036702947,-5825.324871241926,-9.522889297591998,-0.05245726889698749,-0.038442039374273186,0.9247513734885936,0.3749737881233509,805.06,-5815.75,-154.6515,included,os1_rev7_128ch20hz1024res_rtx
118,000118,final_loop,apollo14_cone_crater_clockwise_1p4_final_02,118,244416679413,scans/000118.npy,poses/000118.npy,transforms/000118.npz,global_dem,689.9705405667715,-5824.650630907549,-9.536152190968354,0.10701087624846684,-0.06570391401023087,0.9187671981883124,0.3742973464793332,805.06,-5815.75,-154.6515,included,os1_rev7_128ch20hz1024res_rtx
119,000119,final_loop,apollo14_cone_crater_clockwise_1p4_final_02,119,245316679460,scans/000119.npy,poses/000119.npy,transforms/000119.npz,global_dem,689.0920424545359,-5823.842687798205,-9.586456027698663,-0.04618252462431775,-0.026250432764380667,0.9174423755912344,0.3943064501989783,805.06,-5815.75,-154.6515,included,os1_rev7_128ch20hz1024res_rtx
120,000120,final_loop,apollo14_cone_crater_clockwise_1p4_final_02,120,246433346185,scans/000120.npy,poses/000120.npy,transforms/000120.npz,global_dem,688.3211441952026,-5823.143753258063,-9.65622965190115,-0.02848426399848856,-0.07821269843874866,0.8665619463843794,0.49207907249334404,805.06,-5815.75,-154.6515,included,os1_rev7_128ch20hz1024res_rtx
121,000121,final_loop,apollo14_cone_crater_clockwise_1p4_final_02,121,248183346277,scans/000121.npy,poses/000121.npy,transforms/000121.npz,global_dem,687.6932563094422,-5822.284803776977,-9.70691343225993,-0.08922844919474686,-0.07103769668324834,0.8849232517549263,0.45155594117199566,805.06,-5815.75,-154.6515,included,os1_rev7_128ch20hz1024res_rtx
122,000122,final_loop,apollo14_cone_crater_clockwise_1p4_final_02,122,250950013088,scans/000122.npy,poses/000122.npy,transforms/000122.npz,global_dem,687.0352745950327,-5821.47014537092,-9.83641963801087,-0.11431650366050447,-0.05596404672616228,0.9061403325508995,0.4033726071381335,805.06,-5815.75,-154.6515,included,os1_rev7_128ch20hz1024res_rtx
123,000123,final_loop,apollo14_cone_crater_clockwise_1p4_final_02,123,254450013270,scans/000123.npy,poses/000123.npy,transforms/000123.npz,global_dem,686.35581510049,-5820.838133317753,-10.004723272024718,-0.04452577409712294,-0.08461758186662043,0.9246738564689484,0.36855878695662714,805.06,-5815.75,-154.6515,included,os1_rev7_128ch20hz1024res_rtx
124,000124,final_loop,apollo14_cone_crater_clockwise_1p4_final_02,124,255433346655,scans/000124.npy,poses/000124.npy,transforms/000124.npz,global_dem,685.5641480053621,-5820.097790436739,-10.229402167520298,-0.10385156765630314,-0.07463746220292759,0.9200451758335032,0.370352501755737,805.06,-5815.75,-154.6515,included,os1_rev7_128ch20hz1024res_rtx
125,000125,final_loop,apollo14_cone_crater_clockwise_1p4_final_02,125,256683346720,scans/000125.npy,poses/000125.npy,transforms/000125.npz,global_dem,684.8598081448732,-5819.372981500568,-10.331855870911136,-0.046343733364783646,-0.07296058754218876,0.921711574714865,0.3781227103467291,805.06,-5815.75,-154.6515,included,os1_rev7_128ch20hz1024res_rtx
126,000126,final_loop,apollo14_cone_crater_clockwise_1p4_final_02,126,258383346809,scans/000126.npy,poses/000126.npy,transforms/000126.npz,global_dem,684.132584889006,-5818.631735032567,-10.398733612860221,-0.048191374367015795,-0.034779346224966076,0.9321563478343253,0.3571449729520975,805.06,-5815.75,-154.6515,included,os1_rev7_128ch20hz1024res_rtx
127,000127,final_loop,apollo14_cone_crater_clockwise_1p4_final_02,127,260966680277,scans/000127.npy,poses/000127.npy,transforms/000127.npz,global_dem,683.3517181821562,-5817.971708193115,-10.478923527647112,-0.04586218075893354,-0.016859338244807065,0.9471566025800565,0.31702806386657156,805.06,-5815.75,-154.6515,included,os1_rev7_128ch20hz1024res_rtx
128,000128,final_loop,apollo14_cone_crater_clockwise_1p4_final_02,128,266166680548,scans/000128.npy,poses/000128.npy,transforms/000128.npz,global_dem,682.5235524639401,-5817.412357998762,-10.551332247089622,-0.030217147270928224,-0.007951969349770507,0.975375462166068,0.21832635662832114,805.06,-5815.75,-154.6515,included,os1_rev7_128ch20hz1024res_rtx
129,000129,final_loop,apollo14_cone_crater_clockwise_1p4_final_02,129,268116680650,scans/000129.npy,poses/000129.npy,transforms/000129.npz,global_dem,681.5969300719437,-5817.043179702579,-10.597631220909268,0.012573373493040694,-0.010207269884291754,0.9875915573077623,0.1562070352287077,805.06,-5815.75,-154.6515,included,os1_rev7_128ch20hz1024res_rtx
130,000130,final_loop,apollo14_cone_crater_clockwise_1p4_final_02,130,269266680710,scans/000130.npy,poses/000130.npy,transforms/000130.npz,global_dem,680.5985360900855,-5816.733689273393,-10.66533943211775,-0.03108735945924889,-0.0027262907675604073,0.9873038949151295,0.15574711074661107,805.06,-5815.75,-154.6515,included,os1_rev7_128ch20hz1024res_rtx
131,000131,final_loop,apollo14_cone_crater_clockwise_1p4_final_02,131,270900014128,scans/000131.npy,poses/000131.npy,transforms/000131.npz,global_dem,679.6401091785189,-5816.420549605396,-10.727529254146981,-0.030392862119606682,-0.00018553272285245958,0.9863066687815888,0.16209686803498907,805.06,-5815.75,-154.6515,included,os1_rev7_128ch20hz1024res_rtx
132,000132,final_loop,apollo14_cone_crater_clockwise_1p4_final_02,132,273250014251,scans/000132.npy,poses/000132.npy,transforms/000132.npz,global_dem,678.705740199505,-5816.089901424555,-10.782159743170903,0.008144749682467577,-0.003946626978198361,0.9851258500837236,0.17159588189967137,805.06,-5815.75,-154.6515,included,os1_rev7_128ch20hz1024res_rtx
133,000133,final_loop,apollo14_cone_crater_clockwise_1p4_final_02,133,274250014303,scans/000133.npy,poses/000133.npy,transforms/000133.npz,global_dem,677.7047999110976,-5815.810563881446,-10.821545474264456,0.012168546938143907,-0.06245876999009882,0.9833510193594156,0.17021046161013853,805.06,-5815.75,-154.6515,included,os1_rev7_128ch20hz1024res_rtx
134,000134,final_loop,apollo14_cone_crater_clockwise_1p4_final_02,134,275133347682,scans/000134.npy,poses/000134.npy,transforms/000134.npz,global_dem,676.6720612690443,-5815.514987754246,-10.919473974600136,-0.07808440542605953,0.013125957594039015,0.9962396506877336,0.03517233663094881,805.06,-5815.75,-154.6515,included,os1_rev7_128ch20hz1024res_rtx
135,000135,final_loop,apollo14_cone_crater_clockwise_1p4_final_02,135,276816681103,scans/000135.npy,poses/000135.npy,transforms/000135.npz,global_dem,675.6919978748228,-5815.459060895837,-11.025387787103027,-0.04074525568006402,0.007901620086668837,0.9986115972709132,0.032438654959903314,805.06,-5815.75,-154.6515,included,os1_rev7_128ch20hz1024res_rtx
136,000136,final_loop,apollo14_cone_crater_clockwise_1p4_final_02,136,279583347914,scans/000136.npy,poses/000136.npy,transforms/000136.npz,global_dem,674.6736872442771,-5815.335650825061,-11.108877463809513,-0.03744147952755067,0.0036450602855419836,0.9952489751608677,0.08980159568485047,805.06,-5815.75,-154.6515,included,os1_rev7_128ch20hz1024res_rtx
137,000137,final_loop,apollo14_cone_crater_clockwise_1p4_final_02,137,284066681481,scans/000137.npy,poses/000137.npy,transforms/000137.npz,global_dem,673.6976791115098,-5815.068010256452,-11.192093839161942,-0.04018598018357958,0.00200665016498109,0.974983179370585,0.21860663369675257,805.06,-5815.75,-154.6515,included,os1_rev7_128ch20hz1024res_rtx
138,000138,final_loop,apollo14_cone_crater_clockwise_1p4_final_02,138,289683348441,scans/000138.npy,poses/000138.npy,transforms/000138.npz,global_dem,672.8924294975275,-5814.47648213309,-11.267892832778928,-0.041146326851426905,-0.0129800919556746,0.9087408467893067,0.4151247648311429,805.06,-5815.75,-154.6515,included,os1_rev7_128ch20hz1024res_rtx
139,000139,final_loop,apollo14_cone_crater_clockwise_1p4_final_02,139,292816681938,scans/000139.npy,poses/000139.npy,transforms/000139.npz,global_dem,672.3377299011389,-5813.7039834472325,-11.299141852187658,0.029723948514274744,-0.09583595567438655,0.8489483953923265,0.5188627741951546,805.06,-5815.75,-154.6515,included,os1_rev7_128ch20hz1024res_rtx
140,000140,final_loop,apollo14_cone_crater_clockwise_1p4_final_02,140,293966681998,scans/000140.npy,poses/000140.npy,transforms/000140.npz,global_dem,671.8652191332907,-5812.7123046242095,-11.401217631239485,-0.04828154426543715,-0.011219763127503023,0.8431337076985301,0.5354143818961508,805.06,-5815.75,-154.6515,included,os1_rev7_128ch20hz1024res_rtx
141,000141,final_loop,apollo14_cone_crater_clockwise_1p4_final_02,141,295816682094,scans/000141.npy,poses/000141.npy,transforms/000141.npz,global_dem,671.4055899641315,-5811.787826702851,-11.477102776827873,-0.04799288242059942,-0.004285371032244303,0.8548365637426606,0.5166553668749786,805.06,-5815.75,-154.6515,included,os1_rev7_128ch20hz1024res_rtx
142,000142,final_loop,apollo14_cone_crater_clockwise_1p4_final_02,142,298066682212,scans/000142.npy,poses/000142.npy,transforms/000142.npz,global_dem,670.8931559019074,-5810.849235428916,-11.544745569362027,-0.031098480292526015,-0.005721689327695863,0.8667470401913396,0.4977446284132909,805.06,-5815.75,-154.6515,included,os1_rev7_128ch20hz1024res_rtx
143,000143,final_loop,apollo14_cone_crater_clockwise_1p4_final_02,143,299083348931,scans/000143.npy,poses/000143.npy,transforms/000143.npz,global_dem,670.3534014444001,-5809.984055006845,-11.686988485693712,-0.052659975477938485,0.025734186854549656,0.8821311954557365,0.467342735702002,805.06,-5815.75,-154.6515,included,os1_rev7_128ch20hz1024res_rtx
144,000144,final_loop,apollo14_cone_crater_clockwise_1p4_final_02,144,300333348996,scans/000144.npy,poses/000144.npy,transforms/000144.npz,global_dem,669.7577828204593,-5809.151932156513,-11.81038837935304,-0.05029765077434725,0.03561398202010121,0.8962117026179811,0.43932490790055745,805.06,-5815.75,-154.6515,included,os1_rev7_128ch20hz1024res_rtx
145,000145,final_loop,apollo14_cone_crater_clockwise_1p4_final_02,145,302200015760,scans/000145.npy,poses/000145.npy,transforms/000145.npz,global_dem,669.1068427559289,-5808.336504360213,-11.938397531633541,-0.04777335070380356,0.038371710259765386,0.9029722414632226,0.42530747696361476,805.06,-5815.75,-154.6515,included,os1_rev7_128ch20hz1024res_rtx
146,000146,final_loop,apollo14_cone_crater_clockwise_1p4_final_02,146,305050015909,scans/000146.npy,poses/000146.npy,transforms/000146.npz,global_dem,668.4464623325963,-5807.589169765226,-12.056945498480141,-0.04408471388297547,0.0419958583095707,0.9154761511511108,0.39773898798112206,805.06,-5815.75,-154.6515,included,os1_rev7_128ch20hz1024res_rtx
147,000147,final_loop,apollo14_cone_crater_clockwise_1p4_final_02,147,310866682879,scans/000147.npy,poses/000147.npy,transforms/000147.npz,global_dem,667.7259156962914,-5806.883245900732,-12.167041698762452,-0.032071901969131296,0.04737439302245449,0.9706537779648978,0.23357718919515105,805.06,-5815.75,-154.6515,included,os1_rev7_128ch20hz1024res_rtx
148,000148,final_loop,apollo14_cone_crater_clockwise_1p4_final_02,148,315616683127,scans/000148.npy,poses/000148.npy,transforms/000148.npz,global_dem,666.8220795122902,-5806.539358071241,-12.210787211867475,0.12207847331666771,7.812447199658232e-05,0.9799634068108672,0.1573803086821131,805.06,-5815.75,-154.6515,included,os1_rev7_128ch20hz1024res_rtx
149,000149,final_loop,apollo14_cone_crater_clockwise_1p4_final_02,149,316800016522,scans/000149.npy,poses/000149.npy,transforms/000149.npz,global_dem,665.7643729675433,-5806.177193921253,-12.30990303182839,-0.018219922154483367,0.03813665577253525,0.9842147505984595,0.1718573671030247,805.06,-5815.75,-154.6515,included,os1_rev7_128ch20hz1024res_rtx
150,000150,final_loop,apollo14_cone_crater_clockwise_1p4_final_02,150,318683349953,scans/000150.npy,poses/000150.npy,transforms/000150.npz,global_dem,664.7645044625494,-5805.855439277568,-12.379963936119735,-0.028240317479874363,0.03268671945247862,0.9894924624814184,0.1379809027819777,805.06,-5815.75,-154.6515,included,os1_rev7_128ch20hz1024res_rtx
151,000151,final_loop,apollo14_cone_crater_clockwise_1p4_final_02,151,321350016759,scans/000151.npy,poses/000151.npy,transforms/000151.npz,global_dem,663.7724673335279,-5805.610357748027,-12.439060572141797,0.0044507386420455765,0.026170444926060958,0.994510621510468,0.10121226428044687,805.06,-5815.75,-154.6515,included,os1_rev7_128ch20hz1024res_rtx
152,000152,final_loop,apollo14_cone_crater_clockwise_1p4_final_02,152,322416683482,scans/000152.npy,poses/000152.npy,transforms/000152.npz,global_dem,662.7482589100293,-5805.381898585798,-12.500060886835865,0.03547626602059074,0.018685246675329392,0.9954854417148327,0.08602924758326662,805.06,-5815.75,-154.6515,included,os1_rev7_128ch20hz1024res_rtx
153,000153,final_loop,apollo14_cone_crater_clockwise_1p4_final_02,153,323600016877,scans/000153.npy,poses/000153.npy,transforms/000153.npz,global_dem,661.6949977562892,-5805.1447621345815,-12.55106413688569,-0.02302000264846607,0.0603192636749719,0.9973287628947399,0.0341614491879583,805.06,-5815.75,-154.6515,included,os1_rev7_128ch20hz1024res_rtx
154,000154,final_loop,apollo14_cone_crater_clockwise_1p4_final_02,154,325400016970,scans/000154.npy,poses/000154.npy,transforms/000154.npz,global_dem,660.7127851479245,-5805.083088172271,-12.624714097179128,-0.0043896061605492144,0.015567723171236262,0.9979740016437002,0.06153266934140713,805.06,-5815.75,-154.6515,included,os1_rev7_128ch20hz1024res_rtx
155,000155,final_loop,apollo14_cone_crater_clockwise_1p4_final_02,155,327366683740,scans/000155.npy,poses/000155.npy,transforms/000155.npz,global_dem,659.7406438705382,-5804.986420380735,-12.68097250589156,0.06224617196482379,0.005174647578393898,0.9968448832668049,0.04897872806591766,805.06,-5815.75,-154.6515,included,os1_rev7_128ch20hz1024res_rtx
156,000156,final_loop,apollo14_cone_crater_clockwise_1p4_final_02,156,328566683802,scans/000156.npy,poses/000156.npy,transforms/000156.npz,global_dem,658.6633561758272,-5804.891885132718,-12.765624857512327,-0.021925717338776234,0.0026158199797325777,0.9987428546823321,0.04500145137659099,805.06,-5815.75,-154.6515,included,os1_rev7_128ch20hz1024res_rtx
157,000157,final_loop,apollo14_cone_crater_clockwise_1p4_final_02,157,330383350564,scans/000157.npy,poses/000157.npy,transforms/000157.npz,global_dem,657.6246560890249,-5804.7735228045,-12.847382912678787,-0.03989717706133693,0.004571912876457505,0.996410865112667,0.07451644624251057,805.06,-5815.75,-154.6515,included,os1_rev7_128ch20hz1024res_rtx
158,000158,final_loop,apollo14_cone_crater_clockwise_1p4_final_02,158,332716684019,scans/000158.npy,poses/000158.npy,transforms/000158.npz,global_dem,656.6449710855993,-5804.561349454359,-12.922215178926255,0.011682940280259175,0.020168419078451457,0.9915975625143094,0.12724393028339007,805.06,-5815.75,-154.6515,included,os1_rev7_128ch20hz1024res_rtx
159,000159,final_loop,apollo14_cone_crater_clockwise_1p4_final_02,159,333800017409,scans/000159.npy,poses/000159.npy,transforms/000159.npz,global_dem,655.6447937377819,-5804.312827102938,-13.060769910770896,-0.007895750698963776,0.010591057446169403,0.9949095167326286,0.0999026533077038,805.06,-5815.75,-154.6515,included,os1_rev7_128ch20hz1024res_rtx
160,000160,final_loop,apollo14_cone_crater_clockwise_1p4_final_02,160,335433350827,scans/000160.npy,poses/000160.npy,transforms/000160.npz,global_dem,654.6076310310357,-5804.091711861737,-13.210689651249908,-0.06715912465564026,0.0182395686130236,0.9912525309499228,0.11214004636021545,805.06,-5815.75,-154.6515,included,os1_rev7_128ch20hz1024res_rtx
161,000161,final_loop,apollo14_cone_crater_clockwise_1p4_final_02,161,338033350963,scans/000161.npy,poses/000161.npy,transforms/000161.npz,global_dem,653.6072391648493,-5803.828397067829,-13.350997008972769,-0.05083489728267095,0.01747170193195364,0.9882784845715976,0.14288523290644126,805.06,-5815.75,-154.6515,included,os1_rev7_128ch20hz1024res_rtx
162,000162,final_loop,apollo14_cone_crater_clockwise_1p4_final_02,162,339250017693,scans/000162.npy,poses/000162.npy,transforms/000162.npz,global_dem,652.5940411839749,-5803.550204029095,-13.513452738761329,-0.08298890998558749,0.024248687425621532,0.987207183026143,0.13396574099047145,805.06,-5815.75,-154.6515,included,os1_rev7_128ch20hz1024res_rtx
163,000163,final_loop,apollo14_cone_crater_clockwise_1p4_final_02,163,340916684446,scans/000163.npy,poses/000163.npy,transforms/000163.npz,global_dem,651.5902862237361,-5803.27751307756,-13.69332293156906,-0.08358310614159735,0.019364858987681283,0.9853419455597745,0.14744530146663945,805.06,-5815.75,-154.6515,included,os1_rev7_128ch20hz1024res_rtx
164,000164,final_loop,apollo14_cone_crater_clockwise_1p4_final_02,164,343383351242,scans/000164.npy,poses/000164.npy,transforms/000164.npz,global_dem,650.6312990024496,-5802.950682475471,-13.872537500184562,-0.08657282961535774,0.01870828549071394,0.9803526249777407,0.17624947071024505,805.06,-5815.75,-154.6515,included,os1_rev7_128ch20hz1024res_rtx
165,000165,final_loop,apollo14_cone_crater_clockwise_1p4_final_02,165,347983351482,scans/000165.npy,poses/000165.npy,transforms/000165.npz,global_dem,649.721113736156,-5802.573408345519,-14.052468039383074,-0.08744691213343059,0.01307142012092203,0.9645261830337254,0.2487396586327622,805.06,-5815.75,-154.6515,included,os1_rev7_128ch20hz1024res_rtx
166,000166,final_loop,apollo14_cone_crater_clockwise_1p4_final_02,166,354300018478,scans/000166.npy,poses/000166.npy,transforms/000166.npz,global_dem,648.8923929000297,-5801.945664728079,-14.210783082839235,-0.07596996221822419,-0.027893237046181865,0.8744186682825039,0.4783748788624875,805.06,-5815.75,-154.6515,included,os1_rev7_128ch20hz1024res_rtx
167,000167,final_loop,apollo14_cone_crater_clockwise_1p4_final_02,167,355866685226,scans/000167.npy,poses/000167.npy,transforms/000167.npz,global_dem,648.3545964368631,-5801.070598857385,-14.360682071087856,-0.07473359865545938,-0.009814511135953578,0.8691208847488201,0.48882251615140954,805.06,-5815.75,-154.6515,included,os1_rev7_128ch20hz1024res_rtx
168,000168,final_loop,apollo14_cone_crater_clockwise_1p4_final_02,168,358283352019,scans/000168.npy,poses/000168.npy,transforms/000168.npz,global_dem,647.831420683945,-5800.197952776206,-14.482870734789946,-0.06001660779945627,-0.016395911574804002,0.8651066684675502,0.49771440911917914,805.06,-5815.75,-154.6515,included,os1_rev7_128ch20hz1024res_rtx
169,000169,final_loop,apollo14_cone_crater_clockwise_1p4_final_02,169,359500018749,scans/000169.npy,poses/000169.npy,transforms/000169.npz,global_dem,647.3423806964588,-5799.290757803574,-14.592850979227206,-0.06401651766085487,-0.016078360480632877,0.8597316848751396,0.5064630310423316,805.06,-5815.75,-154.6515,included,os1_rev7_128ch20hz1024res_rtx
170,000170,final_loop,apollo14_cone_crater_clockwise_1p4_final_02,170,361033352162,scans/000170.npy,poses/000170.npy,transforms/000170.npz,global_dem,646.8254977623753,-5798.4212840173095,-14.69310514201718,-0.06124081886858336,-0.013489482512140688,0.8713296181753695,0.48667472962567615,805.06,-5815.75,-154.6515,included,os1_rev7_128ch20hz1024res_rtx
171,000171,final_loop,apollo14_cone_crater_clockwise_1p4_final_02,171,363333352282,scans/000171.npy,poses/000171.npy,transforms/000171.npz,global_dem,646.2699184554405,-5797.5752570086515,-14.786736067061304,-0.0608191670457764,-0.014892672821764208,0.8865988931398026,0.45828117995326717,805.06,-5815.75,-154.6515,included,os1_rev7_128ch20hz1024res_rtx
172,000172,final_loop,apollo14_cone_crater_clockwise_1p4_final_02,172,365200019046,scans/000172.npy,poses/000172.npy,transforms/000172.npz,global_dem,645.6369490037687,-5796.764477351262,-14.881465797870174,-0.04652786498441814,-0.020976878488392497,0.8971379269883459,0.4387922837834872,805.06,-5815.75,-154.6515,included,os1_rev7_128ch20hz1024res_rtx
173,000173,final_loop,apollo14_cone_crater_clockwise_1p4_final_02,173,366616685787,scans/000173.npy,poses/000173.npy,transforms/000173.npz,global_dem,644.9815213576561,-5795.954437095844,-14.97824894556574,-0.05607627164902796,-0.01582982107998541,0.9047604943532096,0.42191624332354866,805.06,-5815.75,-154.6515,included,os1_rev7_128ch20hz1024res_rtx
174,000174,final_loop,apollo14_cone_crater_clockwise_1p4_final_02,174,368583352556,scans/000174.npy,poses/000174.npy,transforms/000174.npz,global_dem,644.3077134934587,-5795.209561415738,-15.069800234728822,-0.05793073557976234,-0.016374915876309938,0.9157032422051748,0.39732035465120874,805.06,-5815.75,-154.6515,included,os1_rev7_128ch20hz1024res_rtx
175,000175,final_loop,apollo14_cone_crater_clockwise_1p4_final_02,175,371533352710,scans/000175.npy,poses/000175.npy,transforms/000175.npz,global_dem,643.5564065831134,-5794.513630128263,-15.160206835258462,-0.016502791439450104,-0.031472482615384316,0.9373382885143304,0.34660362605973466,805.06,-5815.75,-154.6515,included,os1_rev7_128ch20hz1024res_rtx
176,000176,final_loop,apollo14_cone_crater_clockwise_1p4_final_02,176,372750019440,scans/000176.npy,poses/000176.npy,transforms/000176.npz,global_dem,642.7389168587742,-5793.832880562218,-15.275728098314886,-0.06154993262391304,-0.013759782412873792,0.9375462407856344,0.34209548458093897,805.06,-5815.75,-154.6515,included,os1_rev7_128ch20hz1024res_rtx
177,000177,final_loop,apollo14_cone_crater_clockwise_1p4_final_02,177,374500019531,scans/000177.npy,poses/000177.npy,transforms/000177.npz,global_dem,641.9230682795378,-5793.203697078115,-15.392236703922594,-0.06669834635503263,-0.01184122710981682,0.9472784626532462,0.31316869276372483,805.06,-5815.75,-154.6515,included,os1_rev7_128ch20hz1024res_rtx
178,000178,final_loop,apollo14_cone_crater_clockwise_1p4_final_02,178,377000019662,scans/000178.npy,poses/000178.npy,transforms/000178.npz,global_dem,641.0867579102977,-5792.594893599261,-15.514418535517073,-0.06078867801456737,-0.007833224870901025,0.9556414330571504,0.28808475946818,805.06,-5815.75,-154.6515,included,os1_rev7_128ch20hz1024res_rtx
179,000179,final_loop,apollo14_cone_crater_clockwise_1p4_final_02,179,378183353057,scans/000179.npy,poses/000179.npy,transforms/000179.npz,global_dem,640.2536481644679,-5792.02991104497,-15.624181203469888,-0.053483180504111105,-0.011182380881998459,0.9540142465718033,0.2947394121915308,805.06,-5815.75,-154.6515,included,os1_rev7_128ch20hz1024res_rtx
180,000180,final_loop,apollo14_cone_crater_clockwise_1p4_final_02,180,379816686475,scans/000180.npy,poses/000180.npy,transforms/000180.npz,global_dem,639.388920311432,-5791.463168168261,-15.730797333177701,-0.056220452762454236,-0.011279092906094072,0.9575581027662332,0.2824792427438382,805.06,-5815.75,-154.6515,included,os1_rev7_128ch20hz1024res_rtx
181,000181,final_loop,apollo14_cone_crater_clockwise_1p4_final_02,181,382216686600,scans/000181.npy,poses/000181.npy,transforms/000181.npz,global_dem,638.5045171598013,-5790.8992276109175,-15.837798241171193,-0.04009322120384609,-0.017431055421881787,0.9590670733047384,0.27978391809227043,805.06,-5815.75,-154.6515,included,os1_rev7_128ch20hz1024res_rtx
182,000182,final_loop,apollo14_cone_crater_clockwise_1p4_final_02,182,383333353325,scans/000182.npy,poses/000182.npy,transforms/000182.npz,global_dem,637.5812644820859,-5790.3690590182905,-15.940835097062855,-0.0922912554702145,-0.0007745141831342761,0.9582800449209746,0.270520017369818,805.06,-5815.75,-154.6515,included,os1_rev7_128ch20hz1024res_rtx
183,000183,final_loop,apollo14_cone_crater_clockwise_1p4_final_02,183,384866686739,scans/000183.npy,poses/000183.npy,transforms/000183.npz,global_dem,636.7501609040436,-5789.842176231182,-16.074256242456464,-0.05551291414999627,-0.010007074395730427,0.9548240677221274,0.2917690431200402,805.06,-5815.75,-154.6515,included,os1_rev7_128ch20hz1024res_rtx
184,000184,final_loop,apollo14_cone_crater_clockwise_1p4_final_02,184,387283353531,scans/000184.npy,poses/000184.npy,transforms/000184.npz,global_dem,635.9189256266911,-5789.261564451308,-16.179073796825918,-0.05278370440844082,-0.00565084150392064,0.948503895212748,0.31228562135561777,805.06,-5815.75,-154.6515,included,os1_rev7_128ch20hz1024res_rtx
185,000185,final_loop,apollo14_cone_crater_clockwise_1p4_final_02,185,388600020267,scans/000185.npy,poses/000185.npy,transforms/000185.npz,global_dem,635.0414929265612,-5788.656339243757,-16.290791249790896,-0.05275944365279301,-0.0016246795893716287,0.953044833637104,0.29819347175836114,805.06,-5815.75,-154.6515,included,os1_rev7_128ch20hz1024res_rtx
186,000186,final_loop,apollo14_cone_crater_clockwise_1p4_final_02,186,390150020347,scans/000186.npy,poses/000186.npy,transforms/000186.npz,global_dem,634.195883219241,-5788.043841182506,-16.398007503725932,-0.052580166640072014,0.0017291283992949774,0.9454079868454209,0.3216147922592637,805.06,-5815.75,-154.6515,included,os1_rev7_128ch20hz1024res_rtx
187,000187,final_loop,apollo14_cone_crater_clockwise_1p4_final_02,187,392366687130,scans/000187.npy,poses/000187.npy,transforms/000187.npz,global_dem,633.4230047983876,-5787.410339798342,-16.49750822744112,-0.04886722888411794,0.0061197767869218475,0.934548978524953,0.35240991616473066,805.06,-5815.75,-154.6515,included,os1_rev7_128ch20hz1024res_rtx
188,000188,final_loop,apollo14_cone_crater_clockwise_1p4_final_02,188,394166687224,scans/000188.npy,poses/000188.npy,transforms/000188.npz,global_dem,632.6634639132615,-5786.703559327577,-16.579246050705624,-0.04355573385953366,0.026628584317278974,0.9260318203482065,0.3739771172783196,805.06,-5815.75,-154.6515,included,os1_rev7_128ch20hz1024res_rtx
189,000189,final_loop,apollo14_cone_crater_clockwise_1p4_final_02,189,395516687294,scans/000189.npy,poses/000189.npy,transforms/000189.npz,global_dem,631.916406063164,-5786.015066002141,-16.687304361578075,-0.0433852363746523,0.009398349889430375,0.9255927459308643,0.37590884661608315,805.06,-5815.75,-154.6515,included,os1_rev7_128ch20hz1024res_rtx
190,000190,final_loop,apollo14_cone_crater_clockwise_1p4_final_02,190,397550020733,scans/000190.npy,poses/000190.npy,transforms/000190.npz,global_dem,631.2035871394426,-5785.295041899544,-16.771250251705542,-0.04194849528230551,0.006390506537632638,0.9139071424960883,0.40369941796388253,805.06,-5815.75,-154.6515,included,os1_rev7_128ch20hz1024res_rtx
191,000191,final_loop,apollo14_cone_crater_clockwise_1p4_final_02,191,399600020840,scans/000191.npy,poses/000191.npy,transforms/000191.npz,global_dem,630.5653460336692,-5784.544397839473,-16.843503830086387,-0.01008150684700427,-0.006739956035993938,0.9076693180275018,0.41951084053194204,805.06,-5815.75,-154.6515,included,os1_rev7_128ch20hz1024res_rtx
192,000192,final_loop,apollo14_cone_crater_clockwise_1p4_final_02,192,400866687573,scans/000192.npy,poses/000192.npy,transforms/000192.npz,global_dem,629.9068905619389,-5783.73980040421,-16.92552208449299,-0.03936404094426669,0.005550672151576749,0.9018331321283134,0.4302518612566828,805.06,-5815.75,-154.6515,included,os1_rev7_128ch20hz1024res_rtx
193,000193,final_loop,apollo14_cone_crater_clockwise_1p4_final_02,193,402716687669,scans/000193.npy,poses/000193.npy,transforms/000193.npz,global_dem,629.2637841359032,-5782.943967228889,-16.999863026707104,-0.038414741689353694,0.0015657406169677104,0.8939837044727877,0.44644707661084754,805.06,-5815.75,-154.6515,included,os1_rev7_128ch20hz1024res_rtx
194,000194,final_loop,apollo14_cone_crater_clockwise_1p4_final_02,194,404816687779,scans/000194.npy,poses/000194.npy,transforms/000194.npz,global_dem,628.6624179411244,-5782.077937838156,-17.04694123015856,-0.012266123498678816,-0.011233820688684837,0.9010860265453345,0.43332126217367917,805.06,-5815.75,-154.6515,included,os1_rev7_128ch20hz1024res_rtx
195,000195,final_loop,apollo14_cone_crater_clockwise_1p4_final_02,195,406100021179,scans/000195.npy,poses/000195.npy,transforms/000195.npz,global_dem,627.9999130830371,-5781.25959689507,-17.151165975550505,-0.02620013543902711,-0.006642199357330341,0.9024341932811072,0.42997902377645286,805.06,-5815.75,-154.6515,included,os1_rev7_128ch20hz1024res_rtx
196,000196,final_loop,apollo14_cone_crater_clockwise_1p4_final_02,196,407983354611,scans/000196.npy,poses/000196.npy,transforms/000196.npz,global_dem,627.3273258535426,-5780.449537228584,-17.242307145259364,-0.04835191629215331,-0.006733170407854402,0.9021552450837748,0.4286404908253184,805.06,-5815.75,-154.6515,included,os1_rev7_128ch20hz1024res_rtx
197,000197,final_loop,apollo14_cone_crater_clockwise_1p4_final_02,197,410000021383,scans/000197.npy,poses/000197.npy,transforms/000197.npz,global_dem,626.6743272316095,-5779.6420549373715,-17.327553542088022,-0.049367171708308524,0.0015474337991828735,0.8987405479246787,0.4356901597720655,805.06,-5815.75,-154.6515,included,os1_rev7_128ch20hz1024res_rtx
198,000198,final_loop,apollo14_cone_crater_clockwise_1p4_final_02,198,411300021450,scans/000198.npy,poses/000198.npy,transforms/000198.npz,global_dem,626.0347082589444,-5778.82520101697,-17.422130795428938,-0.04954325651156427,-0.0033130588715515196,0.897336421313417,0.43854513605736517,805.06,-5815.75,-154.6515,included,os1_rev7_128ch20hz1024res_rtx
199,000199,final_loop,apollo14_cone_crater_clockwise_1p4_final_02,199,413083354877,scans/000199.npy,poses/000199.npy,transforms/000199.npz,global_dem,625.4160131375369,-5778.038050356686,-17.51159839775537,-0.04890251928781519,-0.0029551742738394855,0.8992256798322921,0.4347332369194564,805.06,-5815.75,-154.6515,included,os1_rev7_128ch20hz1024res_rtx
200,000200,final_loop,apollo14_cone_crater_clockwise_1p4_final_02,200,415133354984,scans/000200.npy,poses/000200.npy,transforms/000200.npz,global_dem,624.7510399753087,-5777.360783992911,-17.554031257813214,-0.014499550225953228,-0.0767850854492839,0.9115418057543739,0.4037144412302422,805.06,-5815.75,-154.6515,included,os1_rev7_128ch20hz1024res_rtx
201,000201,final_loop,apollo14_cone_crater_clockwise_1p4_final_02,201,416150021703,scans/000201.npy,poses/000201.npy,transforms/000201.npz,global_dem,623.9815778166578,-5776.630735703557,-17.692814893419825,-0.057332207340130746,-0.00037901995496382316,0.9425640207804578,0.3290682924190036,805.06,-5815.75,-154.6515,included,os1_rev7_128ch20hz1024res_rtx
202,000202,final_loop,apollo14_cone_crater_clockwise_1p4_final_02,202,417816688457,scans/000202.npy,poses/000202.npy,transforms/000202.npz,global_dem,623.2531176573535,-5775.953299121304,-17.794129403303273,-0.05003639552342066,0.003272296559296842,0.9250460373117222,0.3765308487390267,805.06,-5815.75,-154.6515,included,os1_rev7_128ch20hz1024res_rtx
203,000203,final_loop,apollo14_cone_crater_clockwise_1p4_final_02,203,420216688582,scans/000203.npy,poses/000203.npy,transforms/000203.npz,global_dem,622.5089613219066,-5775.205209546235,-17.887681879880162,-0.025934903732812715,-0.010415662801848491,0.9179430198551962,0.39572655588915284,805.06,-5815.75,-154.6515,included,os1_rev7_128ch20hz1024res_rtx
204,000204,final_loop,apollo14_cone_crater_clockwise_1p4_final_02,204,421433355312,scans/000204.npy,poses/000204.npy,transforms/000204.npz,global_dem,621.7737088780544,-5774.422395841988,-17.988752965105206,-0.04779795486743948,-0.00033607629812411625,0.9233509224200909,0.3809702306338113,805.06,-5815.75,-154.6515,included,os1_rev7_128ch20hz1024res_rtx
205,000205,final_loop,apollo14_cone_crater_clockwise_1p4_final_02,205,423233355406,scans/000205.npy,poses/000205.npy,transforms/000205.npz,global_dem,621.0299387993018,-5773.682303327757,-18.07891086447404,-0.04772514347027377,-0.0035444771994171224,0.9153999801115774,0.3996906601033459,805.06,-5815.75,-154.6515,included,os1_rev7_128ch20hz1024res_rtx
206,000206,final_loop,apollo14_cone_crater_clockwise_1p4_final_02,206,425683355534,scans/000206.npy,poses/000206.npy,transforms/000206.npz,global_dem,620.3398015213426,-5772.936481819779,-18.150245047025518,0.0015529647296841271,-0.02931419812271343,0.8987520088249824,0.43747353373893305,805.06,-5815.75,-154.6515,included,os1_rev7_128ch20hz1024res_rtx
207,000207,final_loop,apollo14_cone_crater_clockwise_1p4_final_02,207,426800022259,scans/000207.npy,poses/000207.npy,transforms/000207.npz,global_dem,619.6771575487631,-5772.09341469959,-18.188976643311364,-0.07859237336663975,-0.0008284280699672402,0.8989115949017931,0.4310226178597202,805.06,-5815.75,-154.6515,included,os1_rev7_128ch20hz1024res_rtx
208,000208,final_loop,apollo14_cone_crater_clockwise_1p4_final_02,208,428416689010,scans/000208.npy,poses/000208.npy,transforms/000208.npz,global_dem,619.1000341726752,-5771.296830676512,-18.283568034638794,-0.03714808534010569,-0.006110242553023483,0.8851367164906417,0.4638056465931316,805.06,-5815.75,-154.6515,included,os1_rev7_128ch20hz1024res_rtx
209,000209,final_loop,apollo14_cone_crater_clockwise_1p4_final_02,209,430800022467,scans/000209.npy,poses/000209.npy,transforms/000209.npz,global_dem,618.5409614001431,-5770.437807958358,-18.349712992019132,-0.0349222073844027,-0.0045827274390088935,0.870212604060384,0.49141577281876686,805.06,-5815.75,-154.6515,included,os1_rev7_128ch20hz1024res_rtx
210,000210,final_loop,apollo14_cone_crater_clockwise_1p4_final_02,210,432083355868,scans/000210.npy,poses/000210.npy,transforms/000210.npz,global_dem,618.0472540244723,-5769.5846400483515,-18.40071085392493,0.0453518650550555,-0.014910792554964773,0.8843828253603091,0.4643144352797228,805.06,-5815.75,-154.6515,included,os1_rev7_128ch20hz1024res_rtx
211,000211,final_loop,apollo14_cone_crater_clockwise_1p4_final_02,211,433750022621,scans/000211.npy,poses/000211.npy,transforms/000211.npz,global_dem,617.3744565061004,-5768.6810765993005,-18.491958988411863,-0.0751882992855198,-0.037241163655911944,0.8485861884739148,0.5223612697275886,805.06,-5815.75,-154.6515,included,os1_rev7_128ch20hz1024res_rtx
212,000212,final_loop,apollo14_cone_crater_clockwise_1p4_final_02,212,436033356074,scans/000212.npy,poses/000212.npy,transforms/000212.npz,global_dem,616.900038918077,-5767.778056176037,-18.585746013832217,-0.075454531651186,-0.035870057124546086,0.8523336968873119,0.5162821145513276,805.06,-5815.75,-154.6515,included,os1_rev7_128ch20hz1024res_rtx
213,000213,final_loop,apollo14_cone_crater_clockwise_1p4_final_02,213,437066689461,scans/000213.npy,poses/000213.npy,transforms/000213.npz,global_dem,616.3518061846744,-5766.875054368847,-18.71212136736942,-0.045346893241078094,-0.014622356632963945,0.8792035946231425,0.4740578922047663,805.06,-5815.75,-154.6515,included,os1_rev7_128ch20hz1024res_rtx
214,000214,final_loop,apollo14_cone_crater_clockwise_1p4_final_02,214,438066689513,scans/000214.npy,poses/000214.npy,transforms/000214.npz,global_dem,615.7037543078127,-5766.0439678083385,-18.80257566496116,-0.07401844861143234,-0.03422007829500546,0.8735110313344154,0.47992575847075186,805.06,-5815.75,-154.6515,included,os1_rev7_128ch20hz1024res_rtx
215,000215,final_loop,apollo14_cone_crater_clockwise_1p4_final_02,215,439116689568,scans/000215.npy,poses/000215.npy,transforms/000215.npz,global_dem,615.0971877615995,-5765.250080284581,-18.92922463820918,-0.059702889170168166,-0.010224023898070889,0.8847586358670867,0.46209651656193895,805.06,-5815.75,-154.6515,included,os1_rev7_128ch20hz1024res_rtx
216,000216,final_loop,apollo14_cone_crater_clockwise_1p4_final_02,216,440616689646,scans/000216.npy,poses/000216.npy,transforms/000216.npz,global_dem,614.4791857843063,-5764.402171138658,-19.03701142380688,-0.06331288379218554,-0.012160817244564468,0.8934790328961884,0.4444533845576537,805.06,-5815.75,-154.6515,included,os1_rev7_128ch20hz1024res_rtx
217,000217,final_loop,apollo14_cone_crater_clockwise_1p4_final_02,217,442716689756,scans/000217.npy,poses/000217.npy,transforms/000217.npz,global_dem,613.8331110076297,-5763.622327082316,-19.143030460280748,-0.06182706096636236,-0.008392134024366968,0.91124335378734,0.4071148938532949,805.06,-5815.75,-154.6515,included,os1_rev7_128ch20hz1024res_rtx
218,000218,final_loop,apollo14_cone_crater_clockwise_1p4_final_02,218,446300023276,scans/000218.npy,poses/000218.npy,transforms/000218.npz,global_dem,613.1099039151593,-5762.9131357273245,-19.257963739051867,-0.063437885619913,-0.0036035449302499667,0.927870214073473,0.3674500169645634,805.06,-5815.75,-154.6515,included,os1_rev7_128ch20hz1024res_rtx
219,000219,final_loop,apollo14_cone_crater_clockwise_1p4_final_02,219,449066690087,scans/000219.npy,poses/000219.npy,transforms/000219.npz,global_dem,612.4195097111684,-5762.341002971447,-19.3399693915135,0.08384493693167634,-0.0715865288656292,0.9355874096070104,0.33544238614214816,805.06,-5815.75,-154.6515,included,os1_rev7_128ch20hz1024res_rtx
220,000220,final_loop,apollo14_cone_crater_clockwise_1p4_final_02,220,450016690136,scans/000220.npy,poses/000220.npy,transforms/000220.npz,global_dem,611.5093194472997,-5761.639975480369,-19.448344417350278,-0.006081549625562359,-0.07039698393863088,0.9342296235959886,0.34960304604249876,805.06,-5815.75,-154.6515,included,os1_rev7_128ch20hz1024res_rtx
221,000221,final_loop,apollo14_cone_crater_clockwise_1p4_final_02,221,451050023524,scans/000221.npy,poses/000221.npy,transforms/000221.npz,global_dem,610.7170426822661,-5760.770765093031,-19.53977603832282,-0.024235162317791763,0.05646834394559975,0.9261260396636388,0.3721754179099096,805.06,-5815.75,-154.6515,included,os1_rev7_128ch20hz1024res_rtx
222,000222,final_loop,apollo14_cone_crater_clockwise_1p4_final_02,222,452583356937,scans/000222.npy,poses/000222.npy,transforms/000222.npz,global_dem,609.9439041102592,-5760.068469858492,-19.659975784712717,-0.0436668989896759,-0.007977087947000052,0.9219016716839904,0.38487254480772665,805.06,-5815.75,-154.6515,included,os1_rev7_128ch20hz1024res_rtx
223,000223,final_loop,apollo14_cone_crater_clockwise_1p4_final_02,223,455000023730,scans/000223.npy,poses/000223.npy,transforms/000223.npz,global_dem,609.1966570529303,-5759.387095479779,-19.74303993793512,-0.053522985294190056,-0.007683118757266716,0.9420542727600354,0.3310740202823539,805.06,-5815.75,-154.6515,included,os1_rev7_128ch20hz1024res_rtx
224,000224,final_loop,apollo14_cone_crater_clockwise_1p4_final_02,224,459183357281,scans/000224.npy,poses/000224.npy,transforms/000224.npz,global_dem,608.3859393972741,-5758.797358892401,-19.84634598238227,-0.06291930863228314,-0.0027106873576355026,0.9558404845983748,0.2870588454969272,805.06,-5815.75,-154.6515,included,os1_rev7_128ch20hz1024res_rtx
225,000225,final_loop,apollo14_cone_crater_clockwise_1p4_final_02,225,463533357508,scans/000225.npy,poses/000225.npy,transforms/000225.npz,global_dem,607.5733265429582,-5758.559974902966,-19.889757193243135,0.16759092740679982,-0.06728617870829105,0.9793103811315846,0.09130733055825936,805.06,-5815.75,-154.6515,included,os1_rev7_128ch20hz1024res_rtx
226,000226,final_loop,apollo14_cone_crater_clockwise_1p4_final_02,226,464583357563,scans/000226.npy,poses/000226.npy,transforms/000226.npz,global_dem,606.4936144306832,-5758.355218037542,-20.057149039317355,0.16022525034208296,-0.09082455464254588,0.9749047662352894,0.12505785140692194,805.06,-5815.75,-154.6515,included,os1_rev7_128ch20hz1024res_rtx
227,000227,final_loop,apollo14_cone_crater_clockwise_1p4_final_02,227,465516690945,scans/000227.npy,poses/000227.npy,transforms/000227.npz,global_dem,605.1873420407554,-5758.143108917989,-20.209839276504542,-0.10919276001176897,-0.10207327633511214,0.9856619102271527,0.07828528691004893,805.06,-5815.75,-154.6515,included,os1_rev7_128ch20hz1024res_rtx
228,000228,final_loop,apollo14_cone_crater_clockwise_1p4_final_02,228,466633357670,scans/000228.npy,poses/000228.npy,transforms/000228.npz,global_dem,604.2128556808518,-5757.868621895872,-20.44531752656386,-0.07583935631328025,0.005751846862845962,0.996509316624146,0.03441642301185941,805.06,-5815.75,-154.6515,included,os1_rev7_128ch20hz1024res_rtx
229,000229,final_loop,apollo14_cone_crater_clockwise_1p4_final_02,229,469783357834,scans/000229.npy,poses/000229.npy,transforms/000229.npz,global_dem,603.1994968368554,-5757.78455568313,-20.602015314555054,-0.07989599307899055,0.00033741685792080845,0.9949247028473436,0.06116659303828423,805.06,-5815.75,-154.6515,included,os1_rev7_128ch20hz1024res_rtx
230,000230,final_loop,apollo14_cone_crater_clockwise_1p4_final_02,230,475783358147,scans/000230.npy,poses/000230.npy,transforms/000230.npz,global_dem,602.22613121358,-5757.555202526186,-20.76221172378116,-0.0774163207365488,-0.012710061317170042,0.9655779962142216,0.24800060655542455,805.06,-5815.75,-154.6515,included,os1_rev7_128ch20hz1024res_rtx
231,000231,final_loop,apollo14_cone_crater_clockwise_1p4_final_02,231,477300024893,scans/000231.npy,poses/000231.npy,transforms/000231.npz,global_dem,601.3030088210646,-5757.052081514636,-20.900829778619844,-0.005623282872369427,-0.028259206113151344,0.9650882533541386,0.2603352822754724,805.06,-5815.75,-154.6515,included,os1_rev7_128ch20hz1024res_rtx
232,000232,final_loop,apollo14_cone_crater_clockwise_1p4_final_02,232,478300024945,scans/000232.npy,poses/000232.npy,transforms/000232.npz,global_dem,600.3827654641648,-5756.527037569542,-21.056118952565917,-0.008280364529970491,-0.04091870028544307,0.9566741267052993,0.2881522354986234,805.06,-5815.75,-154.6515,included,os1_rev7_128ch20hz1024res_rtx
233,000233,final_loop,apollo14_cone_crater_clockwise_1p4_final_02,233,479400025002,scans/000233.npy,poses/000233.npy,transforms/000233.npz,global_dem,599.4558026478762,-5755.948741865445,-21.19958407396476,-0.07622674224699683,-0.019019911889553258,0.9573498733801244,0.2780448644682784,805.06,-5815.75,-154.6515,included,os1_rev7_128ch20hz1024res_rtx
234,000234,final_loop,apollo14_cone_crater_clockwise_1p4_final_02,234,481083358423,scans/000234.npy,poses/000234.npy,transforms/000234.npz,global_dem,598.5884943729411,-5755.373403883385,-21.319066146365916,-0.0598875284922802,-0.02348196532320708,0.9430076967786556,0.32649435684535394,805.06,-5815.75,-154.6515,included,os1_rev7_128ch20hz1024res_rtx
235,000235,final_loop,apollo14_cone_crater_clockwise_1p4_final_02,235,483400025211,scans/000235.npy,poses/000235.npy,transforms/000235.npz,global_dem,597.819838061545,-5754.736790855646,-21.412420886912194,-0.05466312488028295,-0.02852003337623814,0.9291121781638016,0.3646218738121138,805.06,-5815.75,-154.6515,included,os1_rev7_128ch20hz1024res_rtx
236,000236,final_loop,apollo14_cone_crater_clockwise_1p4_final_02,236,487333358749,scans/000236.npy,poses/000236.npy,transforms/000236.npz,global_dem,597.1165862887781,-5754.018396307938,-21.497932389946868,-0.05729748065369764,-0.03103246705092044,0.9043004505500174,0.4218941571466809,805.06,-5815.75,-154.6515,included,os1_rev7_128ch20hz1024res_rtx
237,000237,final_loop,apollo14_cone_crater_clockwise_1p4_final_02,237,491216692285,scans/000237.npy,poses/000237.npy,transforms/000237.npz,global_dem,596.5905851328993,-5753.200953802068,-21.515571122405888,0.08553977782736841,-0.07681165545311619,0.8595554503222604,0.49794311303309774,805.06,-5815.75,-154.6515,included,os1_rev7_128ch20hz1024res_rtx
238,000238,final_loop,apollo14_cone_crater_clockwise_1p4_final_02,238,492166692335,scans/000238.npy,poses/000238.npy,transforms/000238.npz,global_dem,596.0282609626427,-5752.265714261737,-21.621624595011948,0.038938892141605196,-0.09478436855376912,0.859412148941601,0.5009096170051313,805.06,-5815.75,-154.6515,included,os1_rev7_128ch20hz1024res_rtx
239,000239,final_loop,apollo14_cone_crater_clockwise_1p4_final_02,239,493100025717,scans/000239.npy,poses/000239.npy,transforms/000239.npz,global_dem,595.3363019599915,-5751.307518711922,-21.73046089891059,-0.044568232133006536,-0.052266915218521164,0.9012693380699416,0.4277796424715039,805.06,-5815.75,-154.6515,included,os1_rev7_128ch20hz1024res_rtx
240,000240,final_loop,apollo14_cone_crater_clockwise_1p4_final_02,240,494616692462,scans/000240.npy,poses/000240.npy,transforms/000240.npz,global_dem,594.6606075436164,-5750.509006655022,-21.857071170887362,-0.062089079055285136,-0.0409389671513189,0.8940814444800805,0.4416869002665381,805.06,-5815.75,-154.6515,included,os1_rev7_128ch20hz1024res_rtx
241,000241,final_loop,apollo14_cone_crater_clockwise_1p4_final_02,241,497033359255,scans/000241.npy,poses/000241.npy,transforms/000241.npz,global_dem,594.0619262760935,-5749.6912652204865,-21.97244701853259,-0.07160444793379221,-0.043976597171019025,0.877347268037843,0.472441142581685,805.06,-5815.75,-154.6515,included,os1_rev7_128ch20hz1024res_rtx
242,000242,final_loop,apollo14_cone_crater_clockwise_1p4_final_02,242,498233359318,scans/000242.npy,poses/000242.npy,transforms/000242.npz,global_dem,593.3482527463053,-5748.973602281703,-22.052117699791438,-0.00803525058052209,-0.13256350937493125,0.9217433764595963,0.36435079069925724,805.06,-5815.75,-154.6515,included,os1_rev7_128ch20hz1024res_rtx
243,000243,final_loop,apollo14_cone_crater_clockwise_1p4_final_02,243,499066692695,scans/000243.npy,poses/000243.npy,transforms/000243.npz,global_dem,592.6897150657845,-5748.063232881217,-22.149971858882193,-0.02043328829693215,0.09424224959171026,0.9568659454501866,0.27405919353123154,805.06,-5815.75,-154.6515,included,os1_rev7_128ch20hz1024res_rtx
244,000244,final_loop,apollo14_cone_crater_clockwise_1p4_final_02,244,500116692749,scans/000244.npy,poses/000244.npy,transforms/000244.npz,global_dem,591.7797349324344,-5747.547775874716,-22.37255578145294,-0.0662975906799334,0.005319736716193827,0.9548365825041054,0.28959183445530207,805.06,-5815.75,-154.6515,included,os1_rev7_128ch20hz1024res_rtx
245,000245,final_loop,apollo14_cone_crater_clockwise_1p4_final_02,245,501516692822,scans/000245.npy,poses/000245.npy,transforms/000245.npz,global_dem,590.9082470055589,-5746.998924938959,-22.52209670078424,-0.07313593820353251,-0.01108962121931518,0.9498162377197176,0.30393629169327946,805.06,-5815.75,-154.6515,included,os1_rev7_128ch20hz1024res_rtx
246,000246,final_loop,apollo14_cone_crater_clockwise_1p4_final_02,246,503550026262,scans/000246.npy,poses/000246.npy,transforms/000246.npz,global_dem,590.0995911970175,-5746.40975587021,-22.64538459409226,-0.07019789970955674,-0.014229441667438846,0.942564467361458,0.3262545060743393,805.06,-5815.75,-154.6515,included,os1_rev7_128ch20hz1024res_rtx
247,000247,final_loop,apollo14_cone_crater_clockwise_1p4_final_02,247,507033359777,scans/000247.npy,poses/000247.npy,transforms/000247.npz,global_dem,589.3174259132056,-5745.7871458085765,-22.763927554841384,-0.06060433741368134,-0.042282980872972574,0.9272926701917298,0.3669707994157525,805.06,-5815.75,-154.6515,included,os1_rev7_128ch20hz1024res_rtx
248,000248,final_loop,apollo14_cone_crater_clockwise_1p4_final_02,248,512750026741,scans/000248.npy,poses/000248.npy,transforms/000248.npz,global_dem,588.5631050109853,-5745.069347576202,-22.838065592066776,-0.0653794167369891,-0.12570292373103953,0.8671049949816434,0.4775491959060176,805.06,-5815.75,-154.6515,included,os1_rev7_128ch20hz1024res_rtx
249,000249,final_loop,apollo14_cone_crater_clockwise_1p4_final_02,249,513733360126,scans/000249.npy,poses/000249.npy,transforms/000249.npz,global_dem,588.0378026925368,-5744.310017075988,-22.95639587513102,0.11737081951290743,-0.1005795327939612,0.9078827966528281,0.3896879211005348,805.06,-5815.75,-154.6515,included,os1_rev7_128ch20hz1024res_rtx
250,000250,final_loop,apollo14_cone_crater_clockwise_1p4_final_02,250,514716693511,scans/000250.npy,poses/000250.npy,transforms/000250.npz,global_dem,587.1347587912347,-5743.338423322514,-23.04996987909691,-0.11621620681078651,-0.04846705528528497,0.9056446720987972,0.4049104416109173,805.06,-5815.75,-154.6515,included,os1_rev7_128ch20hz1024res_rtx
251,000251,final_loop,apollo14_cone_crater_clockwise_1p4_final_02,251,515966693576,scans/000251.npy,poses/000251.npy,transforms/000251.npz,global_dem,586.3777020485888,-5742.612226217609,-23.277465366769437,-0.17473462454881172,-0.06022854676678901,0.9086748106189765,0.37436669414454304,805.06,-5815.75,-154.6515,included,os1_rev7_128ch20hz1024res_rtx
252,000252,final_loop,apollo14_cone_crater_clockwise_1p4_final_02,252,517866693675,scans/000252.npy,poses/000252.npy,transforms/000252.npz,global_dem,585.6570621563939,-5741.930126677974,-23.602225192830105,-0.2019365460201766,-0.057075057052329986,0.9111527638342315,0.35463320515873253,805.06,-5815.75,-154.6515,included,os1_rev7_128ch20hz1024res_rtx
253,000253,final_loop,apollo14_cone_crater_clockwise_1p4_final_02,253,522050027227,scans/000253.npy,poses/000253.npy,transforms/000253.npz,global_dem,584.9974554799003,-5741.293687697173,-23.90245911875091,-0.1432547649312404,-0.06460635322760844,0.9092885888442798,0.38535484121093266,805.06,-5815.75,-154.6515,included,os1_rev7_128ch20hz1024res_rtx
254,000254,final_loop,apollo14_cone_crater_clockwise_1p4_final_02,254,526616694131,scans/000254.npy,poses/000254.npy,transforms/000254.npz,global_dem,584.450098875918,-5740.597723749893,-24.053323008951317,0.017693401065346205,-0.13454568251546095,0.8541932602902981,0.5019345345259887,805.06,-5815.75,-154.6515,included,os1_rev7_128ch20hz1024res_rtx
255,000255,final_loop,apollo14_cone_crater_clockwise_1p4_final_02,255,527666694186,scans/000255.npy,poses/000255.npy,transforms/000255.npz,global_dem,583.8957984049944,-5739.63107647216,-24.18215303292688,0.06744210738738833,-0.14537986080562187,0.8668335477945573,0.47213966010195224,805.06,-5815.75,-154.6515,included,os1_rev7_128ch20hz1024res_rtx
256,000256,final_loop,apollo14_cone_crater_clockwise_1p4_final_02,256,528533360898,scans/000256.npy,poses/000256.npy,transforms/000256.npz,global_dem,583.2081059336964,-5738.656361034183,-24.432073323313148,-0.14544941905640868,-0.06823364713231515,0.8930026652588514,0.42039847256592616,805.06,-5815.75,-154.6515,included,os1_rev7_128ch20hz1024res_rtx
257,000257,final_loop,apollo14_cone_crater_clockwise_1p4_final_02,257,529600027620,scans/000257.npy,poses/000257.npy,transforms/000257.npz,global_dem,582.5651079839536,-5737.816328892339,-24.654385395613275,-0.18992251222219195,-0.02743822015070443,0.89386608194426,0.40519132638272304,805.06,-5815.75,-154.6515,included,os1_rev7_128ch20hz1024res_rtx
258,000258,final_loop,apollo14_cone_crater_clockwise_1p4_final_02,258,531800027735,scans/000258.npy,poses/000258.npy,transforms/000258.npz,global_dem,581.9787452101828,-5737.137444853825,-24.859845248231412,-0.09671902674056261,-0.06778803027031795,0.8906632068177573,0.4390549679021269,805.06,-5815.75,-154.6515,included,os1_rev7_128ch20hz1024res_rtx
259,000259,final_loop,apollo14_cone_crater_clockwise_1p4_final_02,259,534116694523,scans/000259.npy,poses/000259.npy,transforms/000259.npz,global_dem,581.4263158241554,-5736.356836793608,-24.902194220603658,0.04026177030072188,-0.12116993013531838,0.8821580480727185,0.45331447815372655,805.06,-5815.75,-154.6515,included,os1_rev7_128ch20hz1024res_rtx
260,000260,final_loop,apollo14_cone_crater_clockwise_1p4_final_02,260,535100027907,scans/000260.npy,poses/000260.npy,transforms/000260.npz,global_dem,580.7464610594573,-5735.546886983924,-24.9975805996734,0.138997841392726,-0.22370093107664163,0.862227838216185,0.4326669025112166,805.06,-5815.75,-154.6515,included,os1_rev7_128ch20hz1024res_rtx
261,000261,final_loop,apollo14_cone_crater_clockwise_1p4_final_02,261,535966694619,scans/000261.npy,poses/000261.npy,transforms/000261.npz,global_dem,580.0042867556351,-5734.5814049250685,-25.11721354286931,-0.028751677721951977,-0.13543780565357622,0.8898149274313752,0.43480954077413436,805.06,-5815.75,-154.6515,included,os1_rev7_128ch20hz1024res_rtx
262,000262,final_loop,apollo14_cone_crater_clockwise_1p4_final_02,262,536833361331,scans/000262.npy,poses/000262.npy,transforms/000262.npz,global_dem,579.3482960706372,-5733.658173683523,-25.352202938466835,-0.0976458815396911,-0.06153802806695063,0.8187499640442377,0.5624294171694145,805.06,-5815.75,-154.6515,included,os1_rev7_128ch20hz1024res_rtx
263,000263,final_loop,apollo14_cone_crater_clockwise_1p4_final_02,263,538516694752,scans/000263.npy,poses/000263.npy,transforms/000263.npz,global_dem,578.9593223491507,-5732.6885998735515,-25.4613258082728,-0.10195932582708876,-0.057266383755978104,0.8089511415993377,0.5761275099086373,805.06,-5815.75,-154.6515,included,os1_rev7_128ch20hz1024res_rtx
264,000264,final_loop,apollo14_cone_crater_clockwise_1p4_final_02,264,540716694867,scans/000264.npy,poses/000264.npy,transforms/000264.npz,global_dem,578.6141565056951,-5731.631272656133,-25.551173323541196,-0.06920978655136273,-0.05028782496904498,0.8073429377563334,0.5838480289941647,805.06,-5815.75,-154.6515,included,os1_rev7_128ch20hz1024res_rtx
265,000265,final_loop,apollo14_cone_crater_clockwise_1p4_final_02,265,541700028251,scans/000265.npy,poses/000265.npy,transforms/000265.npz,global_dem,578.2474021932287,-5730.668799547506,-25.663957966182416,-0.08376470960818413,-0.07831244028185108,0.8074655073277663,0.578662327784755,805.06,-5815.75,-154.6515,included,os1_rev7_128ch20hz1024res_rtx
266,000266,final_loop,apollo14_cone_crater_clockwise_1p4_final_02,266,542700028304,scans/000266.npy,poses/000266.npy,transforms/000266.npz,global_dem,577.8078179661038,-5729.64763036063,-25.768164790805578,-0.10910982945925987,-0.08987832301715644,0.7855559870173661,0.6024273594618416,805.06,-5815.75,-154.6515,included,os1_rev7_128ch20hz1024res_rtx
267,000267,final_loop,apollo14_cone_crater_clockwise_1p4_final_02,267,543866695031,scans/000267.npy,poses/000267.npy,transforms/000267.npz,global_dem,577.484278557468,-5728.620356756235,-25.865691253592928,-0.175555967415714,-0.09669416334524275,0.7743152406368733,0.6002218333226119,805.06,-5815.75,-154.6515,included,os1_rev7_128ch20hz1024res_rtx
268,000268,final_loop,apollo14_cone_crater_clockwise_1p4_final_02,268,545533361785,scans/000268.npy,poses/000268.npy,transforms/000268.npz,global_dem,577.2089289636899,-5727.637535457903,-26.038616695201874,-0.15043368247290267,-0.08031566292356557,0.786198895499564,0.593978449257257,805.06,-5815.75,-154.6515,included,os1_rev7_128ch20hz1024res_rtx
269,000269,final_loop,apollo14_cone_crater_clockwise_1p4_final_02,269,548166695255,scans/000269.npy,poses/000269.npy,transforms/000269.npz,global_dem,576.8944600892319,-5726.660916200181,-26.230099880672643,-0.16100470540217582,-0.05023652069384122,0.8136827270194357,0.5563040504770305,805.06,-5815.75,-154.6515,included,os1_rev7_128ch20hz1024res_rtx
270,000270,final_loop,apollo14_cone_crater_clockwise_1p4_final_02,270,553133362181,scans/000270.npy,poses/000270.npy,transforms/000270.npz,global_dem,576.518734878674,-5725.746717189689,-26.46687373840941,-0.14917728339539363,-0.017827506118295477,0.8605428286254325,0.48671794526780315,805.06,-5815.75,-154.6515,included,os1_rev7_128ch20hz1024res_rtx
271,000271,final_loop,apollo14_cone_crater_clockwise_1p4_final_02,271,556483362356,scans/000271.npy,poses/000271.npy,transforms/000271.npz,global_dem,575.8323177284357,-5725.131991947288,-26.654351607399143,-0.02799696376292871,-0.005432886681847224,0.9535331704609797,0.2999352373313142,805.06,-5815.75,-154.6515,included,os1_rev7_128ch20hz1024res_rtx
272,000272,final_loop,apollo14_cone_crater_clockwise_1p4_final_02,272,557383362403,scans/000272.npy,poses/000272.npy,transforms/000272.npz,global_dem,574.781386957475,-5724.612325381223,-26.94472182092434,-0.1835641051646459,-0.165736354424193,0.9094676281366627,0.33422195243393893,805.06,-5815.75,-154.6515,included,os1_rev7_128ch20hz1024res_rtx
273,000273,final_loop,apollo14_cone_crater_clockwise_1p4_final_02,273,558250029115,scans/000273.npy,poses/000273.npy,transforms/000273.npz,global_dem,574.0351050477938,-5723.836515973832,-27.26906873904697,-0.13753237810041138,-0.03232744460285323,0.9056319543828104,0.3998381478801971,805.06,-5815.75,-154.6515,included,os1_rev7_128ch20hz1024res_rtx
274,000274,final_loop,apollo14_cone_crater_clockwise_1p4_final_02,274,559483362512,scans/000274.npy,poses/000274.npy,transforms/000274.npz,global_dem,573.3401478838555,-5723.060294556279,-27.503237171853026,-0.14078529701768724,-0.02819630528766591,0.8956692491952365,0.42090505408917067,805.06,-5815.75,-154.6515,included,os1_rev7_128ch20hz1024res_rtx
275,000275,final_loop,apollo14_cone_crater_clockwise_1p4_final_02,275,561633362624,scans/000275.npy,poses/000275.npy,transforms/000275.npz,global_dem,572.7081975544739,-5722.280379880774,-27.74361053478175,-0.14278084675932884,-0.021400006833654974,0.8946440846801036,0.4228092137750884,805.06,-5815.75,-154.6515,included,os1_rev7_128ch20hz1024res_rtx
276,000276,final_loop,apollo14_cone_crater_clockwise_1p4_final_02,276,562966696027,scans/000276.npy,poses/000276.npy,transforms/000276.npz,global_dem,572.0800082321559,-5721.68152566493,-27.9415582361337,0.03511127003632912,-0.09924302692815573,0.9320366436386796,0.346735800339853,805.06,-5815.75,-154.6515,included,os1_rev7_128ch20hz1024res_rtx
277,000277,final_loop,apollo14_cone_crater_clockwise_1p4_final_02,277,563800029404,scans/000277.npy,poses/000277.npy,transforms/000277.npz,global_dem,571.2009928057595,-5720.905027685852,-28.217915085871276,-0.11485007039114867,0.0195939680051859,0.9377717334772199,0.32712339207108093,805.06,-5815.75,-154.6515,included,os1_rev7_128ch20hz1024res_rtx
278,000278,final_loop,apollo14_cone_crater_clockwise_1p4_final_02,278,564733362786,scans/000278.npy,poses/000278.npy,transforms/000278.npz,global_dem,570.1557825824754,-5720.318403936067,-28.538913919709177,-0.23423312964411325,-0.18943366991700153,0.8248853938682439,0.47834486791616443,805.06,-5815.75,-154.6515,included,os1_rev7_128ch20hz1024res_rtx
279,000279,final_loop,apollo14_cone_crater_clockwise_1p4_final_02,279,565783362841,scans/000279.npy,poses/000279.npy,transforms/000279.npz,global_dem,569.5330942055165,-5719.524263410418,-28.790725381972546,-0.21774627606295582,-0.16178855822330185,0.745425608994191,0.6088938192693206,805.06,-5815.75,-154.6515,included,os1_rev7_128ch20hz1024res_rtx
280,000280,final_loop,apollo14_cone_crater_clockwise_1p4_final_02,280,567366696257,scans/000280.npy,poses/000280.npy,transforms/000280.npz,global_dem,569.4387416623858,-5718.48245613316,-28.996050089781825,-0.12502524251009692,-0.026691306963809447,0.7472246929501484,0.6521591225409731,805.06,-5815.75,-154.6515,included,os1_rev7_128ch20hz1024res_rtx
281,000281,final_loop,apollo14_cone_crater_clockwise_1p4_final_02,281,569950029725,scans/000281.npy,poses/000281.npy,transforms/000281.npz,global_dem,569.2625130139296,-5717.507319126655,-29.145034795516903,-0.09686588008137713,-0.03350178342454751,0.774602705138669,0.6240875587409922,805.06,-5815.75,-154.6515,included,os1_rev7_128ch20hz1024res_rtx
282,000282,final_loop,apollo14_cone_crater_clockwise_1p4_final_02,282,571133363120,scans/000282.npy,poses/000282.npy,transforms/000282.npz,global_dem,569.037063010088,-5716.649094055767,-29.158068140881806,0.034304374728643415,-0.14282585241972406,0.7718278721867736,0.6186321374376648,805.06,-5815.75,-154.6515,included,os1_rev7_128ch20hz1024res_rtx
283,000283,final_loop,apollo14_cone_crater_clockwise_1p4_final_02,283,572066696502,scans/000283.npy,poses/000283.npy,transforms/000283.npz,global_dem,568.887994831281,-5715.644439679344,-29.035749161321466,0.13016295637060976,-0.014715685363412851,0.8356024149895397,0.5334881980482765,805.06,-5815.75,-154.6515,included,os1_rev7_128ch20hz1024res_rtx
284,000284,final_loop,apollo14_cone_crater_clockwise_1p4_final_02,284,573050029886,scans/000284.npy,poses/000284.npy,transforms/000284.npz,global_dem,568.2428635181413,-5714.594756921858,-29.16644171485956,-0.13645217843670185,-0.10972721680524868,0.8475386651930292,0.5010179157424121,805.06,-5815.75,-154.6515,included,os1_rev7_128ch20hz1024res_rtx
285,000285,final_loop,apollo14_cone_crater_clockwise_1p4_final_02,285,574066696606,scans/000285.npy,poses/000285.npy,transforms/000285.npz,global_dem,567.5898936397639,-5713.681746878569,-29.43010056757098,-0.19496358931966487,-0.11153624222349934,0.8488192335544208,0.4785966718003164,805.06,-5815.75,-154.6515,included,os1_rev7_128ch20hz1024res_rtx
286,000286,final_loop,apollo14_cone_crater_clockwise_1p4_final_02,286,575416696676,scans/000286.npy,poses/000286.npy,transforms/000286.npz,global_dem,567.027084494546,-5712.870408208253,-29.709058500454105,-0.16632275624184856,-0.11639579889182385,0.856102414213958,0.4752656258698722,805.06,-5815.75,-154.6515,included,os1_rev7_128ch20hz1024res_rtx
287,000287,final_loop,apollo14_cone_crater_clockwise_1p4_final_02,287,577900030139,scans/000287.npy,poses/000287.npy,transforms/000287.npz,global_dem,566.5314776843226,-5712.045127114956,-29.809914983488873,-0.005592535135779801,-0.07446477745315622,0.8950924001697003,0.43958311572221737,805.06,-5815.75,-154.6515,included,os1_rev7_128ch20hz1024res_rtx
288,000288,final_loop,apollo14_cone_crater_clockwise_1p4_final_02,288,578916696859,scans/000288.npy,poses/000288.npy,transforms/000288.npz,global_dem,565.8094799230498,-5711.383717427091,-29.925043960456435,0.02557708574385163,-0.25122180297410346,0.8619056546114133,0.4397181608077652,805.06,-5815.75,-154.6515,included,os1_rev7_128ch20hz1024res_rtx
289,000289,final_loop,apollo14_cone_crater_clockwise_1p4_final_02,289,579716696901,scans/000289.npy,poses/000289.npy,transforms/000289.npz,global_dem,565.0729139995194,-5710.572736357998,-30.159588905970164,-0.1361695315789017,-0.14102983975620184,0.8881999804403105,0.41553488146454637,805.06,-5815.75,-154.6515,included,os1_rev7_128ch20hz1024res_rtx
290,000290,final_loop,apollo14_cone_crater_clockwise_1p4_final_02,290,580400030270,scans/000290.npy,poses/000290.npy,transforms/000290.npz,global_dem,564.2891916449976,-5709.773845724001,-30.526460919677493,-0.3017850231656434,-0.03177622717551554,0.8737448101590496,0.3801132435203075,805.06,-5815.75,-154.6515,included,os1_rev7_128ch20hz1024res_rtx
291,000291,final_loop,apollo14_cone_crater_clockwise_1p4_final_02,291,581033363636,scans/000291.npy,poses/000291.npy,transforms/000291.npz,global_dem,563.6317617661298,-5709.146474544837,-30.95376087182443,-0.2954476200967521,-0.06644733553875865,0.86624447891234,0.3973864090942891,805.06,-5815.75,-154.6515,included,os1_rev7_128ch20hz1024res_rtx
292,000292,final_loop,apollo14_cone_crater_clockwise_1p4_final_02,292,581750030340,scans/000292.npy,poses/000292.npy,transforms/000292.npz,global_dem,563.005031559399,-5708.372564217247,-31.446157760112172,-0.20445988275835852,-0.002526378853223111,0.8927741348975998,0.4014275997115427,805.06,-5815.75,-154.6515,included,os1_rev7_128ch20hz1024res_rtx
293,000293,final_loop,apollo14_cone_crater_clockwise_1p4_final_02,293,582533363714,scans/000293.npy,poses/000293.npy,transforms/000293.npz,global_dem,562.4919326233039,-5707.475786707819,-31.80148609997532,-0.13881303632034453,0.08008992755470604,0.9084248854147406,0.3861097926898826,805.06,-5815.75,-154.6515,included,os1_rev7_128ch20hz1024res_rtx
294,000294,final_loop,apollo14_cone_crater_clockwise_1p4_final_02,294,583466697096,scans/000294.npy,poses/000294.npy,transforms/000294.npz,global_dem,561.7372345657432,-5706.851568824413,-32.01484134501688,-0.1036985300202488,-0.0013192694161195324,0.9090168550252714,0.40364988750129993,805.06,-5815.75,-154.6515,included,os1_rev7_128ch20hz1024res_rtx
295,000295,final_loop,apollo14_cone_crater_clockwise_1p4_final_02,295,584433363813,scans/000295.npy,poses/000295.npy,transforms/000295.npz,global_dem,560.9032004933872,-5706.164079142911,-32.275658605221864,-0.16078686592462485,-0.010116716379689706,0.9369136381291757,0.3102226143971158,805.06,-5815.75,-154.6515,included,os1_rev7_128ch20hz1024res_rtx
296,000296,final_loop,apollo14_cone_crater_clockwise_1p4_final_02,296,585533363871,scans/000296.npy,poses/000296.npy,transforms/000296.npz,global_dem,560.0750326999967,-5705.627852793853,-32.583853354545006,-0.17047935495218103,0.012524204532821714,0.9463144530959737,0.27435176270178496,805.06,-5815.75,-154.6515,included,os1_rev7_128ch20hz1024res_rtx
297,000297,final_loop,apollo14_cone_crater_clockwise_1p4_final_02,297,587383363967,scans/000297.npy,poses/000297.npy,transforms/000297.npz,global_dem,559.2569995268927,-5705.127350613073,-32.8735086096468,-0.15966518831411083,-0.009060997480625005,0.950782152027541,0.26540200705939226,805.06,-5815.75,-154.6515,included,os1_rev7_128ch20hz1024res_rtx
298,000298,final_loop,apollo14_cone_crater_clockwise_1p4_final_02,298,590083364108,scans/000298.npy,poses/000298.npy,transforms/000298.npz,global_dem,558.2955275057574,-5704.836619089029,-33.262160662197076,-0.2355140488038998,-0.04214698595234446,0.9148033625826106,0.32540985264536154,805.06,-5815.75,-154.6515,included,os1_rev7_128ch20hz1024res_rtx
299,000299,final_loop,apollo14_cone_crater_clockwise_1p4_final_02,299,592516697568,scans/000299.npy,poses/000299.npy,transforms/000299.npz,global_dem,557.5857188642719,-5704.215934733703,-33.713353648300235,-0.2543048818220066,-0.05728535574955992,0.8717245814510367,0.4149019995036858,805.06,-5815.75,-154.6515,included,os1_rev7_128ch20hz1024res_rtx
300,000300,final_loop,apollo14_cone_crater_clockwise_1p4_final_02,300,595416697720,scans/000300.npy,poses/000300.npy,transforms/000300.npz,global_dem,557.0293668682679,-5703.459948650654,-34.096149976132146,-0.20595860238890434,-0.07825185813374087,0.8128773539858988,0.5391549945771715,805.06,-5815.75,-154.6515,included,os1_rev7_128ch20hz1024res_rtx
301,000301,final_loop,apollo14_cone_crater_clockwise_1p4_final_02,301,598783364562,scans/000301.npy,poses/000301.npy,transforms/000301.npz,global_dem,556.7134797111032,-5702.5404118641545,-34.29958154592753,-0.10652199078139347,-0.1246556666516433,0.7141183934115064,0.6805504760434543,805.06,-5815.75,-154.6515,included,os1_rev7_128ch20hz1024res_rtx
302,000302,final_loop,apollo14_cone_crater_clockwise_1p4_final_02,302,599866697952,scans/000302.npy,poses/000302.npy,transforms/000302.npz,global_dem,556.5596418651141,-5701.650413234862,-34.30569505303097,-0.004481865628228865,-0.2249889140391123,0.7061139399801929,0.6713888628847221,805.06,-5815.75,-154.6515,included,os1_rev7_128ch20hz1024res_rtx
303,000303,final_loop,apollo14_cone_crater_clockwise_1p4_final_02,303,600816698001,scans/000303.npy,poses/000303.npy,transforms/000303.npz,global_dem,556.5140463816285,-5700.497113674484,-34.24430805928879,0.005384132245971889,-0.10077701584741622,0.7744661555595933,0.6245135531672564,805.06,-5815.75,-154.6515,included,os1_rev7_128ch20hz1024res_rtx
304,000304,final_loop,apollo14_cone_crater_clockwise_1p4_final_02,304,601966698061,scans/000304.npy,poses/000304.npy,transforms/000304.npz,global_dem,556.2370467802705,-5699.509675481153,-34.129241750278716,-0.012280958092042701,-0.0852678732959738,0.7392028488378551,0.6679503844762142,805.06,-5815.75,-154.6515,included,os1_rev7_128ch20hz1024res_rtx
305,000305,final_loop,apollo14_cone_crater_clockwise_1p4_final_02,305,603416698137,scans/000305.npy,poses/000305.npy,transforms/000305.npz,global_dem,556.1108831913559,-5698.422465385078,-34.105922981398976,-0.06340370446642084,-0.04491842093809213,0.7038437357345027,0.7060922754057453,805.06,-5815.75,-154.6515,included,os1_rev7_128ch20hz1024res_rtx
306,000306,final_loop,apollo14_cone_crater_clockwise_1p4_final_02,306,605500031579,scans/000306.npy,poses/000306.npy,transforms/000306.npz,global_dem,556.0058504904339,-5697.366028590954,-34.18907270702091,-0.12426280353615345,-0.09657686640238503,0.6574210548963297,0.7369051642594373,805.06,-5815.75,-154.6515,included,os1_rev7_128ch20hz1024res_rtx
307,000307,final_loop,apollo14_cone_crater_clockwise_1p4_final_02,307,608700031746,scans/000307.npy,poses/000307.npy,transforms/000307.npz,global_dem,556.0206907311676,-5696.3480431042335,-34.2503389138001,-0.12760574289132917,-0.19114930669817906,0.5824962634171252,0.7796645560977136,805.06,-5815.75,-154.6515,included,os1_rev7_128ch20hz1024res_rtx
308,000308,final_loop,apollo14_cone_crater_clockwise_1p4_final_02,308,610083365151,scans/000308.npy,poses/000308.npy,transforms/000308.npz,global_dem,555.8540976831149,-5695.585048907027,-34.48262121404467,0.11229540664787725,-0.5502752486540431,0.5279390097381484,0.637077149457758,805.06,-5815.75,-154.6515,included,os1_rev7_128ch20hz1024res_rtx
309,000309,final_loop,apollo14_cone_crater_clockwise_1p4_final_02,309,611450031889,scans/000309.npy,poses/000309.npy,transforms/000309.npz,global_dem,555.6295477373383,-5694.64715543503,-34.627757385976565,0.14676297483938888,-0.5329650606129196,0.6515844427161477,0.5194675999448352,805.06,-5815.75,-154.6515,included,os1_rev7_128ch20hz1024res_rtx
310,000310,final_loop,apollo14_cone_crater_clockwise_1p4_final_02,310,612583365282,scans/000310.npy,poses/000310.npy,transforms/000310.npz,global_dem,555.2108385629921,-5693.599053618881,-34.76873079718137,-0.058523208935303925,-0.09430560671083346,0.9585490765214622,0.26242171110384266,805.06,-5815.75,-154.6515,included,os1_rev7_128ch20hz1024res_rtx
311,000311,final_loop,apollo14_cone_crater_clockwise_1p4_final_02,311,614450032046,scans/000311.npy,poses/000311.npy,transforms/000311.npz,global_dem,554.3368336180483,-5693.0141708141655,-35.09152489411582,-0.12957148336379626,0.00013169110516228502,0.932668333831862,0.336661539864085,805.06,-5815.75,-154.6515,included,os1_rev7_128ch20hz1024res_rtx
312,000312,final_loop,apollo14_cone_crater_clockwise_1p4_final_02,312,618500032257,scans/000312.npy,poses/000312.npy,transforms/000312.npz,global_dem,553.6476695681536,-5692.2768193191605,-35.365332370887394,-0.15071669798417892,-0.01183217914913122,0.859082856867038,0.48900012425611633,805.06,-5815.75,-154.6515,included,os1_rev7_128ch20hz1024res_rtx
313,000313,final_loop,apollo14_cone_crater_clockwise_1p4_final_02,313,623050032494,scans/000313.npy,poses/000313.npy,transforms/000313.npz,global_dem,553.1993084688662,-5691.37766754323,-35.6158894055403,-0.15007308542930842,-0.04729256600428705,0.7443634718550298,0.648971882286424,805.06,-5815.75,-154.6515,included,os1_rev7_128ch20hz1024res_rtx
314,000314,final_loop,apollo14_cone_crater_clockwise_1p4_final_02,314,625283365944,scans/000314.npy,poses/000314.npy,transforms/000314.npz,global_dem,553.0929695495286,-5690.469312450754,-35.753949806785755,0.06955262101751378,-0.20460182896124618,0.7063443681796525,0.674075780633153,805.06,-5815.75,-154.6515,included,os1_rev7_128ch20hz1024res_rtx
315,000315,final_loop,apollo14_cone_crater_clockwise_1p4_final_02,315,626066699318,scans/000315.npy,poses/000315.npy,transforms/000315.npz,global_dem,553.0430247462514,-5689.522661257867,-35.88883387409629,0.13553404741705194,-0.28522704513153824,0.6939004184764636,0.6471307935452251,805.06,-5815.75,-154.6515,included,os1_rev7_128ch20hz1024res_rtx
316,000316,final_loop,apollo14_cone_crater_clockwise_1p4_final_02,316,626866699360,scans/000316.npy,poses/000316.npy,transforms/000316.npz,global_dem,553.1231982421135,-5688.377504376165,-36.31703923986276,0.23820296438305086,-0.2841519296398375,0.7032141107814135,0.606635758127552,805.06,-5815.75,-154.6515,included,os1_rev7_128ch20hz1024res_rtx
317,000317,final_loop,apollo14_cone_crater_clockwise_1p4_final_02,317,627533366061,scans/000317.npy,poses/000317.npy,transforms/000317.npz,global_dem,552.9952721868141,-5687.221725457838,-36.76278524926378,-0.0421468407407198,-0.058175832922890754,0.7659692591948044,0.6388507730666582,805.06,-5815.75,-154.6515,included,os1_rev7_128ch20hz1024res_rtx
318,000318,final_loop,apollo14_cone_crater_clockwise_1p4_final_02,318,628250032765,scans/000318.npy,poses/000318.npy,transforms/000318.npz,global_dem,552.7924379682191,-5686.158475263323,-37.29115551368442,-0.04553597905428505,-0.08016495414752872,0.6540787294549909,0.750786967396636,805.06,-5815.75,-154.6515,included,os1_rev7_128ch20hz1024res_rtx
319,000319,final_loop,apollo14_cone_crater_clockwise_1p4_final_02,319,629166699480,scans/000319.npy,poses/000319.npy,transforms/000319.npz,global_dem,552.7701705836157,-5685.053260317767,-37.42023343885625,-0.05446198210030273,-0.12853063760493552,0.6580154790144767,0.7399522937865144,805.06,-5815.75,-154.6515,included,os1_rev7_128ch20hz1024res_rtx
320,000320,final_loop,apollo14_cone_crater_clockwise_1p4_final_02,320,630066699527,scans/000320.npy,poses/000320.npy,transforms/000320.npz,global_dem,552.6045091363889,-5683.954048351967,-37.37059321172152,-0.06428472132422354,-0.14975196896009862,0.7862353766101663,0.5960501278948865,805.06,-5815.75,-154.6515,included,os1_rev7_128ch20hz1024res_rtx
321,000321,final_loop,apollo14_cone_crater_clockwise_1p4_final_02,321,631016699576,scans/000321.npy,poses/000321.npy,transforms/000321.npz,global_dem,552.2865036064361,-5682.835669904853,-37.4218015993969,-0.026891185205373706,-0.016727824039230867,0.8409881484394113,0.5401258911083727,805.06,-5815.75,-154.6515,included,os1_rev7_128ch20hz1024res_rtx
322,000322,final_loop,apollo14_cone_crater_clockwise_1p4_final_02,322,631966699626,scans/000322.npy,poses/000322.npy,transforms/000322.npz,global_dem,551.7298605470062,-5681.82959177961,-37.723663881351456,-0.2080456041390427,-0.04003812744358489,0.7859054038211182,0.5809188163538838,805.06,-5815.75,-154.6515,included,os1_rev7_128ch20hz1024res_rtx
323,000323,final_loop,apollo14_cone_crater_clockwise_1p4_final_02,323,633033366348,scans/000323.npy,poses/000323.npy,transforms/000323.npz,global_dem,551.2956267316113,-5680.908023026166,-38.19276397950783,-0.2421557299995986,-0.09103571766929261,0.721441546965607,0.6423357337472908,805.06,-5815.75,-154.6515,included,os1_rev7_128ch20hz1024res_rtx
324,000324,final_loop,apollo14_cone_crater_clockwise_1p4_final_02,324,634050033068,scans/000324.npy,poses/000324.npy,transforms/000324.npz,global_dem,551.0447593038432,-5679.981060482702,-38.4771035061613,-0.18769988314471586,-0.09397019537646208,0.7132352504567643,0.6687554364296759,805.06,-5815.75,-154.6515,included,os1_rev7_128ch20hz1024res_rtx
325,000325,final_loop,apollo14_cone_crater_clockwise_1p4_final_02,325,635000033117,scans/000325.npy,poses/000325.npy,transforms/000325.npz,global_dem,550.6050575414217,-5678.999953618753,-38.755596380065235,-0.23087121432202984,-0.20405564305384957,0.7550911111837237,0.5787030246565856,805.06,-5815.75,-154.6515,included,os1_rev7_128ch20hz1024res_rtx
326,000326,final_loop,apollo14_cone_crater_clockwise_1p4_final_02,326,635733366489,scans/000326.npy,poses/000326.npy,transforms/000326.npz,global_dem,550.124544430559,-5678.103394869142,-39.15978056602998,-0.2764215588260269,-0.15834369543283625,0.7998211326629078,0.5087283672832547,805.06,-5815.75,-154.6515,included,os1_rev7_128ch20hz1024res_rtx
327,000327,final_loop,apollo14_cone_crater_clockwise_1p4_final_02,327,636333366520,scans/000327.npy,poses/000327.npy,transforms/000327.npz,global_dem,549.4769693888747,-5677.309034279404,-39.73778270975417,-0.4879321574881695,-0.18721841229603628,0.7776342330415629,0.3495089060212226,805.06,-5815.75,-154.6515,included,os1_rev7_128ch20hz1024res_rtx
328,000328,final_loop,apollo14_cone_crater_clockwise_1p4_final_02,328,636883366549,scans/000328.npy,poses/000328.npy,transforms/000328.npz,global_dem,548.9969146927797,-5676.5545456034915,-40.16415658835565,-0.4136756779210848,-0.07637030771775302,0.8611604837305175,0.28538155311205343,805.06,-5815.75,-154.6515,included,os1_rev7_128ch20hz1024res_rtx
329,000329,final_loop,apollo14_cone_crater_clockwise_1p4_final_02,329,637733366593,scans/000329.npy,poses/000329.npy,transforms/000329.npz,global_dem,548.5394403092907,-5675.698723594859,-40.48173993201516,-0.20346647534329204,0.04906100783770262,0.9739364196102174,0.08742002904459104,805.06,-5815.75,-154.6515,included,os1_rev7_128ch20hz1024res_rtx
330,000330,final_loop,apollo14_cone_crater_clockwise_1p4_final_02,330,639183366669,scans/000330.npy,poses/000330.npy,transforms/000330.npz,global_dem,547.9306850345937,-5674.9585203940505,-40.7738722464468,-0.13621972957246736,0.06060875528718633,0.9879860367168751,-0.04067376685559659,805.06,-5815.75,-154.6515,included,os1_rev7_128ch20hz1024res_rtx
331,000331,final_loop,apollo14_cone_crater_clockwise_1p4_final_02,331,644466700278,scans/000331.npy,poses/000331.npy,transforms/000331.npz,global_dem,547.2148669937623,-5674.2951784144425,-41.03097696341844,-0.10028327198344407,-0.12232374776691604,0.6745455483249052,0.7210883921736666,805.06,-5815.75,-154.6515,included,os1_rev7_128ch20hz1024res_rtx
332,000332,final_loop,apollo14_cone_crater_clockwise_1p4_final_02,332,645466700330,scans/000332.npy,poses/000332.npy,transforms/000332.npz,global_dem,547.1302649391727,-5673.416020465238,-41.09768074646181,0.06552014213368854,-0.22540642759071033,0.6506816975649264,0.7221581418426305,805.06,-5815.75,-154.6515,included,os1_rev7_128ch20hz1024res_rtx
333,000333,final_loop,apollo14_cone_crater_clockwise_1p4_final_02,333,646283367039,scans/000333.npy,poses/000333.npy,transforms/000333.npz,global_dem,547.1385729294402,-5672.414830873047,-41.28948807696207,0.06150730239994846,-0.19401614270353568,0.7474119895621076,0.6324159279941758,805.06,-5815.75,-154.6515,included,os1_rev7_128ch20hz1024res_rtx
334,000334,final_loop,apollo14_cone_crater_clockwise_1p4_final_02,334,647233367089,scans/000334.npy,poses/000334.npy,transforms/000334.npz,global_dem,546.9706144831741,-5671.235132766712,-41.43602512867138,-0.07396852743613017,-0.09525397285930375,0.696580115597699,0.7072704434354273,805.06,-5815.75,-154.6515,included,os1_rev7_128ch20hz1024res_rtx
335,000335,final_loop,apollo14_cone_crater_clockwise_1p4_final_02,335,648633367162,scans/000335.npy,poses/000335.npy,transforms/000335.npz,global_dem,547.0280127924179,-5670.151568022203,-41.600593313832924,-0.10718026829326929,-0.03346331833533305,0.6609024966071884,0.7420245861108354,805.06,-5815.75,-154.6515,included,os1_rev7_128ch20hz1024res_rtx
336,000336,final_loop,apollo14_cone_crater_clockwise_1p4_final_02,336,651200033962,scans/000336.npy,poses/000336.npy,transforms/000336.npz,global_dem,547.1669384157535,-5669.101923682049,-41.698083139319245,-0.12052922707739842,-0.030844745022,0.6280825044743428,0.7681364948353191,805.06,-5815.75,-154.6515,included,os1_rev7_128ch20hz1024res_rtx
337,000337,final_loop,apollo14_cone_crater_clockwise_1p4_final_02,337,652216700682,scans/000337.npy,poses/000337.npy,transforms/000337.npz,global_dem,547.1950066680915,-5668.114714523261,-41.779415767845,-0.1589999980753185,-0.14254382603581622,0.664680899681232,0.7159605854165911,805.06,-5815.75,-154.6515,included,os1_rev7_128ch20hz1024res_rtx
338,000338,final_loop,apollo14_cone_crater_clockwise_1p4_final_02,338,653066700726,scans/000338.npy,poses/000338.npy,transforms/000338.npz,global_dem,546.9714180201807,-5666.9778404698,-42.025224001768386,-0.30160099309271543,-0.15631580661688618,0.6964260659950599,0.6321336442318544,805.06,-5815.75,-154.6515,included,os1_rev7_128ch20hz1024res_rtx
339,000339,final_loop,apollo14_cone_crater_clockwise_1p4_final_02,339,653916700771,scans/000339.npy,poses/000339.npy,transforms/000339.npz,global_dem,546.7245069314683,-5665.956856766096,-42.28884648392309,-0.3044777475532561,-0.15603264023246496,0.7031578641608376,0.6233106244046791,805.06,-5815.75,-154.6515,included,os1_rev7_128ch20hz1024res_rtx
340,000340,final_loop,apollo14_cone_crater_clockwise_1p4_final_02,340,654833367485,scans/000340.npy,poses/000340.npy,transforms/000340.npz,global_dem,546.5136338296168,-5665.00986854012,-42.55374931233223,-0.27246480196646394,-0.13148047625228,0.7349954856573667,0.6068421970472562,805.06,-5815.75,-154.6515,included,os1_rev7_128ch20hz1024res_rtx
341,000341,final_loop,apollo14_cone_crater_clockwise_1p4_final_02,341,656033367548,scans/000341.npy,poses/000341.npy,transforms/000341.npz,global_dem,546.479160937391,-5663.989184314224,-42.88816374660623,-0.16411545536846023,0.022855917733975627,0.7457345303116059,0.6453090225889218,805.06,-5815.75,-154.6515,included,os1_rev7_128ch20hz1024res_rtx
342,000342,final_loop,apollo14_cone_crater_clockwise_1p4_final_02,342,657166700940,scans/000342.npy,poses/000342.npy,transforms/000342.npz,global_dem,546.2484841140881,-5663.022354382834,-43.157913432273965,-0.11835426595569681,-0.023693806491758302,0.778614623248671,0.6157841665123823,805.06,-5815.75,-154.6515,included,os1_rev7_128ch20hz1024res_rtx
343,000343,final_loop,apollo14_cone_crater_clockwise_1p4_final_02,343,658033367652,scans/000343.npy,poses/000343.npy,transforms/000343.npz,global_dem,546.0128887101547,-5661.881159399785,-43.42700471055871,-0.19758337730088157,0.06537865411707813,0.7946725580594001,0.5702472850154979,805.06,-5815.75,-154.6515,included,os1_rev7_128ch20hz1024res_rtx
344,000344,final_loop,apollo14_cone_crater_clockwise_1p4_final_02,344,658850034361,scans/000344.npy,poses/000344.npy,transforms/000344.npz,global_dem,545.6880618020717,-5660.994711168365,-43.70572232522446,-0.12111021198502638,-0.03832715357282838,0.8399252596920624,0.5276257233903294,805.06,-5815.75,-154.6515,included,os1_rev7_128ch20hz1024res_rtx
345,000345,final_loop,apollo14_cone_crater_clockwise_1p4_final_02,345,659916701084,scans/000345.npy,poses/000345.npy,transforms/000345.npz,global_dem,545.2634676879402,-5660.0069108105245,-43.96886002313311,-0.1736860253217489,-0.00764929357467238,0.7947516918476013,0.5815018497142693,805.06,-5815.75,-154.6515,included,os1_rev7_128ch20hz1024res_rtx
346,000346,final_loop,apollo14_cone_crater_clockwise_1p4_final_02,346,661433367829,scans/000346.npy,poses/000346.npy,transforms/000346.npz,global_dem,544.933572229874,-5659.0661103126995,-44.222674484219844,-0.15978626452618125,-0.030478428553762614,0.779281160492544,0.6051944216225529,805.06,-5815.75,-154.6515,included,os1_rev7_128ch20hz1024res_rtx
347,000347,final_loop,apollo14_cone_crater_clockwise_1p4_final_02,347,664033367965,scans/000347.npy,poses/000347.npy,transforms/000347.npz,global_dem,544.7136610170284,-5658.092931034041,-44.444387728253844,-0.15318125812019673,-0.034739722023434734,0.7585631021194981,0.6323849096691763,805.06,-5815.75,-154.6515,included,os1_rev7_128ch20hz1024res_rtx
348,000348,final_loop,apollo14_cone_crater_clockwise_1p4_final_02,348,665850034726,scans/000348.npy,poses/000348.npy,transforms/000348.npz,global_dem,544.4292605508685,-5657.1360382575585,-44.6028174962438,-0.10437765784024745,-0.20804783835220717,0.7406535918926449,0.6302806187066852,805.06,-5815.75,-154.6515,included,os1_rev7_128ch20hz1024res_rtx
349,000349,final_loop,apollo14_cone_crater_clockwise_1p4_final_02,349,666766701441,scans/000349.npy,poses/000349.npy,transforms/000349.npz,global_dem,543.8817306853446,-5656.064494270371,-44.90198185678301,-0.28246072149901624,-0.25576591457174275,0.768553721521121,0.5139308464079293,805.06,-5815.75,-154.6515,included,os1_rev7_128ch20hz1024res_rtx
350,000350,final_loop,apollo14_cone_crater_clockwise_1p4_final_02,350,667450034810,scans/000350.npy,poses/000350.npy,transforms/000350.npz,global_dem,543.688619622746,-5655.080948363031,-45.28639808498039,-0.263965249692745,-0.007436316927508428,0.822965122920806,0.5029865352085908,805.06,-5815.75,-154.6515,included,os1_rev7_128ch20hz1024res_rtx
351,000351,final_loop,apollo14_cone_crater_clockwise_1p4_final_02,351,668300034854,scans/000351.npy,poses/000351.npy,transforms/000351.npz,global_dem,543.290720610687,-5654.157646362244,-45.691557026957916,-0.2423810858758453,0.010303139293408575,0.8086007637239356,0.5360131149845259,805.06,-5815.75,-154.6515,included,os1_rev7_128ch20hz1024res_rtx
352,000352,final_loop,apollo14_cone_crater_clockwise_1p4_final_02,352,669266701571,scans/000352.npy,poses/000352.npy,transforms/000352.npz,global_dem,542.9421791587893,-5653.227212077805,-46.086050744485256,-0.19381671977604703,0.009032675450328648,0.8189636701563892,0.5400481431071117,805.06,-5815.75,-154.6515,included,os1_rev7_128ch20hz1024res_rtx
353,000353,final_loop,apollo14_cone_crater_clockwise_1p4_final_02,353,670566701639,scans/000353.npy,poses/000353.npy,transforms/000353.npz,global_dem,542.6193135185433,-5652.266757904574,-46.4187766535124,-0.162034571697502,0.04549263470628027,0.8012252019480042,0.5742067515500562,805.06,-5815.75,-154.6515,included,os1_rev7_128ch20hz1024res_rtx
354,000354,final_loop,apollo14_cone_crater_clockwise_1p4_final_02,354,673316701782,scans/000354.npy,poses/000354.npy,transforms/000354.npz,global_dem,542.132932073964,-5651.421476700088,-46.73247959131731,-0.1713600909364527,0.019003385407657503,0.7197508981772994,0.67248288836986,805.06,-5815.75,-154.6515,included,os1_rev7_128ch20hz1024res_rtx
355,000355,final_loop,apollo14_cone_crater_clockwise_1p4_final_02,355,674933368533,scans/000355.npy,poses/000355.npy,transforms/000355.npz,global_dem,541.7739012836744,-5650.536652836717,-46.9491883076355,-0.14930955446599306,-0.32978740804804113,0.5517721517752554,0.7513284334852675,805.06,-5815.75,-154.6515,included,os1_rev7_128ch20hz1024res_rtx
356,000356,final_loop,apollo14_cone_crater_clockwise_1p4_final_02,356,675866701915,scans/000356.npy,poses/000356.npy,transforms/000356.npz,global_dem,541.6671868339562,-5649.503844025838,-47.153596716329844,-0.3486840028269855,-0.4147258714100347,0.5845068555818355,0.603964943960801,805.06,-5815.75,-154.6515,included,os1_rev7_128ch20hz1024res_rtx
357,000357,final_loop,apollo14_cone_crater_clockwise_1p4_final_02,357,676816701965,scans/000357.npy,poses/000357.npy,transforms/000357.npz,global_dem,541.6020517464448,-5648.58485182814,-47.24221266150295,-0.30010482211481754,-0.33395706436930817,0.7743124003959967,0.4459260942064923,805.06,-5815.75,-154.6515,included,os1_rev7_128ch20hz1024res_rtx
358,000358,final_loop,apollo14_cone_crater_clockwise_1p4_final_02,358,679483368771,scans/000358.npy,poses/000358.npy,transforms/000358.npz,global_dem,541.2272254242877,-5647.717336733037,-47.46840076629237,-0.11381406718137071,-0.1433256498781575,0.7808078338134568,0.5973635767722834,805.06,-5815.75,-154.6515,included,os1_rev7_128ch20hz1024res_rtx
359,000359,final_loop,apollo14_cone_crater_clockwise_1p4_final_02,359,682550035597,scans/000359.npy,poses/000359.npy,transforms/000359.npz,global_dem,540.9736654021955,-5646.7249044048285,-47.51332503663502,-0.09579255861459907,-0.14055107273383582,0.7139110915970908,0.67926440725397,805.06,-5815.75,-154.6515,included,os1_rev7_128ch20hz1024res_rtx
360,000360,final_loop,apollo14_cone_crater_clockwise_1p4_final_02,360,686683369146,scans/000360.npy,poses/000360.npy,transforms/000360.npz,global_dem,540.9222516529336,-5645.69188229247,-47.450594440026286,-0.07062107987111335,-0.1370075681133198,0.6048577001072547,0.7812738009036745,805.06,-5815.75,-154.6515,included,os1_rev7_128ch20hz1024res_rtx
361,000361,final_loop,apollo14_cone_crater_clockwise_1p4_final_02,361,688350035900,scans/000361.npy,poses/000361.npy,transforms/000361.npz,global_dem,540.8810904670868,-5644.889687791359,-47.3822726677203,0.030676813846389626,-0.3547242380923317,0.6883491237775139,0.631985072447742,805.06,-5815.75,-154.6515,included,os1_rev7_128ch20hz1024res_rtx
362,000362,final_loop,apollo14_cone_crater_clockwise_1p4_final_02,362,689500035960,scans/000362.npy,poses/000362.npy,transforms/000362.npz,global_dem,540.6985964703913,-5643.727946897816,-47.496642055897716,-0.05904293881621868,-0.1306867598176304,0.8164646388183161,0.559303491624708,805.06,-5815.75,-154.6515,included,os1_rev7_128ch20hz1024res_rtx
363,000363,final_loop,apollo14_cone_crater_clockwise_1p4_final_02,363,691000036038,scans/000363.npy,poses/000363.npy,transforms/000363.npz,global_dem,540.3318166404158,-5642.767858106064,-47.6933460377298,-0.06937244242998782,-0.03698828600861561,0.8340703750285104,0.5460274172871202,805.06,-5815.75,-154.6515,included,os1_rev7_128ch20hz1024res_rtx
364,000364,final_loop,apollo14_cone_crater_clockwise_1p4_final_02,364,693866702854,scans/000364.npy,poses/000364.npy,transforms/000364.npz,global_dem,539.9415152614339,-5641.809153437147,-47.78434923964432,-0.07307034862737104,-0.04545929350673823,0.7884978214533367,0.6089871610704818,805.06,-5815.75,-154.6515,included,os1_rev7_128ch20hz1024res_rtx
365,000365,final_loop,apollo14_cone_crater_clockwise_1p4_final_02,365,697000036351,scans/000365.npy,poses/000365.npy,transforms/000365.npz,global_dem,539.7613150799768,-5640.776576801011,-47.87393377479751,-0.08822254740930584,-0.016380177462279783,0.7117341341340928,0.6966943334227073,805.06,-5815.75,-154.6515,included,os1_rev7_128ch20hz1024res_rtx
366,000366,final_loop,apollo14_cone_crater_clockwise_1p4_final_02,366,700366703193,scans/000366.npy,poses/000366.npy,transforms/000366.npz,global_dem,539.7731714222036,-5639.750835195014,-47.99833920293193,-0.09892945383177178,-0.013886188137425126,0.6039133662777211,0.7907646824275036,805.06,-5815.75,-154.6515,included,os1_rev7_128ch20hz1024res_rtx
367,000367,final_loop,apollo14_cone_crater_clockwise_1p4_final_02,367,701866703271,scans/000367.npy,poses/000367.npy,transforms/000367.npz,global_dem,540.0514872575939,-5638.8849191664585,-48.06460264530577,0.07763726745941087,-0.17584573108276547,0.6177900213087782,0.762486867514912,805.06,-5815.75,-154.6515,included,os1_rev7_128ch20hz1024res_rtx
368,000368,final_loop,apollo14_cone_crater_clockwise_1p4_final_02,368,702766703318,scans/000368.npy,poses/000368.npy,transforms/000368.npz,global_dem,540.2628223512695,-5637.851185177383,-48.25317052548684,0.0016867588807410344,-0.28775631481351477,0.5263837049157514,0.8000710301770656,805.06,-5815.75,-154.6515,included,os1_rev7_128ch20hz1024res_rtx
369,000369,final_loop,apollo14_cone_crater_clockwise_1p4_final_02,369,703533370025,scans/000369.npy,poses/000369.npy,transforms/000369.npz,global_dem,540.8297694191483,-5636.855945529321,-48.17821566479169,0.07665321818103114,-0.11629290076686094,0.5934243323660218,0.7927470007068218,805.06,-5815.75,-154.6515,included,os1_rev7_128ch20hz1024res_rtx
370,000370,final_loop,apollo14_cone_crater_clockwise_1p4_final_02,370,704566703412,scans/000370.npy,poses/000370.npy,transforms/000370.npz,global_dem,540.9557934610043,-5635.730702935819,-48.27620260008488,-0.08891451527570818,-0.1422326478672992,0.4137728325714403,0.89479390134251,805.06,-5815.75,-154.6515,included,os1_rev7_128ch20hz1024res_rtx
371,000371,final_loop,apollo14_cone_crater_clockwise_1p4_final_02,371,706550036849,scans/000371.npy,poses/000371.npy,transforms/000371.npz,global_dem,541.5071417952188,-5634.882342741204,-48.11784628868999,-0.06986387268576172,-0.16191042918890258,0.395970167150266,0.9011723913548415,805.06,-5815.75,-154.6515,included,os1_rev7_128ch20hz1024res_rtx
372,000372,final_loop,apollo14_cone_crater_clockwise_1p4_final_02,372,708900036972,scans/000372.npy,poses/000372.npy,transforms/000372.npz,global_dem,542.0447970706591,-5634.2371344689855,-47.880884068975014,0.027334368886668417,-0.3278350251218665,0.36994442012058476,0.8688602618387822,805.06,-5815.75,-154.6515,included,os1_rev7_128ch20hz1024res_rtx
373,000373,final_loop,apollo14_cone_crater_clockwise_1p4_final_02,373,710416703717,scans/000373.npy,poses/000373.npy,transforms/000373.npz,global_dem,542.4532783901723,-5633.479997878368,-47.86844408539148,0.1527855582212787,-0.5198263743230443,0.5161169505409838,0.6633704900893966,805.06,-5815.75,-154.6515,included,os1_rev7_128ch20hz1024res_rtx
374,000374,final_loop,apollo14_cone_crater_clockwise_1p4_final_02,374,711750037120,scans/000374.npy,poses/000374.npy,transforms/000374.npz,global_dem,542.6987801088665,-5632.268911872938,-47.81434794341137,-0.06557914342064085,-0.18580872612920962,0.6635852378910143,0.7216849210670689,805.06,-5815.75,-154.6515,included,os1_rev7_128ch20hz1024res_rtx
375,000375,final_loop,apollo14_cone_crater_clockwise_1p4_final_02,375,712633370500,scans/000375.npy,poses/000375.npy,transforms/000375.npz,global_dem,542.5867071905732,-5631.074433989753,-47.90038474664389,-0.19486050432647148,-0.08033205430496511,0.7527971576298558,0.623596491626747,805.06,-5815.75,-154.6515,included,os1_rev7_128ch20hz1024res_rtx
376,000376,final_loop,apollo14_cone_crater_clockwise_1p4_final_02,376,713800037227,scans/000376.npy,poses/000376.npy,transforms/000376.npz,global_dem,542.4862898023129,-5630.079281174727,-48.107632928264955,-0.11140799944710618,-0.009880783284479085,0.7779438846128102,0.618299231905078,805.06,-5815.75,-154.6515,included,os1_rev7_128ch20hz1024res_rtx
377,000377,final_loop,apollo14_cone_crater_clockwise_1p4_final_02,377,716333370693,scans/000377.npy,poses/000377.npy,transforms/000377.npz,global_dem,542.2658673395229,-5629.087039354686,-48.279877984736856,-0.11911993394761496,-0.008878980217882101,0.7616263359394485,0.6369120264605282,805.06,-5815.75,-154.6515,included,os1_rev7_128ch20hz1024res_rtx
378,000378,final_loop,apollo14_cone_crater_clockwise_1p4_final_02,378,717850037438,scans/000378.npy,poses/000378.npy,transforms/000378.npz,global_dem,542.0661196729849,-5628.19736323572,-48.437570973911,0.01000496837737871,-0.16810622644350623,0.7623453713516868,0.624875773268056,805.06,-5815.75,-154.6515,included,os1_rev7_128ch20hz1024res_rtx
379,000379,final_loop,apollo14_cone_crater_clockwise_1p4_final_02,379,718733370818,scans/000379.npy,poses/000379.npy,transforms/000379.npz,global_dem,541.8629368807831,-5627.133764199026,-48.755904427730286,0.04420480378502602,-0.2559610454621957,0.7071634736878641,0.6576090784120463,805.06,-5815.75,-154.6515,included,os1_rev7_128ch20hz1024res_rtx
380,000380,final_loop,apollo14_cone_crater_clockwise_1p4_final_02,380,719616704197,scans/000380.npy,poses/000380.npy,transforms/000380.npz,global_dem,541.7758176146853,-5625.882821478374,-48.96106855014178,-0.13495070418149252,-0.1392832773415536,0.715563949563837,0.671086216650676,805.06,-5815.75,-154.6515,included,os1_rev7_128ch20hz1024res_rtx
381,000381,final_loop,apollo14_cone_crater_clockwise_1p4_final_02,381,720650037584,scans/000381.npy,poses/000381.npy,transforms/000381.npz,global_dem,541.6383563039271,-5624.819614667884,-49.11519588647152,-0.13577903212859113,-0.09165566146331947,0.6693012504910115,0.724706237207265,805.06,-5815.75,-154.6515,included,os1_rev7_128ch20hz1024res_rtx
382,000382,final_loop,apollo14_cone_crater_clockwise_1p4_final_02,382,722383371008,scans/000382.npy,poses/000382.npy,transforms/000382.npz,global_dem,541.6971673733502,-5623.83508783879,-49.163185725156026,-0.09366096753009462,-0.08358167337053131,0.6486185971861613,0.7506901107795179,805.06,-5815.75,-154.6515,included,os1_rev7_128ch20hz1024res_rtx
383,000383,final_loop,apollo14_cone_crater_clockwise_1p4_final_02,383,725133371151,scans/000383.npy,poses/000383.npy,transforms/000383.npz,global_dem,541.9173408049426,-5622.806284153184,-49.18300330871397,-0.07230990169042117,-0.03226650942918857,0.6116680878635247,0.7871418555610907,805.06,-5815.75,-154.6515,included,os1_rev7_128ch20hz1024res_rtx
384,000384,final_loop,apollo14_cone_crater_clockwise_1p4_final_02,384,726416704552,scans/000384.npy,poses/000384.npy,transforms/000384.npz,global_dem,542.1335916258915,-5621.973850966007,-49.24149035976401,0.09156462303458932,-0.29898430331877146,0.5853173101314401,0.7480828514529778,805.06,-5815.75,-154.6515,included,os1_rev7_128ch20hz1024res_rtx
385,000385,final_loop,apollo14_cone_crater_clockwise_1p4_final_02,385,727433371271,scans/000385.npy,poses/000385.npy,transforms/000385.npz,global_dem,542.4927743395109,-5620.964182802213,-49.30519999144915,0.1402496551184367,-0.29693700562698727,0.4757088502786819,0.8160021683151172,805.06,-5815.75,-154.6515,included,os1_rev7_128ch20hz1024res_rtx
386,000386,final_loop,apollo14_cone_crater_clockwise_1p4_final_02,386,728400037989,scans/000386.npy,poses/000386.npy,transforms/000386.npz,global_dem,543.1147176074284,-5619.9131653528675,-49.35990995759459,-0.0854520578637804,-0.12865550758357047,0.3765592109145451,0.9134269904325546,805.06,-5815.75,-154.6515,included,os1_rev7_128ch20hz1024res_rtx
387,000387,final_loop,apollo14_cone_crater_clockwise_1p4_final_02,387,730400038093,scans/000387.npy,poses/000387.npy,transforms/000387.npz,global_dem,543.7652761092489,-5619.138954551085,-49.25363978261601,-0.10164535313976715,-0.15410260014926166,0.4338728789387163,0.8818587958022298,805.06,-5815.75,-154.6515,included,os1_rev7_128ch20hz1024res_rtx
388,000388,final_loop,apollo14_cone_crater_clockwise_1p4_final_02,388,732950038226,scans/000388.npy,poses/000388.npy,transforms/000388.npz,global_dem,544.2532322356342,-5618.2415242132265,-49.153421142767854,-0.11168870324089022,-0.13191650042604594,0.524396293315464,0.8337458833725749,805.06,-5815.75,-154.6515,included,os1_rev7_128ch20hz1024res_rtx
389,000389,final_loop,apollo14_cone_crater_clockwise_1p4_final_02,389,736633371751,scans/000389.npy,poses/000389.npy,transforms/000389.npz,global_dem,544.5239827695194,-5617.24547583361,-49.13664452852614,-0.13691817212090357,-0.08559337893616058,0.639174995257623,0.7519192197721636,805.06,-5815.75,-154.6515,included,os1_rev7_128ch20hz1024res_rtx
390,000390,final_loop,apollo14_cone_crater_clockwise_1p4_final_02,390,739783371916,scans/000390.npy,poses/000390.npy,transforms/000390.npz,global_dem,544.605786306251,-5616.405404597516,-49.24146607587308,0.058764325398517676,-0.2761177452093754,0.6653465127277777,0.6911003999723434,805.06,-5815.75,-154.6515,included,os1_rev7_128ch20hz1024res_rtx
391,000391,final_loop,apollo14_cone_crater_clockwise_1p4_final_02,391,740866705305,scans/000391.npy,poses/000391.npy,transforms/000391.npz,global_dem,544.7499694910073,-5615.248739466127,-49.366903276111685,-0.004900166015189277,-0.18579446199707605,0.6482207065757218,0.73842150688527,805.06,-5815.75,-154.6515,included,os1_rev7_128ch20hz1024res_rtx
392,000392,final_loop,apollo14_cone_crater_clockwise_1p4_final_02,392,741700038682,scans/000392.npy,poses/000392.npy,transforms/000392.npz,global_dem,544.927001864634,-5614.180471420132,-49.34982019633853,-0.040310612204214086,-0.188574801521282,0.5671543768505187,0.8007187468732267,805.06,-5815.75,-154.6515,included,os1_rev7_128ch20hz1024res_rtx
393,000393,final_loop,apollo14_cone_crater_clockwise_1p4_final_02,393,743300038766,scans/000393.npy,poses/000393.npy,transforms/000393.npz,global_dem,545.1663986017958,-5613.14963675821,-49.23715535664972,-0.060261643313422764,-0.18884741049003204,0.5924790410888059,0.7808160959962751,805.06,-5815.75,-154.6515,included,os1_rev7_128ch20hz1024res_rtx
394,000394,final_loop,apollo14_cone_crater_clockwise_1p4_final_02,394,745533372215,scans/000394.npy,poses/000394.npy,transforms/000394.npz,global_dem,545.2951740852328,-5612.2028232667035,-49.02743110092606,-0.03786760839653089,-0.19275339521088125,0.659474043274247,0.7256074414699187,805.06,-5815.75,-154.6515,included,os1_rev7_128ch20hz1024res_rtx
395,000395,final_loop,apollo14_cone_crater_clockwise_1p4_final_02,395,748766705717,scans/000395.npy,poses/000395.npy,transforms/000395.npz,global_dem,545.1868588863135,-5611.161800562525,-48.8869015387258,-0.08859910766429215,-0.12229772598152847,0.7560922142619262,0.6368029741398321,805.06,-5815.75,-154.6515,included,os1_rev7_128ch20hz1024res_rtx
396,000396,final_loop,apollo14_cone_crater_clockwise_1p4_final_02,396,750733372487,scans/000396.npy,poses/000396.npy,transforms/000396.npz,global_dem,544.9055175869291,-5610.402183153941,-48.938284155324986,0.15749286670713497,-0.34381236725998854,0.761511644273223,0.5263925044030774,805.06,-5815.75,-154.6515,included,os1_rev7_128ch20hz1024res_rtx
397,000397,final_loop,apollo14_cone_crater_clockwise_1p4_final_02,397,751816705876,scans/000397.npy,poses/000397.npy,transforms/000397.npz,global_dem,544.2661733794469,-5609.35039091502,-49.22795121691114,-0.08814686814083511,-0.1320806241585375,0.9098696480456182,0.38330413762989346,805.06,-5815.75,-154.6515,included,os1_rev7_128ch20hz1024res_rtx
398,000398,resume_bypass,apollo14_cone_crater_resume_bypass_83_dense_02,0,26883334735,scans/000398.npy,poses/000398.npy,transforms/000398.npz,global_dem,542.5158154468115,-5609.842361350893,-0.7453617544339779,-0.15095731434794799,-0.060525608877340195,0.9056745125689618,0.39153827041281125,543.905195,-5610.129317,-220.989833,included,os1_rev7_128ch20hz1024res_rtx
399,000399,resume_bypass,apollo14_cone_crater_resume_bypass_83_dense_02,1,40866668798,scans/000399.npy,poses/000399.npy,transforms/000399.npz,global_dem,542.4771079577258,-5608.832965309452,-0.8073749666160636,-0.1445135199587252,-0.0717055249810629,0.7877628951040879,0.5944777382993877,543.905195,-5610.129317,-220.989833,included,os1_rev7_128ch20hz1024res_rtx
400,000400,resume_bypass,apollo14_cone_crater_resume_bypass_83_dense_02,2,43683335611,scans/000400.npy,poses/000400.npy,transforms/000400.npz,global_dem,542.0734606622306,-5607.90717553451,-1.0142601402290998,-0.17853670356430246,-0.028545544882166717,0.8578328083556468,0.48107449553726783,543.905195,-5610.129317,-220.989833,included,os1_rev7_128ch20hz1024res_rtx
401,000401,resume_bypass,apollo14_cone_crater_resume_bypass_83_dense_02,3,46916669113,scans/000401.npy,poses/000401.npy,transforms/000401.npz,global_dem,541.4580172606111,-5607.1706729237985,-1.3511595411891466,-0.19138331536251946,0.012246301322226153,0.9139718363576387,0.3576002475527968,543.905195,-5610.129317,-220.989833,included,os1_rev7_128ch20hz1024res_rtx
402,000402,resume_bypass,apollo14_cone_crater_resume_bypass_83_dense_02,4,49583335919,scans/000402.npy,poses/000402.npy,transforms/000402.npz,global_dem,540.803018437829,-5606.5122061101,-1.7288843946200776,-0.15841155754022979,0.027649249069262468,0.9223643328734815,0.351262487189341,543.905195,-5610.129317,-220.989833,included,os1_rev7_128ch20hz1024res_rtx
403,000403,resume_bypass,apollo14_cone_crater_resume_bypass_83_dense_02,5,52550002740,scans/000403.npy,poses/000403.npy,transforms/000403.npz,global_dem,540.1254632793259,-5605.865043840207,-2.038020194203079,-0.08989822357076763,0.05374443115241827,0.9385988427131934,0.3287279391478268,543.905195,-5610.129317,-220.989833,included,os1_rev7_128ch20hz1024res_rtx
404,000404,resume_bypass,apollo14_cone_crater_resume_bypass_83_dense_02,6,55066669538,scans/000404.npy,poses/000404.npy,transforms/000404.npz,global_dem,539.3174046857247,-5605.293461844138,-2.2664623934726724,-0.11450138298356147,0.03573312564638514,0.9438478791111415,0.30783722666986113,543.905195,-5610.129317,-220.989833,included,os1_rev7_128ch20hz1024res_rtx
405,000405,resume_bypass,apollo14_cone_crater_resume_bypass_83_dense_02,7,57300002988,scans/000405.npy,poses/000405.npy,transforms/000405.npz,global_dem,538.3511767567633,-5604.780518598147,-2.642343504845949,-0.24033141044287898,-0.005745778779606513,0.9389317028994212,0.24620125196908602,543.905195,-5610.129317,-220.989833,included,os1_rev7_128ch20hz1024res_rtx
406,000406,resume_bypass,apollo14_cone_crater_resume_bypass_83_dense_02,8,59016669744,scans/000406.npy,poses/000406.npy,transforms/000406.npz,global_dem,537.514315481575,-5604.328562239235,-3.1053194962227537,-0.22445881855228117,-0.025056551689066245,0.9430918882299494,0.24406576643690944,543.905195,-5610.129317,-220.989833,included,os1_rev7_128ch20hz1024res_rtx
407,000407,resume_bypass,apollo14_cone_crater_resume_bypass_83_dense_02,9,60733336500,scans/000407.npy,poses/000407.npy,transforms/000407.npz,global_dem,536.7114884323763,-5603.933741013521,-3.473800521386318,-0.1724849997101057,-0.032915394924746204,0.9519120564514642,0.2510556480828454,543.905195,-5610.129317,-220.989833,included,os1_rev7_128ch20hz1024res_rtx
408,000408,resume_bypass,apollo14_cone_crater_resume_bypass_83_dense_02,10,62800003275,scans/000408.npy,poses/000408.npy,transforms/000408.npz,global_dem,535.8852343103297,-5603.430009000141,-3.777951576453996,-0.16148301671838078,-0.03488976161237393,0.9458092353895362,0.2795546996529013,543.905195,-5610.129317,-220.989833,included,os1_rev7_128ch20hz1024res_rtx
409,000409,resume_bypass,apollo14_cone_crater_resume_bypass_83_dense_02,11,64916670052,scans/000409.npy,poses/000409.npy,transforms/000409.npz,global_dem,535.0797916552169,-5602.872201055166,-4.08344159494568,-0.15591701340190237,-0.02042631436629811,0.9431459728997933,0.2928281482647165,543.905195,-5610.129317,-220.989833,included,os1_rev7_128ch20hz1024res_rtx
410,000410,resume_bypass,apollo14_cone_crater_resume_bypass_83_dense_02,12,67050003496,scans/000410.npy,poses/000410.npy,transforms/000410.npz,global_dem,534.3095143384643,-5602.278579560728,-4.365809127923338,-0.13957601086949503,0.005149401852398581,0.940741259252217,0.30902735152551514,543.905195,-5610.129317,-220.989833,included,os1_rev7_128ch20hz1024res_rtx
411,000411,resume_bypass,apollo14_cone_crater_resume_bypass_83_dense_02,13,69350003616,scans/000411.npy,poses/000411.npy,transforms/000411.npz,global_dem,533.5192507263209,-5601.652475422073,-4.628450450833041,-0.13278943213253447,0.00093030174264304,0.930557900178483,0.3412156146309825,543.905195,-5610.129317,-220.989833,included,os1_rev7_128ch20hz1024res_rtx
412,000412,resume_bypass,apollo14_cone_crater_resume_bypass_83_dense_02,14,71500003729,scans/000412.npy,poses/000412.npy,transforms/000412.npz,global_dem,532.7867543978275,-5600.987883692372,-4.881672967269003,-0.1448874575601448,0.0022162430139912254,0.9182607213884237,0.3685104618106138,543.905195,-5610.129317,-220.989833,included,os1_rev7_128ch20hz1024res_rtx
413,000413,resume_bypass,apollo14_cone_crater_resume_bypass_83_dense_02,15,73766670513,scans/000413.npy,poses/000413.npy,transforms/000413.npz,global_dem,532.094163963224,-5600.284392691599,-5.14018327028314,-0.11694481406667832,-0.0008719745285473052,0.9139610718775825,0.38858500899508747,543.905195,-5610.129317,-220.989833,included,os1_rev7_128ch20hz1024res_rtx
414,000414,resume_bypass,apollo14_cone_crater_resume_bypass_83_dense_02,16,76100003968,scans/000414.npy,poses/000414.npy,transforms/000414.npz,global_dem,531.413101680805,-5599.579795346479,-5.316907918439701,-0.07333154990854475,-0.024941591164739808,0.9142155806017424,0.39775654991866677,543.905195,-5610.129317,-220.989833,included,os1_rev7_128ch20hz1024res_rtx
415,000415,resume_bypass,apollo14_cone_crater_resume_bypass_83_dense_02,17,78316670751,scans/000415.npy,poses/000415.npy,transforms/000415.npz,global_dem,530.7011939982278,-5598.875973327224,-5.447382318367824,-0.09381509600379473,-0.048784120502796645,0.9121586084396844,0.39596150115629414,543.905195,-5610.129317,-220.989833,included,os1_rev7_128ch20hz1024res_rtx
416,000416,resume_bypass,apollo14_cone_crater_resume_bypass_83_dense_02,18,80566670868,scans/000416.npy,poses/000416.npy,transforms/000416.npz,global_dem,529.9878757083872,-5598.134792569677,-5.614402023962253,-0.13458604134642396,-0.04810287357868479,0.9016471345156829,0.4081729484517929,543.905195,-5610.129317,-220.989833,included,os1_rev7_128ch20hz1024res_rtx
417,000417,resume_bypass,apollo14_cone_crater_resume_bypass_83_dense_02,19,82683337645,scans/000417.npy,poses/000417.npy,transforms/000417.npz,global_dem,529.3169453116055,-5597.363286144293,-5.86878796996495,-0.18405643122886137,-0.07623388882534761,0.8284687778832541,0.5234033897392025,543.905195,-5610.129317,-220.989833,included,os1_rev7_128ch20hz1024res_rtx
418,000418,resume_bypass,apollo14_cone_crater_resume_bypass_83_dense_02,20,85033337768,scans/000418.npy,poses/000418.npy,transforms/000418.npz,global_dem,528.870771041985,-5596.45499993322,-6.108267987325744,-0.1825551489473033,-0.11165523256972343,0.7734190262847006,0.5966822742577951,543.905195,-5610.129317,-220.989833,included,os1_rev7_128ch20hz1024res_rtx
419,000419,resume_bypass,apollo14_cone_crater_resume_bypass_83_dense_02,21,87383337890,scans/000419.npy,poses/000419.npy,transforms/000419.npz,global_dem,528.4426959227053,-5595.510840026641,-6.3645517099296995,-0.1929751801728515,-0.16202236380359927,0.6617220895867284,0.7061396530557702,543.905195,-5610.129317,-220.989833,included,os1_rev7_128ch20hz1024res_rtx
420,000420,resume_bypass,apollo14_cone_crater_resume_bypass_83_dense_02,22,89883338021,scans/000420.npy,poses/000420.npy,transforms/000420.npz,global_dem,528.1094041312308,-5594.558745149234,-6.64636146966178,-0.22183362152339275,-0.16838680050499602,0.6586306540435072,0.6990288916287573,543.905195,-5610.129317,-220.989833,included,os1_rev7_128ch20hz1024res_rtx
421,000421,resume_bypass,apollo14_cone_crater_resume_bypass_83_dense_02,23,91950004795,scans/000421.npy,poses/000421.npy,transforms/000421.npz,global_dem,527.812316358348,-5593.623738950855,-6.92411254065334,-0.21820260436602504,-0.13614221579752278,0.7039226859918712,0.6620768631145589,543.905195,-5610.129317,-220.989833,included,os1_rev7_128ch20hz1024res_rtx
422,000422,resume_bypass,apollo14_cone_crater_resume_bypass_83_dense_02,24,94383338255,scans/000422.npy,poses/000422.npy,transforms/000422.npz,global_dem,527.6067452489445,-5592.64218885939,-7.12575921375323,-0.17545722648336892,-0.14908855674854046,0.6585183539416706,0.7164781514068337,543.905195,-5610.129317,-220.989833,included,os1_rev7_128ch20hz1024res_rtx
423,000423,resume_bypass,apollo14_cone_crater_resume_bypass_83_dense_02,25,96700005043,scans/000423.npy,poses/000423.npy,transforms/000423.npz,global_dem,527.5424184097665,-5591.636800998149,-7.243055146679647,-0.1540818531099965,-0.12689229751513004,0.7065604072362184,0.6789179024740107,543.905195,-5610.129317,-220.989833,included,os1_rev7_128ch20hz1024res_rtx
424,000424,resume_bypass,apollo14_cone_crater_resume_bypass_83_dense_02,26,98966671828,scans/000424.npy,poses/000424.npy,transforms/000424.npz,global_dem,527.4601321454148,-5590.666178123534,-7.331185226964523,-0.10660119112697385,-0.11359757520357609,0.7523434916095212,0.6400867500510948,543.905195,-5610.129317,-220.989833,included,os1_rev7_128ch20hz1024res_rtx
425,000425,resume_bypass,apollo14_cone_crater_resume_bypass_83_dense_02,27,101216671945,scans/000425.npy,poses/000425.npy,transforms/000425.npz,global_dem,527.2565951517945,-5589.697385432474,-7.4166280926326715,-0.05282821439381133,-0.07949965002639411,0.806441868759534,0.583558478407497,543.905195,-5610.129317,-220.989833,included,os1_rev7_128ch20hz1024res_rtx
426,000426,resume_bypass,apollo14_cone_crater_resume_bypass_83_dense_02,28,103500005397,scans/000426.npy,poses/000426.npy,transforms/000426.npz,global_dem,526.9404740941983,-5588.705018181622,-7.472925444669361,-0.031754661069538725,-0.041481529757854095,0.8208291212582326,0.568779814940496,543.905195,-5610.129317,-220.989833,included,os1_rev7_128ch20hz1024res_rtx
427,000427,resume_bypass,apollo14_cone_crater_resume_bypass_83_dense_02,29,105850005520,scans/000427.npy,poses/000427.npy,transforms/000427.npz,global_dem,526.630800789089,-5587.71623573225,-7.479160496635544,-0.0055748776145403914,-0.005868330328845368,0.8188461683410938,0.5739559530415583,543.905195,-5610.129317,-220.989833,included,os1_rev7_128ch20hz1024res_rtx
428,000428,resume_bypass,apollo14_cone_crater_resume_bypass_83_dense_02,30,108183338975,scans/000428.npy,poses/000428.npy,transforms/000428.npz,global_dem,526.2779628522793,-5586.745770548811,-7.482211817920444,-0.015774278528303636,-0.003735486873923603,0.8112713229729254,0.5844450862112588,543.905195,-5610.129317,-220.989833,included,os1_rev7_128ch20hz1024res_rtx
429,000429,resume_bypass,apollo14_cone_crater_resume_bypass_83_dense_02,31,110450005760,scans/000429.npy,poses/000429.npy,transforms/000429.npz,global_dem,525.9397658080715,-5585.728728271553,-7.547136758837507,-0.0661401921690458,-0.021112566228355376,0.7699346371050023,0.6343346034334588,543.905195,-5610.129317,-220.989833,included,os1_rev7_128ch20hz1024res_rtx
430,000430,resume_bypass,apollo14_cone_crater_resume_bypass_83_dense_02,32,112583339205,scans/000430.npy,poses/000430.npy,transforms/000430.npz,global_dem,525.6421226383785,-5584.716112494839,-7.68078776089824,-0.15160978036074602,-0.056314071794202024,0.7285930224531967,0.6655790016590365,543.905195,-5610.129317,-220.989833,included,os1_rev7_128ch20hz1024res_rtx
431,000431,resume_bypass,apollo14_cone_crater_resume_bypass_83_dense_02,33,114800005987,scans/000431.npy,poses/000431.npy,transforms/000431.npz,global_dem,525.4900695753696,-5583.702431316159,-7.840198925940709,-0.19155539205992128,-0.09926257770567794,0.6760238709653758,0.7045886731455334,543.905195,-5610.129317,-220.989833,included,os1_rev7_128ch20hz1024res_rtx
432,000432,resume_bypass,apollo14_cone_crater_resume_bypass_83_dense_02,34,117100006107,scans/000432.npy,poses/000432.npy,transforms/000432.npz,global_dem,525.4694747841816,-5582.674328129988,-7.971222606185199,-0.19041466377956368,-0.12452035442444559,0.6550617351386483,0.720507501910195,543.905195,-5610.129317,-220.989833,included,os1_rev7_128ch20hz1024res_rtx
433,000433,resume_bypass,apollo14_cone_crater_resume_bypass_83_dense_02,35,119300006221,scans/000433.npy,poses/000433.npy,transforms/000433.npz,global_dem,525.3610955012527,-5581.664514910614,-8.122965515785584,-0.18855852502539983,-0.11654938934077726,0.710996621256555,0.6673422862716706,543.905195,-5610.129317,-220.989833,included,os1_rev7_128ch20hz1024res_rtx
434,000434,resume_bypass,apollo14_cone_crater_resume_bypass_83_dense_02,36,121583339674,scans/000434.npy,poses/000434.npy,transforms/000434.npz,global_dem,525.2671698440604,-5580.665996916923,-8.239750590615696,-0.15442356442043143,-0.13546951606416732,0.6984406963611519,0.6855523077312032,543.905195,-5610.129317,-220.989833,included,os1_rev7_128ch20hz1024res_rtx
435,000435,resume_bypass,apollo14_cone_crater_resume_bypass_83_dense_02,37,123966673132,scans/000435.npy,poses/000435.npy,transforms/000435.npz,global_dem,525.2075016194489,-5579.641146381736,-8.294297191089742,-0.12683403375927826,-0.12028475240378968,0.6922599954379913,0.7001577000474262,543.905195,-5610.129317,-220.989833,included,os1_rev7_128ch20hz1024res_rtx
436,000436,resume_bypass,apollo14_cone_crater_resume_bypass_83_dense_02,38,126350006589,scans/000436.npy,poses/000436.npy,transforms/000436.npz,global_dem,525.2169621369266,-5578.584111290842,-8.3456052496385,-0.12052609435606086,-0.0732101350076777,0.7109172765321577,0.6889922805369674,543.905195,-5610.129317,-220.989833,included,os1_rev7_128ch20hz1024res_rtx
437,000437,resume_bypass,apollo14_cone_crater_resume_bypass_83_dense_02,39,128700006712,scans/000437.npy,poses/000437.npy,transforms/000437.npz,global_dem,525.1636887448955,-5577.543522997558,-8.452435337242422,-0.11686072203279027,-0.03367069126123707,0.7217202093198315,0.6814174899834198,543.905195,-5610.129317,-220.989833,included,os1_rev7_128ch20hz1024res_rtx
438,000438,resume_bypass,apollo14_cone_crater_resume_bypass_83_dense_02,40,130866673491,scans/000438.npy,poses/000438.npy,transforms/000438.npz,global_dem,525.0536152741034,-5576.489329009577,-8.63240338254139,-0.14690047022482683,-0.0008031523007812309,0.7333094973841223,0.6638349100795713,543.905195,-5610.129317,-220.989833,included,os1_rev7_128ch20hz1024res_rtx
439,000439,resume_bypass,apollo14_cone_crater_resume_bypass_83_dense_02,41,132933340266,scans/000439.npy,poses/000439.npy,transforms/000439.npz,global_dem,524.8725307559598,-5575.52404265456,-8.898744677493173,-0.16081556096850758,-0.01243946379430175,0.728793299219306,0.6654652072827951,543.905195,-5610.129317,-220.989833,included,os1_rev7_128ch20hz1024res_rtx
440,000440,resume_bypass,apollo14_cone_crater_resume_bypass_83_dense_02,42,135200007051,scans/000440.npy,poses/000440.npy,transforms/000440.npz,global_dem,524.77798275457,-5574.55842948392,-9.087012257302343,-0.11526828954852066,-0.05469628914807705,0.714891825117036,0.6874963387239394,543.905195,-5610.129317,-220.989833,included,os1_rev7_128ch20hz1024res_rtx
441,000441,resume_bypass,apollo14_cone_crater_resume_bypass_83_dense_02,43,137500007171,scans/000441.npy,poses/000441.npy,transforms/000441.npz,global_dem,524.796846842636,-5573.5718096778655,-9.146736564134475,-0.031174683422813564,-0.08062743800229771,0.6901529235263617,0.7184819395800349,543.905195,-5610.129317,-220.989833,included,os1_rev7_128ch20hz1024res_rtx
442,000442,resume_bypass,apollo14_cone_crater_resume_bypass_83_dense_02,44,139816673958,scans/000442.npy,poses/000442.npy,transforms/000442.npz,global_dem,524.8524962371315,-5572.579979796935,-9.172204255841855,-0.020800871368836515,-0.13970533692223744,0.6464696976446225,0.7497510737658277,543.905195,-5610.129317,-220.989833,included,os1_rev7_128ch20hz1024res_rtx
443,000443,resume_bypass,apollo14_cone_crater_resume_bypass_83_dense_02,45,142116674078,scans/000443.npy,poses/000443.npy,transforms/000443.npz,global_dem,524.9905337644241,-5571.591858214759,-9.072175647050482,-0.00727139415813399,-0.13284271441294204,0.6446770330981255,0.7527891225636811,543.905195,-5610.129317,-220.989833,included,os1_rev7_128ch20hz1024res_rtx
444,000444,resume_bypass,apollo14_cone_crater_resume_bypass_83_dense_02,46,144350007528,scans/000444.npy,poses/000444.npy,transforms/000444.npz,global_dem,525.1458426396418,-5570.535766371037,-9.010507667051284,-0.05130238149277193,-0.06620555398754213,0.6494827742505092,0.7557493077907745,543.905195,-5610.129317,-220.989833,included,os1_rev7_128ch20hz1024res_rtx
445,000445,resume_bypass,apollo14_cone_crater_resume_bypass_83_dense_02,47,146683340983,scans/000445.npy,poses/000445.npy,transforms/000445.npz,global_dem,525.2710898253838,-5569.496823276021,-8.994642509861274,-0.061569748908173856,-0.045676771234640874,0.6569830506878024,0.7499973797940306,543.905195,-5610.129317,-220.989833,included,os1_rev7_128ch20hz1024res_rtx
446,000446,resume_bypass,apollo14_cone_crater_resume_bypass_83_dense_02,48,148916674433,scans/000446.npy,poses/000446.npy,transforms/000446.npz,global_dem,525.3593358399885,-5568.491081067845,-9.030408930945,-0.06598910623058377,-0.0397463878561663,0.6793968230146341,0.7297161224674278,543.905195,-5610.129317,-220.989833,included,os1_rev7_128ch20hz1024res_rtx
447,000447,resume_bypass,apollo14_cone_crater_resume_bypass_83_dense_02,49,151133341215,scans/000447.npy,poses/000447.npy,transforms/000447.npz,global_dem,525.3967212358273,-5567.470031045045,-9.133668310683786,-0.09391782981045742,-0.02261505737981697,0.6909366885055004,0.716431778259769,543.905195,-5610.129317,-220.989833,included,os1_rev7_128ch20hz1024res_rtx
448,000448,resume_bypass,apollo14_cone_crater_resume_bypass_83_dense_02,50,153450008003,scans/000448.npy,poses/000448.npy,transforms/000448.npz,global_dem,525.3947597721574,-5566.453006611201,-9.237731888290552,-0.0941326119889389,-0.0289210932839844,0.689641979929279,0.7174235577694831,543.905195,-5610.129317,-220.989833,included,os1_rev7_128ch20hz1024res_rtx
449,000449,resume_bypass,apollo14_cone_crater_resume_bypass_83_dense_02,51,155750008122,scans/000449.npy,poses/000449.npy,transforms/000449.npz,global_dem,525.4264901777266,-5565.454575949934,-9.326783976746444,-0.08831800916420246,-0.03700872832057755,0.6845893308211491,0.7226117432004664,543.905195,-5610.129317,-220.989833,included,os1_rev7_128ch20hz1024res_rtx
450,000450,resume_bypass,apollo14_cone_crater_resume_bypass_83_dense_02,52,158050008242,scans/000450.npy,poses/000450.npy,transforms/000450.npz,global_dem,525.4816027306131,-5564.445824444579,-9.412049429764378,-0.09157771587406147,-0.03186343925854611,0.6819120828264196,0.72497872692186,543.905195,-5610.129317,-220.989833,included,os1_rev7_128ch20hz1024res_rtx
451,000451,resume_bypass,apollo14_cone_crater_resume_bypass_83_dense_02,53,160450008368,scans/000451.npy,poses/000451.npy,transforms/000451.npz,global_dem,525.5496362271975,-5563.407158940739,-9.49353125821629,-0.09025587564916765,-0.035725696178962686,0.6597656591687836,0.7451757017810706,543.905195,-5610.129317,-220.989833,included,os1_rev7_128ch20hz1024res_rtx
452,000452,resume_bypass,apollo14_cone_crater_resume_bypass_83_dense_02,54,162733341820,scans/000452.npy,poses/000452.npy,transforms/000452.npz,global_dem,525.6885643544165,-5562.40697265238,-9.560550919879969,-0.08678179365252561,-0.03256550428321929,0.6340256054070504,0.767736894977344,543.905195,-5610.129317,-220.989833,included,os1_rev7_128ch20hz1024res_rtx
453,000453,resume_bypass,apollo14_cone_crater_resume_bypass_83_dense_02,55,165016675272,scans/000453.npy,poses/000453.npy,transforms/000453.npz,global_dem,525.8848271894095,-5561.414055280149,-9.61835369785157,-0.08446371765906,-0.02665716868193282,0.6142666491297136,0.7841120835212445,543.905195,-5610.129317,-220.989833,included,os1_rev7_128ch20hz1024res_rtx
454,000454,resume_bypass,apollo14_cone_crater_resume_bypass_83_dense_02,56,167300008725,scans/000454.npy,poses/000454.npy,transforms/000454.npz,global_dem,526.0792070474813,-5560.4326694793,-9.691104390442849,-0.08709961134087651,-0.034118166185852304,0.5711014879325432,0.815532156889977,543.905195,-5610.129317,-220.989833,included,os1_rev7_128ch20hz1024res_rtx
455,000455,resume_bypass,apollo14_cone_crater_resume_bypass_83_dense_02,57,169683342183,scans/000455.npy,poses/000455.npy,transforms/000455.npz,global_dem,526.39806503476,-5559.4589639991955,-9.744935459514128,-0.08916611541697904,-0.036369885132874036,0.5858613510728302,0.8046695673604076,543.905195,-5610.129317,-220.989833,included,os1_rev7_128ch20hz1024res_rtx
456,000456,resume_bypass,apollo14_cone_crater_resume_bypass_83_dense_02,58,172066675640,scans/000456.npy,poses/000456.npy,transforms/000456.npz,global_dem,526.686425411757,-5558.496380882516,-9.793882744549508,-0.0906676504958369,-0.04329127944112843,0.6015772411947397,0.7924708607604705,543.905195,-5610.129317,-220.989833,included,os1_rev7_128ch20hz1024res_rtx
457,000457,resume_bypass,apollo14_cone_crater_resume_bypass_83_dense_02,59,174433342430,scans/000457.npy,poses/000457.npy,transforms/000457.npz,global_dem,526.9187484950664,-5557.498484035658,-9.845637988010452,-0.09253410502983589,-0.04781333261048908,0.6143550196500313,0.7821248202568538,543.905195,-5610.129317,-220.989833,included,os1_rev7_128ch20hz1024res_rtx
458,000458,resume_bypass,apollo14_cone_crater_resume_bypass_83_dense_02,60,176716675883,scans/000458.npy,poses/000458.npy,transforms/000458.npz,global_dem,527.1379802109641,-5556.505285805874,-9.90117696835208,-0.09696633327727977,-0.04712662966486865,0.6279313528212225,0.7707650920554844,543.905195,-5610.129317,-220.989833,included,os1_rev7_128ch20hz1024res_rtx
459,000459,resume_bypass,apollo14_cone_crater_resume_bypass_83_dense_02,61,178983342668,scans/000459.npy,poses/000459.npy,transforms/000459.npz,global_dem,527.2899504275158,-5555.545123066792,-9.967460672974273,-0.0722388441527629,-0.08112970053008467,0.6251753607158366,0.7728876305396506,543.905195,-5610.129317,-220.989833,included,os1_rev7_128ch20hz1024res_rtx
460,000460,resume_bypass,apollo14_cone_crater_resume_bypass_83_dense_02,62,181283342787,scans/000460.npy,poses/000460.npy,transforms/000460.npz,global_dem,527.5048202398667,-5554.537411768357,-9.983766404419491,-0.061629706779647006,-0.07363764977532081,0.618613215768472,0.7798057226350753,543.905195,-5610.129317,-220.989833,included,os1_rev7_128ch20hz1024res_rtx
461,000461,resume_bypass,apollo14_cone_crater_resume_bypass_83_dense_02,63,183633342910,scans/000461.npy,poses/000461.npy,transforms/000461.npz,global_dem,527.7694217014878,-5553.527475734888,-9.946492038303946,-0.036023860232636096,-0.053342676702326966,0.6157549999640953,0.785304157862027,543.905195,-5610.129317,-220.989833,included,os1_rev7_128ch20hz1024res_rtx
462,000462,resume_bypass,apollo14_cone_crater_resume_bypass_83_dense_02,64,186033343035,scans/000462.npy,poses/000462.npy,transforms/000462.npz,global_dem,528.0365399248623,-5552.524604026853,-9.912441792651663,0.00145364513966975,-0.04629859438794076,0.6167165725094513,0.7858212241125228,543.905195,-5610.129317,-220.989833,included,os1_rev7_128ch20hz1024res_rtx
463,000463,resume_bypass,apollo14_cone_crater_resume_bypass_83_dense_02,65,188366676490,scans/000463.npy,poses/000463.npy,transforms/000463.npz,global_dem,528.3471070084577,-5551.5170199744625,-9.90024169472272,0.00895545167894562,0.010296368688034983,0.5823801600854505,0.812802026212971,543.905195,-5610.129317,-220.989833,included,os1_rev7_128ch20hz1024res_rtx
464,000464,resume_bypass,apollo14_cone_crater_resume_bypass_83_dense_02,66,190716676613,scans/000464.npy,poses/000464.npy,transforms/000464.npz,global_dem,528.7056976431652,-5550.544972579672,-9.922274874623898,0.01040308165952109,0.01588423652301112,0.5663760923556235,0.8239281454896663,543.905195,-5610.129317,-220.989833,included,os1_rev7_128ch20hz1024res_rtx
465,000465,resume_bypass,apollo14_cone_crater_resume_bypass_83_dense_02,67,193050010068,scans/000465.npy,poses/000465.npy,transforms/000465.npz,global_dem,529.0646649228356,-5549.591612846754,-9.948398917674005,-0.007203756559429889,0.006109945721921087,0.5500964062570863,0.8350477341312569,543.905195,-5610.129317,-220.989833,included,os1_rev7_128ch20hz1024res_rtx
466,000466,resume_bypass,apollo14_cone_crater_resume_bypass_83_dense_02,68,195366676855,scans/000466.npy,poses/000466.npy,transforms/000466.npz,global_dem,529.4588447250875,-5548.678896252624,-9.962437093297897,0.005507572017083703,9.561854711623439e-05,0.5498437629592728,0.8352493602765327,543.905195,-5610.129317,-220.989833,included,os1_rev7_128ch20hz1024res_rtx
467,000467,resume_bypass,apollo14_cone_crater_resume_bypass_83_dense_02,69,197700010310,scans/000467.npy,poses/000467.npy,transforms/000467.npz,global_dem,529.8682022996259,-5547.753159089115,-9.958469681619421,0.00886276426757231,0.004345108280947065,0.5509158215108032,0.8345024440063918,543.905195,-5610.129317,-220.989833,included,os1_rev7_128ch20hz1024res_rtx
468,000468,resume_bypass,apollo14_cone_crater_resume_bypass_83_dense_02,70,200050010433,scans/000468.npy,poses/000468.npy,transforms/000468.npz,global_dem,530.2473709081455,-5546.8264347043805,-9.956089133754213,0.0025401594237570674,-0.011273140514802453,0.560251724925648,0.8282417935668736,543.905195,-5610.129317,-220.989833,included,os1_rev7_128ch20hz1024res_rtx
469,000469,resume_bypass,apollo14_cone_crater_resume_bypass_83_dense_02,71,202366677220,scans/000469.npy,poses/000469.npy,transforms/000469.npz,global_dem,530.5545740725455,-5545.89022233362,-9.938015342364919,-0.011108442638046948,-0.04546082392686973,0.5604065640325856,0.8268944303713982,543.905195,-5610.129317,-220.989833,included,os1_rev7_128ch20hz1024res_rtx
470,000470,resume_bypass,apollo14_cone_crater_resume_bypass_83_dense_02,72,204616677338,scans/000470.npy,poses/000470.npy,transforms/000470.npz,global_dem,530.8655879014298,-5544.9355254190905,-9.901743249889957,-0.03977771223369244,-0.07341175457164505,0.5558437693618562,0.8270829172227957,543.905195,-5610.129317,-220.989833,included,os1_rev7_128ch20hz1024res_rtx
471,000471,resume_bypass,apollo14_cone_crater_resume_bypass_83_dense_02,73,206916677458,scans/000471.npy,poses/000471.npy,transforms/000471.npz,global_dem,531.2093239859065,-5543.953213980194,-9.876098759294926,-0.0709002965902743,-0.06766394710541139,0.5404243481461062,0.8356651614949516,543.905195,-5610.129317,-220.989833,included,os1_rev7_128ch20hz1024res_rtx
472,000472,resume_bypass,apollo14_cone_crater_resume_bypass_83_dense_02,74,209300010915,scans/000472.npy,poses/000472.npy,transforms/000472.npz,global_dem,531.6005831528382,-5543.018224744138,-9.847108913746034,-0.07189171367638261,-0.06281526605653173,0.5509452302651003,0.8290628306124065,543.905195,-5610.129317,-220.989833,included,os1_rev7_128ch20hz1024res_rtx
473,000473,resume_bypass,apollo14_cone_crater_resume_bypass_83_dense_02,75,211583344368,scans/000473.npy,poses/000473.npy,transforms/000473.npz,global_dem,531.9521237180458,-5542.051289468235,-9.854056408853381,-0.08822200170946619,-0.06495167427679029,0.5494961188364579,0.8282826654027514,543.905195,-5610.129317,-220.989833,included,os1_rev7_128ch20hz1024res_rtx
474,000474,resume_bypass,apollo14_cone_crater_resume_bypass_83_dense_02,76,213900011155,scans/000474.npy,poses/000474.npy,transforms/000474.npz,global_dem,532.3708111627045,-5541.082458392262,-9.848314285494666,-0.09119927813028125,-0.07094962717460107,0.5199694403722703,0.8463336358382839,543.905195,-5610.129317,-220.989833,included,os1_rev7_128ch20hz1024res_rtx
475,000475,resume_bypass,apollo14_cone_crater_resume_bypass_83_dense_02,77,216200011275,scans/000475.npy,poses/000475.npy,transforms/000475.npz,global_dem,532.8201411432855,-5540.181496176743,-9.845017186916932,-0.09360877084264138,-0.06998669927732487,0.5050817423978218,0.855120864815013,543.905195,-5610.129317,-220.989833,included,os1_rev7_128ch20hz1024res_rtx
476,000476,resume_bypass,apollo14_cone_crater_resume_bypass_83_dense_02,78,218516678063,scans/000476.npy,poses/000476.npy,transforms/000476.npz,global_dem,533.3165347202164,-5539.26462124495,-9.864070584313048,-0.09497478957069154,-0.042228128640469965,0.502681861603409,0.8582001634306871,543.905195,-5610.129317,-220.989833,included,os1_rev7_128ch20hz1024res_rtx
477,000477,resume_bypass,apollo14_cone_crater_resume_bypass_83_dense_02,79,220733344845,scans/000477.npy,poses/000477.npy,transforms/000477.npz,global_dem,533.8363594107435,-5538.387105027314,-9.912238524420387,-0.08266798917345387,-0.030066169278391234,0.4963152068854587,0.8636742698756199,543.905195,-5610.129317,-220.989833,included,os1_rev7_128ch20hz1024res_rtx
478,000478,resume_bypass,apollo14_cone_crater_resume_bypass_83_dense_02,80,222983344962,scans/000478.npy,poses/000478.npy,transforms/000478.npz,global_dem,534.3772305565852,-5537.466074679924,-10.046510917992764,-0.0950185695710167,0.0061462057013018405,0.4876522507049352,0.8678300397972902,543.905195,-5610.129317,-220.989833,included,os1_rev7_128ch20hz1024res_rtx
479,000479,resume_bypass,apollo14_cone_crater_resume_bypass_83_dense_02,81,225300011750,scans/000479.npy,poses/000479.npy,transforms/000479.npz,global_dem,534.8346617373717,-5536.6314140118275,-10.095137746698645,-0.07642579198834051,-0.09112013057340386,0.4790240358140961,0.8697081080659282,543.905195,-5610.129317,-220.989833,included,os1_rev7_128ch20hz1024res_rtx
480,000480,resume_bypass,apollo14_cone_crater_resume_bypass_83_dense_02,82,227683345207,scans/000480.npy,poses/000480.npy,transforms/000480.npz,global_dem,535.2817058354792,-5535.709062437579,-10.021942113757039,-0.10804152563175892,-0.152929360684351,0.4574893828791814,0.8692773458066554,543.905195,-5610.129317,-220.989833,included,os1_rev7_128ch20hz1024res_rtx
481,000481,resume_bypass,apollo14_cone_crater_resume_bypass_83_dense_02,83,230133345335,scans/000481.npy,poses/000481.npy,transforms/000481.npz,global_dem,535.6998125923114,-5534.78319057068,-9.921865768716362,-0.11771326454963865,-0.1794388874478743,0.4377631936077261,0.8731028916129533,543.905195,-5610.129317,-220.989833,included,os1_rev7_128ch20hz1024res_rtx
482,000482,resume_bypass,apollo14_cone_crater_resume_bypass_83_dense_02,84,232450012123,scans/000482.npy,poses/000482.npy,transforms/000482.npz,global_dem,536.2701568146625,-5533.934336831642,-9.826864529013964,-0.10675972755941117,-0.16180605725445663,0.431165363757719,0.8812023544583172,543.905195,-5610.129317,-220.989833,included,os1_rev7_128ch20hz1024res_rtx
483,000483,resume_bypass,apollo14_cone_crater_resume_bypass_83_dense_02,85,234683345573,scans/000483.npy,poses/000483.npy,transforms/000483.npz,global_dem,536.916052100883,-5533.060912360035,-9.822296702788858,-0.11621449513401605,-0.06678092240112012,0.455258055345652,0.8802128166340778,543.905195,-5610.129317,-220.989833,included,os1_rev7_128ch20hz1024res_rtx
484,000484,resume_bypass,apollo14_cone_crater_resume_bypass_83_dense_02,86,237000012360,scans/000484.npy,poses/000484.npy,transforms/000484.npz,global_dem,537.4554569962859,-5532.215513881122,-9.839285818530117,-0.09614782073189969,-0.053460911248177284,0.4898456175784712,0.8648403312035043,543.905195,-5610.129317,-220.989833,included,os1_rev7_128ch20hz1024res_rtx
485,000485,resume_bypass,apollo14_cone_crater_resume_bypass_83_dense_02,87,239416679153,scans/000485.npy,poses/000485.npy,transforms/000485.npz,global_dem,537.9678951711361,-5531.328367701184,-9.851192476059422,-0.09074663929785241,-0.04973125739063657,0.4837857095068542,0.8690473156114352,543.905195,-5610.129317,-220.989833,included,os1_rev7_128ch20hz1024res_rtx
486,000486,resume_bypass,apollo14_cone_crater_resume_bypass_83_dense_02,88,241816679278,scans/000486.npy,poses/000486.npy,transforms/000486.npz,global_dem,538.4920733420154,-5530.448940216005,-9.855586685626177,-0.08351693250513538,-0.06188074732187281,0.43483717960939794,0.894489978884707,543.905195,-5610.129317,-220.989833,included,os1_rev7_128ch20hz1024res_rtx
487,000487,resume_bypass,apollo14_cone_crater_resume_bypass_83_dense_02,89,244133346065,scans/000487.npy,poses/000487.npy,transforms/000487.npz,global_dem,539.0971561021333,-5529.654566102031,-9.819079867985538,-0.0790738074904661,-0.08199997356056955,0.40165506766578835,0.9086784601405591,543.905195,-5610.129317,-220.989833,included,os1_rev7_128ch20hz1024res_rtx
488,000488,resume_bypass,apollo14_cone_crater_resume_bypass_83_dense_02,90,246433346185,scans/000488.npy,poses/000488.npy,transforms/000488.npz,global_dem,539.7409707468022,-5528.88310423403,-9.768053244884504,-0.0815503975296718,-0.081355571111165,0.40569398062015666,0.9067211246025433,543.905195,-5610.129317,-220.989833,included,os1_rev7_128ch20hz1024res_rtx
489,000489,resume_bypass,apollo14_cone_crater_resume_bypass_83_dense_02,91,248850012978,scans/000489.npy,poses/000489.npy,transforms/000489.npz,global_dem,540.420694934817,-5528.068649380473,-9.713248584546161,-0.0806490689927066,-0.07371619822488888,0.4119815921902796,0.9046174978886053,543.905195,-5610.129317,-220.989833,included,os1_rev7_128ch20hz1024res_rtx
490,000490,resume_bypass,apollo14_cone_crater_resume_bypass_83_dense_02,92,251150013098,scans/000490.npy,poses/000490.npy,transforms/000490.npz,global_dem,541.0707621525463,-5527.27323982578,-9.689815029294422,-0.08820916947695234,-0.055639960608143996,0.4273259682027843,0.8980622774080111,543.905195,-5610.129317,-220.989833,included,os1_rev7_128ch20hz1024res_rtx
491,000491,resume_bypass,apollo14_cone_crater_resume_bypass_83_dense_02,93,253550013223,scans/000491.npy,poses/000491.npy,transforms/000491.npz,global_dem,541.7189163177287,-5526.448537175975,-9.675411650750327,-0.08420195498889467,-0.05950310529690999,0.42608437277789085,0.898788917661174,543.905195,-5610.129317,-220.989833,included,os1_rev7_128ch20hz1024res_rtx
492,000492,resume_bypass,apollo14_cone_crater_resume_bypass_83_dense_02,94,255833346676,scans/000492.npy,poses/000492.npy,transforms/000492.npz,global_dem,542.3578796821729,-5525.646642249686,-9.681946481096972,-0.08988057153170383,-0.03704096568677539,0.42450880860668677,0.9001898250577246,543.905195,-5610.129317,-220.989833,included,os1_rev7_128ch20hz1024res_rtx
493,000493,resume_bypass,apollo14_cone_crater_resume_bypass_83_dense_02,95,258133346796,scans/000493.npy,poses/000493.npy,transforms/000493.npz,global_dem,542.9925238006107,-5524.858014661968,-9.696666288685861,-0.07813750717651385,-0.022232696807613396,0.4252707511174525,0.9014127941231469,543.905195,-5610.129317,-220.989833,included,os1_rev7_128ch20hz1024res_rtx
494,000494,resume_bypass,apollo14_cone_crater_resume_bypass_83_dense_02,96,260416680248,scans/000494.npy,poses/000494.npy,transforms/000494.npz,global_dem,543.6144619967031,-5524.079988728088,-9.725840416012266,-0.07745370974156662,-0.028567909448967112,0.42003970729440065,0.9037430175071999,543.905195,-5610.129317,-220.989833,included,os1_rev7_128ch20hz1024res_rtx
495,000495,resume_bypass,apollo14_cone_crater_resume_bypass_83_dense_02,97,262800013706,scans/000495.npy,poses/000495.npy,transforms/000495.npz,global_dem,544.2650563552814,-5523.273500467303,-9.738171686036871,-0.07250959866021998,-0.03148985239902294,0.43100221559986207,0.8988814368124595,543.905195,-5610.129317,-220.989833,included,os1_rev7_128ch20hz1024res_rtx
496,000496,resume_bypass,apollo14_cone_crater_resume_bypass_83_dense_02,98,265183347163,scans/000496.npy,poses/000496.npy,transforms/000496.npz,global_dem,544.902023356884,-5522.460877574187,-9.73511982301816,-0.0680382657409005,-0.04042690014808209,0.4128104036971585,0.9073720464830161,543.905195,-5610.129317,-220.989833,included,os1_rev7_128ch20hz1024res_rtx
497,000497,resume_bypass,apollo14_cone_crater_resume_bypass_83_dense_02,99,267550013953,scans/000497.npy,poses/000497.npy,transforms/000497.npz,global_dem,545.5757319346377,-5521.701788523706,-9.712233094248367,-0.06320660791088552,-0.0430350127554998,0.37486286269127095,0.9239213963148808,543.905195,-5610.129317,-220.989833,included,os1_rev7_128ch20hz1024res_rtx
498,000498,resume_bypass,apollo14_cone_crater_resume_bypass_83_dense_02,100,269916680743,scans/000498.npy,poses/000498.npy,transforms/000498.npz,global_dem,546.3001451728016,-5520.993784163096,-9.680736481824137,-0.0660711802803921,-0.04651783960031608,0.3504707097123116,0.933081438765676,543.905195,-5610.129317,-220.989833,included,os1_rev7_128ch20hz1024res_rtx
499,000499,resume_bypass,apollo14_cone_crater_resume_bypass_83_dense_02,101,272266680866,scans/000499.npy,poses/000499.npy,transforms/000499.npz,global_dem,547.0299176949688,-5520.340885490768,-9.63617251378397,-0.05959056434619428,-0.07257671628006301,0.33953514170129157,0.9358939429469502,543.905195,-5610.129317,-220.989833,included,os1_rev7_128ch20hz1024res_rtx
500,000500,resume_bypass,apollo14_cone_crater_resume_bypass_83_dense_02,102,274533347651,scans/000500.npy,poses/000500.npy,transforms/000500.npz,global_dem,547.7974828828918,-5519.677756806274,-9.584663040686548,-0.06738630048692572,-0.05600707946780375,0.3324963583571011,0.9390252740131328,543.905195,-5610.129317,-220.989833,included,os1_rev7_128ch20hz1024res_rtx
501,000501,resume_bypass,apollo14_cone_crater_resume_bypass_83_dense_02,103,276900014441,scans/000501.npy,poses/000501.npy,transforms/000501.npz,global_dem,548.5614233065749,-5519.0203476751585,-9.53223334459868,-0.07150791775908037,-0.05194875705654718,0.3431683906024097,0.93510609025361,543.905195,-5610.129317,-220.989833,included,os1_rev7_128ch20hz1024res_rtx
502,000502,resume_bypass,apollo14_cone_crater_resume_bypass_83_dense_02,104,279250014564,scans/000502.npy,poses/000502.npy,transforms/000502.npz,global_dem,549.3005994832995,-5518.345456194725,-9.492010556639658,-0.07367423901077526,-0.05055143797265297,0.35809672386386027,0.9293994808385954,543.905195,-5610.129317,-220.989833,included,os1_rev7_128ch20hz1024res_rtx
503,000503,resume_bypass,apollo14_cone_crater_resume_bypass_83_dense_02,105,281600014686,scans/000503.npy,poses/000503.npy,transforms/000503.npz,global_dem,550.0281744269993,-5517.6466829934625,-9.46014975318784,-0.07489748440683133,-0.05007268324751945,0.36377830591103005,0.9271183513286874,543.905195,-5610.129317,-220.989833,included,os1_rev7_128ch20hz1024res_rtx
504,000504,resume_bypass,apollo14_cone_crater_resume_bypass_83_dense_02,106,283950014809,scans/000504.npy,poses/000504.npy,transforms/000504.npz,global_dem,550.7510448822267,-5516.944222933613,-9.428399737537365,-0.06600974840731412,-0.08345874400147231,0.36642884066599707,0.9243415255699992,543.905195,-5610.129317,-220.989833,included,os1_rev7_128ch20hz1024res_rtx
505,000505,resume_bypass,apollo14_cone_crater_resume_bypass_83_dense_02,107,286200014926,scans/000505.npy,poses/000505.npy,transforms/000505.npz,global_dem,551.4924044302394,-5516.197443109838,-9.418825606670922,-0.0825724350008049,-0.04719634782107421,0.3257563633924932,0.940657796140386,543.905195,-5610.129317,-220.989833,included,os1_rev7_128ch20hz1024res_rtx
506,000506,resume_bypass,apollo14_cone_crater_resume_bypass_83_dense_02,108,288533348381,scans/000506.npy,poses/000506.npy,transforms/000506.npz,global_dem,552.2870511997854,-5515.52374301916,-9.390321983497415,-0.08419392565456972,-0.04395679464430693,0.3381552207296492,0.9362853356646965,543.905195,-5610.129317,-220.989833,included,os1_rev7_128ch20hz1024res_rtx
507,000507,resume_bypass,apollo14_cone_crater_resume_bypass_83_dense_02,109,290866681836,scans/000507.npy,poses/000507.npy,transforms/000507.npz,global_dem,553.0233499276819,-5514.830556937826,-9.375908350753457,-0.08105850436718616,-0.07117450586252566,0.3482643661876763,0.9311689641675545,543.905195,-5610.129317,-220.989833,included,os1_rev7_128ch20hz1024res_rtx
508,000508,resume_bypass,apollo14_cone_crater_resume_bypass_83_dense_02,110,293200015291,scans/000508.npy,poses/000508.npy,transforms/000508.npz,global_dem,553.8430552544099,-5514.123837585669,-9.353264817229212,-0.09615619163202768,-0.04760284271869133,0.3133577250269872,0.9435543928899041,543.905195,-5610.129317,-220.989833,included,os1_rev7_128ch20hz1024res_rtx
509,000509,resume_bypass,apollo14_cone_crater_resume_bypass_83_dense_02,111,295533348746,scans/000509.npy,poses/000509.npy,transforms/000509.npz,global_dem,554.675820614829,-5513.5039408059665,-9.318781277527629,-0.0960146356615691,-0.04378752328584417,0.27353120684382815,0.9560567563831275,543.905195,-5610.129317,-220.989833,included,os1_rev7_128ch20hz1024res_rtx
510,000510,final_to_forward_splice,apollo14_final02_to_forward_extended_dem_splice_01,0,49400002576,scans/000510.npy,poses/000510.npy,transforms/000510.npz,global_dem,805.0780851195827,-5815.66259820073,-0.08021434139069816,-0.06678610481204009,0.03645631709134327,0.969032122019903,-0.23491977277737736,805.06,-5815.75,-154.6515,included,os1_rev7_128ch20hz1024res_rtx
511,000511,final_to_forward_splice,apollo14_final02_to_forward_extended_dem_splice_01,1,52550002740,scans/000511.npy,poses/000511.npy,transforms/000511.npz,global_dem,804.3250316742924,-5816.129552462429,-0.1625048662258276,0.20186130177117448,0.10733450570313459,0.9469064713872614,-0.2260518816060512,805.06,-5815.75,-154.6515,included,os1_rev7_128ch20hz1024res_rtx
512,000512,final_to_forward_splice,apollo14_final02_to_forward_extended_dem_splice_01,2,53433336120,scans/000512.npy,poses/000512.npy,transforms/000512.npz,global_dem,803.2334009814496,-5816.659062836047,-0.286464171275497,0.0030247083185185987,0.049016623125131706,0.9782979874056357,-0.2012989558718064,805.06,-5815.75,-154.6515,included,os1_rev7_128ch20hz1024res_rtx
513,000513,final_to_forward_splice,apollo14_final02_to_forward_extended_dem_splice_01,3,54266669496,scans/000513.npy,poses/000513.npy,transforms/000513.npz,global_dem,802.2149631567353,-5817.078140426468,-0.43611012741143257,-0.07093800697703975,0.0290130556604256,0.983366634429687,-0.1646696816593784,805.06,-5815.75,-154.6515,included,os1_rev7_128ch20hz1024res_rtx
514,000514,final_to_forward_splice,apollo14_final02_to_forward_extended_dem_splice_01,4,55200002878,scans/000514.npy,poses/000514.npy,transforms/000514.npz,global_dem,801.2066253958745,-5817.393432996922,-0.5663640304619892,-0.06425394379164431,0.018418718907036846,0.9766126369859116,-0.2043524866021156,805.06,-5815.75,-154.6515,included,os1_rev7_128ch20hz1024res_rtx
515,000515,final_to_forward_splice,apollo14_final02_to_forward_extended_dem_splice_01,5,56133336260,scans/000515.npy,poses/000515.npy,transforms/000515.npz,global_dem,800.2629642355967,-5817.795531798539,-0.6673110572053662,-0.06493270876416478,0.04055206764010036,0.9677674391781859,-0.23992802422634457,805.06,-5815.75,-154.6515,included,os1_rev7_128ch20hz1024res_rtx
516,000516,final_to_forward_splice,apollo14_final02_to_forward_extended_dem_splice_01,6,57050002975,scans/000516.npy,poses/000516.npy,transforms/000516.npz,global_dem,799.3513334630584,-5818.326518999633,-0.767910767868843,-0.04554273933094148,0.0002633446680002137,0.9545703614071834,-0.2944846594761415,805.06,-5815.75,-154.6515,included,os1_rev7_128ch20hz1024res_rtx
517,000517,final_to_forward_splice,apollo14_final02_to_forward_extended_dem_splice_01,7,57966669689,scans/000517.npy,poses/000517.npy,transforms/000517.npz,global_dem,798.4675429797753,-5818.816844801945,-0.852611476762329,-0.045177505879709604,0.06675881982110604,0.9642444332463121,-0.2524577705123776,805.06,-5815.75,-154.6515,included,os1_rev7_128ch20hz1024res_rtx
518,000518,final_to_forward_splice,apollo14_final02_to_forward_extended_dem_splice_01,8,58900003071,scans/000518.npy,poses/000518.npy,transforms/000518.npz,global_dem,797.5139686552584,-5819.280776774553,-0.968590964300015,-0.04775208471871842,0.026622944723707846,0.9829583621500092,-0.17551015782178017,805.06,-5815.75,-154.6515,included,os1_rev7_128ch20hz1024res_rtx
519,000519,final_to_forward_splice,apollo14_final02_to_forward_extended_dem_splice_01,9,59816669786,scans/000519.npy,poses/000519.npy,transforms/000519.npz,global_dem,796.5212751053411,-5819.69062952547,-1.0838201179492088,-0.0610057570353121,0.026469587727479652,0.9741322464150163,-0.21597227837970293,805.06,-5815.75,-154.6515,included,os1_rev7_128ch20hz1024res_rtx
520,000520,final_to_forward_splice,apollo14_final02_to_forward_extended_dem_splice_01,10,60733336500,scans/000520.npy,poses/000520.npy,transforms/000520.npz,global_dem,795.5600418188384,-5820.103546298329,-1.1596958506595323,-0.04310285264341565,0.01146519946994837,0.9804164239135381,-0.19181847933842,805.06,-5815.75,-154.6515,included,os1_rev7_128ch20hz1024res_rtx
521,000521,final_to_forward_splice,apollo14_final02_to_forward_extended_dem_splice_01,11,61633336547,scans/000521.npy,poses/000521.npy,transforms/000521.npz,global_dem,794.6177635033415,-5820.517506421424,-1.266138965879064,-0.04552484592196335,0.02219148198085131,0.9772152907553906,-0.20611963042158904,805.06,-5815.75,-154.6515,included,os1_rev7_128ch20hz1024res_rtx
522,000522,final_to_forward_splice,apollo14_final02_to_forward_extended_dem_splice_01,12,62550003262,scans/000522.npy,poses/000522.npy,transforms/000522.npz,global_dem,793.6644807798326,-5820.90737470014,-1.3532318556655283,-0.05676262320670378,0.022769751687027714,0.9786956786839225,-0.19599569265731662,805.06,-5815.75,-154.6515,included,os1_rev7_128ch20hz1024res_rtx
523,000523,final_to_forward_splice,apollo14_final02_to_forward_extended_dem_splice_01,13,63450003309,scans/000523.npy,poses/000523.npy,transforms/000523.npz,global_dem,792.7696888126154,-5821.306280297933,-1.426972818264869,-0.027404436143490588,0.00966438592363043,0.982323773666321,-0.18492052404840115,805.06,-5815.75,-154.6515,included,os1_rev7_128ch20hz1024res_rtx
524,000524,final_to_forward_splice,apollo14_final02_to_forward_extended_dem_splice_01,14,64350003356,scans/000524.npy,poses/000524.npy,transforms/000524.npz,global_dem,791.8231740223276,-5821.660880932664,-1.5149866438963966,-0.022293891699699787,0.004222361339275092,0.986597887223985,-0.1615851570620635,805.06,-5815.75,-154.6515,included,os1_rev7_128ch20hz1024res_rtx
525,000525,final_to_forward_splice,apollo14_final02_to_forward_extended_dem_splice_01,15,65250003403,scans/000525.npy,poses/000525.npy,transforms/000525.npz,global_dem,790.8716121394131,-5822.046266497745,-1.5959762392666652,-0.040992478339362,-0.006295954502108325,0.9811723656533391,-0.18862864722712352,805.06,-5815.75,-154.6515,included,os1_rev7_128ch20hz1024res_rtx
526,000526,final_to_forward_splice,apollo14_final02_to_forward_extended_dem_splice_01,16,66150003449,scans/000526.npy,poses/000526.npy,transforms/000526.npz,global_dem,789.9367527937308,-5822.417245605416,-1.6624417846415571,-0.043288283073743446,-0.016489748096773022,0.9821192115802315,-0.18247209924056026,805.06,-5815.75,-154.6515,included,os1_rev7_128ch20hz1024res_rtx
527,000527,final_to_forward_splice,apollo14_final02_to_forward_extended_dem_splice_01,17,67050003496,scans/000527.npy,poses/000527.npy,transforms/000527.npz,global_dem,789.037796465052,-5822.793845930357,-1.741184742224459,-0.003269771689522734,-0.001115239819918009,0.9823773949971791,-0.18687621205439361,805.06,-5815.75,-154.6515,included,os1_rev7_128ch20hz1024res_rtx
528,000528,final_to_forward_splice,apollo14_final02_to_forward_extended_dem_splice_01,18,67950003543,scans/000528.npy,poses/000528.npy,transforms/000528.npz,global_dem,788.0766855930573,-5823.15335617523,-1.8108234485476393,-0.024045475187458754,-0.00966992698677095,0.9851768300656379,-0.1695727605982194,805.06,-5815.75,-154.6515,included,os1_rev7_128ch20hz1024res_rtx
529,000529,final_to_forward_splice,apollo14_final02_to_forward_extended_dem_splice_01,19,68850003590,scans/000529.npy,poses/000529.npy,transforms/000529.npz,global_dem,787.154747447961,-5823.477209802764,-1.8470191109123788,0.00813680187168748,-0.0131320506425258,0.9850506784076585,-0.1715706929222903,805.06,-5815.75,-154.6515,included,os1_rev7_128ch20hz1024res_rtx
530,000530,final_to_forward_splice,apollo14_final02_to_forward_extended_dem_splice_01,20,69750003637,scans/000530.npy,poses/000530.npy,transforms/000530.npz,global_dem,786.1242278323169,-5823.815761876465,-1.8965692749120493,-0.05437470365856577,-0.01054794694734022,0.9819085190694213,-0.18107399757042714,805.06,-5815.75,-154.6515,included,os1_rev7_128ch20hz1024res_rtx
531,000531,final_to_forward_splice,apollo14_final02_to_forward_extended_dem_splice_01,21,70650003684,scans/000531.npy,poses/000531.npy,transforms/000531.npz,global_dem,785.2496195676131,-5824.174004749938,-1.959385027037827,0.009982912117047129,0.0038047785040967092,0.9829676886181342,-0.18346767633270145,805.06,-5815.75,-154.6515,included,os1_rev7_128ch20hz1024res_rtx
532,000532,final_to_forward_splice,apollo14_final02_to_forward_extended_dem_splice_01,22,71666670404,scans/000532.npy,poses/000532.npy,transforms/000532.npz,global_dem,784.2018921758586,-5824.554663338263,-2.003267663095457,0.020706829907412,0.012965103333272493,0.9838783901110043,-0.1771622046693979,805.06,-5815.75,-154.6515,included,os1_rev7_128ch20hz1024res_rtx
533,000533,final_to_forward_splice,apollo14_final02_to_forward_extended_dem_splice_01,23,72583337118,scans/000533.npy,poses/000533.npy,transforms/000533.npz,global_dem,783.1710534125529,-5824.912552923479,-2.053437834145532,-0.026945106979114987,0.007146877091488605,0.9907296301493288,-0.1329574492155191,805.06,-5815.75,-154.6515,included,os1_rev7_128ch20hz1024res_rtx
534,000534,final_to_forward_splice,apollo14_final02_to_forward_extended_dem_splice_01,24,73500003833,scans/000534.npy,poses/000534.npy,transforms/000534.npz,global_dem,782.1682024057329,-5825.125027805814,-2.0678901356073465,-0.028933847733322086,0.059613804586142904,0.9840101471185261,-0.16532712156777782,805.06,-5815.75,-154.6515,included,os1_rev7_128ch20hz1024res_rtx
535,000535,final_to_forward_splice,apollo14_final02_to_forward_extended_dem_splice_01,25,74416670547,scans/000535.npy,poses/000535.npy,transforms/000535.npz,global_dem,781.2010915731104,-5825.491579420734,-2.1307084454259044,-0.016456845892057568,0.022364773352251507,0.9851049273908781,-0.16969758739121915,805.06,-5815.75,-154.6515,included,os1_rev7_128ch20hz1024res_rtx
536,000536,final_to_forward_splice,apollo14_final02_to_forward_extended_dem_splice_01,26,75333337262,scans/000536.npy,poses/000536.npy,transforms/000536.npz,global_dem,780.2765113611576,-5825.865602873117,-2.151217289842691,0.018051541666707503,-0.013466555218030642,0.9801265050306179,-0.19709091270396256,805.06,-5815.75,-154.6515,included,os1_rev7_128ch20hz1024res_rtx
537,000537,final_to_forward_splice,apollo14_final02_to_forward_extended_dem_splice_01,27,76250003976,scans/000537.npy,poses/000537.npy,transforms/000537.npz,global_dem,779.3176504930319,-5826.28110320003,-2.189669430542136,-0.012032992674745098,-0.017967894373307893,0.9829417971002855,-0.18264113822559377,805.06,-5815.75,-154.6515,included,os1_rev7_128ch20hz1024res_rtx
538,000538,final_to_forward_splice,apollo14_final02_to_forward_extended_dem_splice_01,28,77166670691,scans/000538.npy,poses/000538.npy,transforms/000538.npz,global_dem,778.354261089268,-5826.609892135283,-2.2326998259216086,-0.006623820483040159,0.015614427960151308,0.9837905979958584,-0.1785171530599711,805.06,-5815.75,-154.6515,included,os1_rev7_128ch20hz1024res_rtx
539,000539,final_to_forward_splice,apollo14_final02_to_forward_extended_dem_splice_01,29,78100004073,scans/000539.npy,poses/000539.npy,transforms/000539.npz,global_dem,777.4172168884136,-5826.920489322255,-2.240627205384672,0.034259832967423944,0.03330457209099682,0.9873334468147424,-0.15129353629220216,805.06,-5815.75,-154.6515,included,os1_rev7_128ch20hz1024res_rtx
540,000540,final_to_forward_splice,apollo14_final02_to_forward_extended_dem_splice_01,30,79033337455,scans/000540.npy,poses/000540.npy,transforms/000540.npz,global_dem,776.3270989010754,-5827.264824889685,-2.296476709364206,-0.038076674373134126,-0.013631603798368466,0.9929520659918964,-0.11140260719117562,805.06,-5815.75,-154.6515,included,os1_rev7_128ch20hz1024res_rtx
541,000541,final_to_forward_splice,apollo14_final02_to_forward_extended_dem_splice_01,31,79950004169,scans/000541.npy,poses/000541.npy,transforms/000541.npz,global_dem,775.3658329057772,-5827.5220293291995,-2.345000019683765,-0.012331306609688262,-0.03688031685347426,0.9913847425509229,-0.12507627010478672,805.06,-5815.75,-154.6515,included,os1_rev7_128ch20hz1024res_rtx
542,000542,final_to_forward_splice,apollo14_final02_to_forward_extended_dem_splice_01,32,80866670884,scans/000542.npy,poses/000542.npy,transforms/000542.npz,global_dem,774.3953344338893,-5827.80365807526,-2.4126900734647623,-0.02011093482688221,-0.02379972139789707,0.9904824831248057,-0.13406555927862443,805.06,-5815.75,-154.6515,included,os1_rev7_128ch20hz1024res_rtx
543,000543,final_to_forward_splice,apollo14_final02_to_forward_extended_dem_splice_01,33,81883337603,scans/000543.npy,poses/000543.npy,transforms/000543.npz,global_dem,773.3373341706258,-5828.093027266124,-2.439488133887791,0.0025660696502145127,-0.001523448172111663,0.9883870404182791,-0.15192811696790176,805.06,-5815.75,-154.6515,included,os1_rev7_128ch20hz1024res_rtx
544,000544,final_to_forward_splice,apollo14_final02_to_forward_extended_dem_splice_01,34,82783337650,scans/000544.npy,poses/000544.npy,transforms/000544.npz,global_dem,772.3495352606119,-5828.422948094279,-2.4951504687499027,-0.018228599319297174,0.010900319717282368,0.9842089846132422,-0.17573154470239088,805.06,-5815.75,-154.6515,included,os1_rev7_128ch20hz1024res_rtx
545,000545,final_to_forward_splice,apollo14_final02_to_forward_extended_dem_splice_01,35,83683337697,scans/000545.npy,poses/000545.npy,transforms/000545.npz,global_dem,771.3482086497235,-5828.752033893381,-2.5412920599878523,-0.027031374624490734,0.005184815469816062,0.9904231976037822,-0.1352934297102192,805.06,-5815.75,-154.6515,included,os1_rev7_128ch20hz1024res_rtx
546,000546,final_to_forward_splice,apollo14_final02_to_forward_extended_dem_splice_01,36,84633337747,scans/000546.npy,poses/000546.npy,transforms/000546.npz,global_dem,770.350925619566,-5829.006785431284,-2.5953605497123187,0.053717740463098664,-0.015613202375714117,0.9951728655513822,-0.08063249928760055,805.06,-5815.75,-154.6515,included,os1_rev7_128ch20hz1024res_rtx
547,000547,final_to_forward_splice,apollo14_final02_to_forward_extended_dem_splice_01,37,85533337794,scans/000547.npy,poses/000547.npy,transforms/000547.npz,global_dem,769.2615632243433,-5829.214525722704,-2.624666971395364,-0.010940955417148734,-0.018841813986405952,0.9940219831682516,-0.10698401057409392,805.06,-5815.75,-154.6515,included,os1_rev7_128ch20hz1024res_rtx
548,000548,final_to_forward_splice,apollo14_final02_to_forward_extended_dem_splice_01,38,86550004513,scans/000548.npy,poses/000548.npy,transforms/000548.npz,global_dem,768.1792544685363,-5829.526609522143,-2.6537803064963277,-0.0046354110704004275,-0.02391019588382591,0.9861184079692472,-0.16424768175290258,805.06,-5815.75,-154.6515,included,os1_rev7_128ch20hz1024res_rtx
549,000549,final_to_forward_splice,apollo14_final02_to_forward_extended_dem_splice_01,39,87550004566,scans/000549.npy,poses/000549.npy,transforms/000549.npz,global_dem,767.1349872405789,-5829.885481084525,-2.682832957424933,-0.004092418495791407,-0.02434147783921487,0.9871550988002179,-0.15784662011012573,805.06,-5815.75,-154.6515,included,os1_rev7_128ch20hz1024res_rtx
550,000550,final_to_forward_splice,apollo14_final02_to_forward_extended_dem_splice_01,40,88566671285,scans/000550.npy,poses/000550.npy,transforms/000550.npz,global_dem,766.0643716076936,-5830.204908449211,-2.6984580091530717,9.186690628862256e-05,-0.02427821398008955,0.9898247258543139,-0.14020546342365142,805.06,-5815.75,-154.6515,included,os1_rev7_128ch20hz1024res_rtx
551,000551,final_to_forward_splice,apollo14_final02_to_forward_extended_dem_splice_01,41,89583338005,scans/000551.npy,poses/000551.npy,transforms/000551.npz,global_dem,764.9885972705072,-5830.4719330049475,-2.670322006881096,0.01633643784938265,0.0016407851244874597,0.9912714143808444,-0.13081059457845473,805.06,-5815.75,-154.6515,included,os1_rev7_128ch20hz1024res_rtx
552,000552,final_to_forward_splice,apollo14_final02_to_forward_extended_dem_splice_01,42,90483338052,scans/000552.npy,poses/000552.npy,transforms/000552.npz,global_dem,764.0337202956085,-5830.731754668937,-2.6388204785608176,0.04509956667877684,-0.01729086745435946,0.9901255106703658,-0.1315998788290083,805.06,-5815.75,-154.6515,included,os1_rev7_128ch20hz1024res_rtx
553,000553,final_to_forward_splice,apollo14_final02_to_forward_extended_dem_splice_01,43,91433338101,scans/000553.npy,poses/000553.npy,transforms/000553.npz,global_dem,763.0089607753255,-5831.0070310503825,-2.6241684892519013,0.049070683348003866,-0.030112782553327118,0.9932439026437201,-0.10075633093621662,805.06,-5815.75,-154.6515,included,os1_rev7_128ch20hz1024res_rtx
554,000554,final_to_forward_splice,apollo14_final02_to_forward_extended_dem_splice_01,44,92450004821,scans/000554.npy,poses/000554.npy,transforms/000554.npz,global_dem,762.0237984019844,-5831.184206095006,-2.484112725898977,0.12090612341492181,-0.006810516433275358,0.9839429611488116,-0.13111664803676149,805.06,-5815.75,-154.6515,included,os1_rev7_128ch20hz1024res_rtx
555,000555,final_to_forward_splice,apollo14_final02_to_forward_extended_dem_splice_01,45,93366671536,scans/000555.npy,poses/000555.npy,transforms/000555.npz,global_dem,761.0122618753028,-5831.562564806311,-2.4192946368401445,0.08210935839106176,-0.08721454015617537,0.9867850459529199,-0.10911897329817902,805.06,-5815.75,-154.6515,included,os1_rev7_128ch20hz1024res_rtx
556,000556,final_to_forward_splice,apollo14_final02_to_forward_extended_dem_splice_01,46,94350004920,scans/000556.npy,poses/000556.npy,transforms/000556.npz,global_dem,760.0171753998793,-5831.78053846828,-2.2597762722033328,0.1530171761130186,-0.013798663736425836,0.9844757101149783,-0.08486999992397713,805.06,-5815.75,-154.6515,included,os1_rev7_128ch20hz1024res_rtx
557,000557,final_to_forward_splice,apollo14_final02_to_forward_extended_dem_splice_01,47,95300004970,scans/000557.npy,poses/000557.npy,transforms/000557.npz,global_dem,758.8396370154021,-5831.963245757466,-2.2056386055047943,0.040556530952970106,-0.07025895007445077,0.9962252516082251,-0.030888441035852948,805.06,-5815.75,-154.6515,included,os1_rev7_128ch20hz1024res_rtx
558,000558,final_to_forward_splice,apollo14_final02_to_forward_extended_dem_splice_01,48,96133338347,scans/000558.npy,poses/000558.npy,transforms/000558.npz,global_dem,757.5362335155259,-5832.022381356647,-2.5574421271581262,-0.20199210378479057,0.022241705399974904,0.9728906834439502,-0.11040024736140192,805.06,-5815.75,-154.6515,included,os1_rev7_128ch20hz1024res_rtx
559,000559,final_to_forward_splice,apollo14_final02_to_forward_extended_dem_splice_01,49,97033338394,scans/000559.npy,poses/000559.npy,transforms/000559.npz,global_dem,756.5614619163109,-5832.177760933688,-2.870663482316914,-0.05975971338560046,0.08320381207075445,0.9802436420135925,-0.16919900887680625,805.06,-5815.75,-154.6515,included,os1_rev7_128ch20hz1024res_rtx
560,000560,final_to_forward_splice,apollo14_final02_to_forward_extended_dem_splice_01,50,97983338443,scans/000560.npy,poses/000560.npy,transforms/000560.npz,global_dem,755.4787292296347,-5832.605474427807,-3.0347873783357464,-0.09957421779538472,0.021648213576517628,0.9801253671260685,-0.17020750487382247,805.06,-5815.75,-154.6515,included,os1_rev7_128ch20hz1024res_rtx
561,000561,final_to_forward_splice,apollo14_final02_to_forward_extended_dem_splice_01,51,98883338490,scans/000561.npy,poses/000561.npy,transforms/000561.npz,global_dem,754.456509590515,-5833.026442640233,-3.3496588030109242,-0.11103783432702194,-0.022708660495602252,0.9782750518158982,-0.1735881305880731,805.06,-5815.75,-154.6515,included,os1_rev7_128ch20hz1024res_rtx
562,000562,final_to_forward_splice,apollo14_final02_to_forward_extended_dem_splice_01,52,99866671875,scans/000562.npy,poses/000562.npy,transforms/000562.npz,global_dem,753.4402273872745,-5833.312981810966,-3.567153679638309,-0.06603971891777069,-0.034171863876612064,0.9970807799814699,-0.01734812485554915,805.06,-5815.75,-154.6515,included,os1_rev7_128ch20hz1024res_rtx
563,000563,final_to_forward_splice,apollo14_final02_to_forward_extended_dem_splice_01,53,100816671924,scans/000563.npy,poses/000563.npy,transforms/000563.npz,global_dem,752.3629918158082,-5833.3033439312485,-3.753977739778233,-0.07459262865395493,0.03528121094986383,0.9964433028348563,-0.017085670603384596,805.06,-5815.75,-154.6515,included,os1_rev7_128ch20hz1024res_rtx
564,000564,final_to_forward_splice,apollo14_final02_to_forward_extended_dem_splice_01,54,101733338639,scans/000564.npy,poses/000564.npy,transforms/000564.npz,global_dem,751.351323760852,-5833.3828119538275,-3.9173191681694526,-0.05990135136786966,-0.006380833092779062,0.9968328299702109,-0.051917455320207466,805.06,-5815.75,-154.6515,included,os1_rev7_128ch20hz1024res_rtx
565,000565,final_to_forward_splice,apollo14_final02_to_forward_extended_dem_splice_01,55,102633338686,scans/000565.npy,poses/000565.npy,transforms/000565.npz,global_dem,750.3421406539115,-5833.5327642313105,-4.050736506940164,-0.06723057766595346,-0.025468338448015493,0.992894689594238,-0.09482377623234288,805.06,-5815.75,-154.6515,included,os1_rev7_128ch20hz1024res_rtx
566,000566,final_to_forward_splice,apollo14_final02_to_forward_extended_dem_splice_01,56,103550005400,scans/000566.npy,poses/000566.npy,transforms/000566.npz,global_dem,749.3492763821431,-5833.772780779948,-4.190086422880934,-0.05702380409080359,-0.006314728274600039,0.9879644958122432,-0.14364736331827208,805.06,-5815.75,-154.6515,included,os1_rev7_128ch20hz1024res_rtx
567,000567,final_to_forward_splice,apollo14_final02_to_forward_extended_dem_splice_01,57,104450005447,scans/000567.npy,poses/000567.npy,transforms/000567.npz,global_dem,748.3987215180794,-5834.039211589632,-4.298304497873829,-0.040757788199129605,-0.029502270077594095,0.992511749715302,-0.11130519052790519,805.06,-5815.75,-154.6515,included,os1_rev7_128ch20hz1024res_rtx
568,000568,final_to_forward_splice,apollo14_final02_to_forward_extended_dem_splice_01,58,105483338834,scans/000568.npy,poses/000568.npy,transforms/000568.npz,global_dem,747.2932405312783,-5834.23390378202,-4.385466077976036,-0.0401751774112686,-6.757509433741133e-05,0.9982533116226084,-0.04331600614178519,805.06,-5815.75,-154.6515,included,os1_rev7_128ch20hz1024res_rtx
569,000569,final_to_forward_splice,apollo14_final02_to_forward_extended_dem_splice_01,59,106383338881,scans/000569.npy,poses/000569.npy,transforms/000569.npz,global_dem,746.2914883649419,-5834.292214019996,-4.448455829376574,-0.03420809255278209,0.006807620640372414,0.9982413719106139,-0.04793355934136802,805.06,-5815.75,-154.6515,included,os1_rev7_128ch20hz1024res_rtx
570,000570,final_to_forward_splice,apollo14_final02_to_forward_extended_dem_splice_01,60,107400005601,scans/000570.npy,poses/000570.npy,transforms/000570.npz,global_dem,745.2017962974683,-5834.5077515382645,-4.507345254738165,-0.007994914489460247,-0.06131290299856801,0.9941212191462331,-0.08888088046032068,805.06,-5815.75,-154.6515,included,os1_rev7_128ch20hz1024res_rtx
571,000571,final_to_forward_splice,apollo14_final02_to_forward_extended_dem_splice_01,61,108316672315,scans/000571.npy,poses/000571.npy,transforms/000571.npz,global_dem,744.1576991550936,-5834.755835071097,-4.588095213193523,0.003549867700098623,-0.06127776756485575,0.9882059247176814,-0.1402907124311927,805.06,-5815.75,-154.6515,included,os1_rev7_128ch20hz1024res_rtx
572,000572,final_to_forward_splice,apollo14_final02_to_forward_extended_dem_splice_01,62,109233339030,scans/000572.npy,poses/000572.npy,transforms/000572.npz,global_dem,743.1398053219642,-5835.018478516755,-4.6717244181206805,-0.01814525702238844,-0.01934285439816732,0.9968871654581616,-0.07424677081270889,805.06,-5815.75,-154.6515,included,os1_rev7_128ch20hz1024res_rtx
573,000573,final_to_forward_splice,apollo14_final02_to_forward_extended_dem_splice_01,63,110250005749,scans/000573.npy,poses/000573.npy,transforms/000573.npz,global_dem,742.0236229774504,-5835.193228302945,-4.697358851486935,-0.024135099651759154,-0.013991694610009365,0.999123121042494,0.031220481178960757,805.06,-5815.75,-154.6515,included,os1_rev7_128ch20hz1024res_rtx
574,000574,final_to_forward_splice,apollo14_final02_to_forward_extended_dem_splice_01,64,111183339131,scans/000574.npy,poses/000574.npy,transforms/000574.npz,global_dem,741.0106037468404,-5835.136664628478,-4.7511925133225414,0.0076766854073803716,-0.022985382446991783,0.9993403586671524,0.027047887790525766,805.06,-5815.75,-154.6515,included,os1_rev7_128ch20hz1024res_rtx
575,000575,final_to_forward_splice,apollo14_final02_to_forward_extended_dem_splice_01,65,112116672514,scans/000575.npy,poses/000575.npy,transforms/000575.npz,global_dem,739.9785972884778,-5835.141454175156,-4.769626035268067,-0.0038508638301211896,-0.016748749890388017,0.9991028667904774,-0.03870544917606162,805.06,-5815.75,-154.6515,included,os1_rev7_128ch20hz1024res_rtx
576,000576,final_to_forward_splice,apollo14_final02_to_forward_extended_dem_splice_01,66,113066672563,scans/000576.npy,poses/000576.npy,transforms/000576.npz,global_dem,738.947542878639,-5835.3339609688455,-4.763086298204476,-0.008181750167880808,-0.052542568519878576,0.9962012639254558,-0.06895925761526522,805.06,-5815.75,-154.6515,included,os1_rev7_128ch20hz1024res_rtx
577,000577,final_to_forward_splice,apollo14_final02_to_forward_extended_dem_splice_01,67,114033339280,scans/000577.npy,poses/000577.npy,transforms/000577.npz,global_dem,737.9159178231091,-5835.4785913394635,-4.805576136815567,0.01275947154594771,-0.0003063346887121445,0.995676370646413,-0.09200905923502091,805.06,-5815.75,-154.6515,included,os1_rev7_128ch20hz1024res_rtx
578,000578,final_to_forward_splice,apollo14_final02_to_forward_extended_dem_splice_01,68,115000005997,scans/000578.npy,poses/000578.npy,transforms/000578.npz,global_dem,736.8542133886081,-5835.662131631151,-4.847445339528485,0.019929948824815052,-0.009793422337496078,0.9967797777044792,-0.07705167602439893,805.06,-5815.75,-154.6515,included,os1_rev7_128ch20hz1024res_rtx
579,000579,final_to_forward_splice,apollo14_final02_to_forward_extended_dem_splice_01,69,116000006049,scans/000579.npy,poses/000579.npy,transforms/000579.npz,global_dem,735.7402310114816,-5835.754125489084,-4.868381374923459,0.008500384591789242,0.011353995699116744,0.9977093335960017,-0.06614314702883724,805.06,-5815.75,-154.6515,included,os1_rev7_128ch20hz1024res_rtx
580,000580,final_to_forward_splice,apollo14_final02_to_forward_extended_dem_splice_01,70,117016672769,scans/000580.npy,poses/000580.npy,transforms/000580.npz,global_dem,734.5934804792323,-5835.841920011702,-4.908419262606742,-0.010649965826376189,0.020515346922594394,0.9988046764781902,-0.04306874753043704,805.06,-5815.75,-154.6515,included,os1_rev7_128ch20hz1024res_rtx
581,000581,final_to_forward_splice,apollo14_final02_to_forward_extended_dem_splice_01,71,117916672816,scans/000581.npy,poses/000581.npy,transforms/000581.npz,global_dem,733.5586597966475,-5835.935736476319,-4.9966020472461095,-0.047263936790186256,0.04327083489609553,0.9963635824240632,-0.05615484614505857,805.06,-5815.75,-154.6515,included,os1_rev7_128ch20hz1024res_rtx
582,000582,final_to_forward_splice,apollo14_final02_to_forward_extended_dem_splice_01,72,118816672863,scans/000582.npy,poses/000582.npy,transforms/000582.npz,global_dem,732.5462538368943,-5836.06125041886,-5.091879300726679,-0.05708563358895268,0.02181236624916531,0.9973277960192274,-0.040033965626584775,805.06,-5815.75,-154.6515,included,os1_rev7_128ch20hz1024res_rtx
583,000583,final_to_forward_splice,apollo14_final02_to_forward_extended_dem_splice_01,73,119716672910,scans/000583.npy,poses/000583.npy,transforms/000583.npz,global_dem,731.5476760397427,-5836.217065573757,-5.168470379352082,-0.04937989287627263,-0.05912041648878533,0.9968465275171868,-0.01906313485885671,805.06,-5815.75,-154.6515,included,os1_rev7_128ch20hz1024res_rtx
584,000584,final_to_forward_splice,apollo14_final02_to_forward_extended_dem_splice_01,74,120600006289,scans/000584.npy,poses/000584.npy,transforms/000584.npz,global_dem,730.4998651217832,-5836.31346176747,-5.369395621725692,-0.03206469458829907,-0.07497445549019574,0.9962422733398378,-0.02918936785166252,805.06,-5815.75,-154.6515,included,os1_rev7_128ch20hz1024res_rtx
585,000585,final_to_forward_splice,apollo14_final02_to_forward_extended_dem_splice_01,75,121516673004,scans/000585.npy,poses/000585.npy,transforms/000585.npz,global_dem,729.4592774182132,-5836.528335850006,-5.531097314786896,-0.012778621944116192,-0.13409751295423483,0.9908822944763345,0.002615785544153056,805.06,-5815.75,-154.6515,included,os1_rev7_128ch20hz1024res_rtx
586,000586,final_to_forward_splice,apollo14_final02_to_forward_extended_dem_splice_01,76,122400006383,scans/000586.npy,poses/000586.npy,transforms/000586.npz,global_dem,728.3131361346504,-5836.607525470992,-5.7090701558520625,-0.07571790364171126,-0.11832125789222049,0.9892196362898484,-0.041368951853862225,805.06,-5815.75,-154.6515,included,os1_rev7_128ch20hz1024res_rtx
587,000587,final_to_forward_splice,apollo14_final02_to_forward_extended_dem_splice_01,77,123233339760,scans/000587.npy,poses/000587.npy,transforms/000587.npz,global_dem,727.2905004421023,-5836.722280986106,-5.938569855136233,-0.10087018024014292,-0.1560387505130338,0.9824229912255273,0.017949411916264982,805.06,-5815.75,-154.6515,included,os1_rev7_128ch20hz1024res_rtx
588,000588,final_to_forward_splice,apollo14_final02_to_forward_extended_dem_splice_01,78,124133339807,scans/000588.npy,poses/000588.npy,transforms/000588.npz,global_dem,726.2023077643832,-5836.705889282337,-6.187209250864471,-0.1266637031109359,-0.08076165557869086,0.9877922714446216,-0.04123457016495801,805.06,-5815.75,-154.6515,included,os1_rev7_128ch20hz1024res_rtx
589,000589,final_to_forward_splice,apollo14_final02_to_forward_extended_dem_splice_01,79,125016673186,scans/000589.npy,poses/000589.npy,transforms/000589.npz,global_dem,725.1296867722995,-5836.7896881823635,-6.400747347127631,-0.04752445281972421,-0.10029256941501817,0.9937143745395077,0.014648165000252341,805.06,-5815.75,-154.6515,included,os1_rev7_128ch20hz1024res_rtx
590,000590,final_to_forward_splice,apollo14_final02_to_forward_extended_dem_splice_01,80,125883339898,scans/000590.npy,poses/000590.npy,transforms/000590.npz,global_dem,724.0011092036658,-5836.687263246801,-6.620913218648736,-0.09114849064438656,-0.02473424192906268,0.9953860354245367,0.01693547788719384,805.06,-5815.75,-154.6515,included,os1_rev7_128ch20hz1024res_rtx
591,000591,final_to_forward_splice,apollo14_final02_to_forward_extended_dem_splice_01,81,126850006615,scans/000591.npy,poses/000591.npy,transforms/000591.npz,global_dem,722.9954180261133,-5836.680360942117,-6.745027710106333,0.012173921336553168,-0.02262083662796724,0.999648598485358,-0.006540102124716509,805.06,-5815.75,-154.6515,included,os1_rev7_128ch20hz1024res_rtx
592,000592,final_to_forward_splice,apollo14_final02_to_forward_extended_dem_splice_01,82,127750006662,scans/000592.npy,poses/000592.npy,transforms/000592.npz,global_dem,721.8475977106599,-5836.737911978509,-6.831236712008478,-0.05330265911326886,-0.08446047248603031,0.9946995591932389,0.02445489848000647,805.06,-5815.75,-154.6515,included,os1_rev7_128ch20hz1024res_rtx
593,000593,final_to_forward_splice,apollo14_final02_to_forward_extended_dem_splice_01,83,128616673374,scans/000593.npy,poses/000593.npy,transforms/000593.npz,global_dem,720.7972326740417,-5836.7141452987,-6.925241736172817,-0.07136069285379135,-0.04343051958570563,0.9953445175301753,-0.048070083280198704,805.06,-5815.75,-154.6515,included,os1_rev7_128ch20hz1024res_rtx
594,000594,final_to_forward_splice,apollo14_final02_to_forward_extended_dem_splice_01,84,129600006759,scans/000594.npy,poses/000594.npy,transforms/000594.npz,global_dem,719.7264261679518,-5836.879763739704,-7.03815716309029,-0.03857081358071928,-0.07320664989775306,0.995852217363317,-0.037834374886263025,805.06,-5815.75,-154.6515,included,os1_rev7_128ch20hz1024res_rtx
595,000595,final_to_forward_splice,apollo14_final02_to_forward_extended_dem_splice_01,85,130600006811,scans/000595.npy,poses/000595.npy,transforms/000595.npz,global_dem,718.6893970383261,-5836.94965070005,-7.126604702632823,-0.005321501167306224,-0.06823487971296417,0.9959724128696792,0.057919216314044,805.06,-5815.75,-154.6515,included,os1_rev7_128ch20hz1024res_rtx
596,000596,final_to_forward_splice,apollo14_final02_to_forward_extended_dem_splice_01,86,131500006858,scans/000596.npy,poses/000596.npy,transforms/000596.npz,global_dem,717.6495631169065,-5836.773587666974,-7.167694448474388,-0.034208064393789504,-0.004057299094402817,0.9967677721683048,0.07257654594373729,805.06,-5815.75,-154.6515,included,os1_rev7_128ch20hz1024res_rtx
597,000597,final_to_forward_splice,apollo14_final02_to_forward_extended_dem_splice_01,87,132433340240,scans/000597.npy,poses/000597.npy,transforms/000597.npz,global_dem,716.6427634598779,-5836.666077353381,-7.252102240294286,0.006308222578427741,-0.0465709791996933,0.9978365070433054,0.0459745085443936,805.06,-5815.75,-154.6515,included,os1_rev7_128ch20hz1024res_rtx
598,000598,final_to_forward_splice,apollo14_final02_to_forward_extended_dem_splice_01,88,133366673622,scans/000598.npy,poses/000598.npy,transforms/000598.npz,global_dem,715.6095584290986,-5836.549602631533,-7.31624690166959,0.01692838883654805,-0.05290485900595387,0.9959616438867055,0.07053303801375665,805.06,-5815.75,-154.6515,included,os1_rev7_128ch20hz1024res_rtx
599,000599,final_to_forward_splice,apollo14_final02_to_forward_extended_dem_splice_01,89,134300007004,scans/000599.npy,poses/000599.npy,transforms/000599.npz,global_dem,714.5620890254982,-5836.423530783646,-7.373620157064719,0.010049093586799356,-0.05436166254522477,0.9933085125213705,0.10140031713947034,805.06,-5815.75,-154.6515,included,os1_rev7_128ch20hz1024res_rtx
600,000600,final_to_forward_splice,apollo14_final02_to_forward_extended_dem_splice_01,90,135266673721,scans/000600.npy,poses/000600.npy,transforms/000600.npz,global_dem,713.4152019266934,-5836.26755281093,-7.367921442571621,-0.043060012505916505,-0.08615913419632829,0.9906886562720219,0.09622071113572837,805.06,-5815.75,-154.6515,included,os1_rev7_128ch20hz1024res_rtx
601,000601,final_to_forward_splice,apollo14_final02_to_forward_extended_dem_splice_01,91,136216673770,scans/000601.npy,poses/000601.npy,transforms/000601.npz,global_dem,712.3379366584252,-5836.067831691899,-7.5230356096490345,-0.04462207886978778,-0.025270052266336836,0.9966582721333601,0.06358131112158821,805.06,-5815.75,-154.6515,included,os1_rev7_128ch20hz1024res_rtx
602,000602,final_to_forward_splice,apollo14_final02_to_forward_extended_dem_splice_01,92,137166673820,scans/000602.npy,poses/000602.npy,transforms/000602.npz,global_dem,711.2843360856434,-5835.893651810253,-7.630028995784058,-0.051978521307512286,-0.0171807509046442,0.9929082452228581,0.10552853495383027,805.06,-5815.75,-154.6515,included,os1_rev7_128ch20hz1024res_rtx
603,000603,final_to_forward_splice,apollo14_final02_to_forward_extended_dem_splice_01,93,138133340537,scans/000603.npy,poses/000603.npy,transforms/000603.npz,global_dem,710.2553829910206,-5835.586753502693,-7.701256704699302,-0.05519054781714177,0.004413164025244947,0.984168471046159,0.16836551907559938,805.06,-5815.75,-154.6515,included,os1_rev7_128ch20hz1024res_rtx
604,000604,final_to_forward_splice,apollo14_final02_to_forward_extended_dem_splice_01,94,139100007254,scans/000604.npy,poses/000604.npy,transforms/000604.npz,global_dem,709.2594283699322,-5835.237577039091,-7.801848166093132,-0.03772521958693781,-0.01222560922870533,0.9816579019183433,0.18648084589946676,805.06,-5815.75,-154.6515,included,os1_rev7_128ch20hz1024res_rtx
605,000605,final_to_forward_splice,apollo14_final02_to_forward_extended_dem_splice_01,95,140083340639,scans/000605.npy,poses/000605.npy,transforms/000605.npz,global_dem,708.2868666294044,-5834.86216669264,-7.866728575619755,0.027182483764548435,-0.02841888546436153,0.9801699403029688,0.19421732067925396,805.06,-5815.75,-154.6515,included,os1_rev7_128ch20hz1024res_rtx
606,000606,final_to_forward_splice,apollo14_final02_to_forward_extended_dem_splice_01,96,141066674023,scans/000606.npy,poses/000606.npy,transforms/000606.npz,global_dem,707.190589459504,-5834.422635356063,-7.953391488327218,-0.05763363465289783,-0.012882363590900482,0.9897121096555755,0.13031634151601343,805.06,-5815.75,-154.6515,included,os1_rev7_128ch20hz1024res_rtx
607,000607,final_to_forward_splice,apollo14_final02_to_forward_extended_dem_splice_01,97,142033340740,scans/000607.npy,poses/000607.npy,transforms/000607.npz,global_dem,706.020276862538,-5834.24564205751,-8.0646742484936,-0.09261912031853567,-0.08640941236414916,0.9861950961567364,0.10665057113165682,805.06,-5815.75,-154.6515,included,os1_rev7_128ch20hz1024res_rtx
608,000608,final_to_forward_splice,apollo14_final02_to_forward_extended_dem_splice_01,98,142983340790,scans/000608.npy,poses/000608.npy,transforms/000608.npz,global_dem,704.9525815612861,-5833.918192196222,-8.23652419348445,-0.07550069765937352,0.020646500990297467,0.9931635399483081,0.08659993976413098,805.06,-5815.75,-154.6515,included,os1_rev7_128ch20hz1024res_rtx
609,000609,final_to_forward_splice,apollo14_final02_to_forward_extended_dem_splice_01,99,143933340840,scans/000609.npy,poses/000609.npy,transforms/000609.npz,global_dem,703.9169185121938,-5833.7726424574375,-8.430798078786273,-0.07429763974001379,-0.029668867053500934,0.9741330067926228,0.21133978360448064,805.06,-5815.75,-154.6515,included,os1_rev7_128ch20hz1024res_rtx
610,000610,final_to_forward_splice,apollo14_final02_to_forward_extended_dem_splice_01,100,144966674227,scans/000610.npy,poses/000610.npy,transforms/000610.npz,global_dem,702.9549334632413,-5833.26944365582,-8.557332684620992,-0.041133485509000256,-0.0476913899545484,0.9383829322622766,0.33981030021607017,805.06,-5815.75,-154.6515,included,os1_rev7_128ch20hz1024res_rtx
611,000611,final_to_forward_splice,apollo14_final02_to_forward_extended_dem_splice_01,101,145883340941,scans/000611.npy,poses/000611.npy,transforms/000611.npz,global_dem,702.1745796014803,-5832.620881735741,-8.62263818239104,-0.03874272357452549,-0.05478902122850191,0.9483861072669805,0.3099370195149882,805.06,-5815.75,-154.6515,included,os1_rev7_128ch20hz1024res_rtx
612,000612,final_to_forward_splice,apollo14_final02_to_forward_extended_dem_splice_01,102,146816674323,scans/000612.npy,poses/000612.npy,transforms/000612.npz,global_dem,701.3337152435931,-5832.076258862894,-8.632583443911317,-0.018979417715211444,-0.07178186853703585,0.9610362984959334,0.2662637377221284,805.06,-5815.75,-154.6515,included,os1_rev7_128ch20hz1024res_rtx
613,000613,final_to_forward_splice,apollo14_final02_to_forward_extended_dem_splice_01,103,147750007705,scans/000613.npy,poses/000613.npy,transforms/000613.npz,global_dem,700.4161915462445,-5831.527174445504,-8.752885835622516,-0.027562467274548395,-0.06431891992651927,0.9673421684235711,0.2436237183174269,805.06,-5815.75,-154.6515,included,os1_rev7_128ch20hz1024res_rtx
614,000614,final_to_forward_splice,apollo14_final02_to_forward_extended_dem_splice_01,104,148683341087,scans/000614.npy,poses/000614.npy,transforms/000614.npz,global_dem,699.4393376995793,-5831.066352144588,-8.846327625804955,-0.03233546694773274,-0.0683810166689552,0.9736140423334381,0.21530014098400982,805.06,-5815.75,-154.6515,included,os1_rev7_128ch20hz1024res_rtx
615,000615,final_to_forward_splice,apollo14_final02_to_forward_extended_dem_splice_01,105,149616674469,scans/000615.npy,poses/000615.npy,transforms/000615.npz,global_dem,698.5099631478251,-5830.643964504006,-8.930564141311711,0.0067949802308824555,-0.05907300470345906,0.9662185883892196,0.25077050825428215,805.06,-5815.75,-154.6515,included,os1_rev7_128ch20hz1024res_rtx
616,000616,final_to_forward_splice,apollo14_final02_to_forward_extended_dem_splice_01,106,150550007851,scans/000616.npy,poses/000616.npy,transforms/000616.npz,global_dem,697.5607635585279,-5830.130832434147,-8.998862322125328,-0.0338067409371712,-0.04904733160056032,0.94772580158761,0.3134761052061126,805.06,-5815.75,-154.6515,included,os1_rev7_128ch20hz1024res_rtx
617,000617,final_to_forward_splice,apollo14_final02_to_forward_extended_dem_splice_01,107,151483341233,scans/000617.npy,poses/000617.npy,transforms/000617.npz,global_dem,696.7528981013052,-5829.538399543606,-9.032738301262784,-0.006060384573983971,-0.05597774594345547,0.9492036938137505,0.3095837711318817,805.06,-5815.75,-154.6515,included,os1_rev7_128ch20hz1024res_rtx
618,000618,final_to_forward_splice,apollo14_final02_to_forward_extended_dem_splice_01,108,152416674615,scans/000618.npy,poses/000618.npy,transforms/000618.npz,global_dem,695.8884489001539,-5828.943822415337,-9.07497157507506,-0.018347912110966723,-0.06085695185878564,0.9523172175673278,0.2984153190713383,805.06,-5815.75,-154.6515,included,os1_rev7_128ch20hz1024res_rtx
619,000619,final_to_forward_splice,apollo14_final02_to_forward_extended_dem_splice_01,109,153383341332,scans/000619.npy,poses/000619.npy,transforms/000619.npz,global_dem,694.912951456132,-5828.348446202514,-9.14912568470809,-0.053767466818458176,-0.04586250354027328,0.9562259897918619,0.2839675099857704,805.06,-5815.75,-154.6515,included,os1_rev7_128ch20hz1024res_rtx
620,000620,final_to_forward_splice,apollo14_final02_to_forward_extended_dem_splice_01,110,154316674714,scans/000620.npy,poses/000620.npy,transforms/000620.npz,global_dem,694.0425578202862,-5827.791720189472,-9.226648492840825,-0.03821796554846492,-0.03664214409481401,0.9563220593501678,0.2874801892056657,805.06,-5815.75,-154.6515,included,os1_rev7_128ch20hz1024res_rtx
621,000621,final_to_forward_splice,apollo14_final02_to_forward_extended_dem_splice_01,111,155266674764,scans/000621.npy,poses/000621.npy,transforms/000621.npz,global_dem,693.150055345841,-5827.217997524263,-9.298301801112407,-0.04551936052967858,-0.035214174544446086,0.9605831897150277,0.27197037589602613,805.06,-5815.75,-154.6515,included,os1_rev7_128ch20hz1024res_rtx
622,000622,final_to_forward_splice,apollo14_final02_to_forward_extended_dem_splice_01,112,156216674814,scans/000622.npy,poses/000622.npy,transforms/000622.npz,global_dem,692.2686244556635,-5826.653266549261,-9.369347162645555,-0.04245360804274423,-0.03730301307182294,0.9546973482455083,0.29216288202458424,805.06,-5815.75,-154.6515,included,os1_rev7_128ch20hz1024res_rtx
623,000623,final_to_forward_splice,apollo14_final02_to_forward_extended_dem_splice_01,113,157166674863,scans/000623.npy,poses/000623.npy,transforms/000623.npz,global_dem,691.3946084436832,-5826.052613364344,-9.444966086639944,-0.04970597380965083,-0.041468677655924935,0.9500324210935325,0.30536545942896737,805.06,-5815.75,-154.6515,included,os1_rev7_128ch20hz1024res_rtx
624,000624,final_to_forward_splice,apollo14_final02_to_forward_extended_dem_splice_01,114,158116674913,scans/000624.npy,poses/000624.npy,transforms/000624.npz,global_dem,690.4646857733733,-5825.448892077306,-9.480509566099988,-0.08096544113162342,-0.09311962496323747,0.9341966699042862,0.33473857669651685,805.06,-5815.75,-154.6515,included,os1_rev7_128ch20hz1024res_rtx
625,000625,final_to_forward_splice,apollo14_final02_to_forward_extended_dem_splice_01,115,159000008292,scans/000625.npy,poses/000625.npy,transforms/000625.npz,global_dem,689.6210502677139,-5824.75674457306,-9.595795049574237,-0.032072057645185746,-0.007607317947708028,0.9629338524964893,0.26771609504905713,805.06,-5815.75,-154.6515,included,os1_rev7_128ch20hz1024res_rtx
626,000626,final_to_forward_splice,apollo14_final02_to_forward_extended_dem_splice_01,116,159966675009,scans/000626.npy,poses/000626.npy,transforms/000626.npz,global_dem,688.6789119661292,-5824.230256889349,-9.69063257780687,-0.034176477613599765,-0.05557463370205102,0.9459698223720503,0.31762324163732353,805.06,-5815.75,-154.6515,included,os1_rev7_128ch20hz1024res_rtx
627,000627,final_to_forward_splice,apollo14_final02_to_forward_extended_dem_splice_01,117,160950008394,scans/000627.npy,poses/000627.npy,transforms/000627.npz,global_dem,687.7634506761196,-5823.562380278605,-9.754076513836646,-0.07553237722259508,-0.08669092223892427,0.9329796522385686,0.34106965930916233,805.06,-5815.75,-154.6515,included,os1_rev7_128ch20hz1024res_rtx
628,000628,final_to_forward_splice,apollo14_final02_to_forward_extended_dem_splice_01,118,161816675106,scans/000628.npy,poses/000628.npy,transforms/000628.npz,global_dem,686.886265411406,-5822.961427138308,-9.872093760786543,-0.11172427885771637,-0.08721978556102909,0.9335626249242425,0.329197843044224,805.06,-5815.75,-154.6515,included,os1_rev7_128ch20hz1024res_rtx
629,000629,final_to_forward_splice,apollo14_final02_to_forward_extended_dem_splice_01,119,162783341823,scans/000629.npy,poses/000629.npy,transforms/000629.npz,global_dem,686.0125396810217,-5822.197799285533,-10.093987429512577,-0.1631774006681675,-0.04237901112848844,0.914868242559792,0.36686953278040074,805.06,-5815.75,-154.6515,included,os1_rev7_128ch20hz1024res_rtx
630,000630,final_to_forward_splice,apollo14_final02_to_forward_extended_dem_splice_01,120,163733341872,scans/000630.npy,poses/000630.npy,transforms/000630.npz,global_dem,685.2911582977915,-5821.467874904967,-10.330444620422972,-0.09085025723950262,-0.03663988431602564,0.9280023413808857,0.3594654420503012,805.06,-5815.75,-154.6515,included,os1_rev7_128ch20hz1024res_rtx
631,000631,final_to_forward_splice,apollo14_final02_to_forward_extended_dem_splice_01,121,164616675252,scans/000631.npy,poses/000631.npy,transforms/000631.npz,global_dem,684.5470822764495,-5820.791053551206,-10.472684245555143,-0.023939443170418174,-0.03691098885675149,0.938223424797416,0.3432219211002039,805.06,-5815.75,-154.6515,included,os1_rev7_128ch20hz1024res_rtx
632,000632,final_to_forward_splice,apollo14_final02_to_forward_extended_dem_splice_01,122,165533341966,scans/000632.npy,poses/000632.npy,transforms/000632.npz,global_dem,683.7601754003529,-5820.203505562585,-10.48195917118195,0.03107427900540172,-0.04028910447666509,0.9592996833631346,0.27776841927071666,805.06,-5815.75,-154.6515,included,os1_rev7_128ch20hz1024res_rtx
633,000633,final_to_forward_splice,apollo14_final02_to_forward_extended_dem_splice_01,123,166450008681,scans/000633.npy,poses/000633.npy,transforms/000633.npz,global_dem,682.8166872342767,-5819.626090906719,-10.517296374469202,-0.042735595530586715,-0.036546530200683186,0.955339817909611,0.2901100693208842,805.06,-5815.75,-154.6515,included,os1_rev7_128ch20hz1024res_rtx
634,000634,final_to_forward_splice,apollo14_final02_to_forward_extended_dem_splice_01,124,167350008727,scans/000634.npy,poses/000634.npy,transforms/000634.npz,global_dem,681.9477865813141,-5819.079284249372,-10.594940978496142,-0.028948319737462147,-0.012616836659551245,0.9594284152952172,0.28017838271571255,805.06,-5815.75,-154.6515,included,os1_rev7_128ch20hz1024res_rtx
635,000635,final_to_forward_splice,apollo14_final02_to_forward_extended_dem_splice_01,125,168266675442,scans/000635.npy,poses/000635.npy,transforms/000635.npz,global_dem,681.1535639183357,-5818.501913442002,-10.63449313592133,0.003091928678027397,-0.023531866314894345,0.937833987909827,0.3462717175368769,805.06,-5815.75,-154.6515,included,os1_rev7_128ch20hz1024res_rtx
636,000636,final_to_forward_splice,apollo14_final02_to_forward_extended_dem_splice_01,126,169183342156,scans/000636.npy,poses/000636.npy,transforms/000636.npz,global_dem,680.4205046518132,-5817.842019746892,-10.667867145656897,0.048719818917477786,-0.04046603929952658,0.923275592393711,0.3788813262726199,805.06,-5815.75,-154.6515,included,os1_rev7_128ch20hz1024res_rtx
637,000637,final_to_forward_splice,apollo14_final02_to_forward_extended_dem_splice_01,127,170050008868,scans/000637.npy,poses/000637.npy,transforms/000637.npz,global_dem,679.7044969487474,-5817.089674392361,-10.693083609121206,0.0358250746058755,-0.015071693857626006,0.9122989042464785,0.4076764861804273,805.06,-5815.75,-154.6515,included,os1_rev7_128ch20hz1024res_rtx
638,000638,final_to_forward_splice,apollo14_final02_to_forward_extended_dem_splice_01,128,171000008918,scans/000638.npy,poses/000638.npy,transforms/000638.npz,global_dem,678.9119130392469,-5816.283423952614,-10.744094649861946,-0.0485238830668044,-0.05643693413099011,0.9309394824050463,0.35750802136097315,805.06,-5815.75,-154.6515,included,os1_rev7_128ch20hz1024res_rtx
639,000639,final_to_forward_splice,apollo14_final02_to_forward_extended_dem_splice_01,129,171950008967,scans/000639.npy,poses/000639.npy,transforms/000639.npz,global_dem,678.1161517771236,-5815.602035240715,-10.840361553045753,-0.038776895727963064,-0.0013703067247408946,0.9686809987784879,0.24525822559639882,805.06,-5815.75,-154.6515,included,os1_rev7_128ch20hz1024res_rtx
640,000640,final_to_forward_splice,apollo14_final02_to_forward_extended_dem_splice_01,130,172916675684,scans/000640.npy,poses/000640.npy,transforms/000640.npz,global_dem,677.1567722476238,-5815.0425379883845,-10.883750989897358,-0.03897222515364813,0.04177564226158752,0.9694711380120498,0.23845685970805364,805.06,-5815.75,-154.6515,included,os1_rev7_128ch20hz1024res_rtx
641,000641,final_to_forward_splice,apollo14_final02_to_forward_extended_dem_splice_01,131,173800009064,scans/000641.npy,poses/000641.npy,transforms/000641.npz,global_dem,676.1548567617641,-5814.661838202782,-10.960648815152688,-0.041181685025293,-0.05843367606822968,0.9721445119843752,0.22321429644691598,805.06,-5815.75,-154.6515,included,os1_rev7_128ch20hz1024res_rtx
642,000642,final_to_forward_splice,apollo14_final02_to_forward_extended_dem_splice_01,132,174683342443,scans/000642.npy,poses/000642.npy,transforms/000642.npz,global_dem,675.2763148727917,-5814.1804904279,-11.075960206348551,0.02314232105892255,-0.012341894734689182,0.9669204113235446,0.2537262871211241,805.06,-5815.75,-154.6515,included,os1_rev7_128ch20hz1024res_rtx
643,000643,final_to_forward_splice,apollo14_final02_to_forward_extended_dem_splice_01,133,175566675823,scans/000643.npy,poses/000643.npy,transforms/000643.npz,global_dem,674.3322238160118,-5813.628745771924,-11.149437029118824,-0.0565453447665438,-0.01092064868538126,0.9511967160267665,0.30316360407776227,805.06,-5815.75,-154.6515,included,os1_rev7_128ch20hz1024res_rtx
644,000644,final_to_forward_splice,apollo14_final02_to_forward_extended_dem_splice_01,134,176550009207,scans/000644.npy,poses/000644.npy,transforms/000644.npz,global_dem,673.5118983282016,-5812.928149789674,-11.232205271376518,-0.03380577970363871,0.029434053748251154,0.9209960067044347,0.38698470431408405,805.06,-5815.75,-154.6515,included,os1_rev7_128ch20hz1024res_rtx
645,000645,final_to_forward_splice,apollo14_final02_to_forward_extended_dem_splice_01,135,177450009254,scans/000645.npy,poses/000645.npy,transforms/000645.npz,global_dem,672.69468823408,-5812.314194228848,-11.338040146917283,-0.08643784364191208,-0.10740921298747874,0.9229962605019513,0.35926266609732926,805.06,-5815.75,-154.6515,included,os1_rev7_128ch20hz1024res_rtx
646,000646,final_to_forward_splice,apollo14_final02_to_forward_extended_dem_splice_01,136,178600009314,scans/000646.npy,poses/000646.npy,transforms/000646.npz,global_dem,672.2882316083472,-5811.604241450706,-11.383151941606096,0.410480172904399,0.027692128518960562,0.887116415568664,0.20919760729766831,805.06,-5815.75,-154.6515,included,os1_rev7_128ch20hz1024res_rtx
647,000647,final_to_forward_splice,apollo14_final02_to_forward_extended_dem_splice_01,137,179716676039,scans/000647.npy,poses/000647.npy,transforms/000647.npz,global_dem,671.3723195240912,-5811.005204145348,-11.48004191460729,0.1437815338457456,-0.07583541377996908,0.917855709994135,0.36210047800706935,805.06,-5815.75,-154.6515,included,os1_rev7_128ch20hz1024res_rtx
648,000648,final_to_forward_splice,apollo14_final02_to_forward_extended_dem_splice_01,138,180533342748,scans/000648.npy,poses/000648.npy,transforms/000648.npz,global_dem,670.5493290556373,-5810.255574608417,-11.57217139638214,0.12450418201225014,-0.05803774845206078,0.9372834065854564,0.3203593984193971,805.06,-5815.75,-154.6515,included,os1_rev7_128ch20hz1024res_rtx
649,000649,final_to_forward_splice,apollo14_final02_to_forward_extended_dem_splice_01,139,181316676123,scans/000649.npy,poses/000649.npy,transforms/000649.npz,global_dem,669.7779791454896,-5809.479634660819,-11.735442786070488,0.12136659327039578,0.05885989591887563,0.9765035455467657,0.1680669159143266,805.06,-5815.75,-154.6515,included,os1_rev7_128ch20hz1024res_rtx
650,000650,final_to_forward_splice,apollo14_final02_to_forward_extended_dem_splice_01,140,182133342832,scans/000650.npy,poses/000650.npy,transforms/000650.npz,global_dem,668.6954701979033,-5809.053029020199,-11.864646993839749,0.05711444515875361,-0.004141190757766807,0.9584049988573881,0.2796080271710481,805.06,-5815.75,-154.6515,included,os1_rev7_128ch20hz1024res_rtx
651,000651,final_to_forward_splice,apollo14_final02_to_forward_extended_dem_splice_01,141,182933342874,scans/000651.npy,poses/000651.npy,transforms/000651.npz,global_dem,667.8519201141527,-5808.479979500146,-11.985499317189548,0.05054719550071368,0.0035462572495140064,0.9438966194002824,0.3263304720237625,805.06,-5815.75,-154.6515,included,os1_rev7_128ch20hz1024res_rtx
652,000652,final_to_forward_splice,apollo14_final02_to_forward_extended_dem_splice_01,142,183833342920,scans/000652.npy,poses/000652.npy,transforms/000652.npz,global_dem,666.807113475859,-5807.86435206738,-12.055328095032953,-0.030981140294803207,-0.01731834048383821,0.9784515409184579,0.20340311232430838,805.06,-5815.75,-154.6515,included,os1_rev7_128ch20hz1024res_rtx
653,000653,final_to_forward_splice,apollo14_final02_to_forward_extended_dem_splice_01,143,184600009627,scans/000653.npy,poses/000653.npy,transforms/000653.npz,global_dem,665.908075179791,-5807.374959333122,-12.203457271419746,-0.02994624743848361,0.0356716944871433,0.997646273631922,0.05032559175120831,805.06,-5815.75,-154.6515,included,os1_rev7_128ch20hz1024res_rtx
654,000654,final_to_forward_splice,apollo14_final02_to_forward_extended_dem_splice_01,144,185616676347,scans/000654.npy,poses/000654.npy,transforms/000654.npz,global_dem,664.7701838754172,-5807.091972092788,-12.195199896586395,-0.07279714969834598,0.13651532261066776,0.9872625683633102,0.037104754371674216,805.06,-5815.75,-154.6515,included,os1_rev7_128ch20hz1024res_rtx
655,000655,final_to_forward_splice,apollo14_final02_to_forward_extended_dem_splice_01,145,186650009734,scans/000655.npy,poses/000655.npy,transforms/000655.npz,global_dem,663.7374664367383,-5807.065055203879,-12.359219004520158,-0.04309554963596866,0.018817405180682173,0.9928630147231531,0.10959796010278576,805.06,-5815.75,-154.6515,included,os1_rev7_128ch20hz1024res_rtx
656,000656,final_to_forward_splice,apollo14_final02_to_forward_extended_dem_splice_01,146,187666676454,scans/000656.npy,poses/000656.npy,transforms/000656.npz,global_dem,662.728196305194,-5806.671449310268,-12.384418935272672,-0.02941021267714657,0.05858743923237069,0.9636687666348415,0.25893060762868864,805.06,-5815.75,-154.6515,included,os1_rev7_128ch20hz1024res_rtx
657,000657,final_to_forward_splice,apollo14_final02_to_forward_extended_dem_splice_01,147,188566676501,scans/000657.npy,poses/000657.npy,transforms/000657.npz,global_dem,661.7802513482087,-5806.199889193969,-12.480685888981727,0.01495892196701985,-0.0009403449720933861,0.9734090382233946,0.2285830061704589,805.06,-5815.75,-154.6515,included,os1_rev7_128ch20hz1024res_rtx
658,000658,final_to_forward_splice,apollo14_final02_to_forward_extended_dem_splice_01,148,189450009880,scans/000658.npy,poses/000658.npy,transforms/000658.npz,global_dem,660.9623726043394,-5805.272486628198,-12.510399032868516,0.004576475304651433,0.3235424614777317,0.9355034933288519,0.14188920136582356,805.06,-5815.75,-154.6515,included,os1_rev7_128ch20hz1024res_rtx
659,000659,final_to_forward_splice,apollo14_final02_to_forward_extended_dem_splice_01,149,190466676600,scans/000659.npy,poses/000659.npy,transforms/000659.npz,global_dem,659.9526994803396,-5804.93114201357,-12.622848055724297,-0.010125252668434712,0.11796804604740141,0.9817387903042796,0.148895825938971,805.06,-5815.75,-154.6515,included,os1_rev7_128ch20hz1024res_rtx
660,000660,final_to_forward_splice,apollo14_final02_to_forward_extended_dem_splice_01,150,191400009982,scans/000660.npy,poses/000660.npy,transforms/000660.npz,global_dem,658.9155810291968,-5804.773360820088,-12.750518279476747,-0.03607189930496103,-0.004875361707871579,0.9920440594098899,0.12051403701767327,805.06,-5815.75,-154.6515,included,os1_rev7_128ch20hz1024res_rtx
661,000661,final_to_forward_splice,apollo14_final02_to_forward_extended_dem_splice_01,151,192433343369,scans/000661.npy,poses/000661.npy,transforms/000661.npz,global_dem,657.8124862833911,-5804.5057361482295,-12.82950030215298,-0.02563590150911476,-0.006365051534247543,0.9933470973879611,0.11208849532264174,805.06,-5815.75,-154.6515,included,os1_rev7_128ch20hz1024res_rtx
662,000662,final_to_forward_splice,apollo14_final02_to_forward_extended_dem_splice_01,152,193366676751,scans/000662.npy,poses/000662.npy,transforms/000662.npz,global_dem,656.7711445366579,-5804.322061369335,-12.887823443841965,-0.05320844073545397,-0.07182599953654333,0.9858091086814911,0.14209253627718202,805.06,-5815.75,-154.6515,included,os1_rev7_128ch20hz1024res_rtx
663,000663,final_to_forward_splice,apollo14_final02_to_forward_extended_dem_splice_01,153,194300010133,scans/000663.npy,poses/000663.npy,transforms/000663.npz,global_dem,655.729905553106,-5803.868309460586,-12.915002922142824,-0.052045763222690146,-0.00030903186267527917,0.9898644209501705,0.13213467057082048,805.06,-5815.75,-154.6515,included,os1_rev7_128ch20hz1024res_rtx
664,000664,final_to_forward_splice,apollo14_final02_to_forward_extended_dem_splice_01,154,195116676842,scans/000664.npy,poses/000664.npy,transforms/000664.npz,global_dem,654.6329908829389,-5803.431669384226,-13.156922718055595,-0.07001283188065316,0.06636092350083028,0.9728036142465102,0.2105886020493406,805.06,-5815.75,-154.6515,included,os1_rev7_128ch20hz1024res_rtx
665,000665,final_to_forward_splice,apollo14_final02_to_forward_extended_dem_splice_01,155,195883343549,scans/000665.npy,poses/000665.npy,transforms/000665.npz,global_dem,653.6841316720061,-5803.008362709924,-13.34595079440642,-0.08426051771565098,0.039727382973870934,0.9547888537172895,0.2823121411019412,805.06,-5815.75,-154.6515,included,os1_rev7_128ch20hz1024res_rtx
666,000666,final_to_forward_splice,apollo14_final02_to_forward_extended_dem_splice_01,156,196866676934,scans/000666.npy,poses/000666.npy,transforms/000666.npz,global_dem,652.7134722808546,-5802.449393531878,-13.567694793611567,-0.08708747127279162,0.013644353567178077,0.9701325628879159,0.22599206708990563,805.06,-5815.75,-154.6515,included,os1_rev7_128ch20hz1024res_rtx
667,000667,final_to_forward_splice,apollo14_final02_to_forward_extended_dem_splice_01,157,197816676983,scans/000667.npy,poses/000667.npy,transforms/000667.npz,global_dem,651.7715566841491,-5802.01969380424,-13.747644382368264,-0.05303505170885835,0.006084555137182238,0.9730627921117027,0.22427452839499776,805.06,-5815.75,-154.6515,included,os1_rev7_128ch20hz1024res_rtx
668,000668,final_to_forward_splice,apollo14_final02_to_forward_extended_dem_splice_01,158,198650010360,scans/000668.npy,poses/000668.npy,transforms/000668.npz,global_dem,650.732465547818,-5801.520234221454,-13.883320371417733,-0.06505897496846885,-0.001921609521567227,0.968912565409977,0.23868824391569016,805.06,-5815.75,-154.6515,included,os1_rev7_128ch20hz1024res_rtx
669,000669,final_to_forward_splice,apollo14_final02_to_forward_extended_dem_splice_01,159,199483343737,scans/000669.npy,poses/000669.npy,transforms/000669.npz,global_dem,649.744397064729,-5800.967799099565,-14.096823235983843,-0.14300086606045168,0.013155530458527555,0.96528714290412,0.2181706122930327,805.06,-5815.75,-154.6515,included,os1_rev7_128ch20hz1024res_rtx
670,000670,final_to_forward_splice,apollo14_final02_to_forward_extended_dem_splice_01,160,200400010451,scans/000670.npy,poses/000670.npy,transforms/000670.npz,global_dem,648.8106622499324,-5800.572643062205,-14.31281894499888,-0.06883963403031128,0.03319324417381125,0.9649110926057383,0.251208870651876,805.06,-5815.75,-154.6515,included,os1_rev7_128ch20hz1024res_rtx
671,000671,final_to_forward_splice,apollo14_final02_to_forward_extended_dem_splice_01,161,201400010503,scans/000671.npy,poses/000671.npy,transforms/000671.npz,global_dem,647.863253380841,-5800.025204807482,-14.468512679243213,-0.08688415102973043,0.015213740582997109,0.9473967341612552,0.3076672138819866,805.06,-5815.75,-154.6515,included,os1_rev7_128ch20hz1024res_rtx
672,000672,final_to_forward_splice,apollo14_final02_to_forward_extended_dem_splice_01,162,202383343888,scans/000672.npy,poses/000672.npy,transforms/000672.npz,global_dem,647.1259759300675,-5799.375228958644,-14.587119741598487,-0.04517768754829704,0.03700523625246767,0.9110990182493052,0.4080296165511026,805.06,-5815.75,-154.6515,included,os1_rev7_128ch20hz1024res_rtx
673,000673,final_to_forward_splice,apollo14_final02_to_forward_extended_dem_splice_01,163,203366677273,scans/000673.npy,poses/000673.npy,transforms/000673.npz,global_dem,646.4673493544515,-5798.599050791662,-14.721097194188397,-0.03930371763777812,-0.0201344742038781,0.8740648708987768,0.48379791461837435,805.06,-5815.75,-154.6515,included,os1_rev7_128ch20hz1024res_rtx
674,000674,final_to_forward_splice,apollo14_final02_to_forward_extended_dem_splice_01,164,204350010657,scans/000674.npy,poses/000674.npy,transforms/000674.npz,global_dem,645.8943102703,-5797.679188046113,-14.820159181817596,-0.020311473167263287,-0.03157465456925766,0.8802496796482732,0.4730232412109579,805.06,-5815.75,-154.6515,included,os1_rev7_128ch20hz1024res_rtx
675,000675,final_to_forward_splice,apollo14_final02_to_forward_extended_dem_splice_01,165,205266677372,scans/000675.npy,poses/000675.npy,transforms/000675.npz,global_dem,645.2583418472682,-5796.879124356585,-14.913846808386833,0.011380691848823421,-0.041124244652312146,0.933364082146207,0.3563856990876425,805.06,-5815.75,-154.6515,included,os1_rev7_128ch20hz1024res_rtx
676,000676,final_to_forward_splice,apollo14_final02_to_forward_extended_dem_splice_01,166,206166677419,scans/000676.npy,poses/000676.npy,transforms/000676.npz,global_dem,644.3104117005769,-5796.1855833410655,-14.981234253999766,-0.11616464001814247,-0.06265722346133376,0.9443366548790781,0.30134387501551246,805.06,-5815.75,-154.6515,included,os1_rev7_128ch20hz1024res_rtx
677,000677,final_to_forward_splice,apollo14_final02_to_forward_extended_dem_splice_01,167,207050010798,scans/000677.npy,poses/000677.npy,transforms/000677.npz,global_dem,643.5358369287786,-5795.586647660327,-15.115938918195962,-0.012783163190973567,0.017043022496208843,0.966953082855131,0.2540627121007429,805.06,-5815.75,-154.6515,included,os1_rev7_128ch20hz1024res_rtx
678,000678,final_to_forward_splice,apollo14_final02_to_forward_extended_dem_splice_01,168,208033344183,scans/000678.npy,poses/000678.npy,transforms/000678.npz,global_dem,642.5839137987352,-5795.018570892941,-15.252351758104174,-0.020445845576790824,0.015323550937577375,0.9626905272250156,0.26939581469751,805.06,-5815.75,-154.6515,included,os1_rev7_128ch20hz1024res_rtx
679,000679,final_to_forward_splice,apollo14_final02_to_forward_extended_dem_splice_01,169,209016677567,scans/000679.npy,poses/000679.npy,transforms/000679.npz,global_dem,641.6773793585971,-5794.401878475359,-15.397425222128165,-0.04913970915206886,-0.014287790153696621,0.9335946076832358,0.3546579430123613,805.06,-5815.75,-154.6515,included,os1_rev7_128ch20hz1024res_rtx
680,000680,final_to_forward_splice,apollo14_final02_to_forward_extended_dem_splice_01,170,210016677619,scans/000680.npy,poses/000680.npy,transforms/000680.npz,global_dem,640.9790588801598,-5793.572108336805,-15.450156063744236,-0.0155068030092952,0.05847041104076578,0.9178405564440447,0.392312965678731,805.06,-5815.75,-154.6515,included,os1_rev7_128ch20hz1024res_rtx
681,000681,final_to_forward_splice,apollo14_final02_to_forward_extended_dem_splice_01,171,210900010999,scans/000681.npy,poses/000681.npy,transforms/000681.npz,global_dem,640.263101874604,-5792.851723213446,-15.594138577741223,-0.05904909103354378,-0.0023911476563316133,0.9141575654731665,0.401027970033477,805.06,-5815.75,-154.6515,included,os1_rev7_128ch20hz1024res_rtx
682,000682,final_to_forward_splice,apollo14_final02_to_forward_extended_dem_splice_01,172,211766677711,scans/000682.npy,poses/000682.npy,transforms/000682.npz,global_dem,639.550716352397,-5792.132813597277,-15.696433868371665,-0.058299797152130566,-0.002590395317971674,0.9354588249621865,0.3485845812776039,805.06,-5815.75,-154.6515,included,os1_rev7_128ch20hz1024res_rtx
683,000683,final_to_forward_splice,apollo14_final02_to_forward_extended_dem_splice_01,173,212750011095,scans/000683.npy,poses/000683.npy,transforms/000683.npz,global_dem,638.6984152851605,-5791.449306059633,-15.809653703573108,-0.058645425273597125,-0.00792868771723121,0.9467530689260172,0.3164750803534614,805.06,-5815.75,-154.6515,included,os1_rev7_128ch20hz1024res_rtx
684,000684,final_to_forward_splice,apollo14_final02_to_forward_extended_dem_splice_01,174,213633344475,scans/000684.npy,poses/000684.npy,transforms/000684.npz,global_dem,637.9176282654316,-5790.801496337374,-15.882406582561057,-0.042250827273006546,0.044311453574708386,0.9451738462023704,0.32077681202334596,805.06,-5815.75,-154.6515,included,os1_rev7_128ch20hz1024res_rtx
685,000685,final_to_forward_splice,apollo14_final02_to_forward_extended_dem_splice_01,175,214616677859,scans/000685.npy,poses/000685.npy,transforms/000685.npz,global_dem,637.0845253655784,-5790.103792930605,-16.026269398648203,-0.049026642304648704,-0.023941253566655375,0.9203047938672572,0.38737874374691067,805.06,-5815.75,-154.6515,included,os1_rev7_128ch20hz1024res_rtx
686,000686,final_to_forward_splice,apollo14_final02_to_forward_extended_dem_splice_01,176,215500011239,scans/000686.npy,poses/000686.npy,transforms/000686.npz,global_dem,636.3677344418223,-5789.378089597625,-16.128197069545855,-0.05565499040075336,-0.012594124886246229,0.9212467980006697,0.38477038248201356,805.06,-5815.75,-154.6515,included,os1_rev7_128ch20hz1024res_rtx
687,000687,final_to_forward_splice,apollo14_final02_to_forward_extended_dem_splice_01,177,216500011291,scans/000687.npy,poses/000687.npy,transforms/000687.npz,global_dem,635.5818734323661,-5788.592939749046,-16.234642371566558,-0.05609328855362378,-0.009533291730438329,0.9228872015610504,0.38084363264053056,805.06,-5815.75,-154.6515,included,os1_rev7_128ch20hz1024res_rtx
688,000688,final_to_forward_splice,apollo14_final02_to_forward_extended_dem_splice_01,178,217500011343,scans/000688.npy,poses/000688.npy,transforms/000688.npz,global_dem,634.7907975442242,-5787.831996213363,-16.32271959319615,-0.042658933709989307,-0.020637711934343765,0.9259883011536582,0.3745663710844902,805.06,-5815.75,-154.6515,included,os1_rev7_128ch20hz1024res_rtx
689,000689,final_to_forward_splice,apollo14_final02_to_forward_extended_dem_splice_01,179,218383344722,scans/000689.npy,poses/000689.npy,transforms/000689.npz,global_dem,634.0962182078148,-5787.116714557299,-16.436372630699157,-0.023145813801716365,-0.012991375819384575,0.9211826158182306,0.38822426994207637,805.06,-5815.75,-154.6515,included,os1_rev7_128ch20hz1024res_rtx
690,000690,final_to_forward_splice,apollo14_final02_to_forward_extended_dem_splice_01,180,219283344769,scans/000690.npy,poses/000690.npy,transforms/000690.npz,global_dem,633.3078417022268,-5786.39999466502,-16.545007324972264,-0.05350892481307064,0.007069114769742504,0.9327412982160157,0.35648351039567455,805.06,-5815.75,-154.6515,included,os1_rev7_128ch20hz1024res_rtx
691,000691,final_to_forward_splice,apollo14_final02_to_forward_extended_dem_splice_01,181,220200011484,scans/000691.npy,poses/000691.npy,transforms/000691.npz,global_dem,632.5875609686552,-5785.726389616615,-16.638580216363074,-0.03585267138412349,-0.00025874733701794413,0.9297618467543138,0.36641155457278585,805.06,-5815.75,-154.6515,included,os1_rev7_128ch20hz1024res_rtx
692,000692,final_to_forward_splice,apollo14_final02_to_forward_extended_dem_splice_01,182,221100011531,scans/000692.npy,poses/000692.npy,transforms/000692.npz,global_dem,631.8055601766405,-5785.0156204859895,-16.722861431874342,-0.05737473662637855,0.015600025855846425,0.9046037325061312,0.42208632520649914,805.06,-5815.75,-154.6515,included,os1_rev7_128ch20hz1024res_rtx
693,000693,final_to_forward_splice,apollo14_final02_to_forward_extended_dem_splice_01,183,222016678245,scans/000693.npy,poses/000693.npy,transforms/000693.npz,global_dem,631.1787233639093,-5784.226093744492,-16.819364431331437,-0.04146674718552582,0.005060797484060962,0.9041405204244306,0.42518797787956913,805.06,-5815.75,-154.6515,included,os1_rev7_128ch20hz1024res_rtx
694,000694,final_to_forward_splice,apollo14_final02_to_forward_extended_dem_splice_01,184,222933344960,scans/000694.npy,poses/000694.npy,transforms/000694.npz,global_dem,630.5347170912958,-5783.455497409217,-16.892915625373853,-0.02674412462529111,0.00046119994487335943,0.9207335388698876,0.38927405448189184,805.06,-5815.75,-154.6515,included,os1_rev7_128ch20hz1024res_rtx
695,000695,final_to_forward_splice,apollo14_final02_to_forward_extended_dem_splice_01,185,223866678342,scans/000695.npy,poses/000695.npy,transforms/000695.npz,global_dem,629.7815678748224,-5782.71936509172,-16.975248844457653,-0.0395424975709488,0.0028669286226931543,0.9264667774114091,0.37428262310591237,805.06,-5815.75,-154.6515,included,os1_rev7_128ch20hz1024res_rtx
696,000696,final_to_forward_splice,apollo14_final02_to_forward_extended_dem_splice_01,186,224816678391,scans/000696.npy,poses/000696.npy,transforms/000696.npz,global_dem,629.0127449132724,-5781.938974026539,-17.008987930394593,-0.05755528908508826,0.044163118756355944,0.9287771600796213,0.3634693859934802,805.06,-5815.75,-154.6515,included,os1_rev7_128ch20hz1024res_rtx
697,000697,final_to_forward_splice,apollo14_final02_to_forward_extended_dem_splice_01,187,225750011773,scans/000697.npy,poses/000697.npy,transforms/000697.npz,global_dem,628.2272170738938,-5781.290689411566,-17.115377717372162,-0.057215388045334874,-0.022484968926462467,0.9184145772690182,0.39081388128234185,805.06,-5815.75,-154.6515,included,os1_rev7_128ch20hz1024res_rtx
698,000698,final_to_forward_splice,apollo14_final02_to_forward_extended_dem_splice_01,188,226583345150,scans/000698.npy,poses/000698.npy,transforms/000698.npz,global_dem,627.5095986981185,-5780.563084666045,-17.202655775331014,-0.06605718140141034,0.005585801271716309,0.9104652209567129,0.408238078867832,805.06,-5815.75,-154.6515,included,os1_rev7_128ch20hz1024res_rtx
699,000699,final_to_forward_splice,apollo14_final02_to_forward_extended_dem_splice_01,189,227550011867,scans/000699.npy,poses/000699.npy,transforms/000699.npz,global_dem,626.7843926590035,-5779.744217250905,-17.299041327390526,-0.02850237744842464,0.02390931149641316,0.8996234070588995,0.4350789408547519,805.06,-5815.75,-154.6515,included,os1_rev7_128ch20hz1024res_rtx
700,000700,final_to_forward_splice,apollo14_final02_to_forward_extended_dem_splice_01,190,228533345252,scans/000700.npy,poses/000700.npy,transforms/000700.npz,global_dem,626.0404430500803,-5778.955974977972,-17.40774290115533,-0.04371135855179846,0.005851486212482454,0.8561015547149952,0.5149225235481835,805.06,-5815.75,-154.6515,included,os1_rev7_128ch20hz1024res_rtx
701,000701,final_to_forward_splice,apollo14_final02_to_forward_extended_dem_splice_01,191,229500011969,scans/000701.npy,poses/000701.npy,transforms/000701.npz,global_dem,625.4638216806404,-5778.056368512586,-17.484391871718596,-0.06136213907825358,-0.035460744071233355,0.8881949915181974,0.45396792899900446,805.06,-5815.75,-154.6515,included,os1_rev7_128ch20hz1024res_rtx
702,000702,final_to_forward_splice,apollo14_final02_to_forward_extended_dem_splice_01,192,230466678686,scans/000702.npy,poses/000702.npy,transforms/000702.npz,global_dem,624.8179622121941,-5777.19115486654,-17.60158944693274,-0.04641515615444561,0.0034622624425355614,0.9115945762462615,0.4084470278706118,805.06,-5815.75,-154.6515,included,os1_rev7_128ch20hz1024res_rtx
703,000703,final_to_forward_splice,apollo14_final02_to_forward_extended_dem_splice_01,193,231433345403,scans/000703.npy,poses/000703.npy,transforms/000703.npz,global_dem,624.0626726793093,-5776.419454094531,-17.696134161200778,-0.04256561227474766,-0.00813440948511024,0.9245132180950631,0.37867837223891576,805.06,-5815.75,-154.6515,included,os1_rev7_128ch20hz1024res_rtx
704,000704,final_to_forward_splice,apollo14_final02_to_forward_extended_dem_splice_01,194,232400012120,scans/000704.npy,poses/000704.npy,transforms/000704.npz,global_dem,623.2654047646059,-5775.649598551444,-17.806300266023932,-0.049562294610738654,0.0064091907731713285,0.9270356164898703,0.37162812997107425,805.06,-5815.75,-154.6515,included,os1_rev7_128ch20hz1024res_rtx
705,000705,final_to_forward_splice,apollo14_final02_to_forward_extended_dem_splice_01,195,233366678837,scans/000705.npy,poses/000705.npy,transforms/000705.npz,global_dem,622.5469295829814,-5774.877572712817,-17.898710331237424,-0.04110452552373097,-0.005635897260053865,0.9003971395447067,0.4330861874306927,805.06,-5815.75,-154.6515,included,os1_rev7_128ch20hz1024res_rtx
706,000706,final_to_forward_splice,apollo14_final02_to_forward_extended_dem_splice_01,196,234333345554,scans/000706.npy,poses/000706.npy,transforms/000706.npz,global_dem,621.9019467824955,-5774.025706341109,-17.981902571937653,-0.037081114659309446,0.0006280775353521285,0.8921565480565637,0.4502013885074424,805.06,-5815.75,-154.6515,included,os1_rev7_128ch20hz1024res_rtx
707,000707,final_to_forward_splice,apollo14_final02_to_forward_extended_dem_splice_01,197,235316678939,scans/000707.npy,poses/000707.npy,transforms/000707.npz,global_dem,621.2648080172125,-5773.116750111629,-18.073757363086752,-0.04671823152887307,-0.00423982691270906,0.885877471751998,0.46154147782496513,805.06,-5815.75,-154.6515,included,os1_rev7_128ch20hz1024res_rtx
708,000708,final_to_forward_splice,apollo14_final02_to_forward_extended_dem_splice_01,198,236300012324,scans/000708.npy,poses/000708.npy,transforms/000708.npz,global_dem,620.6280378556439,-5772.27788280126,-18.13949786190662,-0.012492716902751123,-0.022371527137304264,0.9072061974841663,0.41990518220695056,805.06,-5815.75,-154.6515,included,os1_rev7_128ch20hz1024res_rtx
709,000709,final_to_forward_splice,apollo14_final02_to_forward_extended_dem_splice_01,199,237316679043,scans/000709.npy,poses/000709.npy,transforms/000709.npz,global_dem,619.8441476799949,-5771.462475282466,-18.220492250260307,-0.008796615454013628,-0.019939762766557987,0.9039039683214967,0.42717987016012177,805.06,-5815.75,-154.6515,included,os1_rev7_128ch20hz1024res_rtx
710,000710,final_to_forward_splice,apollo14_final02_to_forward_extended_dem_splice_01,200,238216679090,scans/000710.npy,poses/000710.npy,transforms/000710.npz,global_dem,619.2915882640739,-5770.576335543965,-18.23427001972038,0.0274053805451418,0.06485081714176003,0.8926630007739104,0.4451921873556852,805.06,-5815.75,-154.6515,included,os1_rev7_128ch20hz1024res_rtx
711,000711,final_to_forward_splice,apollo14_final02_to_forward_extended_dem_splice_01,201,239133345805,scans/000711.npy,poses/000711.npy,transforms/000711.npz,global_dem,618.5857493026093,-5769.619389312245,-18.305972440998815,-0.08077125732418532,0.04787403371813528,0.8799711214121295,0.465655351484877,805.06,-5815.75,-154.6515,included,os1_rev7_128ch20hz1024res_rtx
712,000712,final_to_forward_splice,apollo14_final02_to_forward_extended_dem_splice_01,202,240033345852,scans/000712.npy,poses/000712.npy,transforms/000712.npz,global_dem,617.9865973925845,-5768.879129016177,-18.402681365416854,-0.009232762830996251,-0.024917827898512535,0.8992436796150425,0.4366401981216635,805.06,-5815.75,-154.6515,included,os1_rev7_128ch20hz1024res_rtx
713,000713,final_to_forward_splice,apollo14_final02_to_forward_extended_dem_splice_01,203,240966679234,scans/000713.npy,poses/000713.npy,transforms/000713.npz,global_dem,617.2827581524867,-5767.951336494999,-18.553977081829608,-0.05853219989963058,-0.013920682954281062,0.8816973452829935,0.4679636604287964,805.06,-5815.75,-154.6515,included,os1_rev7_128ch20hz1024res_rtx
714,000714,final_to_forward_splice,apollo14_final02_to_forward_extended_dem_splice_01,204,241866679280,scans/000714.npy,poses/000714.npy,transforms/000714.npz,global_dem,616.6274752519234,-5767.093199902104,-18.646431659100823,-0.0806899203347103,-0.029145062297461912,0.9048528797621388,0.41699036929672556,805.06,-5815.75,-154.6515,included,os1_rev7_128ch20hz1024res_rtx
715,000715,final_to_forward_splice,apollo14_final02_to_forward_extended_dem_splice_01,205,242766679327,scans/000715.npy,poses/000715.npy,transforms/000715.npz,global_dem,615.9007355618826,-5766.411543207775,-18.76363379012859,-0.05691723394463979,-0.010087631137085298,0.9546911683198587,0.2919305419276932,805.06,-5815.75,-154.6515,included,os1_rev7_128ch20hz1024res_rtx
716,000716,final_to_forward_splice,apollo14_final02_to_forward_extended_dem_splice_01,206,243650012707,scans/000716.npy,poses/000716.npy,transforms/000716.npz,global_dem,615.0271469459545,-5765.883984905275,-18.887159670624595,-0.07224888559397358,-0.025836782459831793,0.9586915618721853,0.27390335594443227,805.06,-5815.75,-154.6515,included,os1_rev7_128ch20hz1024res_rtx
717,000717,final_to_forward_splice,apollo14_final02_to_forward_extended_dem_splice_01,207,244533346086,scans/000717.npy,poses/000717.npy,transforms/000717.npz,global_dem,614.2302096597883,-5765.353782758662,-19.012607307264105,-0.009014066041202872,-0.012315056373679675,0.9413837080874896,0.3369922849968027,805.06,-5815.75,-154.6515,included,os1_rev7_128ch20hz1024res_rtx
718,000718,final_to_forward_splice,apollo14_final02_to_forward_extended_dem_splice_01,208,245416679466,scans/000718.npy,poses/000718.npy,transforms/000718.npz,global_dem,613.4522029867281,-5764.597271870341,-19.086808711337376,0.02825439100123056,0.06524424543245554,0.9081835113862231,0.41248949983398275,805.06,-5815.75,-154.6515,included,os1_rev7_128ch20hz1024res_rtx
719,000719,final_to_forward_splice,apollo14_final02_to_forward_extended_dem_splice_01,209,246300012845,scans/000719.npy,poses/000719.npy,transforms/000719.npz,global_dem,612.6859195834525,-5763.718849979613,-19.244814000678925,-0.09434434221100271,0.012278488704578051,0.885153430177018,0.4554687572751439,805.06,-5815.75,-154.6515,included,os1_rev7_128ch20hz1024res_rtx
720,000720,final_to_forward_splice,apollo14_final02_to_forward_extended_dem_splice_01,210,247416679570,scans/000720.npy,poses/000720.npy,transforms/000720.npz,global_dem,612.0092525404175,-5762.922192847022,-19.38753039223784,-0.06798248717785722,-0.006311026333418531,0.9220761833824349,0.3809383997743121,805.06,-5815.75,-154.6515,included,os1_rev7_128ch20hz1024res_rtx
721,000721,final_to_forward_splice,apollo14_final02_to_forward_extended_dem_splice_01,211,248516679627,scans/000721.npy,poses/000721.npy,transforms/000721.npz,global_dem,611.267385673911,-5762.303635555756,-19.4942280377849,-0.029715055851478885,-0.03838604088799628,0.9525111075930462,0.30060957608259387,805.06,-5815.75,-154.6515,included,os1_rev7_128ch20hz1024res_rtx
722,000722,final_to_forward_splice,apollo14_final02_to_forward_extended_dem_splice_01,212,249550013015,scans/000722.npy,poses/000722.npy,transforms/000722.npz,global_dem,610.3132981109194,-5761.767525662257,-19.556305826523182,0.012503657966410535,0.02970307878109302,0.9944698273098191,0.0999557312952181,805.06,-5815.75,-154.6515,included,os1_rev7_128ch20hz1024res_rtx
723,000723,final_to_forward_splice,apollo14_final02_to_forward_extended_dem_splice_01,213,250433346394,scans/000723.npy,poses/000723.npy,transforms/000723.npz,global_dem,609.197962693944,-5761.541174958262,-19.694484210359757,-0.04168391505225525,0.026820161442786393,0.9865120756117813,0.1560033808551412,805.06,-5815.75,-154.6515,included,os1_rev7_128ch20hz1024res_rtx
724,000724,final_to_forward_splice,apollo14_final02_to_forward_extended_dem_splice_01,214,251333346441,scans/000724.npy,poses/000724.npy,transforms/000724.npz,global_dem,608.1296621708359,-5761.221710099931,-19.821409037931883,-0.10096741192093807,-0.005725899720858434,0.9776707849440912,0.18420812161568467,805.06,-5815.75,-154.6515,included,os1_rev7_128ch20hz1024res_rtx
725,000725,final_to_forward_splice,apollo14_final02_to_forward_extended_dem_splice_01,215,252433346498,scans/000725.npy,poses/000725.npy,transforms/000725.npz,global_dem,607.1299298670543,-5760.807544961032,-19.961791111728356,-0.09915083698740591,-0.00870329159873977,0.9663235998694629,0.23730163205373536,805.06,-5815.75,-154.6515,included,os1_rev7_128ch20hz1024res_rtx
726,000726,final_to_forward_splice,apollo14_final02_to_forward_extended_dem_splice_01,216,253783346569,scans/000726.npy,poses/000726.npy,transforms/000726.npz,global_dem,606.2863849266912,-5760.243738695099,-20.114272641070087,-0.06869899455661772,-0.029160142781294335,0.9190417701326394,0.3870301783728878,805.06,-5815.75,-154.6515,included,os1_rev7_128ch20hz1024res_rtx
727,000727,final_to_forward_splice,apollo14_final02_to_forward_extended_dem_splice_01,217,254900013294,scans/000727.npy,poses/000727.npy,transforms/000727.npz,global_dem,605.6323961349445,-5759.314124371544,-20.176361297066844,-0.03212716321482583,0.011589617606453537,0.8330753787658753,0.5521041019967136,805.06,-5815.75,-154.6515,included,os1_rev7_128ch20hz1024res_rtx
728,000728,final_to_forward_splice,apollo14_final02_to_forward_extended_dem_splice_01,218,255783346673,scans/000728.npy,poses/000728.npy,transforms/000728.npz,global_dem,605.1077129381545,-5758.451540656405,-20.267016864956457,-0.07633468121236346,-0.08433093664080497,0.7999496886001578,0.589187410997555,805.06,-5815.75,-154.6515,included,os1_rev7_128ch20hz1024res_rtx
729,000729,final_to_forward_splice,apollo14_final02_to_forward_extended_dem_splice_01,219,256766680058,scans/000729.npy,poses/000729.npy,transforms/000729.npz,global_dem,604.7244902222868,-5757.521876355171,-20.369092659139696,-0.07233251481719256,-0.029392410112687978,0.8851399516565102,0.45872797986333796,805.06,-5815.75,-154.6515,included,os1_rev7_128ch20hz1024res_rtx
730,000730,final_to_forward_splice,apollo14_final02_to_forward_extended_dem_splice_01,220,257883346782,scans/000730.npy,poses/000730.npy,transforms/000730.npz,global_dem,603.9243153217942,-5756.790615288311,-20.438234291858276,-0.11801713227601242,-0.1101334733837163,0.917419746618811,0.36370810142703897,805.06,-5815.75,-154.6515,included,os1_rev7_128ch20hz1024res_rtx
731,000731,final_to_forward_splice,apollo14_final02_to_forward_extended_dem_splice_01,221,258883346835,scans/000731.npy,poses/000731.npy,transforms/000731.npz,global_dem,603.2239819915508,-5756.1018201982615,-20.60714173207629,-0.045664456732226986,-0.02541125073203262,0.9562545275544735,0.2878303393653198,805.06,-5815.75,-154.6515,included,os1_rev7_128ch20hz1024res_rtx
732,000732,final_to_forward_splice,apollo14_final02_to_forward_extended_dem_splice_01,222,259883346887,scans/000732.npy,poses/000732.npy,transforms/000732.npz,global_dem,602.2279567174555,-5755.5604184062395,-20.75441672070127,-0.0329517567107534,-0.04937786901382107,0.9634713134755671,0.2611494512553965,805.06,-5815.75,-154.6515,included,os1_rev7_128ch20hz1024res_rtx
733,000733,final_to_forward_splice,apollo14_final02_to_forward_extended_dem_splice_01,223,260733346931,scans/000733.npy,poses/000733.npy,transforms/000733.npz,global_dem,601.3270940860427,-5755.050556627442,-20.927138728094956,-0.07270619960613901,-0.01746259808284603,0.9667927846088418,0.24437794056606502,805.06,-5815.75,-154.6515,included,os1_rev7_128ch20hz1024res_rtx
734,000734,final_to_forward_splice,apollo14_final02_to_forward_extended_dem_splice_01,224,261716680316,scans/000734.npy,poses/000734.npy,transforms/000734.npz,global_dem,600.3952557819471,-5754.529580041104,-21.038950757281555,-0.05332871662478849,-0.06309618156580003,0.9434674051074786,0.32100494599730006,805.06,-5815.75,-154.6515,included,os1_rev7_128ch20hz1024res_rtx
735,000735,final_to_forward_splice,apollo14_final02_to_forward_extended_dem_splice_01,225,262583347028,scans/000735.npy,poses/000735.npy,transforms/000735.npz,global_dem,599.5232334240956,-5753.88799853392,-21.190755328021083,-0.05937355743018011,-0.020892810824021776,0.9518138808684061,0.30014764253643617,805.06,-5815.75,-154.6515,included,os1_rev7_128ch20hz1024res_rtx
736,000736,final_to_forward_splice,apollo14_final02_to_forward_extended_dem_splice_01,226,263566680412,scans/000736.npy,poses/000736.npy,transforms/000736.npz,global_dem,598.6948655709281,-5753.211386337998,-21.285790364952287,-0.053917768041386434,-0.013182287803959624,0.9212999370974472,0.3848707932305711,805.06,-5815.75,-154.6515,included,os1_rev7_128ch20hz1024res_rtx
737,000737,final_to_forward_splice,apollo14_final02_to_forward_extended_dem_splice_01,227,264450013792,scans/000737.npy,poses/000737.npy,transforms/000737.npz,global_dem,598.0433005964168,-5752.4960380081675,-21.345553947675302,0.0029479300423578443,-0.01633962350310794,0.9056530564136572,0.42369430940342245,805.06,-5815.75,-154.6515,included,os1_rev7_128ch20hz1024res_rtx
738,000738,final_to_forward_splice,apollo14_final02_to_forward_extended_dem_splice_01,228,265333347171,scans/000738.npy,poses/000738.npy,transforms/000738.npz,global_dem,597.2882753384555,-5751.6875343970505,-21.458133981745185,-0.07724825088975876,-0.05112840121965094,0.8858354418497574,0.45465829398135965,805.06,-5815.75,-154.6515,included,os1_rev7_128ch20hz1024res_rtx
739,000739,final_to_forward_splice,apollo14_final02_to_forward_extended_dem_splice_01,229,266266680553,scans/000739.npy,poses/000739.npy,transforms/000739.npz,global_dem,596.6716854496058,-5751.196787637318,-21.496108825839418,0.1739602656114497,-0.24450021980625797,0.91532062129013,0.26859938336514433,805.06,-5815.75,-154.6515,included,os1_rev7_128ch20hz1024res_rtx
740,000740,final_to_forward_splice,apollo14_final02_to_forward_extended_dem_splice_01,230,267133347265,scans/000740.npy,poses/000740.npy,transforms/000740.npz,global_dem,595.8917231934911,-5750.410865297485,-21.599309321032237,0.21806765398654274,0.10694120665561084,0.9674026336595676,0.07170928107560355,805.06,-5815.75,-154.6515,included,os1_rev7_128ch20hz1024res_rtx
741,000741,final_to_forward_splice,apollo14_final02_to_forward_extended_dem_splice_01,231,268316680660,scans/000741.npy,poses/000741.npy,transforms/000741.npz,global_dem,594.5462666288844,-5750.121337421458,-21.756568718381136,-0.2582168217391605,0.010744095254985932,0.948032318556903,0.18558922479417134,805.06,-5815.75,-154.6515,included,os1_rev7_128ch20hz1024res_rtx
742,000742,final_to_forward_splice,apollo14_final02_to_forward_extended_dem_splice_01,232,270783347455,scans/000742.npy,poses/000742.npy,transforms/000742.npz,global_dem,593.8675724927125,-5749.622396977318,-22.008738305654123,-0.06734706817262316,-0.048527040164217675,0.8324259091197461,0.54788375099798,805.06,-5815.75,-154.6515,included,os1_rev7_128ch20hz1024res_rtx
743,000743,final_to_forward_splice,apollo14_final02_to_forward_extended_dem_splice_01,233,271966680850,scans/000743.npy,poses/000743.npy,transforms/000743.npz,global_dem,593.5530652417916,-5748.673741884045,-22.027569197930333,0.001373334161700066,-0.12192798312955297,0.7342076213422343,0.6678853566640147,805.06,-5815.75,-154.6515,included,os1_rev7_128ch20hz1024res_rtx
744,000744,final_to_forward_splice,apollo14_final02_to_forward_extended_dem_splice_01,234,272900014232,scans/000744.npy,poses/000744.npy,transforms/000744.npz,global_dem,593.3932653355087,-5747.6681869232325,-22.07171604662826,0.001379681808121769,-0.09858751490275777,0.8043487031388495,0.5859195867542388,805.06,-5815.75,-154.6515,included,os1_rev7_128ch20hz1024res_rtx
745,000745,final_to_forward_splice,apollo14_final02_to_forward_extended_dem_splice_01,235,273933347620,scans/000745.npy,poses/000745.npy,transforms/000745.npz,global_dem,592.9634078102766,-5746.607571680451,-22.229812457383783,-0.06946409599822562,-0.025693393649545617,0.8745444430182882,0.4792563052018733,805.06,-5815.75,-154.6515,included,os1_rev7_128ch20hz1024res_rtx
746,000746,final_to_forward_splice,apollo14_final02_to_forward_extended_dem_splice_01,236,274983347674,scans/000746.npy,poses/000746.npy,transforms/000746.npz,global_dem,592.2363457123827,-5745.764335174386,-22.360494375425972,-0.06199553194838019,-0.009510045451083247,0.9424516051184131,0.32840688948876007,805.06,-5815.75,-154.6515,included,os1_rev7_128ch20hz1024res_rtx
747,000747,final_to_forward_splice,apollo14_final02_to_forward_extended_dem_splice_01,237,275883347721,scans/000747.npy,poses/000747.npy,transforms/000747.npz,global_dem,591.3815099979118,-5745.238532489545,-22.498247292236126,-0.06978598692852353,0.001989120606247228,0.9784035560813803,0.1945570375877858,805.06,-5815.75,-154.6515,included,os1_rev7_128ch20hz1024res_rtx
748,000748,final_to_forward_splice,apollo14_final02_to_forward_extended_dem_splice_01,238,276816681103,scans/000748.npy,poses/000748.npy,transforms/000748.npz,global_dem,590.442795697718,-5744.796025938292,-22.6198833836081,-0.08018762328962153,-0.020566720338423824,0.9507254992977979,0.29877747584219866,805.06,-5815.75,-154.6515,included,os1_rev7_128ch20hz1024res_rtx
749,000749,final_to_forward_splice,apollo14_final02_to_forward_extended_dem_splice_01,239,277750014485,scans/000749.npy,poses/000749.npy,transforms/000749.npz,global_dem,589.6854312680288,-5744.136102131907,-22.741298818329867,-0.04715039868268074,0.004021770204670703,0.9182943467126655,0.3930599929578739,805.06,-5815.75,-154.6515,included,os1_rev7_128ch20hz1024res_rtx
750,000750,final_to_forward_splice,apollo14_final02_to_forward_extended_dem_splice_01,240,278700014535,scans/000750.npy,poses/000750.npy,transforms/000750.npz,global_dem,588.99188763457,-5743.323963837185,-22.843416584311562,-0.022796960536217836,0.009683497196614205,0.8955910426732705,0.4441882627397504,805.06,-5815.75,-154.6515,included,os1_rev7_128ch20hz1024res_rtx
751,000751,final_to_forward_splice,apollo14_final02_to_forward_extended_dem_splice_01,241,279533347912,scans/000751.npy,poses/000751.npy,transforms/000751.npz,global_dem,588.3589017511532,-5742.494762336634,-22.960042390964713,-0.05275523456417432,0.03456963277872749,0.8918562964459376,0.4478997345448631,805.06,-5815.75,-154.6515,included,os1_rev7_128ch20hz1024res_rtx
752,000752,final_to_forward_splice,apollo14_final02_to_forward_extended_dem_splice_01,242,280516681296,scans/000752.npy,poses/000752.npy,transforms/000752.npz,global_dem,587.6564141286489,-5741.662250159941,-22.90324270996245,-0.11313217109801363,0.03780570043061528,0.8758278335513119,0.46765098829620344,805.06,-5815.75,-154.6515,included,os1_rev7_128ch20hz1024res_rtx
753,000753,final_to_forward_splice,apollo14_final02_to_forward_extended_dem_splice_01,243,281483348013,scans/000753.npy,poses/000753.npy,transforms/000753.npz,global_dem,586.905826908006,-5740.839848157619,-23.189695256959066,-0.1589245999898666,-0.042961374843807354,0.8905347631001761,0.4240815104431036,805.06,-5815.75,-154.6515,included,os1_rev7_128ch20hz1024res_rtx
754,000754,final_to_forward_splice,apollo14_final02_to_forward_extended_dem_splice_01,244,282483348065,scans/000754.npy,poses/000754.npy,transforms/000754.npz,global_dem,586.2034965325299,-5740.118116448791,-23.4950855022701,-0.005582239869425075,-0.039252703629746505,0.9585778745538771,0.28205765770772284,805.06,-5815.75,-154.6515,included,os1_rev7_128ch20hz1024res_rtx
755,000755,final_to_forward_splice,apollo14_final02_to_forward_extended_dem_splice_01,245,283333348110,scans/000755.npy,poses/000755.npy,transforms/000755.npz,global_dem,585.2004740559803,-5739.564670777625,-23.79355406186296,-0.15818312724488273,-0.09238580249213821,0.9281979850195363,0.32386951440138007,805.06,-5815.75,-154.6515,included,os1_rev7_128ch20hz1024res_rtx
756,000756,final_to_forward_splice,apollo14_final02_to_forward_extended_dem_splice_01,246,284183348154,scans/000756.npy,poses/000756.npy,transforms/000756.npz,global_dem,584.3953215033786,-5738.984370216633,-24.045238309071713,-0.13869246853591968,-0.065095941403221,0.9504611036189962,0.27046369089325345,805.06,-5815.75,-154.6515,included,os1_rev7_128ch20hz1024res_rtx
757,000757,final_to_forward_splice,apollo14_final02_to_forward_extended_dem_splice_01,247,285216681541,scans/000757.npy,poses/000757.npy,transforms/000757.npz,global_dem,583.4869431000328,-5738.403382990711,-24.366494994507025,-0.17256951670318743,-0.051512035944041225,0.9308448710313404,0.3179529810087893,805.06,-5815.75,-154.6515,included,os1_rev7_128ch20hz1024res_rtx
758,000758,final_to_forward_splice,apollo14_final02_to_forward_extended_dem_splice_01,248,286583348279,scans/000758.npy,poses/000758.npy,transforms/000758.npz,global_dem,582.6567724767942,-5737.879256572565,-24.638238639940692,-0.07257664595160082,-0.0777080400005323,0.7618018874190167,0.6390242368693971,805.06,-5815.75,-154.6515,included,os1_rev7_128ch20hz1024res_rtx
759,000759,final_to_forward_splice,apollo14_final02_to_forward_extended_dem_splice_01,249,287983348352,scans/000759.npy,poses/000759.npy,transforms/000759.npz,global_dem,582.3263016686567,-5737.057128192812,-24.727230541752473,0.20121588930014947,-0.2974670855191728,0.5774372427446127,0.7332064713417213,805.06,-5815.75,-154.6515,included,os1_rev7_128ch20hz1024res_rtx
760,000760,final_to_forward_splice,apollo14_final02_to_forward_extended_dem_splice_01,250,289283348420,scans/000760.npy,poses/000760.npy,transforms/000760.npz,global_dem,582.4210198740384,-5735.924335982332,-24.710685365468525,0.007544185749498245,-0.16940020247658683,0.6201031401575995,0.7659756864476529,805.06,-5815.75,-154.6515,included,os1_rev7_128ch20hz1024res_rtx
761,000761,final_to_forward_splice,apollo14_final02_to_forward_extended_dem_splice_01,251,291000015176,scans/000761.npy,poses/000761.npy,transforms/000761.npz,global_dem,582.4710535015015,-5734.834043782268,-24.695322319436503,-0.06639639703931408,-0.050503247350995255,0.7482051604696607,0.6582020801499882,805.06,-5815.75,-154.6515,included,os1_rev7_128ch20hz1024res_rtx
762,000762,final_to_forward_splice,apollo14_final02_to_forward_extended_dem_splice_01,252,292866681940,scans/000762.npy,poses/000762.npy,transforms/000762.npz,global_dem,581.8249355513651,-5734.130909857054,-24.76532064212851,-0.0222631339101612,-0.09460321017428985,0.9499709066123516,0.296833054229687,805.06,-5815.75,-154.6515,included,os1_rev7_128ch20hz1024res_rtx
763,000763,final_to_forward_splice,apollo14_final02_to_forward_extended_dem_splice_01,253,293816681990,scans/000763.npy,poses/000763.npy,transforms/000763.npz,global_dem,580.8171134186675,-5733.626637415448,-24.98971778719237,0.02508324102182756,0.0031661315689433295,0.9965785718595207,0.07868898741988903,805.06,-5815.75,-154.6515,included,os1_rev7_128ch20hz1024res_rtx
764,000764,final_to_forward_splice,apollo14_final02_to_forward_extended_dem_splice_01,254,294683348702,scans/000764.npy,poses/000764.npy,transforms/000764.npz,global_dem,579.7532249159217,-5733.420400008382,-25.23705778262222,-0.1011335512433992,0.013527035928018257,0.9831108102315151,0.15192813734734853,805.06,-5815.75,-154.6515,included,os1_rev7_128ch20hz1024res_rtx
765,000765,final_to_forward_splice,apollo14_final02_to_forward_extended_dem_splice_01,255,296300015453,scans/000765.npy,poses/000765.npy,transforms/000765.npz,global_dem,578.7301721974711,-5733.314635409795,-25.50846995583604,-0.10864605208531213,-0.04102166901003776,0.9104442936181926,0.39699426476458965,805.06,-5815.75,-154.6515,included,os1_rev7_128ch20hz1024res_rtx
766,000766,final_to_forward_splice,apollo14_final02_to_forward_extended_dem_splice_01,256,298350015560,scans/000766.npy,poses/000766.npy,transforms/000766.npz,global_dem,578.3047733573733,-5732.4034256511595,-25.60879861537577,-0.051459337881105044,-0.12054486576801123,0.6438441225359237,0.7538472111494191,805.06,-5815.75,-154.6515,included,os1_rev7_128ch20hz1024res_rtx
767,000767,final_to_forward_splice,apollo14_final02_to_forward_extended_dem_splice_01,257,299366682279,scans/000767.npy,poses/000767.npy,transforms/000767.npz,global_dem,578.4444703827199,-5731.355253843482,-25.590175080494145,-0.08715182040190438,-0.10819417712912108,0.6133768907974826,0.7774749964285667,805.06,-5815.75,-154.6515,included,os1_rev7_128ch20hz1024res_rtx
768,000768,final_to_forward_splice,apollo14_final02_to_forward_extended_dem_splice_01,258,300616682345,scans/000768.npy,poses/000768.npy,transforms/000768.npz,global_dem,578.4342369226267,-5730.325926397157,-25.61484770686729,-0.09463881024055462,-0.07959711548484535,0.8150303171384932,0.5660683500672614,805.06,-5815.75,-154.6515,included,os1_rev7_128ch20hz1024res_rtx
769,000769,final_to_forward_splice,apollo14_final02_to_forward_extended_dem_splice_01,259,301633349064,scans/000769.npy,poses/000769.npy,transforms/000769.npz,global_dem,577.8803861698098,-5729.47031930164,-25.721407764693602,-0.11638406532942856,-0.06163887586116607,0.9138617845555649,0.38407295797658747,805.06,-5815.75,-154.6515,included,os1_rev7_128ch20hz1024res_rtx
770,000770,final_to_forward_splice,apollo14_final02_to_forward_extended_dem_splice_01,260,302533349111,scans/000770.npy,poses/000770.npy,transforms/000770.npz,global_dem,576.99538335624,-5728.82997242691,-25.98009703633439,-0.18206645467023083,-0.10910661077246098,0.9164394271538161,0.3392437618108031,805.06,-5815.75,-154.6515,included,os1_rev7_128ch20hz1024res_rtx
771,000771,final_to_forward_splice,apollo14_final02_to_forward_extended_dem_splice_01,261,303300015818,scans/000771.npy,poses/000771.npy,transforms/000771.npz,global_dem,576.2446415801787,-5728.147987485056,-26.28970362868109,-0.18680581961686366,0.0072509576530150315,0.931596162677764,0.3117364256137725,805.06,-5815.75,-154.6515,included,os1_rev7_128ch20hz1024res_rtx
772,000772,final_to_forward_splice,apollo14_final02_to_forward_extended_dem_splice_01,262,304133349195,scans/000772.npy,poses/000772.npy,transforms/000772.npz,global_dem,575.3247230337537,-5727.473351751124,-26.59758523338976,-0.24965826744500255,0.02877783165137137,0.9146655322657213,0.31659050836509584,805.06,-5815.75,-154.6515,included,os1_rev7_128ch20hz1024res_rtx
773,000773,final_to_forward_splice,apollo14_final02_to_forward_extended_dem_splice_01,263,304933349236,scans/000773.npy,poses/000773.npy,transforms/000773.npz,global_dem,574.5685947613025,-5726.88831748232,-26.93645739379507,-0.1646943238949416,-0.029041366883556227,0.9189384007712975,0.35718985746268467,805.06,-5815.75,-154.6515,included,os1_rev7_128ch20hz1024res_rtx
774,000774,final_to_forward_splice,apollo14_final02_to_forward_extended_dem_splice_01,264,306766682665,scans/000774.npy,poses/000774.npy,transforms/000774.npz,global_dem,573.6776299757773,-5726.326810063673,-27.205884740318698,-0.005784794164168789,-0.19946988911371713,0.5505217461410108,0.8106195818750569,805.06,-5815.75,-154.6515,included,os1_rev7_128ch20hz1024res_rtx
775,000775,final_to_forward_splice,apollo14_final02_to_forward_extended_dem_splice_01,265,308866682775,scans/000775.npy,poses/000775.npy,transforms/000775.npz,global_dem,573.9351714078472,-5725.204814151952,-27.22524163819172,-0.08483931956004355,-0.11556831722090255,0.47297999929824797,0.8693308772700686,805.06,-5815.75,-154.6515,included,os1_rev7_128ch20hz1024res_rtx
776,000776,final_to_forward_splice,apollo14_final02_to_forward_extended_dem_splice_01,266,310583349531,scans/000776.npy,poses/000776.npy,transforms/000776.npz,global_dem,573.9029982273653,-5724.178466051238,-27.225345349608094,-0.1938676188198963,-0.1476511892458944,0.7302715665275854,0.6382146283255523,805.06,-5815.75,-154.6515,included,os1_rev7_128ch20hz1024res_rtx
777,000777,final_to_forward_splice,apollo14_final02_to_forward_extended_dem_splice_01,267,312016682939,scans/000777.npy,poses/000777.npy,transforms/000777.npz,global_dem,573.590964625758,-5723.27930924958,-27.41526908856282,-0.10445761845546865,-0.05156725729620332,0.8886745009305713,0.4434941434983769,805.06,-5815.75,-154.6515,included,os1_rev7_128ch20hz1024res_rtx
778,000778,final_to_forward_splice,apollo14_final02_to_forward_extended_dem_splice_01,268,312933349654,scans/000778.npy,poses/000778.npy,transforms/000778.npz,global_dem,572.9065180992707,-5722.529523977889,-27.606114307640084,-0.12967760927007707,0.004179790373880985,0.9392673910022541,0.3177153052754093,805.06,-5815.75,-154.6515,included,os1_rev7_128ch20hz1024res_rtx
779,000779,final_to_forward_splice,apollo14_final02_to_forward_extended_dem_splice_01,269,313816683033,scans/000779.npy,poses/000779.npy,transforms/000779.npz,global_dem,572.0277269836986,-5721.9392260406485,-27.950537189534177,-0.12730046298737968,0.01583291875062183,0.9617628540917109,0.24198372527176606,805.06,-5815.75,-154.6515,included,os1_rev7_128ch20hz1024res_rtx
780,000780,final_to_forward_splice,apollo14_final02_to_forward_extended_dem_splice_01,270,314666683077,scans/000780.npy,poses/000780.npy,transforms/000780.npz,global_dem,571.1806397551707,-5721.436955448447,-28.21214291145454,-0.11794494545722319,0.003214333865795133,0.9524200075972512,0.28102453100635894,805.06,-5815.75,-154.6515,included,os1_rev7_128ch20hz1024res_rtx
781,000781,final_to_forward_splice,apollo14_final02_to_forward_extended_dem_splice_01,271,315750016467,scans/000781.npy,poses/000781.npy,transforms/000781.npz,global_dem,570.3069694956274,-5720.870977758142,-28.531863568215524,-0.15924193112223894,-0.017703266232511145,0.9338819279126904,0.3196766279464884,805.06,-5815.75,-154.6515,included,os1_rev7_128ch20hz1024res_rtx
782,000782,final_to_forward_splice,apollo14_final02_to_forward_extended_dem_splice_01,272,317716683236,scans/000782.npy,poses/000782.npy,transforms/000782.npz,global_dem,569.4520971994828,-5720.403033275149,-28.831205912379158,-0.11765224268210704,-0.0680943900936821,0.7902377822901415,0.5975327198328132,805.06,-5815.75,-154.6515,included,os1_rev7_128ch20hz1024res_rtx
783,000783,final_to_forward_splice,apollo14_final02_to_forward_extended_dem_splice_01,273,319216683315,scans/000783.npy,poses/000783.npy,transforms/000783.npz,global_dem,569.2704118314829,-5719.418620105917,-28.933012884714636,-0.06783594817318882,-0.11758125274371656,0.5636230412006136,0.8148018167422273,805.06,-5815.75,-154.6515,included,os1_rev7_128ch20hz1024res_rtx
784,000784,final_to_forward_splice,apollo14_final02_to_forward_extended_dem_splice_01,274,320250016702,scans/000784.npy,poses/000784.npy,transforms/000784.npz,global_dem,569.312568909011,-5718.221869920384,-28.962536615600037,-0.2632903979655982,-0.14669132468805718,0.6134689318692478,0.7299422519840759,805.06,-5815.75,-154.6515,included,os1_rev7_128ch20hz1024res_rtx
785,000785,final_to_forward_splice,apollo14_final02_to_forward_extended_dem_splice_01,275,321416683429,scans/000785.npy,poses/000785.npy,transforms/000785.npz,global_dem,569.4878996510175,-5717.25499366946,-29.10183809387502,-0.10890317762627541,-0.07767731239984826,0.7163001800600975,0.6848506297632414,805.06,-5815.75,-154.6515,included,os1_rev7_128ch20hz1024res_rtx
786,000786,final_to_forward_splice,apollo14_final02_to_forward_extended_dem_splice_01,276,323616683544,scans/000786.npy,poses/000786.npy,transforms/000786.npz,global_dem,569.2674634455026,-5716.340774624288,-29.143674512598093,-0.04320345195466821,-0.09200801214666561,0.8643913673261381,0.49243837333423696,805.06,-5815.75,-154.6515,included,os1_rev7_128ch20hz1024res_rtx
787,000787,final_to_forward_splice,apollo14_final02_to_forward_extended_dem_splice_01,277,325000016950,scans/000787.npy,poses/000787.npy,transforms/000787.npz,global_dem,568.4905532882736,-5715.749121767689,-29.174539178401265,0.06404288951076967,-0.10707246664466534,0.9669497993291444,0.22235575271862404,805.06,-5815.75,-154.6515,included,os1_rev7_128ch20hz1024res_rtx
788,000788,final_to_forward_splice,apollo14_final02_to_forward_extended_dem_splice_01,278,325816683659,scans/000788.npy,poses/000788.npy,transforms/000788.npz,global_dem,567.5723262340179,-5715.076475907069,-29.425674553192795,0.04080984805015516,0.06127310148848179,0.9657585638740059,0.24877813336409443,805.06,-5815.75,-154.6515,included,os1_rev7_128ch20hz1024res_rtx
789,000789,final_to_forward_splice,apollo14_final02_to_forward_extended_dem_splice_01,279,326533350363,scans/000789.npy,poses/000789.npy,transforms/000789.npz,global_dem,566.6315819994494,-5714.5931072129615,-29.819168495541746,-0.1484702552335895,0.014645054730092583,0.906355388618557,0.3952999053945372,805.06,-5815.75,-154.6515,included,os1_rev7_128ch20hz1024res_rtx
790,000790,final_to_forward_splice,apollo14_final02_to_forward_extended_dem_splice_01,280,327666683755,scans/000790.npy,poses/000790.npy,transforms/000790.npz,global_dem,566.0234634775352,-5713.806045697795,-29.962249829977438,-0.03489896626034924,0.0016586797785063613,0.8519232515646932,0.5224998415107817,805.06,-5815.75,-154.6515,included,os1_rev7_128ch20hz1024res_rtx
791,000791,final_to_forward_splice,apollo14_final02_to_forward_extended_dem_splice_01,281,328766683813,scans/000791.npy,poses/000791.npy,transforms/000791.npz,global_dem,565.5463346703931,-5712.923418090467,-30.05061403947507,-0.024384175179436276,-0.06840437613911556,0.767468777215304,0.6369599118668955,805.06,-5815.75,-154.6515,included,os1_rev7_128ch20hz1024res_rtx
792,000792,final_to_forward_splice,apollo14_final02_to_forward_extended_dem_splice_01,282,329650017192,scans/000792.npy,poses/000792.npy,transforms/000792.npz,global_dem,565.2558108855844,-5712.017946166529,-30.115176680204147,0.00585517458549437,-0.16007106660311793,0.7767928459800102,0.6090450270722109,805.06,-5815.75,-154.6515,included,os1_rev7_128ch20hz1024res_rtx
793,000793,final_to_forward_splice,apollo14_final02_to_forward_extended_dem_splice_01,283,330450017234,scans/000793.npy,poses/000793.npy,transforms/000793.npz,global_dem,564.9081572158591,-5710.985543192284,-30.20821088476356,-0.09686683200075917,-0.16914665240780116,0.7617851920303578,0.6178102848291233,805.06,-5815.75,-154.6515,included,os1_rev7_128ch20hz1024res_rtx
794,000794,final_to_forward_splice,apollo14_final02_to_forward_extended_dem_splice_01,284,331233350608,scans/000794.npy,poses/000794.npy,transforms/000794.npz,global_dem,564.5623625452026,-5709.893881034226,-30.38067546058622,-0.16421289471246897,-0.12942738591268224,0.8155400115010443,0.5396083455867209,805.06,-5815.75,-154.6515,included,os1_rev7_128ch20hz1024res_rtx
795,000795,final_to_forward_splice,apollo14_final02_to_forward_extended_dem_splice_01,285,331883350642,scans/000795.npy,poses/000795.npy,transforms/000795.npz,global_dem,564.1885626598867,-5708.989847385356,-30.717756973316565,-0.1475963736123377,-0.09677009557587236,0.874716754765163,0.4513551351561492,805.06,-5815.75,-154.6515,included,os1_rev7_128ch20hz1024res_rtx
796,000796,final_to_forward_splice,apollo14_final02_to_forward_extended_dem_splice_01,286,332550017343,scans/000796.npy,poses/000796.npy,transforms/000796.npz,global_dem,563.5193837755379,-5708.143018075838,-31.176607621966102,-0.2342077113639796,-0.11557243874771596,0.8833401146190857,0.38923001071897473,805.06,-5815.75,-154.6515,included,os1_rev7_128ch20hz1024res_rtx
797,000797,final_to_forward_splice,apollo14_final02_to_forward_extended_dem_splice_01,287,333216684045,scans/000797.npy,poses/000797.npy,transforms/000797.npz,global_dem,562.8316788873522,-5707.250062130977,-31.666823376182094,-0.27078211887792347,0.0065137920265802216,0.9007563134438628,0.33951830348368306,805.06,-5815.75,-154.6515,included,os1_rev7_128ch20hz1024res_rtx
798,000798,final_to_forward_splice,apollo14_final02_to_forward_extended_dem_splice_01,288,333883350746,scans/000798.npy,poses/000798.npy,transforms/000798.npz,global_dem,562.2431716381399,-5706.5434946622,-31.995663873120588,-0.14239594967593816,0.08376177952955836,0.929598822479583,0.3294744103120942,805.06,-5815.75,-154.6515,included,os1_rev7_128ch20hz1024res_rtx
799,000799,final_to_forward_splice,apollo14_final02_to_forward_extended_dem_splice_01,289,335166684146,scans/000799.npy,poses/000799.npy,transforms/000799.npz,global_dem,561.509999062974,-5705.927614755269,-32.2429067033993,-0.10110045157612124,0.056091119061865105,0.929789094707305,0.3494634808057378,805.06,-5815.75,-154.6515,included,os1_rev7_128ch20hz1024res_rtx
800,000800,final_to_forward_splice,apollo14_final02_to_forward_extended_dem_splice_01,290,338066684298,scans/000800.npy,poses/000800.npy,transforms/000800.npz,global_dem,560.6270110926581,-5705.370141159415,-32.51078126637172,-0.1227095910968945,-0.025960402420692894,0.7662809542705984,0.6301443587632358,805.06,-5815.75,-154.6515,included,os1_rev7_128ch20hz1024res_rtx
801,000801,final_to_forward_splice,apollo14_final02_to_forward_extended_dem_splice_01,291,339483351038,scans/000801.npy,poses/000801.npy,transforms/000801.npz,global_dem,560.6071480904291,-5704.365304482667,-32.57296598780068,-0.029253727718672302,-0.027323102416888123,0.6453327088225128,0.7628521235551986,805.06,-5815.75,-154.6515,included,os1_rev7_128ch20hz1024res_rtx
802,000802,final_to_forward_splice,apollo14_final02_to_forward_extended_dem_splice_01,292,340500017758,scans/000802.npy,poses/000802.npy,transforms/000802.npz,global_dem,560.6941245881587,-5703.108595243725,-32.64420468004527,-0.21570077387445552,-0.053750960445524555,0.46253750324274384,0.8582791320398706,805.06,-5815.75,-154.6515,included,os1_rev7_128ch20hz1024res_rtx
803,000803,final_to_forward_splice,apollo14_final02_to_forward_extended_dem_splice_01,293,341650017818,scans/000803.npy,poses/000803.npy,transforms/000803.npz,global_dem,560.8455211461123,-5702.035024875473,-33.02911001952053,-0.2577855019905182,0.10900511432347,0.435103966386703,0.8557739528925746,805.06,-5815.75,-154.6515,included,os1_rev7_128ch20hz1024res_rtx
804,000804,final_to_forward_splice,apollo14_final02_to_forward_extended_dem_splice_01,294,343400017909,scans/000804.npy,poses/000804.npy,transforms/000804.npz,global_dem,560.7651508139663,-5701.240456272746,-33.43443277310505,-0.165081344031932,0.06007503617697003,0.6968622379978284,0.695357577893277,805.06,-5815.75,-154.6515,included,os1_rev7_128ch20hz1024res_rtx
805,000805,final_to_forward_splice,apollo14_final02_to_forward_extended_dem_splice_01,295,345183351336,scans/000805.npy,poses/000805.npy,transforms/000805.npz,global_dem,560.4783455484976,-5700.358046151573,-33.6849050125899,-0.13568728854244463,0.0032170438507429454,0.8314905862611646,0.5387040145719417,805.06,-5815.75,-154.6515,included,os1_rev7_128ch20hz1024res_rtx
806,000806,final_to_forward_splice,apollo14_final02_to_forward_extended_dem_splice_01,296,346283351393,scans/000806.npy,poses/000806.npy,transforms/000806.npz,global_dem,560.0762221476095,-5699.444222888147,-33.92053950451387,0.024177305081846838,0.084139018214683,0.9336003119081138,0.3474572508063712,805.06,-5815.75,-154.6515,included,os1_rev7_128ch20hz1024res_rtx
807,000807,final_to_forward_splice,apollo14_final02_to_forward_extended_dem_splice_01,297,347216684775,scans/000807.npy,poses/000807.npy,transforms/000807.npz,global_dem,559.3206633958138,-5698.736130821591,-33.95905978191501,0.024501251085217463,0.07138011690381289,0.9280296266045764,0.3647815507262226,805.06,-5815.75,-154.6515,included,os1_rev7_128ch20hz1024res_rtx
808,000808,final_to_forward_splice,apollo14_final02_to_forward_extended_dem_splice_01,298,348200018160,scans/000808.npy,poses/000808.npy,transforms/000808.npz,global_dem,558.5951481899558,-5698.0629777595905,-33.98249291582065,0.08042976530837907,-0.02072062244335557,0.8952587908051748,0.4377366858558411,805.06,-5815.75,-154.6515,included,os1_rev7_128ch20hz1024res_rtx
809,000809,final_to_forward_splice,apollo14_final02_to_forward_extended_dem_splice_01,299,349116684874,scans/000809.npy,poses/000809.npy,transforms/000809.npz,global_dem,558.0358161625833,-5697.241312438114,-33.88456590255864,0.10736100888969231,-0.05251953211777463,0.8720781114275912,0.4745472369376976,805.06,-5815.75,-154.6515,included,os1_rev7_128ch20hz1024res_rtx
810,000810,final_to_forward_splice,apollo14_final02_to_forward_extended_dem_splice_01,300,349966684918,scans/000810.npy,poses/000810.npy,transforms/000810.npz,global_dem,557.5613650720347,-5696.291168285418,-33.92812877939181,0.12685409503072884,0.05184960616606646,0.8623862697766842,0.4873495445930105,805.06,-5815.75,-154.6515,included,os1_rev7_128ch20hz1024res_rtx
811,000811,final_to_forward_splice,apollo14_final02_to_forward_extended_dem_splice_01,301,350816684963,scans/000811.npy,poses/000811.npy,transforms/000811.npz,global_dem,556.9646037937073,-5695.319155498492,-34.07171768744762,-0.095013502265538,-0.016714815610190264,0.77072879737498,0.6298175690017476,805.06,-5815.75,-154.6515,included,os1_rev7_128ch20hz1024res_rtx
812,000812,final_to_forward_splice,apollo14_final02_to_forward_extended_dem_splice_01,302,351816685015,scans/000812.npy,poses/000812.npy,transforms/000812.npz,global_dem,556.4819590192021,-5694.32189295041,-34.24062018427297,-0.13402243351380472,-0.14181114713204088,0.7045063830855449,0.6823476694881108,805.06,-5815.75,-154.6515,included,os1_rev7_128ch20hz1024res_rtx
813,000813,final_to_forward_splice,apollo14_final02_to_forward_extended_dem_splice_01,303,352716685062,scans/000813.npy,poses/000813.npy,transforms/000813.npz,global_dem,556.2123910853177,-5693.323218482395,-34.30982740695748,-0.06631352552508092,-0.13646013456653514,0.779601188651712,0.6076208806972941,805.06,-5815.75,-154.6515,included,os1_rev7_128ch20hz1024res_rtx
814,000814,final_to_forward_splice,apollo14_final02_to_forward_extended_dem_splice_01,304,353516685103,scans/000814.npy,poses/000814.npy,transforms/000814.npz,global_dem,555.9693827351023,-5692.261170075744,-34.575828420636945,-0.02667847757567457,-0.05168120025602166,0.8253711860216544,0.5615867855100839,805.06,-5815.75,-154.6515,included,os1_rev7_128ch20hz1024res_rtx
815,000815,final_to_forward_splice,apollo14_final02_to_forward_extended_dem_splice_01,305,354166685137,scans/000815.npy,poses/000815.npy,transforms/000815.npz,global_dem,555.719478544046,-5691.099159931175,-34.81336958191179,-0.10401477614088513,0.16881952093938907,0.8158654354122049,0.5431799766134704,805.06,-5815.75,-154.6515,included,os1_rev7_128ch20hz1024res_rtx
816,000816,final_to_forward_splice,apollo14_final02_to_forward_extended_dem_splice_01,306,354750018501,scans/000816.npy,poses/000816.npy,transforms/000816.npz,global_dem,555.5574357510673,-5689.979476904905,-35.417265388261605,-0.1377028541794007,0.44996887599149926,0.682928750799936,0.5587255640478898,805.06,-5815.75,-154.6515,included,os1_rev7_128ch20hz1024res_rtx
817,000817,final_to_forward_splice,apollo14_final02_to_forward_extended_dem_splice_01,307,355266685195,scans/000817.npy,poses/000817.npy,transforms/000817.npz,global_dem,555.2183088044563,-5689.110757763177,-35.89313965443973,-0.2256541744008519,0.3759947028157351,0.6518826341913946,0.6186737494590064,805.06,-5815.75,-154.6515,included,os1_rev7_128ch20hz1024res_rtx
818,000818,final_to_forward_splice,apollo14_final02_to_forward_extended_dem_splice_01,308,355866685226,scans/000818.npy,poses/000818.npy,transforms/000818.npz,global_dem,554.8425812055943,-5688.230018191333,-36.30112841047966,-0.25608101488568125,0.2254132232926364,0.6312930842924881,0.6964771599301884,805.06,-5815.75,-154.6515,included,os1_rev7_128ch20hz1024res_rtx
819,000819,final_to_forward_splice,apollo14_final02_to_forward_extended_dem_splice_01,309,356866685278,scans/000819.npy,poses/000819.npy,transforms/000819.npz,global_dem,554.1958762452697,-5687.491205973326,-36.63226475390592,-0.1496325873584778,0.06144062413649477,0.19035178932456684,0.9682981642072143,805.06,-5815.75,-154.6515,included,os1_rev7_128ch20hz1024res_rtx
820,000820,final_to_forward_splice,apollo14_final02_to_forward_extended_dem_splice_01,310,358816685380,scans/000820.npy,poses/000820.npy,transforms/000820.npz,global_dem,553.3473129943893,-5686.771851361781,-37.03379577756444,-0.13502330564567233,-0.11487220521597635,-0.16108958914425994,0.9708878553523407,805.06,-5815.75,-154.6515,included,os1_rev7_128ch20hz1024res_rtx
821,000821,final_to_forward_splice,apollo14_final02_to_forward_extended_dem_splice_01,311,401966687630,scans/000821.npy,poses/000821.npy,transforms/000821.npz,global_dem,553.3350544267788,-5686.125221904751,-37.20227144193024,0.09646529694339812,-0.2603111700972302,0.6481971770470557,0.7090648495564146,805.06,-5815.75,-154.6515,included,os1_rev7_128ch20hz1024res_rtx
822,000822,final_to_forward_splice,apollo14_final02_to_forward_extended_dem_splice_01,312,403016687685,scans/000822.npy,poses/000822.npy,transforms/000822.npz,global_dem,553.2563452077609,-5685.078693484597,-37.38728482281368,0.13969791261654133,-0.2305506156974128,0.8102259991816362,0.5204466707187627,805.06,-5815.75,-154.6515,included,os1_rev7_128ch20hz1024res_rtx
823,000823,final_to_forward_splice,apollo14_final02_to_forward_extended_dem_splice_01,313,403950021067,scans/000823.npy,poses/000823.npy,transforms/000823.npz,global_dem,552.8552869802147,-5683.994866590794,-37.40076597836441,0.0757852082234427,-0.18764979154455144,0.7723565840312424,0.602087589185665,805.06,-5815.75,-154.6515,included,os1_rev7_128ch20hz1024res_rtx
824,000824,final_to_forward_splice,apollo14_final02_to_forward_extended_dem_splice_01,314,404766687776,scans/000824.npy,poses/000824.npy,transforms/000824.npz,global_dem,552.4700775948822,-5682.856736117287,-37.353531517026006,-0.1273665672082875,-0.1511883420942161,0.7746807179126562,0.6006576629551234,805.06,-5815.75,-154.6515,included,os1_rev7_128ch20hz1024res_rtx
825,000825,final_to_forward_splice,apollo14_final02_to_forward_extended_dem_splice_01,315,405533354483,scans/000825.npy,poses/000825.npy,transforms/000825.npz,global_dem,552.0623178933561,-5681.7726146206005,-37.59472796618223,-0.18957425605935443,-0.08448621961683406,0.8631221953330026,0.46037349625921836,805.06,-5815.75,-154.6515,included,os1_rev7_128ch20hz1024res_rtx
826,000826,final_to_forward_splice,apollo14_final02_to_forward_extended_dem_splice_01,316,406283354522,scans/000826.npy,poses/000826.npy,transforms/000826.npz,global_dem,551.3983042237901,-5680.792916617976,-38.069699094986554,-0.3069312533697846,-0.028736575358657212,0.8586806072763621,0.4094325703079904,805.06,-5815.75,-154.6515,included,os1_rev7_128ch20hz1024res_rtx
827,000827,final_to_forward_splice,apollo14_final02_to_forward_extended_dem_splice_01,317,406966687891,scans/000827.npy,poses/000827.npy,transforms/000827.npz,global_dem,550.8252531524295,-5680.029601608097,-38.60737102484525,-0.2391017972078714,-0.02115041853482526,0.8986845196607998,0.3670819043344486,805.06,-5815.75,-154.6515,included,os1_rev7_128ch20hz1024res_rtx
828,000828,final_to_forward_splice,apollo14_final02_to_forward_extended_dem_splice_01,318,407816687935,scans/000828.npy,poses/000828.npy,transforms/000828.npz,global_dem,549.9085887558897,-5679.564953577666,-39.15562764822147,-0.33163917879916716,-0.06680762629837461,0.7386310924917528,0.5830748711428324,805.06,-5815.75,-154.6515,included,os1_rev7_128ch20hz1024res_rtx
829,000829,final_to_forward_splice,apollo14_final02_to_forward_extended_dem_splice_01,319,408616687977,scans/000829.npy,poses/000829.npy,transforms/000829.npz,global_dem,549.1362803500652,-5679.014974928676,-39.7539855205086,-0.33750132185038756,-0.24456452176881474,0.5609508565032405,0.7152728074165221,805.06,-5815.75,-154.6515,included,os1_rev7_128ch20hz1024res_rtx
830,000830,final_to_forward_splice,apollo14_final02_to_forward_extended_dem_splice_01,320,409666688032,scans/000830.npy,poses/000830.npy,transforms/000830.npz,global_dem,548.50430312392,-5678.133958721842,-40.70102437541077,0.77379069628899,0.5293982230242844,-0.23207155140114819,-0.25909124806830997,805.06,-5815.75,-154.6515,included,os1_rev7_128ch20hz1024res_rtx
831,000831,northeast_gap,apollo14_northeast_gap_safe_01,0,4350000226,scans/000831.npy,poses/000831.npy,transforms/000831.npz,global_dem,799.777716616248,-5399.813903724936,-0.1318658527920355,0.007468886964792367,-0.1349288597626421,-0.47911675281796556,0.8672863170255997,800.0,-5400.0,-58.722297,included,os1_rev7_128ch20hz1024res_rtx
832,000832,northeast_gap,apollo14_northeast_gap_safe_01,1,9850000513,scans/000832.npy,poses/000832.npy,transforms/000832.npz,global_dem,800.3139347063145,-5400.50104672049,0.06358929255501011,-0.15215704425515514,-0.29220333657786773,-0.45776931509920277,0.8257800543303907,800.0,-5400.0,-58.722297,included,os1_rev7_128ch20hz1024res_rtx
833,000833,northeast_gap,apollo14_northeast_gap_safe_01,2,11216667251,scans/000833.npy,poses/000833.npy,transforms/000833.npz,global_dem,800.8606613943775,-5401.455539204681,0.2772014269257982,-0.0890994535633433,-0.1729348889879495,-0.5014773353500152,0.8430155951556814,800.0,-5400.0,-58.722297,included,os1_rev7_128ch20hz1024res_rtx
834,000834,northeast_gap,apollo14_northeast_gap_safe_01,3,12966667342,scans/000834.npy,poses/000834.npy,transforms/000834.npz,global_dem,801.3759869915222,-5402.414330972649,0.4659402243040923,-0.032411057574275065,-0.08956311506552422,-0.5152168698642907,0.8517508724820417,800.0,-5400.0,-58.722297,included,os1_rev7_128ch20hz1024res_rtx
835,000835,northeast_gap,apollo14_northeast_gap_safe_01,4,14516667423,scans/000835.npy,poses/000835.npy,transforms/000835.npz,global_dem,801.8072650658141,-5403.259367406338,0.651044244723163,-0.0554340919896883,-0.13624658615942198,-0.5137747616633501,0.8452215233197448,800.0,-5400.0,-58.722297,included,os1_rev7_128ch20hz1024res_rtx
836,000836,northeast_gap,apollo14_northeast_gap_safe_01,5,16250000847,scans/000836.npy,poses/000836.npy,transforms/000836.npz,global_dem,802.2878674203635,-5404.17396245899,0.8264114820662614,-0.02985399405486141,-0.08681282041116327,-0.4982632827944875,0.8621519438417408,800.0,-5400.0,-58.722297,included,os1_rev7_128ch20hz1024res_rtx
837,000837,northeast_gap,apollo14_northeast_gap_safe_01,6,17800000928,scans/000837.npy,poses/000837.npy,transforms/000837.npz,global_dem,802.8020984154178,-5404.9747396179755,1.0123166131511034,-0.0652431117069724,-0.13740891445389894,-0.458675213679482,0.8754879639146813,800.0,-5400.0,-58.722297,included,os1_rev7_128ch20hz1024res_rtx
838,000838,northeast_gap,apollo14_northeast_gap_safe_01,7,19533334352,scans/000838.npy,poses/000838.npy,transforms/000838.npz,global_dem,803.4158791746969,-5405.818012282684,1.1928051528422259,-0.041410303532232864,-0.0809296550447879,-0.45748186146737885,0.8845597346273693,800.0,-5400.0,-58.722297,included,os1_rev7_128ch20hz1024res_rtx
839,000839,northeast_gap,apollo14_northeast_gap_safe_01,8,21083334432,scans/000839.npy,poses/000839.npy,transforms/000839.npz,global_dem,803.9956893861232,-5406.62273980483,1.3746332783354536,-0.04872062649238809,-0.08475991526921312,-0.46136038961528913,0.8818098707838179,800.0,-5400.0,-58.722297,included,os1_rev7_128ch20hz1024res_rtx
840,000840,northeast_gap,apollo14_northeast_gap_safe_01,9,22916667861,scans/000840.npy,poses/000840.npy,transforms/000840.npz,global_dem,804.5719453820461,-5407.455785532548,1.5615198914874677,-0.046898106849786514,-0.08067187218789705,-0.4677167232196275,0.8789389531886159,800.0,-5400.0,-58.722297,included,os1_rev7_128ch20hz1024res_rtx
841,000841,northeast_gap,apollo14_northeast_gap_safe_01,10,24483334610,scans/000841.npy,poses/000841.npy,transforms/000841.npz,global_dem,805.2271200673523,-5408.256719056804,1.7885663305528625,-0.07857761222474613,-0.03619409898972214,-0.49449050282150797,0.8648668618201948,800.0,-5400.0,-58.722297,included,os1_rev7_128ch20hz1024res_rtx
842,000842,northeast_gap,apollo14_northeast_gap_safe_01,11,26333334706,scans/000842.npy,poses/000842.npy,transforms/000842.npz,global_dem,805.7261735607693,-5409.101385654784,1.924924950050714,-0.05359908296833037,-0.07928408095191616,-0.54223333722287,0.8347599540087638,800.0,-5400.0,-58.722297,included,os1_rev7_128ch20hz1024res_rtx
843,000843,northeast_gap,apollo14_northeast_gap_safe_01,12,27850001452,scans/000843.npy,poses/000843.npy,transforms/000843.npz,global_dem,806.0890324371018,-5409.931420517945,2.126208642320604,-0.12393743958079871,-0.2043163273433254,-0.5299979794686341,0.8136316680232255,800.0,-5400.0,-58.722297,included,os1_rev7_128ch20hz1024res_rtx
844,000844,northeast_gap,apollo14_northeast_gap_safe_01,13,29533334873,scans/000844.npy,poses/000844.npy,transforms/000844.npz,global_dem,806.616891884441,-5410.911131008408,2.311159794761917,-0.05965421421395868,-0.08251221398996568,-0.4793211223233385,0.8717134683849301,800.0,-5400.0,-58.722297,included,os1_rev7_128ch20hz1024res_rtx
845,000845,northeast_gap,apollo14_northeast_gap_safe_01,14,31033334951,scans/000845.npy,poses/000845.npy,transforms/000845.npz,global_dem,807.1436152767802,-5411.693157910501,2.497079576635535,-0.12029038128667895,-0.17784417784665518,-0.46494528741553953,0.8589106777110377,800.0,-5400.0,-58.722297,included,os1_rev7_128ch20hz1024res_rtx
846,000846,northeast_gap,apollo14_northeast_gap_safe_01,15,32783335043,scans/000846.npy,poses/000846.npy,transforms/000846.npz,global_dem,807.7362498464425,-5412.580608397244,2.694465827000986,-0.0681081166454116,-0.08497623130460626,-0.4885190002220435,0.8657306226432886,800.0,-5400.0,-58.722297,included,os1_rev7_128ch20hz1024res_rtx
847,000847,northeast_gap,apollo14_northeast_gap_safe_01,16,34333335123,scans/000847.npy,poses/000847.npy,transforms/000847.npz,global_dem,808.2969252291333,-5413.446495493749,2.922322968842186,-0.08657729088348037,-0.08890998471076365,-0.4839638254282562,0.8662438473079376,800.0,-5400.0,-58.722297,included,os1_rev7_128ch20hz1024res_rtx
848,000848,northeast_gap,apollo14_northeast_gap_safe_01,17,36266668558,scans/000848.npy,poses/000848.npy,transforms/000848.npz,global_dem,808.8799540640662,-5414.25645850346,3.148413659243118,-0.0889476137824971,-0.11004186154123886,-0.47126579560087306,0.870567435990811,800.0,-5400.0,-58.722297,included,os1_rev7_128ch20hz1024res_rtx
849,000849,northeast_gap,apollo14_northeast_gap_safe_01,18,37766668636,scans/000849.npy,poses/000849.npy,transforms/000849.npz,global_dem,809.453976688376,-5415.052316827998,3.394251043825318,-0.11387610138453001,-0.143230388573899,-0.4645975453059734,0.8664100704736148,800.0,-5400.0,-58.722297,included,os1_rev7_128ch20hz1024res_rtx
850,000850,northeast_gap,apollo14_northeast_gap_safe_01,19,39800002075,scans/000850.npy,poses/000850.npy,transforms/000850.npz,global_dem,810.0402672822612,-5415.929323504698,3.6405177180616004,-0.07281726180786455,-0.09192523576475592,-0.4894752823123906,0.8640956807076428,800.0,-5400.0,-58.722297,included,os1_rev7_128ch20hz1024res_rtx
851,000851,northeast_gap,apollo14_northeast_gap_safe_01,20,41266668818,scans/000851.npy,poses/000851.npy,transforms/000851.npz,global_dem,810.5497075466649,-5416.756225574632,3.851068298357381,-0.1084995284965035,-0.11481549405935546,-0.5106175740798172,0.845171549261323,800.0,-5400.0,-58.722297,included,os1_rev7_128ch20hz1024res_rtx
852,000852,northeast_gap,apollo14_northeast_gap_safe_01,21,43216668920,scans/000852.npy,poses/000852.npy,transforms/000852.npz,global_dem,811.0437071922616,-5417.704193503292,4.035031817495047,-0.07195798698344538,-0.06196678308950395,-0.5237661082246104,0.8465525558275012,800.0,-5400.0,-58.722297,included,os1_rev7_128ch20hz1024res_rtx
853,000853,northeast_gap,apollo14_northeast_gap_safe_01,22,44616668993,scans/000853.npy,poses/000853.npy,transforms/000853.npz,global_dem,811.4749839931383,-5418.490896135013,4.240961782298541,-0.1422978110715473,-0.14792733708755734,-0.534189498794565,0.8200673236290066,800.0,-5400.0,-58.722297,included,os1_rev7_128ch20hz1024res_rtx
854,000854,northeast_gap,apollo14_northeast_gap_safe_01,23,46616669097,scans/000854.npy,poses/000854.npy,transforms/000854.npz,global_dem,811.8749206787098,-5419.431609730411,4.49126281154677,-0.0914334902482882,-0.1252081560326957,-0.5664237708984977,0.8093991266890734,800.0,-5400.0,-58.722297,included,os1_rev7_128ch20hz1024res_rtx
855,000855,northeast_gap,apollo14_northeast_gap_safe_01,24,48316669186,scans/000855.npy,poses/000855.npy,transforms/000855.npz,global_dem,812.2770627675268,-5420.364487487186,4.805040809470213,-0.08890108923519814,-0.12295296749394395,-0.6006929738466369,0.7849503903359194,800.0,-5400.0,-58.722297,included,os1_rev7_128ch20hz1024res_rtx
856,000856,northeast_gap,apollo14_northeast_gap_safe_01,25,50550002636,scans/000856.npy,poses/000856.npy,transforms/000856.npz,global_dem,812.558924388126,-5421.283810400107,5.1142645971652225,-0.10986789081154709,-0.12818216654834858,-0.5247532464406924,0.8343454974394885,800.0,-5400.0,-58.722297,included,os1_rev7_128ch20hz1024res_rtx
857,000857,northeast_gap,apollo14_northeast_gap_safe_01,26,52383336065,scans/000857.npy,poses/000857.npy,transforms/000857.npz,global_dem,813.0320869183009,-5422.072048805777,5.423957925044147,-0.14220306281313033,-0.15938649661181284,-0.46668287911835565,0.8582431613256116,800.0,-5400.0,-58.722297,included,os1_rev7_128ch20hz1024res_rtx
858,000858,northeast_gap,apollo14_northeast_gap_safe_01,27,54216669494,scans/000858.npy,poses/000858.npy,transforms/000858.npz,global_dem,813.6862402208458,-5422.925065082873,5.6809295019012715,-0.10145632236183734,-0.07297991778197829,-0.4488573372060564,0.8848206807538097,800.0,-5400.0,-58.722297,included,os1_rev7_128ch20hz1024res_rtx
859,000859,northeast_gap,apollo14_northeast_gap_safe_01,28,55766669575,scans/000859.npy,poses/000859.npy,transforms/000859.npz,global_dem,814.2506363702299,-5423.686492460456,5.869815830338947,-0.12136462962742063,-0.17280646755629528,-0.41094285047039436,0.8868678171482948,800.0,-5400.0,-58.722297,included,os1_rev7_128ch20hz1024res_rtx
860,000860,northeast_gap,apollo14_northeast_gap_safe_01,29,57483336331,scans/000860.npy,poses/000860.npy,transforms/000860.npz,global_dem,814.9319776827704,-5424.5215940189255,6.025155627918947,-0.061143344594708236,-0.092131990273164,-0.4482486824858133,0.8870435763984829,800.0,-5400.0,-58.722297,included,os1_rev7_128ch20hz1024res_rtx
861,000861,northeast_gap,apollo14_northeast_gap_safe_01,30,58900003071,scans/000861.npy,poses/000861.npy,transforms/000861.npz,global_dem,815.4891521490616,-5425.319167767799,6.223933359545463,-0.03750763461195623,-0.15463755044215577,-0.42688804917816914,0.890194921805288,800.0,-5400.0,-58.722297,included,os1_rev7_128ch20hz1024res_rtx
862,000862,northeast_gap,apollo14_northeast_gap_safe_01,31,60816669838,scans/000862.npy,poses/000862.npy,transforms/000862.npz,global_dem,816.1287361559911,-5426.170517795,6.424083421675448,0.001353341000608005,-0.1131136370153152,-0.4576090502887178,0.8819282457678523,800.0,-5400.0,-58.722297,included,os1_rev7_128ch20hz1024res_rtx
863,000863,northeast_gap,apollo14_northeast_gap_safe_01,32,62383336586,scans/000863.npy,poses/000863.npy,transforms/000863.npz,global_dem,816.6699305657017,-5426.920458392326,6.600640733175414,-0.08720377666214872,-0.22590105935329644,-0.48361901753165626,0.841116435816488,800.0,-5400.0,-58.722297,included,os1_rev7_128ch20hz1024res_rtx
864,000864,northeast_gap,apollo14_northeast_gap_safe_01,33,64116670010,scans/000864.npy,poses/000864.npy,transforms/000864.npz,global_dem,817.2488762036492,-5427.846488987309,6.7884590728653285,-0.04532209533475673,-0.09775944328177276,-0.5002413841144573,0.8591551411374766,800.0,-5400.0,-58.722297,included,os1_rev7_128ch20hz1024res_rtx
865,000865,northeast_gap,apollo14_northeast_gap_safe_01,34,65600003421,scans/000865.npy,poses/000865.npy,transforms/000865.npz,global_dem,817.7452448685146,-5428.701396519855,6.958890204677365,-0.051616116579174566,-0.12156806147273796,-0.5492315198626875,0.8251676923682654,800.0,-5400.0,-58.722297,included,os1_rev7_128ch20hz1024res_rtx
866,000866,northeast_gap,apollo14_northeast_gap_safe_01,35,67566670190,scans/000866.npy,poses/000866.npy,transforms/000866.npz,global_dem,818.1284082043749,-5429.660303516476,7.152848068453815,-0.04874215945696086,-0.10863788218617185,-0.5502127413483919,0.826491350047575,800.0,-5400.0,-58.722297,included,os1_rev7_128ch20hz1024res_rtx
867,000867,northeast_gap,apollo14_northeast_gap_safe_01,36,69050003601,scans/000867.npy,poses/000867.npy,transforms/000867.npz,global_dem,818.5498823372133,-5430.574043538427,7.373232334269078,-0.08406095380869197,-0.14223969344509776,-0.5376695355472971,0.8268089841056224,800.0,-5400.0,-58.722297,included,os1_rev7_128ch20hz1024res_rtx
868,000868,northeast_gap,apollo14_northeast_gap_safe_01,37,71083337040,scans/000868.npy,poses/000868.npy,transforms/000868.npz,global_dem,818.9915161060009,-5431.526311250474,7.5949361587872035,-0.06664362531425505,-0.11238955463209771,-0.5105906082054008,0.8498378939697917,800.0,-5400.0,-58.722297,included,os1_rev7_128ch20hz1024res_rtx
869,000869,northeast_gap,apollo14_northeast_gap_safe_01,38,72450003778,scans/000869.npy,poses/000869.npy,transforms/000869.npz,global_dem,819.4886099215718,-5432.392848197063,7.821725868269218,-0.06567443965875795,-0.08970870736853334,-0.49061716860436827,0.8642534406459762,800.0,-5400.0,-58.722297,included,os1_rev7_128ch20hz1024res_rtx
870,000870,northeast_gap,apollo14_northeast_gap_safe_01,39,74500003885,scans/000870.npy,poses/000870.npy,transforms/000870.npz,global_dem,820.0474969647986,-5433.250548881826,8.046643304355495,-0.07056662257825559,-0.09029787146834709,-0.46660831888434523,0.877008165830917,800.0,-5400.0,-58.722297,included,os1_rev7_128ch20hz1024res_rtx
871,000871,northeast_gap,apollo14_northeast_gap_safe_01,40,75850003955,scans/000871.npy,poses/000871.npy,transforms/000871.npz,global_dem,820.6175014770079,-5434.04034202432,8.2552063861412,-0.07280702827333185,-0.09718969997377473,-0.4610498289265604,0.879025798312998,800.0,-5400.0,-58.722297,included,os1_rev7_128ch20hz1024res_rtx
872,000872,northeast_gap,apollo14_northeast_gap_safe_01,41,77783337390,scans/000872.npy,poses/000872.npy,transforms/000872.npz,global_dem,821.1575652998918,-5434.850514147049,8.476900375301954,-0.0606068503576741,-0.12274986347056953,-0.4595369052907343,0.8775449352503232,800.0,-5400.0,-58.722297,included,os1_rev7_128ch20hz1024res_rtx
873,000873,northeast_gap,apollo14_northeast_gap_safe_01,42,79150004127,scans/000873.npy,poses/000873.npy,transforms/000873.npz,global_dem,821.7708561568745,-5435.657332595595,8.675600416232047,-0.05914663557544311,-0.08281421902975551,-0.4576591365958716,0.8832845494612247,800.0,-5400.0,-58.722297,included,os1_rev7_128ch20hz1024res_rtx
874,000874,northeast_gap,apollo14_northeast_gap_safe_01,43,81183337567,scans/000874.npy,poses/000874.npy,transforms/000874.npz,global_dem,822.3557043617568,-5436.467227815558,8.889051482769442,-0.07077873832406656,-0.09158200629345083,-0.4724675989222405,0.8737147556801205,800.0,-5400.0,-58.722297,included,os1_rev7_128ch20hz1024res_rtx
875,000875,northeast_gap,apollo14_northeast_gap_safe_01,44,82616670975,scans/000875.npy,poses/000875.npy,transforms/000875.npz,global_dem,822.9165545281321,-5437.239619555721,9.12089986912293,-0.11316216366581283,-0.10401617886905455,-0.4954510635526359,0.8549287706426276,800.0,-5400.0,-58.722297,included,os1_rev7_128ch20hz1024res_rtx
876,000876,northeast_gap,apollo14_northeast_gap_safe_01,45,84583337744,scans/000876.npy,poses/000876.npy,transforms/000876.npz,global_dem,823.3848336641802,-5438.125444084524,9.31475036668915,-0.10901298770628555,-0.17148371523598208,-0.4992131082612131,0.8423157225532432,800.0,-5400.0,-58.722297,included,os1_rev7_128ch20hz1024res_rtx
877,000877,northeast_gap,apollo14_northeast_gap_safe_01,46,86033337820,scans/000877.npy,poses/000877.npy,transforms/000877.npz,global_dem,823.8609119895297,-5438.952277229213,9.546609399681602,-0.15409172439746063,-0.1753459360832885,-0.4484340948576697,0.8627956917720874,800.0,-5400.0,-58.722297,included,os1_rev7_128ch20hz1024res_rtx
878,000878,northeast_gap,apollo14_northeast_gap_safe_01,47,87900004584,scans/000878.npy,poses/000878.npy,transforms/000878.npz,global_dem,824.4634976490564,-5439.8790826790155,9.760698827071533,-0.0767557295377339,-0.0933922568900459,-0.483440231938906,0.8669901882253171,800.0,-5400.0,-58.722297,included,os1_rev7_128ch20hz1024res_rtx
879,000879,northeast_gap,apollo14_northeast_gap_safe_01,48,89316671324,scans/000879.npy,poses/000879.npy,transforms/000879.npz,global_dem,824.9379753329939,-5440.696953274011,9.975865448427985,-0.0961867498802835,-0.16478383031628427,-0.4873923573828869,0.8520816207256874,800.0,-5400.0,-58.722297,included,os1_rev7_128ch20hz1024res_rtx
880,000880,northeast_gap,apollo14_northeast_gap_safe_01,49,91266671426,scans/000880.npy,poses/000880.npy,transforms/000880.npz,global_dem,825.3760644648207,-5441.6581475839475,10.268716666596456,-0.005371709059780798,-0.14393410927406858,-0.47320572877125305,0.8690974946387343,800.0,-5400.0,-58.722297,included,os1_rev7_128ch20hz1024res_rtx
881,000881,northeast_gap,apollo14_northeast_gap_safe_01,50,92883338177,scans/000881.npy,poses/000881.npy,transforms/000881.npz,global_dem,825.9987622910711,-5442.383854697009,10.455404422177107,-0.1119328782375562,-0.19186684245418323,-0.41363008981367894,0.8829316476018095,800.0,-5400.0,-58.722297,included,os1_rev7_128ch20hz1024res_rtx
882,000882,northeast_gap,apollo14_northeast_gap_safe_01,51,94933338284,scans/000882.npy,poses/000882.npy,transforms/000882.npz,global_dem,826.6273724285951,-5443.218789539237,10.703811697869133,-0.08758930869450621,-0.15229938632709572,-0.4532930086663531,0.8738755393195384,800.0,-5400.0,-58.722297,included,os1_rev7_128ch20hz1024res_rtx
883,000883,northeast_gap,apollo14_northeast_gap_safe_01,52,96400005027,scans/000883.npy,poses/000883.npy,transforms/000883.npz,global_dem,827.2369316962378,-5444.089832316958,10.944657893537503,-0.06101318282642459,-0.10316011926268993,-0.4703071896873039,0.8743263284629643,800.0,-5400.0,-58.722297,included,os1_rev7_128ch20hz1024res_rtx
884,000884,northeast_gap,apollo14_northeast_gap_safe_01,53,98533338472,scans/000884.npy,poses/000884.npy,transforms/000884.npz,global_dem,827.7458992022638,-5444.952878911816,11.172373360441872,-0.050291951164215316,-0.10004350383201724,-0.5098553412042518,0.8529417026002454,800.0,-5400.0,-58.722297,included,os1_rev7_128ch20hz1024res_rtx
885,000885,northeast_gap,apollo14_northeast_gap_safe_01,54,99983338547,scans/000885.npy,poses/000885.npy,transforms/000885.npz,global_dem,828.2061406265957,-5445.854742857394,11.401141999677487,-0.046051378545951524,-0.11344843093049412,-0.5250393885774018,0.8422246520351293,800.0,-5400.0,-58.722297,included,os1_rev7_128ch20hz1024res_rtx
886,000886,northeast_gap,apollo14_northeast_gap_safe_01,55,101933338649,scans/000886.npy,poses/000886.npy,transforms/000886.npz,global_dem,828.5920952681928,-5446.677169495615,11.608369783722988,-0.11228891484993174,-0.1997401193351901,-0.524509937553841,0.8199904936870028,800.0,-5400.0,-58.722297,included,os1_rev7_128ch20hz1024res_rtx
887,000887,northeast_gap,apollo14_northeast_gap_safe_01,56,103266672052,scans/000887.npy,poses/000887.npy,transforms/000887.npz,global_dem,829.0147234779123,-5447.5916615697815,11.844667539971814,-0.10388271239281788,-0.1825174898581303,-0.5351524531930962,0.8182344406117414,800.0,-5400.0,-58.722297,included,os1_rev7_128ch20hz1024res_rtx
888,000888,northeast_gap,apollo14_northeast_gap_safe_01,57,105216672154,scans/000888.npy,poses/000888.npy,transforms/000888.npz,global_dem,829.4654604112709,-5448.55131842201,12.095855719522142,-0.07071736137825964,-0.11470854849258585,-0.5239392258141626,0.8410283534790469,800.0,-5400.0,-58.722297,included,os1_rev7_128ch20hz1024res_rtx
889,000889,northeast_gap,apollo14_northeast_gap_safe_01,58,106716672232,scans/000889.npy,poses/000889.npy,transforms/000889.npz,global_dem,829.9537018092033,-5449.437205496331,12.375657312199484,-0.07551742708461529,-0.13043122241314842,-0.4696363123967033,0.869900309521015,800.0,-5400.0,-58.722297,included,os1_rev7_128ch20hz1024res_rtx
890,000890,northeast_gap,apollo14_northeast_gap_safe_01,59,108666672334,scans/000890.npy,poses/000890.npy,transforms/000890.npz,global_dem,830.5157737900994,-5450.243913211966,12.613695499018272,-0.10041115834930323,-0.11375591176953971,-0.47860017153880063,0.8648231423935547,800.0,-5400.0,-58.722297,included,os1_rev7_128ch20hz1024res_rtx
891,000891,northeast_gap,apollo14_northeast_gap_safe_01,60,110150005744,scans/000891.npy,poses/000891.npy,transforms/000891.npz,global_dem,831.0831584129139,-5451.1002079147775,12.863857288021977,-0.07758964110706106,-0.10516882213387681,-0.4758218964754118,0.8697774941204176,800.0,-5400.0,-58.722297,included,os1_rev7_128ch20hz1024res_rtx
892,000892,northeast_gap,apollo14_northeast_gap_safe_01,61,112216672519,scans/000892.npy,poses/000892.npy,transforms/000892.npz,global_dem,831.6041708375055,-5451.898243052237,13.127020461241486,-0.09304635217638872,-0.14028789034517733,-0.4776275426281665,0.8622839524728185,800.0,-5400.0,-58.722297,included,os1_rev7_128ch20hz1024res_rtx
893,000893,northeast_gap,apollo14_northeast_gap_safe_01,62,113650005927,scans/000893.npy,poses/000893.npy,transforms/000893.npz,global_dem,832.0924448165183,-5452.677707013366,13.38462684035586,-0.14285387549795114,-0.2286318407160419,-0.4903169392682838,0.8288000668029609,800.0,-5400.0,-58.722297,included,os1_rev7_128ch20hz1024res_rtx
894,000894,northeast_gap,apollo14_northeast_gap_safe_01,63,115400006018,scans/000894.npy,poses/000894.npy,transforms/000894.npz,global_dem,832.612501447881,-5453.651442754642,13.670501987712267,-0.08224922515639611,-0.10712792538422976,-0.5147358312114404,0.8466437837905094,800.0,-5400.0,-58.722297,included,os1_rev7_128ch20hz1024res_rtx
895,000895,northeast_gap,apollo14_northeast_gap_safe_01,64,116783339424,scans/000895.npy,poses/000895.npy,transforms/000895.npz,global_dem,833.0718303235094,-5454.500739744007,13.916242920192934,-0.08802303960715077,-0.11928136503297634,-0.5104499652259714,0.8470328998657564,800.0,-5400.0,-58.722297,included,os1_rev7_128ch20hz1024res_rtx
896,000896,northeast_gap,apollo14_northeast_gap_safe_01,65,118750006193,scans/000896.npy,poses/000896.npy,transforms/000896.npz,global_dem,833.5733546537566,-5455.438163654946,14.141906612082153,-0.060662530916404646,-0.07736187015428324,-0.5057311343396571,0.8570713028380846,800.0,-5400.0,-58.722297,included,os1_rev7_128ch20hz1024res_rtx
897,000897,northeast_gap,apollo14_northeast_gap_safe_01,66,120250006271,scans/000897.npy,poses/000897.npy,transforms/000897.npz,global_dem,833.9822122526442,-5456.38563489197,14.365289827204261,-0.023998957935262837,-0.08721614736207323,-0.44705601989572524,0.8899203946041081,800.0,-5400.0,-58.722297,included,os1_rev7_128ch20hz1024res_rtx
898,000898,northeast_gap,apollo14_northeast_gap_safe_01,67,122216673040,scans/000898.npy,poses/000898.npy,transforms/000898.npz,global_dem,834.6075606572323,-5457.168015621078,14.519967072134605,-0.06021559465703505,-0.0919075531659522,-0.447814903857658,0.8873493650835076,800.0,-5400.0,-58.722297,included,os1_rev7_128ch20hz1024res_rtx
899,000899,northeast_gap,apollo14_northeast_gap_safe_01,68,123683339783,scans/000899.npy,poses/000899.npy,transforms/000899.npz,global_dem,835.2600717889475,-5458.005218183474,14.677914196517966,-0.06515712980896456,-0.06725637174226207,-0.47335567145823065,0.8758798645895749,800.0,-5400.0,-58.722297,included,os1_rev7_128ch20hz1024res_rtx
900,000900,northeast_gap,apollo14_northeast_gap_safe_01,69,125550006547,scans/000900.npy,poses/000900.npy,transforms/000900.npz,global_dem,835.7899277324304,-5458.811639359779,14.835959350561868,-0.08176525760631394,-0.095422815206895,-0.481170076559024,0.8675737930635912,800.0,-5400.0,-58.722297,included,os1_rev7_128ch20hz1024res_rtx
901,000901,northeast_gap,apollo14_northeast_gap_safe_01,70,127100006628,scans/000901.npy,poses/000901.npy,transforms/000901.npz,global_dem,836.3771988593206,-5459.5937189290735,15.00553500744793,-0.12030338280272722,-0.15402448533711385,-0.5015462182915125,0.8427662457172452,800.0,-5400.0,-58.722297,included,os1_rev7_128ch20hz1024res_rtx
902,000902,northeast_gap,apollo14_northeast_gap_safe_01,71,128950006725,scans/000902.npy,poses/000902.npy,transforms/000902.npz,global_dem,836.9240519544376,-5460.574845804596,15.193052703702005,-0.07049438802625949,-0.0657399956962548,-0.5015807203945075,0.8597241273520166,800.0,-5400.0,-58.722297,included,os1_rev7_128ch20hz1024res_rtx
903,000903,northeast_gap,apollo14_northeast_gap_safe_01,72,130400006800,scans/000903.npy,poses/000903.npy,transforms/000903.npz,global_dem,837.431361382978,-5461.449512379106,15.39251097068699,-0.07157094827465363,-0.05420444285669862,-0.5119019846982629,0.8543394148695478,800.0,-5400.0,-58.722297,included,os1_rev7_128ch20hz1024res_rtx
904,000904,northeast_gap,apollo14_northeast_gap_safe_01,73,132233340229,scans/000904.npy,poses/000904.npy,transforms/000904.npz,global_dem,837.8869171404708,-5462.233786338737,15.578847976845012,-0.12769106028831315,-0.1570416831859402,-0.49690562209961475,0.8438706687581742,800.0,-5400.0,-58.722297,included,os1_rev7_128ch20hz1024res_rtx
905,000905,northeast_gap,apollo14_northeast_gap_safe_01,74,133700006972,scans/000905.npy,poses/000905.npy,transforms/000905.npz,global_dem,838.3979407292317,-5463.146874620719,15.783048025494718,-0.09204752701729871,-0.09461393198804414,-0.4551896778576332,0.8805554007645547,800.0,-5400.0,-58.722297,included,os1_rev7_128ch20hz1024res_rtx
906,000906,northeast_gap,apollo14_northeast_gap_safe_01,75,135616673739,scans/000906.npy,poses/000906.npy,transforms/000906.npz,global_dem,838.9002433553043,-5463.903193514093,16.015213486067797,-0.11642705099056724,-0.18523894929362386,-0.4468525115998613,0.867441125575177,800.0,-5400.0,-58.722297,included,os1_rev7_128ch20hz1024res_rtx
907,000907,northeast_gap,apollo14_northeast_gap_safe_01,76,137000007145,scans/000907.npy,poses/000907.npy,transforms/000907.npz,global_dem,839.506352092131,-5464.757067526337,16.242640140047115,-0.06985077318124464,-0.10896192343764535,-0.464771552139353,0.8759198439633206,800.0,-5400.0,-58.722297,included,os1_rev7_128ch20hz1024res_rtx
908,000908,northeast_gap,apollo14_northeast_gap_safe_01,77,139050007252,scans/000908.npy,poses/000908.npy,transforms/000908.npz,global_dem,839.986119585536,-5465.540577455884,16.47483038813121,-0.1315531163194445,-0.2316164780577754,-0.48662159792470566,0.8320138250726131,800.0,-5400.0,-58.722297,included,os1_rev7_128ch20hz1024res_rtx
909,000909,northeast_gap,apollo14_northeast_gap_safe_01,78,140483340660,scans/000909.npy,poses/000909.npy,transforms/000909.npz,global_dem,840.5246907617195,-5466.365057440285,16.768264936648034,-0.15037510674935697,-0.2051944118766081,-0.4984240388332837,0.8287677950535057,800.0,-5400.0,-58.722297,included,os1_rev7_128ch20hz1024res_rtx
910,000910,northeast_gap,apollo14_northeast_gap_safe_01,79,142466674096,scans/000910.npy,poses/000910.npy,transforms/000910.npz,global_dem,840.907252347447,-5467.212331145667,17.027196703000246,-0.18632723168501664,-0.29398502519877084,-0.5090490304242054,0.7872255409446854,800.0,-5400.0,-58.722297,included,os1_rev7_128ch20hz1024res_rtx
911,000911,northeast_gap,apollo14_northeast_gap_safe_01,80,144166674185,scans/000911.npy,poses/000911.npy,transforms/000911.npz,global_dem,841.3082901395863,-5468.024244073116,17.289007588265164,-0.2519465824826356,-0.36595667982164887,-0.5006605073387308,0.742925086708317,800.0,-5400.0,-58.722297,included,os1_rev7_128ch20hz1024res_rtx
912,000912,northeast_gap,apollo14_northeast_gap_safe_01,81,145966674279,scans/000912.npy,poses/000912.npy,transforms/000912.npz,global_dem,841.7674760315253,-5468.978558392132,17.656395754999657,-0.1792536210610012,-0.2275262958254816,-0.5201396103666976,0.803464193210895,800.0,-5400.0,-58.722297,included,os1_rev7_128ch20hz1024res_rtx
913,000913,northeast_gap,apollo14_northeast_gap_safe_01,82,147433341022,scans/000913.npy,poses/000913.npy,transforms/000913.npz,global_dem,842.2196874473188,-5469.899251625662,18.023656404353815,-0.15660920771919978,-0.17011538239762863,-0.5039193047408345,0.8322257188039716,800.0,-5400.0,-58.722297,included,os1_rev7_128ch20hz1024res_rtx
914,000914,northeast_gap,apollo14_northeast_gap_safe_01,83,149600007802,scans/000914.npy,poses/000914.npy,transforms/000914.npz,global_dem,842.7468548382928,-5470.629353870151,18.36647740373975,-0.18848955267168352,-0.21913339949353192,-0.45304384319159596,0.8433288314211874,800.0,-5400.0,-58.722297,included,os1_rev7_128ch20hz1024res_rtx
915,000915,northeast_gap,apollo14_northeast_gap_safe_01,84,151233341220,scans/000915.npy,poses/000915.npy,transforms/000915.npz,global_dem,843.310470875474,-5471.331732052744,18.63041799134307,-0.28600968687094774,-0.33164538549906586,-0.4180053683075218,0.7959153908294848,800.0,-5400.0,-58.722297,included,os1_rev7_128ch20hz1024res_rtx
916,000916,northeast_gap,apollo14_northeast_gap_safe_01,85,152883341306,scans/000916.npy,poses/000916.npy,transforms/000916.npz,global_dem,843.995075020168,-5472.289644351228,18.823756222332385,-0.224942347924612,-0.13032143925916684,-0.47860327939010316,0.8386633195368812,800.0,-5400.0,-58.722297,included,os1_rev7_128ch20hz1024res_rtx
917,000917,northeast_gap,apollo14_northeast_gap_safe_01,86,154133341372,scans/000917.npy,poses/000917.npy,transforms/000917.npz,global_dem,844.55270073784,-5473.30651980959,18.897545241574747,-0.127193604708257,0.0028253727177183848,-0.5060507017623334,0.8530688667605774,800.0,-5400.0,-58.722297,included,os1_rev7_128ch20hz1024res_rtx
918,000918,northeast_gap,apollo14_northeast_gap_safe_01,87,156100008141,scans/000918.npy,poses/000918.npy,transforms/000918.npz,global_dem,844.9834251327732,-5474.1164417493355,19.01426935092797,-0.16401592622851133,-0.17315913991955165,-0.4522121474091498,0.8594293815906751,800.0,-5400.0,-58.722297,included,os1_rev7_128ch20hz1024res_rtx
919,000919,northeast_gap,apollo14_northeast_gap_safe_01,88,157450008211,scans/000919.npy,poses/000919.npy,transforms/000919.npz,global_dem,845.5542793998155,-5474.982856328762,19.223352435872712,-0.10785638688623089,-0.14782731825852954,-0.4819279852364993,0.8568894332585901,800.0,-5400.0,-58.722297,included,os1_rev7_128ch20hz1024res_rtx
920,000920,northeast_gap,apollo14_northeast_gap_safe_01,89,159350008310,scans/000920.npy,poses/000920.npy,transforms/000920.npz,global_dem,846.1134423952212,-5475.829719024163,19.470974575106418,-0.1254595982292661,-0.13580790650155158,-0.5022729087240226,0.8447118010929684,800.0,-5400.0,-58.722297,included,os1_rev7_128ch20hz1024res_rtx
921,000921,northeast_gap,apollo14_northeast_gap_safe_01,90,160733341716,scans/000921.npy,poses/000921.npy,transforms/000921.npz,global_dem,846.6222145499607,-5476.726625433857,19.694482121796803,-0.10000558462757624,-0.08003383507772602,-0.5287441362540353,0.8390608480098583,800.0,-5400.0,-58.722297,included,os1_rev7_128ch20hz1024res_rtx
922,000922,northeast_gap,apollo14_northeast_gap_safe_01,91,162733341820,scans/000922.npy,poses/000922.npy,transforms/000922.npz,global_dem,847.050124629541,-5477.5804480752395,19.90604222852737,-0.14734701304730116,-0.17872203470773176,-0.511680226230525,0.8273636674042713,800.0,-5400.0,-58.722297,included,os1_rev7_128ch20hz1024res_rtx
923,000923,northeast_gap,apollo14_northeast_gap_safe_01,92,164166675228,scans/000923.npy,poses/000923.npy,transforms/000923.npz,global_dem,847.5457071939148,-5478.5812856525,20.145946397928707,-0.08649836719118895,-0.0733604581841881,-0.524803586361065,0.8436334935212261,800.0,-5400.0,-58.722297,included,os1_rev7_128ch20hz1024res_rtx
924,000924,northeast_gap,apollo14_northeast_gap_safe_01,93,166133341997,scans/000924.npy,poses/000924.npy,transforms/000924.npz,global_dem,848.0241719907547,-5479.358911422429,20.37289508218081,-0.12603127983253407,-0.13945895812195744,-0.47766266459412715,0.8581990994845835,800.0,-5400.0,-58.722297,included,os1_rev7_128ch20hz1024res_rtx
925,000925,northeast_gap,apollo14_northeast_gap_safe_01,94,167650008743,scans/000925.npy,poses/000925.npy,transforms/000925.npz,global_dem,848.59820219428,-5480.258124547199,20.661770403779588,-0.08549839727000257,-0.09967568806401834,-0.4654019537202119,0.8753032633017171,800.0,-5400.0,-58.722297,included,os1_rev7_128ch20hz1024res_rtx
926,000926,northeast_gap,apollo14_northeast_gap_safe_01,95,169650008847,scans/000926.npy,poses/000926.npy,transforms/000926.npz,global_dem,849.1175481094231,-5481.026835529446,20.94384055868281,-0.12582259818959846,-0.2064470638818404,-0.4456124889462849,0.8619615961830802,800.0,-5400.0,-58.722297,included,os1_rev7_128ch20hz1024res_rtx
927,000927,northeast_gap,apollo14_northeast_gap_safe_01,96,171783342292,scans/000927.npy,poses/000927.npy,transforms/000927.npz,global_dem,849.7649803702798,-5481.648762688209,21.11825173590602,-0.23279176569399584,-0.3633113971129847,-0.3525568282317184,0.8303713057542834,800.0,-5400.0,-58.722297,included,os1_rev7_128ch20hz1024res_rtx
928,000928,northeast_gap,apollo14_northeast_gap_safe_01,97,173733342394,scans/000928.npy,poses/000928.npy,transforms/000928.npz,global_dem,850.4938681672742,-5482.46217675523,21.420252669226546,-0.19058895561618241,-0.21947514510729216,-0.4320691914013039,0.853711148175476,800.0,-5400.0,-58.722297,included,os1_rev7_128ch20hz1024res_rtx
929,000929,northeast_gap,apollo14_northeast_gap_safe_01,98,175216675804,scans/000929.npy,poses/000929.npy,transforms/000929.npz,global_dem,851.134091613132,-5483.307282138044,21.706708824015987,-0.14514816675903564,-0.13306709802272418,-0.46334320188498684,0.8640244408448584,800.0,-5400.0,-58.722297,included,os1_rev7_128ch20hz1024res_rtx
930,000930,northeast_gap,apollo14_northeast_gap_safe_01,99,177416675919,scans/000930.npy,poses/000930.npy,transforms/000930.npz,global_dem,851.6049831318255,-5484.091922099963,22.014010059415767,-0.19491341905696485,-0.2557689689591726,-0.4721580389873403,0.8207665805871454,800.0,-5400.0,-58.722297,included,os1_rev7_128ch20hz1024res_rtx
931,000931,northeast_gap,apollo14_northeast_gap_safe_01,100,178950009332,scans/000931.npy,poses/000931.npy,transforms/000931.npz,global_dem,852.0661527578712,-5484.936559740543,22.309870199716215,-0.19882368283057106,-0.2950748088788366,-0.48883349364937395,0.7965185596063372,800.0,-5400.0,-58.722297,included,os1_rev7_128ch20hz1024res_rtx
932,000932,northeast_gap,apollo14_northeast_gap_safe_01,101,180650009421,scans/000932.npy,poses/000932.npy,transforms/000932.npz,global_dem,852.5838655879023,-5486.0112471476505,22.58459254675859,-0.11052356344208551,-0.11742776401177814,-0.5598018555566584,0.812783578007442,800.0,-5400.0,-58.722297,included,os1_rev7_128ch20hz1024res_rtx
933,000933,northeast_gap,apollo14_northeast_gap_safe_01,102,182083342829,scans/000933.npy,poses/000933.npy,transforms/000933.npz,global_dem,852.954513095973,-5486.957843502207,22.789022546912914,-0.0904632641779918,-0.08608744743697226,-0.5598403096777246,0.8191362382949486,800.0,-5400.0,-58.722297,included,os1_rev7_128ch20hz1024res_rtx
934,000934,northeast_gap,apollo14_northeast_gap_safe_01,103,183933342926,scans/000934.npy,poses/000934.npy,transforms/000934.npz,global_dem,853.3259323039885,-5487.89924626663,22.99772520810857,-0.088181109470009,-0.11958776886848653,-0.5497850879578187,0.8219849235411252,800.0,-5400.0,-58.722297,included,os1_rev7_128ch20hz1024res_rtx
935,000935,northeast_gap,apollo14_northeast_gap_safe_01,104,185483343007,scans/000935.npy,poses/000935.npy,transforms/000935.npz,global_dem,853.7407153644247,-5488.840820035174,23.202466041257903,-0.07376707891358664,-0.08794990520726213,-0.5289678733281946,0.8408425662567502,800.0,-5400.0,-58.722297,included,os1_rev7_128ch20hz1024res_rtx
936,000936,northeast_gap,apollo14_northeast_gap_safe_01,105,187450009776,scans/000936.npy,poses/000936.npy,transforms/000936.npz,global_dem,854.1754358548145,-5489.617329797815,23.426162732510164,-0.12719772066591872,-0.1776053378289114,-0.4918282543063531,0.8428416530393111,800.0,-5400.0,-58.722297,included,os1_rev7_128ch20hz1024res_rtx
937,000937,northeast_gap,apollo14_northeast_gap_safe_01,106,188866676516,scans/000937.npy,poses/000937.npy,transforms/000937.npz,global_dem,854.7629067104037,-5490.521085463018,23.625761009338788,-0.10866776914786894,-0.07635155033795007,-0.5068089389600325,0.8517666676382817,800.0,-5400.0,-58.722297,included,os1_rev7_128ch20hz1024res_rtx
938,000938,northeast_gap,apollo14_northeast_gap_safe_01,107,190700009945,scans/000938.npy,poses/000938.npy,transforms/000938.npz,global_dem,855.3522575127462,-5491.466846606673,23.775133599447315,-0.07273666357706399,-0.030239079828307983,-0.48888537972763785,0.8687842432453398,800.0,-5400.0,-58.722297,included,os1_rev7_128ch20hz1024res_rtx
939,000939,northeast_gap,apollo14_northeast_gap_safe_01,108,192316676696,scans/000939.npy,poses/000939.npy,transforms/000939.npz,global_dem,855.9033290292092,-5492.348616648851,23.882916356040315,-0.060975616634217994,-0.03090111372639446,-0.4738025509452999,0.8779739392853707,800.0,-5400.0,-58.722297,included,os1_rev7_128ch20hz1024res_rtx
940,000940,northeast_gap,apollo14_northeast_gap_safe_01,109,194016676785,scans/000940.npy,poses/000940.npy,transforms/000940.npz,global_dem,856.4645423903469,-5493.1242562641355,24.01227550908088,-0.08298189161265239,-0.07009294458689631,-0.4623559707314475,0.8800158754889057,800.0,-5400.0,-58.722297,included,os1_rev7_128ch20hz1024res_rtx
941,000941,northeast_gap,apollo14_northeast_gap_safe_01,110,195616676868,scans/000941.npy,poses/000941.npy,transforms/000941.npz,global_dem,857.133847618866,-5493.91747312514,24.172856140031634,-0.09529928820402528,-0.04418509568624851,-0.45064420960144763,0.8865018439572981,800.0,-5400.0,-58.722297,included,os1_rev7_128ch20hz1024res_rtx
942,000942,northeast_gap,apollo14_northeast_gap_safe_01,111,197300010289,scans/000942.npy,poses/000942.npy,transforms/000942.npz,global_dem,857.732938699972,-5494.702743671835,24.34773615767072,-0.11035717285313562,-0.052630469258958555,-0.46131484318469457,0.8787718381712774,800.0,-5400.0,-58.722297,included,os1_rev7_128ch20hz1024res_rtx
943,000943,northeast_gap,apollo14_northeast_gap_safe_01,112,198900010373,scans/000943.npy,poses/000943.npy,transforms/000943.npz,global_dem,858.3334977945482,-5495.542399727557,24.54890109030835,-0.11036153932903141,-0.02937431021466701,-0.5007287850752948,0.8580373909879211,800.0,-5400.0,-58.722297,included,os1_rev7_128ch20hz1024res_rtx
944,000944,northeast_gap,apollo14_northeast_gap_safe_01,113,200600010462,scans/000944.npy,poses/000944.npy,transforms/000944.npz,global_dem,858.761312096144,-5496.325945976996,24.751756493815243,-0.1434129329603922,-0.13857491001444142,-0.49113460015659055,0.8479484238461756,800.0,-5400.0,-58.722297,included,os1_rev7_128ch20hz1024res_rtx
945,000945,northeast_gap,apollo14_northeast_gap_safe_01,114,202216677213,scans/000945.npy,poses/000945.npy,transforms/000945.npz,global_dem,859.2803979111068,-5497.18804338265,25.022268332815766,-0.15399813836586745,-0.13121714103901208,-0.5086847177972994,0.8368431711837512,800.0,-5400.0,-58.722297,included,os1_rev7_128ch20hz1024res_rtx
946,000946,northeast_gap,apollo14_northeast_gap_safe_01,115,204416677327,scans/000946.npy,poses/000946.npy,transforms/000946.npz,global_dem,859.6560229591975,-5497.871109143623,25.368098207767442,-0.26772879326066873,-0.37366869037428624,-0.44800025769135243,0.7668042593789068,800.0,-5400.0,-58.722297,included,os1_rev7_128ch20hz1024res_rtx
947,000947,northeast_gap,apollo14_northeast_gap_safe_01,116,208783344222,scans/000947.npy,poses/000947.npy,transforms/000947.npz,global_dem,859.9934689269423,-5498.719424107155,25.761354665932053,-0.2853362715616173,-0.38563950135398173,-0.5959364855341442,0.643991531261072,800.0,-5400.0,-58.722297,included,os1_rev7_128ch20hz1024res_rtx
948,000948,northeast_gap,apollo14_northeast_gap_safe_01,117,212783344430,scans/000948.npy,poses/000948.npy,transforms/000948.npz,global_dem,860.1391238848421,-5499.715098364836,26.117892878113782,-0.25220981640368584,-0.30135963103286256,-0.5765150287880365,0.7163818834077852,800.0,-5400.0,-58.722297,included,os1_rev7_128ch20hz1024res_rtx
949,000949,northeast_gap,apollo14_northeast_gap_safe_01,118,215050011215,scans/000949.npy,poses/000949.npy,transforms/000949.npz,global_dem,860.613731293145,-5500.641152367006,26.36132825710503,-0.2302486778054531,-0.27408922604109315,-0.39553364254619683,0.8458213642082899,800.0,-5400.0,-58.722297,included,os1_rev7_128ch20hz1024res_rtx
950,000950,northeast_gap,apollo14_northeast_gap_safe_01,119,216733344636,scans/000950.npy,poses/000950.npy,transforms/000950.npz,global_dem,861.3589296286139,-5501.5715474551525,26.58492646955395,-0.06765103117510596,-0.1118288538662851,-0.4256462746487397,0.8954009684501953,800.0,-5400.0,-58.722297,included,os1_rev7_128ch20hz1024res_rtx
951,000951,northeast_gap,apollo14_northeast_gap_safe_01,120,218283344717,scans/000951.npy,poses/000951.npy,transforms/000951.npz,global_dem,862.0621141318757,-5502.292028654946,26.838837992416188,-0.0847453049209952,-0.10668460074592354,-0.38637771636684426,0.9122219519133887,800.0,-5400.0,-58.722297,included,os1_rev7_128ch20hz1024res_rtx
952,000952,northeast_gap,apollo14_northeast_gap_safe_01,121,220233344819,scans/000952.npy,poses/000952.npy,transforms/000952.npz,global_dem,862.8374395832084,-5503.018232454884,27.050688156556827,-0.10106178916632179,-0.08708959436126529,-0.41081176797516217,0.9019066518313377,800.0,-5400.0,-58.722297,included,os1_rev7_128ch20hz1024res_rtx
953,000953,northeast_gap,apollo14_northeast_gap_safe_01,122,221850011570,scans/000953.npy,poses/000953.npy,transforms/000953.npz,global_dem,863.522292990446,-5503.7612654403765,27.253705350846193,-0.11635273425408493,-0.09038743271193671,-0.4598272532956883,0.875700319953057,800.0,-5400.0,-58.722297,included,os1_rev7_128ch20hz1024res_rtx
954,000954,northeast_gap,apollo14_northeast_gap_safe_01,123,223916678344,scans/000954.npy,poses/000954.npy,transforms/000954.npz,global_dem,864.0875643109251,-5504.634617810698,27.483886858484055,-0.1221206274822441,-0.10856770547142833,-0.5046271868632686,0.8477328635545964,800.0,-5400.0,-58.722297,included,os1_rev7_128ch20hz1024res_rtx
955,000955,northeast_gap,apollo14_northeast_gap_safe_01,124,225466678425,scans/000955.npy,poses/000955.npy,transforms/000955.npz,global_dem,864.5820560697309,-5505.545482381276,27.723109076137526,-0.10309617280216037,-0.07866825965190577,-0.5562121476544921,0.8208596292171183,800.0,-5400.0,-58.722297,included,os1_rev7_128ch20hz1024res_rtx
956,000956,northeast_gap,apollo14_northeast_gap_safe_01,125,227350011857,scans/000956.npy,poses/000956.npy,transforms/000956.npz,global_dem,864.9704530210778,-5506.477635597007,27.97712295681365,-0.13074965372718672,-0.11242228046863557,-0.5606301930482034,0.8099132950799034,800.0,-5400.0,-58.722297,included,os1_rev7_128ch20hz1024res_rtx
957,000957,northeast_gap,apollo14_northeast_gap_safe_01,126,228883345270,scans/000957.npy,poses/000957.npy,transforms/000957.npz,global_dem,865.3667040187415,-5507.436064597716,28.199908261412002,-0.10186780745695759,-0.06650792355965687,-0.5597095265196883,0.819710248704261,800.0,-5400.0,-58.722297,included,os1_rev7_128ch20hz1024res_rtx
958,000958,northeast_gap,apollo14_northeast_gap_safe_01,127,230666678696,scans/000958.npy,poses/000958.npy,transforms/000958.npz,global_dem,865.7821015176625,-5508.342029490507,28.42437892119742,-0.13410094329472405,-0.09537166789599215,-0.5419020340888462,0.8241743549884167,800.0,-5400.0,-58.722297,included,os1_rev7_128ch20hz1024res_rtx
959,000959,northeast_gap,apollo14_northeast_gap_safe_01,128,232200012110,scans/000959.npy,poses/000959.npy,transforms/000959.npz,global_dem,866.2054077984176,-5509.296252153244,28.617923224472754,-0.08433186344415922,-0.059737834389815635,-0.5509708051773947,0.8281006580076024,800.0,-5400.0,-58.722297,included,os1_rev7_128ch20hz1024res_rtx
960,000960,northeast_gap,apollo14_northeast_gap_safe_01,129,233983345536,scans/000960.npy,poses/000960.npy,transforms/000960.npz,global_dem,866.6307164331703,-5510.1709384387195,28.82148186512243,-0.1472773265857842,-0.1565594516131256,-0.5329211303290411,0.8184091861857117,800.0,-5400.0,-58.722297,included,os1_rev7_128ch20hz1024res_rtx
961,000961,northeast_gap,apollo14_northeast_gap_safe_01,130,235533345617,scans/000961.npy,poses/000961.npy,transforms/000961.npz,global_dem,867.0579559697181,-5511.187959879584,29.027226590366727,-0.08311327757835421,-0.06483395259496554,-0.569093476841707,0.815488415795905,800.0,-5400.0,-58.722297,included,os1_rev7_128ch20hz1024res_rtx
962,000962,northeast_gap,apollo14_northeast_gap_safe_01,131,237333345711,scans/000962.npy,poses/000962.npy,transforms/000962.npz,global_dem,867.4455599102535,-5512.059603229631,29.241239968267287,-0.12752090509634945,-0.13578701275809027,-0.5543393607949958,0.8111770330840473,800.0,-5400.0,-58.722297,included,os1_rev7_128ch20hz1024res_rtx
963,000963,northeast_gap,apollo14_northeast_gap_safe_01,132,238983345797,scans/000963.npy,poses/000963.npy,transforms/000963.npz,global_dem,867.8551672891272,-5512.990640269989,29.472560894787883,-0.08740508555396966,-0.09768104865074966,-0.545025351987581,0.8281099742453334,800.0,-5400.0,-58.722297,included,os1_rev7_128ch20hz1024res_rtx
964,000964,northeast_gap,apollo14_northeast_gap_safe_01,133,240766679223,scans/000964.npy,poses/000964.npy,transforms/000964.npz,global_dem,868.2995077836836,-5513.892913198191,29.70660602487394,-0.06967362612612034,-0.07381371273384005,-0.5224245234856757,0.8466225480671116,800.0,-5400.0,-58.722297,included,os1_rev7_128ch20hz1024res_rtx
965,000965,northeast_gap,apollo14_northeast_gap_safe_01,134,242433345977,scans/000965.npy,poses/000965.npy,transforms/000965.npz,global_dem,868.799641944181,-5514.748434129956,29.924700698471447,-0.08431361231649968,-0.08726270797084747,-0.5079646754505998,0.8527885570703353,800.0,-5400.0,-58.722297,included,os1_rev7_128ch20hz1024res_rtx
966,000966,northeast_gap,apollo14_northeast_gap_safe_01,135,244416679413,scans/000966.npy,poses/000966.npy,transforms/000966.npz,global_dem,869.3014181233258,-5515.482178852945,30.1537684818356,-0.16641322203538292,-0.19639618779357126,-0.5691002585138171,0.7809353831857417,800.0,-5400.0,-58.722297,included,os1_rev7_128ch20hz1024res_rtx
967,000967,northeast_gap,apollo14_northeast_gap_safe_01,136,246083346167,scans/000967.npy,poses/000967.npy,transforms/000967.npz,global_dem,869.7193628063706,-5516.509097007024,30.420191678639686,-0.09831476933661724,-0.08459141326487266,-0.5745731079706478,0.8081115285213358,800.0,-5400.0,-58.722297,included,os1_rev7_128ch20hz1024res_rtx
968,000968,northeast_gap,apollo14_northeast_gap_safe_01,137,247983346266,scans/000968.npy,poses/000968.npy,transforms/000968.npz,global_dem,870.1960165630023,-5517.354676349557,30.617377689076168,-0.12984387844121018,-0.10856722774299604,-0.5357403702471026,0.8272460214343991,800.0,-5400.0,-58.722297,included,os1_rev7_128ch20hz1024res_rtx
969,000969,northeast_gap,apollo14_northeast_gap_safe_01,138,249600013017,scans/000969.npy,poses/000969.npy,transforms/000969.npz,global_dem,870.6745143893025,-5518.360018886805,30.776842628403184,-0.07355761760313792,-0.028550829202233247,-0.5230655785170281,0.8486321509435418,800.0,-5400.0,-58.722297,included,os1_rev7_128ch20hz1024res_rtx
970,000970,northeast_gap,apollo14_northeast_gap_safe_01,139,251300013106,scans/000970.npy,poses/000970.npy,transforms/000970.npz,global_dem,871.1875340765775,-5519.285578050206,30.88882885636871,-0.047111733106634815,-0.018163549139353946,-0.5182941311514832,0.8537105854446697,800.0,-5400.0,-58.722297,included,os1_rev7_128ch20hz1024res_rtx
971,000971,northeast_gap,apollo14_northeast_gap_safe_01,140,253016679862,scans/000971.npy,poses/000971.npy,transforms/000971.npz,global_dem,871.6882776895516,-5520.196890565093,30.963777225515457,-0.03960407190304177,-0.012398461067375369,-0.5197467338375659,0.8533118587697244,800.0,-5400.0,-58.722297,included,os1_rev7_128ch20hz1024res_rtx
972,000972,northeast_gap,apollo14_northeast_gap_safe_01,141,254600013278,scans/000972.npy,poses/000972.npy,transforms/000972.npz,global_dem,872.216956727379,-5521.106960382504,31.022613045258566,-0.03432489860787343,0.0005434017514066181,-0.5225008380933384,0.8519474046218198,800.0,-5400.0,-58.722297,included,os1_rev7_128ch20hz1024res_rtx
973,000973,northeast_gap,apollo14_northeast_gap_safe_01,142,256350013369,scans/000973.npy,poses/000973.npy,transforms/000973.npz,global_dem,872.6646862000066,-5522.004363796799,31.034268186388058,-0.019383189421411873,-0.009432219209563214,-0.5151892841343444,0.8568053026923784,800.0,-5400.0,-58.722297,included,os1_rev7_128ch20hz1024res_rtx
974,000974,northeast_gap,apollo14_northeast_gap_safe_01,143,257916680118,scans/000974.npy,poses/000974.npy,transforms/000974.npz,global_dem,873.1582311926784,-5522.897513102532,31.11223624380768,-0.06263431828252783,-0.06116737520232415,-0.5015967550541344,0.8606603219059793,800.0,-5400.0,-58.722297,included,os1_rev7_128ch20hz1024res_rtx
975,000975,northeast_gap,apollo14_northeast_gap_safe_01,144,259783346882,scans/000975.npy,poses/000975.npy,transforms/000975.npz,global_dem,873.6503064838628,-5523.728792081377,31.28365085961912,-0.09469338073420082,-0.08043337931221628,-0.4981242970052664,0.8581583885685404,800.0,-5400.0,-58.722297,included,os1_rev7_128ch20hz1024res_rtx
976,000976,northeast_gap,apollo14_northeast_gap_safe_01,145,261250013625,scans/000976.npy,poses/000976.npy,transforms/000976.npz,global_dem,874.1848762599407,-5524.547332567397,31.525776967456476,-0.09165336480641047,-0.08314046680935301,-0.5231438790445521,0.8432127876856501,800.0,-5400.0,-58.722297,included,os1_rev7_128ch20hz1024res_rtx
977,000977,northeast_gap,apollo14_northeast_gap_safe_01,146,263083347054,scans/000977.npy,poses/000977.npy,transforms/000977.npz,global_dem,874.6305578147762,-5525.363328043878,31.77535781194599,-0.1539584080544284,-0.10376313897452184,-0.5314253125459599,0.826509017957414,800.0,-5400.0,-58.722297,included,os1_rev7_128ch20hz1024res_rtx
978,000978,northeast_gap,apollo14_northeast_gap_safe_01,147,264766680475,scans/000978.npy,poses/000978.npy,transforms/000978.npz,global_dem,875.0461277853024,-5526.197444518062,32.10520044868434,-0.18863446352147778,-0.13493703000839438,-0.5247619750574173,0.8190445083378048,800.0,-5400.0,-58.722297,included,os1_rev7_128ch20hz1024res_rtx
979,000979,northeast_gap,apollo14_northeast_gap_safe_01,148,266483347231,scans/000979.npy,poses/000979.npy,transforms/000979.npz,global_dem,875.5181081830352,-5527.11297044867,32.40537425210422,-0.12322380873632374,-0.07478992113356979,-0.551936463537742,0.8213333676862271,800.0,-5400.0,-58.722297,included,os1_rev7_128ch20hz1024res_rtx
980,000980,northeast_gap,apollo14_northeast_gap_safe_01,149,268283347325,scans/000980.npy,poses/000980.npy,transforms/000980.npz,global_dem,875.9759713356052,-5528.054738114382,32.67160571015297,-0.11898225032674183,-0.07467733064281924,-0.5524286812613902,0.8216380422759458,800.0,-5400.0,-58.722297,included,os1_rev7_128ch20hz1024res_rtx
981,000981,northeast_gap,apollo14_northeast_gap_safe_01,150,270083347419,scans/000981.npy,poses/000981.npy,transforms/000981.npz,global_dem,876.4024265864638,-5528.979306058249,32.89136833670614,-0.10205946814736673,-0.04875613452340531,-0.5380612231814651,0.8352824818085662,800.0,-5400.0,-58.722297,included,os1_rev7_128ch20hz1024res_rtx
982,000982,northeast_gap,apollo14_northeast_gap_safe_01,151,271783347507,scans/000982.npy,poses/000982.npy,transforms/000982.npz,global_dem,876.9043123349039,-5529.9103030876,33.078434877482245,-0.09929597081200918,-0.0348540017346236,-0.5214813269934159,0.8467483299899502,800.0,-5400.0,-58.722297,included,os1_rev7_128ch20hz1024res_rtx
983,000983,northeast_gap,apollo14_northeast_gap_safe_01,152,273583347601,scans/000983.npy,poses/000983.npy,transforms/000983.npz,global_dem,877.4065950572846,-5530.756827534156,33.23261407357245,-0.09875166282456023,-0.050404400069621186,-0.507375833273237,0.8545626187432344,800.0,-5400.0,-58.722297,included,os1_rev7_128ch20hz1024res_rtx
984,000984,northeast_gap,apollo14_northeast_gap_safe_01,153,275066681012,scans/000984.npy,poses/000984.npy,transforms/000984.npz,global_dem,877.9237519762376,-5531.646439866443,33.42871854160297,-0.09586163333091767,-0.052072923606403664,-0.5002540031890603,0.8589789812187083,800.0,-5400.0,-58.722297,included,os1_rev7_128ch20hz1024res_rtx
985,000985,northeast_gap,apollo14_northeast_gap_safe_01,154,276983347779,scans/000985.npy,poses/000985.npy,transforms/000985.npz,global_dem,878.4449816225746,-5532.515500818896,33.63209104015494,-0.09015464634100684,-0.06837486392176292,-0.5056573267730463,0.8552822257053779,800.0,-5400.0,-58.722297,included,os1_rev7_128ch20hz1024res_rtx
986,000986,northeast_gap,apollo14_northeast_gap_safe_01,155,278566681195,scans/000986.npy,poses/000986.npy,transforms/000986.npz,global_dem,879.0003070568741,-5533.429538333761,33.82068695796687,-0.09369357990070291,-0.05695643147479885,-0.5207926617005008,0.8466123561098993,800.0,-5400.0,-58.722297,included,os1_rev7_128ch20hz1024res_rtx
987,000987,northeast_gap,apollo14_northeast_gap_safe_01,156,280483347961,scans/000987.npy,poses/000987.npy,transforms/000987.npz,global_dem,879.4693404914026,-5534.314535516162,34.00534209064716,-0.11311803294447598,-0.07638294614022044,-0.5167868133752267,0.8451635023373828,800.0,-5400.0,-58.722297,included,os1_rev7_128ch20hz1024res_rtx
988,000988,northeast_gap,apollo14_northeast_gap_safe_01,157,282016681374,scans/000988.npy,poses/000988.npy,transforms/000988.npz,global_dem,880.0666278862259,-5535.253865970518,34.167721361746764,-0.08746314356947242,-0.03455073918480835,-0.4966729443187025,0.8628281586274988,800.0,-5400.0,-58.722297,included,os1_rev7_128ch20hz1024res_rtx
989,000989,northeast_gap,apollo14_northeast_gap_safe_01,158,284050014814,scans/000989.npy,poses/000989.npy,transforms/000989.npz,global_dem,880.5854476849823,-5536.154953574149,34.3250809681791,-0.08831917629666165,-0.06418682791340286,-0.514912096683112,0.8502619048917199,800.0,-5400.0,-58.722297,included,os1_rev7_128ch20hz1024res_rtx
990,000990,northeast_gap,apollo14_northeast_gap_safe_01,159,285616681562,scans/000990.npy,poses/000990.npy,transforms/000990.npz,global_dem,881.1459534105494,-5537.0465766638845,34.45059441423047,-0.11339643577206143,-0.07746607155975582,-0.4674883786672102,0.8732667816437281,800.0,-5400.0,-58.722297,included,os1_rev7_128ch20hz1024res_rtx
991,000991,northeast_gap,apollo14_northeast_gap_safe_01,160,287633348334,scans/000991.npy,poses/000991.npy,transforms/000991.npz,global_dem,881.719740024444,-5537.915308883576,34.61006343781695,-0.10105667570854844,-0.06512031079946112,-0.5184078810590705,0.8466405153735341,800.0,-5400.0,-58.722297,included,os1_rev7_128ch20hz1024res_rtx
992,000992,northeast_gap,apollo14_northeast_gap_safe_01,161,289083348410,scans/000992.npy,poses/000992.npy,transforms/000992.npz,global_dem,882.1991330448449,-5538.816512613363,34.76055389164671,-0.07702755983441431,-0.04909945216603217,-0.5096571602124023,0.8555148028334641,800.0,-5400.0,-58.722297,included,os1_rev7_128ch20hz1024res_rtx
993,000993,northeast_gap,apollo14_northeast_gap_safe_01,162,291116681849,scans/000993.npy,poses/000993.npy,transforms/000993.npz,global_dem,882.6466037246721,-5539.720982455077,34.91064427135138,-0.07272684659122633,-0.06653049618386789,-0.5316312448476201,0.8412209688091438,800.0,-5400.0,-58.722297,included,os1_rev7_128ch20hz1024res_rtx
994,000994,northeast_gap,apollo14_northeast_gap_safe_01,163,292583348592,scans/000994.npy,poses/000994.npy,transforms/000994.npz,global_dem,883.1507006607894,-5540.662664970243,35.045533066695654,-0.09394214620289058,-0.034685189879959596,-0.5494163497158567,0.8295260607326869,800.0,-5400.0,-58.722297,included,os1_rev7_128ch20hz1024res_rtx
995,000995,northeast_gap,apollo14_northeast_gap_safe_01,164,294616682032,scans/000995.npy,poses/000995.npy,transforms/000995.npz,global_dem,883.5412671850569,-5541.551562062036,35.22781080514622,-0.1177473897014762,-0.05943404273321614,-0.5501048781300445,0.8246137094666834,800.0,-5400.0,-58.722297,included,os1_rev7_128ch20hz1024res_rtx
996,000996,northeast_gap,apollo14_northeast_gap_safe_01,165,296150015445,scans/000996.npy,poses/000996.npy,transforms/000996.npz,global_dem,883.9888921372499,-5542.430794706393,35.46894923156684,-0.14656508880522673,-0.09828340507770475,-0.5417284320751485,0.82182075473381,800.0,-5400.0,-58.722297,included,os1_rev7_128ch20hz1024res_rtx
997,000997,northeast_gap,apollo14_northeast_gap_safe_01,166,298200015552,scans/000997.npy,poses/000997.npy,transforms/000997.npz,global_dem,884.3612966941803,-5543.2390772941235,35.75006037375434,-0.21643271476295387,-0.217423530086339,-0.5275893096687488,0.7921700630978084,800.0,-5400.0,-58.722297,included,os1_rev7_128ch20hz1024res_rtx
998,000998,northeast_gap,apollo14_northeast_gap_safe_01,167,299766682300,scans/000998.npy,poses/000998.npy,transforms/000998.npz,global_dem,884.7131476193672,-5544.047440144556,36.018361262015624,-0.2923567404146749,-0.35258878336416816,-0.5006976638417219,0.7345138089943063,800.0,-5400.0,-58.722297,included,os1_rev7_128ch20hz1024res_rtx
999,000999,northeast_gap,apollo14_northeast_gap_safe_01,168,301600015729,scans/000999.npy,poses/000999.npy,transforms/000999.npz,global_dem,885.0736614115099,-5545.075930104816,36.340268645853385,-0.2185197208378433,-0.28232837219589696,-0.5471902692500005,0.7570486319228628,800.0,-5400.0,-58.722297,included,os1_rev7_128ch20hz1024res_rtx
1000,001000,northeast_gap,apollo14_northeast_gap_safe_01,169,303000015802,scans/001000.npy,poses/001000.npy,transforms/001000.npz,global_dem,885.3999905976347,-5546.222810532977,36.53098642667276,-0.0928393851256972,-0.17192383820271662,-0.5669772082300936,0.8002248982471976,800.0,-5400.0,-58.722297,included,os1_rev7_128ch20hz1024res_rtx
1001,001001,northeast_gap,apollo14_northeast_gap_safe_01,170,304800015896,scans/001001.npy,poses/001001.npy,transforms/001001.npz,global_dem,885.8142383634677,-5547.295432700889,36.61600523671058,-0.033513898537103876,-0.04896657318111156,-0.5531830578594248,0.8309437994311287,800.0,-5400.0,-58.722297,included,os1_rev7_128ch20hz1024res_rtx
1002,001002,northeast_gap,apollo14_northeast_gap_safe_01,171,306233349304,scans/001002.npy,poses/001002.npy,transforms/001002.npz,global_dem,886.2046034467955,-5548.289690798867,36.66573666900459,-0.0067436972247897214,-0.010505289561860955,-0.5456748110154988,0.8379040291478265,800.0,-5400.0,-58.722297,included,os1_rev7_128ch20hz1024res_rtx
1003,001003,northeast_gap,apollo14_northeast_gap_safe_01,172,308150016071,scans/001003.npy,poses/001003.npy,transforms/001003.npz,global_dem,886.6275740401086,-5549.206408874907,36.69741632456339,0.011649627826684404,-0.0251795183189822,-0.5178407688347636,0.8550270265677834,800.0,-5400.0,-58.722297,included,os1_rev7_128ch20hz1024res_rtx
1004,001004,northeast_gap,apollo14_northeast_gap_safe_01,173,309633349481,scans/001004.npy,poses/001004.npy,transforms/001004.npz,global_dem,887.0669608625535,-5550.087237013236,36.74607975417684,0.015238975187806463,-0.07517842869532017,-0.49476430011956196,0.8656351799813407,800.0,-5400.0,-58.722297,included,os1_rev7_128ch20hz1024res_rtx
1005,001005,northeast_gap,apollo14_northeast_gap_safe_01,174,311616682918,scans/001005.npy,poses/001005.npy,transforms/001005.npz,global_dem,887.5229298248721,-5550.973144339396,36.86127067310387,0.03178163052349312,-0.16328960905077528,-0.4667269893506693,0.8686151903742954,800.0,-5400.0,-58.722297,included,os1_rev7_128ch20hz1024res_rtx
1006,001006,northeast_gap,apollo14_northeast_gap_safe_01,175,313100016329,scans/001006.npy,poses/001006.npy,transforms/001006.npz,global_dem,888.0407374601655,-5551.855796615434,36.994002343113976,0.0373912001376562,-0.14408489991634568,-0.4355965734640451,0.8877483117160772,800.0,-5400.0,-58.722297,included,os1_rev7_128ch20hz1024res_rtx
1007,001007,northeast_gap,apollo14_northeast_gap_safe_01,176,315083349766,scans/001007.npy,poses/001007.npy,transforms/001007.npz,global_dem,888.4588950235361,-5552.667664411154,37.19535830586403,-0.005494973711021125,-0.2704079480771585,-0.3658273688580556,0.8905165259976977,800.0,-5400.0,-58.722297,included,os1_rev7_128ch20hz1024res_rtx
1008,001008,northeast_gap,apollo14_northeast_gap_safe_01,177,316583349844,scans/001008.npy,poses/001008.npy,transforms/001008.npz,global_dem,889.1804059662676,-5553.44323618978,37.44858621702066,-0.009199169348418268,-0.1931625751340786,-0.4268803738752436,0.883389348617586,800.0,-5400.0,-58.722297,included,os1_rev7_128ch20hz1024res_rtx
1009,001009,northeast_gap,apollo14_northeast_gap_safe_01,178,318616683283,scans/001009.npy,poses/001009.npy,transforms/001009.npz,global_dem,889.5301755713257,-5554.326133774276,37.673700883867866,0.014111562122290177,-0.3309973072876951,-0.39418304472502663,0.8572405576231631,800.0,-5400.0,-58.722297,included,os1_rev7_128ch20hz1024res_rtx
1010,001010,northeast_gap,apollo14_northeast_gap_safe_01,179,320716683393,scans/001010.npy,poses/001010.npy,transforms/001010.npz,global_dem,890.038703344867,-5555.119426714967,37.859695540308884,-0.07674057211158905,-0.4406159198526728,-0.32742831057295246,0.8323215707884251,800.0,-5400.0,-58.722297,included,os1_rev7_128ch20hz1024res_rtx
1011,001011,northeast_gap,apollo14_northeast_gap_safe_01,180,322716683497,scans/001011.npy,poses/001011.npy,transforms/001011.npz,global_dem,890.8450402810915,-5555.73847592656,38.118509090367176,-0.10477067606736361,-0.35804435273993757,-0.32736713603170325,0.8681348427253839,800.0,-5400.0,-58.722297,included,os1_rev7_128ch20hz1024res_rtx
1012,001012,northeast_gap,apollo14_northeast_gap_safe_01,181,324183350240,scans/001012.npy,poses/001012.npy,transforms/001012.npz,global_dem,891.7240232243997,-5556.480240977131,38.265992677094864,-0.07025760806579438,-0.14865154316466284,-0.41842510602908295,0.8932452170978518,800.0,-5400.0,-58.722297,included,os1_rev7_128ch20hz1024res_rtx
1013,001013,northeast_gap,apollo14_northeast_gap_safe_01,182,327416683742,scans/001013.npy,poses/001013.npy,transforms/001013.npz,global_dem,892.3780756657516,-5557.353780526281,38.35080967731872,-0.04759814616383024,-0.04292975244141896,-0.5117492312496136,0.8567404374444542,800.0,-5400.0,-58.722297,included,os1_rev7_128ch20hz1024res_rtx
1014,001014,northeast_gap,apollo14_northeast_gap_safe_01,183,328966683823,scans/001014.npy,poses/001014.npy,transforms/001014.npz,global_dem,892.8589847177132,-5558.224077189262,38.47916625547498,-0.04445539171591138,-0.04522030064519105,-0.5399964864321832,0.8392750664697721,800.0,-5400.0,-58.722297,included,os1_rev7_128ch20hz1024res_rtx
1015,001015,northeast_gap,apollo14_northeast_gap_safe_01,184,331400017283,scans/001015.npy,poses/001015.npy,transforms/001015.npz,global_dem,893.2155755394491,-5559.237191712997,38.60624488092136,-0.04244114488418222,-0.05635965769972595,-0.6128450639835509,0.7870471814039405,800.0,-5400.0,-58.722297,included,os1_rev7_128ch20hz1024res_rtx
1016,001016,northeast_gap,apollo14_northeast_gap_safe_01,185,332900017362,scans/001016.npy,poses/001016.npy,transforms/001016.npz,global_dem,893.4561863141971,-5560.226540831672,38.686842902659805,-0.06516164389817397,-0.09759002639617531,-0.6002573029505247,0.7911518926015683,800.0,-5400.0,-58.722297,included,os1_rev7_128ch20hz1024res_rtx
1017,001017,northeast_gap,apollo14_northeast_gap_safe_01,186,334633350785,scans/001017.npy,poses/001017.npy,transforms/001017.npz,global_dem,893.7225490517649,-5561.235676482185,38.77946012420208,-0.015425411334906528,-0.06321826002713639,-0.5909854400136068,0.8040533054320553,800.0,-5400.0,-58.722297,included,os1_rev7_128ch20hz1024res_rtx
1018,001018,northeast_gap,apollo14_northeast_gap_safe_01,187,336116684196,scans/001018.npy,poses/001018.npy,transforms/001018.npz,global_dem,894.0110807526554,-5562.185909199787,38.9178955082647,-0.025003403817061925,-0.07583458939431405,-0.5814442121321665,0.8096583063409903,800.0,-5400.0,-58.722297,included,os1_rev7_128ch20hz1024res_rtx
1019,001019,northeast_gap,apollo14_northeast_gap_safe_01,188,338100017633,scans/001019.npy,poses/001019.npy,transforms/001019.npz,global_dem,894.2684913896273,-5563.0685708627925,39.07789029564063,-0.0991085754084875,-0.19072343521339186,-0.5362322545892991,0.8162456925944421,800.0,-5400.0,-58.722297,included,os1_rev7_128ch20hz1024res_rtx
1020,001020,northeast_gap,apollo14_northeast_gap_safe_01,189,339533351041,scans/001020.npy,poses/001020.npy,transforms/001020.npz,global_dem,894.7423127453739,-5564.0965671191425,39.27458397834564,-0.030218749131338013,-0.07216869478284502,-0.5305259499100629,0.8440501899569144,800.0,-5400.0,-58.722297,included,os1_rev7_128ch20hz1024res_rtx
1021,001021,northeast_gap,apollo14_northeast_gap_safe_01,190,341400017805,scans/001021.npy,poses/001021.npy,transforms/001021.npz,global_dem,895.1480764119805,-5564.94079302973,39.44866913467892,-0.07325108499522982,-0.14588011104759294,-0.5116292259682679,0.8435572339105833,800.0,-5400.0,-58.722297,included,os1_rev7_128ch20hz1024res_rtx
1022,001022,northeast_gap,apollo14_northeast_gap_safe_01,191,342933351218,scans/001022.npy,poses/001022.npy,transforms/001022.npz,global_dem,895.616317216159,-5565.934870137347,39.63396659205623,-0.03384299142476565,-0.084380770210686,-0.5154525161234562,0.8520817103846747,800.0,-5400.0,-58.722297,included,os1_rev7_128ch20hz1024res_rtx
1023,001023,northeast_gap,apollo14_northeast_gap_safe_01,192,344816684650,scans/001023.npy,poses/001023.npy,transforms/001023.npz,global_dem,896.1510427737813,-5566.823633601862,39.84661582575469,-0.06227820136766648,-0.07130927269053725,-0.4996279365976319,0.8610507175735631,800.0,-5400.0,-58.722297,included,os1_rev7_128ch20hz1024res_rtx
1024,001024,northeast_gap,apollo14_northeast_gap_safe_01,193,346466684736,scans/001024.npy,poses/001024.npy,transforms/001024.npz,global_dem,896.6667065599253,-5567.698882558099,40.01897864921791,-0.039130667943055836,-0.0856309297168438,-0.4557585023920997,0.8851103446460615,800.0,-5400.0,-58.722297,included,os1_rev7_128ch20hz1024res_rtx
1025,001025,northeast_gap,apollo14_northeast_gap_safe_01,194,348250018162,scans/001025.npy,poses/001025.npy,transforms/001025.npz,global_dem,897.251832546056,-5568.521029518065,40.21203067943986,-0.03564998450465636,-0.0837799288678493,-0.46516483195159275,0.880529205216478,800.0,-5400.0,-58.722297,included,os1_rev7_128ch20hz1024res_rtx
1026,001026,northeast_gap,apollo14_northeast_gap_safe_01,195,349900018248,scans/001026.npy,poses/001026.npy,transforms/001026.npz,global_dem,897.8223209278187,-5569.376489180302,40.40655067185537,-0.035686149627078376,-0.08530577646195152,-0.4796227824584891,0.8725889122455054,800.0,-5400.0,-58.722297,included,os1_rev7_128ch20hz1024res_rtx
1027,001027,northeast_gap,apollo14_northeast_gap_safe_01,196,351683351675,scans/001027.npy,poses/001027.npy,transforms/001027.npz,global_dem,898.328122590672,-5570.246769823814,40.603883368882826,-0.021514701631471147,-0.09864335455076341,-0.4859014656620891,0.868162641377821,800.0,-5400.0,-58.722297,included,os1_rev7_128ch20hz1024res_rtx
1028,001028,northeast_gap,apollo14_northeast_gap_safe_01,197,353350018428,scans/001028.npy,poses/001028.npy,transforms/001028.npz,global_dem,898.8161888400568,-5571.120970671395,40.792969210196716,-0.03300038318755444,-0.09386388982561789,-0.47529675637467544,0.8741816391780323,800.0,-5400.0,-58.722297,included,os1_rev7_128ch20hz1024res_rtx
1029,001029,northeast_gap,apollo14_northeast_gap_safe_01,198,355150018522,scans/001029.npy,poses/001029.npy,transforms/001029.npz,global_dem,899.2940582503671,-5571.971501197075,40.99410995183525,-0.028968077853056315,-0.13172058710446458,-0.47450437057152867,0.8698598391159761,800.0,-5400.0,-58.722297,included,os1_rev7_128ch20hz1024res_rtx
1030,001030,northeast_gap,apollo14_northeast_gap_safe_01,199,356866685278,scans/001030.npy,poses/001030.npy,transforms/001030.npz,global_dem,899.8307132683695,-5572.808699390857,41.189406880055316,-0.07295978886004915,-0.15954310718683384,-0.49480526243475387,0.8511114018890488,800.0,-5400.0,-58.722297,included,os1_rev7_128ch20hz1024res_rtx
1031,001031,northeast_gap,apollo14_northeast_gap_safe_01,200,358716685375,scans/001031.npy,poses/001031.npy,transforms/001031.npz,global_dem,900.3276341978226,-5573.7108479708495,41.39480169765956,-0.10420381113232238,-0.2001276349688041,-0.5087198006143021,0.8308397317956316,800.0,-5400.0,-58.722297,included,os1_rev7_128ch20hz1024res_rtx
1032,001032,northeast_gap,apollo14_northeast_gap_safe_01,201,360333352126,scans/001032.npy,poses/001032.npy,transforms/001032.npz,global_dem,900.8355882478479,-5574.731418601777,41.57524513099608,-0.03687012239770022,-0.07280288205557098,-0.5468998309760934,0.8332112033074818,800.0,-5400.0,-58.722297,included,os1_rev7_128ch20hz1024res_rtx
1033,001033,northeast_gap,apollo14_northeast_gap_safe_01,202,362016685547,scans/001033.npy,poses/001033.npy,transforms/001033.npz,global_dem,901.2507071533389,-5575.692984148924,41.72862058080689,-0.033987060526662866,-0.06243820910086032,-0.5529031120001892,0.8302075032794756,800.0,-5400.0,-58.722297,included,os1_rev7_128ch20hz1024res_rtx
1034,001034,northeast_gap,apollo14_northeast_gap_safe_01,203,363816685641,scans/001034.npy,poses/001034.npy,transforms/001034.npz,global_dem,901.6248486419536,-5576.642224131867,41.86167865556082,-0.03326930471632876,-0.06615040393093066,-0.5572534768243413,0.8270343644557039,800.0,-5400.0,-58.722297,included,os1_rev7_128ch20hz1024res_rtx
1035,001035,northeast_gap,apollo14_northeast_gap_safe_01,204,365233352381,scans/001035.npy,poses/001035.npy,transforms/001035.npz,global_dem,901.9833704955145,-5577.549713458973,42.029661121458,-0.04179842165348851,-0.08672737737590738,-0.547160415944786,0.8314726292451863,800.0,-5400.0,-58.722297,included,os1_rev7_128ch20hz1024res_rtx
1036,001036,northeast_gap,apollo14_northeast_gap_safe_01,205,367016685808,scans/001036.npy,poses/001036.npy,transforms/001036.npz,global_dem,902.417096237012,-5578.479594452515,42.16130371839971,-0.03633772639936834,-0.07132263471733544,-0.5237555504700121,0.8480995075867906,800.0,-5400.0,-58.722297,included,os1_rev7_128ch20hz1024res_rtx
1037,001037,northeast_gap,apollo14_northeast_gap_safe_01,206,368666685894,scans/001037.npy,poses/001037.npy,transforms/001037.npz,global_dem,902.9107946680657,-5579.419268537238,42.327630803954335,-0.04418496917798501,-0.07879547848543075,-0.5229258650050091,0.8475774305500091,800.0,-5400.0,-58.722297,included,os1_rev7_128ch20hz1024res_rtx
1038,001038,northeast_gap,apollo14_northeast_gap_safe_01,207,370566685993,scans/001038.npy,poses/001038.npy,transforms/001038.npz,global_dem,903.3727735229786,-5580.341966385308,42.481683505284884,-0.04480335877040764,-0.07869288502559979,-0.5071964879496528,0.857059981273642,800.0,-5400.0,-58.722297,included,os1_rev7_128ch20hz1024res_rtx
1039,001039,northeast_gap,apollo14_northeast_gap_safe_01,208,372000019401,scans/001039.npy,poses/001039.npy,transforms/001039.npz,global_dem,903.9184070215097,-5581.2803560061775,42.651229848445794,-0.050882898802822256,-0.054682645546545235,-0.49578920367912543,0.8652247132396713,800.0,-5400.0,-58.722297,included,os1_rev7_128ch20hz1024res_rtx
1040,001040,northeast_gap,apollo14_northeast_gap_safe_01,209,373900019500,scans/001040.npy,poses/001040.npy,transforms/001040.npz,global_dem,904.4199089687378,-5582.149114686267,42.77940325056137,-0.03536719044126016,-0.06473359372493256,-0.49229910268401694,0.867294827137957,800.0,-5400.0,-58.722297,included,os1_rev7_128ch20hz1024res_rtx
1041,001041,northeast_gap,apollo14_northeast_gap_safe_01,210,375416686246,scans/001041.npy,poses/001041.npy,transforms/001041.npz,global_dem,904.912242784562,-5582.99896587604,42.932950118375494,-0.08814225613802483,-0.16324875208407436,-0.4882319859301774,0.8527662725158438,800.0,-5400.0,-58.722297,included,os1_rev7_128ch20hz1024res_rtx
1042,001042,northeast_gap,apollo14_northeast_gap_safe_01,211,377233353007,scans/001042.npy,poses/001042.npy,transforms/001042.npz,global_dem,905.6726535513745,-5583.900396342119,42.976526905726075,-0.20735997880900686,0.08731294542758611,-0.5179831427145162,0.8252707147431567,800.0,-5400.0,-58.722297,included,os1_rev7_128ch20hz1024res_rtx
1043,001043,northeast_gap,apollo14_northeast_gap_safe_01,212,379500019792,scans/001043.npy,poses/001043.npy,transforms/001043.npz,global_dem,906.0765863701012,-5584.363349712659,43.0836012453509,-0.31640180447036625,-0.37641495023575,-0.2682583569204356,0.8283955198510324,800.0,-5400.0,-58.722297,included,os1_rev7_128ch20hz1024res_rtx
1044,001044,northeast_gap,apollo14_northeast_gap_safe_01,213,389950020337,scans/001044.npy,poses/001044.npy,transforms/001044.npz,global_dem,907.057952604733,-5584.082292155231,43.290017895163146,-0.061764999406468714,0.009958746220682707,-0.04381990176402542,0.9970785949118667,800.0,-5400.0,-58.722297,included,os1_rev7_128ch20hz1024res_rtx
1045,001045,northeast_gap,apollo14_northeast_gap_safe_01,214,396666687354,scans/001045.npy,poses/001045.npy,transforms/001045.npz,global_dem,907.9946640340813,-5584.219404589475,43.354606616971644,-0.057470884961353004,-0.0658753750022005,-0.11751503163538221,0.989215724546377,800.0,-5400.0,-58.722297,included,os1_rev7_128ch20hz1024res_rtx
1046,001046,northeast_gap,apollo14_northeast_gap_safe_01,215,403366687703,scans/001046.npy,poses/001046.npy,transforms/001046.npz,global_dem,908.960102113842,-5584.506027683421,43.4960235542999,-0.0543179887737769,-0.0652777675546182,-0.182895026034392,0.9794579003768035,800.0,-5400.0,-58.722297,included,os1_rev7_128ch20hz1024res_rtx
1047,001047,dem_safe_connector,apollo14_dem_safe_connector_only_01,0,5166666936,scans/001047.npy,poses/001047.npy,transforms/001047.npz,global_dem,543.1338910410884,-5615.9133710071255,-0.12499232170097335,-0.03500757859873977,-0.10228811581671349,0.015148635050865082,0.9940232037831991,543.419315,-5615.947506,-0.60866,included,os1_rev7_128ch20hz1024res_rtx
1048,001048,dem_safe_connector,apollo14_dem_safe_connector_only_01,1,9233333814,scans/001048.npy,poses/001048.npy,transforms/001048.npz,global_dem,544.1429750977812,-5615.775767005956,0.07054321589626561,-0.08421437077735192,-0.12497372314547237,0.008102473474307542,0.9885463358898923,543.419315,-5615.947506,-0.60866,included,os1_rev7_128ch20hz1024res_rtx
1049,001049,dem_safe_connector,apollo14_dem_safe_connector_only_01,2,11016667241,scans/001049.npy,poses/001049.npy,transforms/001049.npz,global_dem,545.089269237736,-5615.711083991225,0.30846347602215785,-0.08488145123215353,-0.18454684261846657,-0.010071480994584285,0.9790996718347189,543.419315,-5615.947506,-0.60866,included,os1_rev7_128ch20hz1024res_rtx
1050,001050,dem_safe_connector,apollo14_dem_safe_connector_only_01,3,12983334010,scans/001050.npy,poses/001050.npy,transforms/001050.npz,global_dem,546.044895835646,-5615.606857930354,0.6041032750567585,-0.06856523270121481,-0.18035942953848902,0.12135353400887189,0.9736747941816799,543.419315,-5615.947506,-0.60866,included,os1_rev7_128ch20hz1024res_rtx
1051,001051,dem_safe_connector,apollo14_dem_safe_connector_only_01,4,15200000792,scans/001051.npy,poses/001051.npy,transforms/001051.npz,global_dem,546.9350924383574,-5615.248623756947,0.909099323051014,-0.04262991422047191,-0.19058457812547203,0.24575918684173084,0.9494538593724196,543.419315,-5615.947506,-0.60866,included,os1_rev7_128ch20hz1024res_rtx
1052,001052,dem_safe_connector,apollo14_dem_safe_connector_only_01,5,18016667606,scans/001052.npy,poses/001052.npy,transforms/001052.npz,global_dem,547.7368509025463,-5614.5585054375615,1.0969345426178476,-0.07487893855875259,-0.0839750047958523,0.414030540020982,0.9032829318988514,543.419315,-5615.947506,-0.60866,included,os1_rev7_128ch20hz1024res_rtx
1053,001053,dem_safe_connector,apollo14_dem_safe_connector_only_01,6,21183334438,scans/001053.npy,poses/001053.npy,transforms/001053.npz,global_dem,548.2626126707737,-5613.664877007536,1.1170054531822675,-0.09309719365051147,-0.0357356948484518,0.5434359529903403,0.8335065912430316,543.419315,-5615.947506,-0.60866,included,os1_rev7_128ch20hz1024res_rtx
1054,001054,dem_safe_connector,apollo14_dem_safe_connector_only_01,7,28216668138,scans/001054.npy,poses/001054.npy,transforms/001054.npz,global_dem,548.5312393126101,-5612.699781136396,1.0696840711270488,-0.05819824970924851,-0.03586978060589431,0.6681590032236054,0.7408710204761036,543.419315,-5615.947506,-0.60866,included,os1_rev7_128ch20hz1024res_rtx
1055,001055,dem_safe_connector,apollo14_dem_safe_connector_only_01,8,32683335037,scans/001055.npy,poses/001055.npy,transforms/001055.npz,global_dem,548.5079916898213,-5611.6925838454445,1.0459917812940045,-0.032106241518659796,-0.026031927595510092,0.7745057613062972,0.6312149821610389,543.419315,-5615.947506,-0.60866,included,os1_rev7_128ch20hz1024res_rtx
1056,001056,dem_safe_connector,apollo14_dem_safe_connector_only_01,9,34716668477,scans/001056.npy,poses/001056.npy,transforms/001056.npz,global_dem,548.2912372059557,-5610.637215859977,0.9779972768144528,-0.025608890959389747,0.02592411669616648,0.7970398286740605,0.6028263733319719,543.419315,-5615.947506,-0.60866,included,os1_rev7_128ch20hz1024res_rtx
1057,001057,dem_safe_connector,apollo14_dem_safe_connector_only_01,10,36233335223,scans/001057.npy,poses/001057.npy,transforms/001057.npz,global_dem,548.0308793983917,-5609.598821796548,0.8483066895838114,-0.042222362893664454,0.04530498950326635,0.7892052667473537,0.6109989991284952,543.419315,-5615.947506,-0.60866,included,os1_rev7_128ch20hz1024res_rtx
1058,001058,dem_safe_connector,apollo14_dem_safe_connector_only_01,11,37750001968,scans/001058.npy,poses/001058.npy,transforms/001058.npz,global_dem,547.7973889301607,-5608.67370724425,0.7674214090686784,-0.0046817035519957,0.006322913613098315,0.7759291849632016,0.6307709586986661,543.419315,-5615.947506,-0.60866,included,os1_rev7_128ch20hz1024res_rtx
1059,001059,dem_safe_connector,apollo14_dem_safe_connector_only_01,12,39433335389,scans/001059.npy,poses/001059.npy,transforms/001059.npz,global_dem,547.6252885074422,-5607.655610397271,0.7600972333502372,-0.002045504673517316,-0.004555356049383013,0.7410229750180971,0.671461104709143,543.419315,-5615.947506,-0.60866,included,os1_rev7_128ch20hz1024res_rtx
1060,001060,dem_safe_connector,apollo14_dem_safe_connector_only_01,13,41416668826,scans/001060.npy,poses/001060.npy,transforms/001060.npz,global_dem,547.5134021286498,-5606.583224146348,0.7331319110749381,-0.05650516223737607,-0.017758421696593384,0.6855419554707652,0.7256197574409707,543.419315,-5615.947506,-0.60866,included,os1_rev7_128ch20hz1024res_rtx
1061,001061,dem_safe_connector,apollo14_dem_safe_connector_only_01,14,47050002453,scans/001061.npy,poses/001061.npy,transforms/001061.npz,global_dem,547.552964731904,-5605.5699900072295,0.671264086883615,-0.0764389798188818,-0.06045197176666675,0.5350079654646416,0.8392074346448294,543.419315,-5615.947506,-0.60866,included,os1_rev7_128ch20hz1024res_rtx
1062,001062,dem_safe_connector,apollo14_dem_safe_connector_only_01,15,53533336125,scans/001062.npy,poses/001062.npy,transforms/001062.npz,global_dem,548.0424785886917,-5604.672177196954,0.6978461279641568,-0.08611783336949395,-0.10434793804642792,0.3453580046667947,0.9286673652141402,543.419315,-5615.947506,-0.60866,included,os1_rev7_128ch20hz1024res_rtx
1063,001063,dem_safe_connector,apollo14_dem_safe_connector_only_01,16,57533336333,scans/001063.npy,poses/001063.npy,transforms/001063.npz,global_dem,548.771940682459,-5604.076423254997,0.8583034780308687,-0.02906852518617783,-0.22407546133900616,0.20976018717383338,0.9512864302332976,543.419315,-5615.947506,-0.60866,included,os1_rev7_128ch20hz1024res_rtx
1064,001064,dem_safe_connector,apollo14_dem_safe_connector_only_01,17,59400003097,scans/001064.npy,poses/001064.npy,transforms/001064.npz,global_dem,549.8490647815364,-5603.714990289704,0.9836333019318455,-0.047906508586354306,-0.06921968681178435,0.1359777508391168,0.9871289949492311,543.419315,-5615.947506,-0.60866,included,os1_rev7_128ch20hz1024res_rtx
1065,001065,dem_safe_connector,apollo14_dem_safe_connector_only_01,18,61050003184,scans/001065.npy,poses/001065.npy,transforms/001065.npz,global_dem,550.804339728859,-5603.276676612432,0.9967441741297473,-0.13138626870921677,-0.05926336748578859,0.14713424266368785,0.9785586422410754,543.419315,-5615.947506,-0.60866,included,os1_rev7_128ch20hz1024res_rtx
1066,001066,dem_safe_connector,apollo14_dem_safe_connector_only_01,19,62866669945,scans/001066.npy,poses/001066.npy,transforms/001066.npz,global_dem,551.5564234176051,-5602.801060797277,1.1097264705084118,-0.06642656531102666,-0.18717420292154588,0.3623102610824786,0.9106506486551306,543.419315,-5615.947506,-0.60866,included,os1_rev7_128ch20hz1024res_rtx
1067,001067,dem_safe_connector,apollo14_dem_safe_connector_only_01,20,64366670023,scans/001067.npy,poses/001067.npy,transforms/001067.npz,global_dem,552.3027374956788,-5601.968154505004,1.1387614127057475,-0.0620281567137061,-0.11698541231480306,0.41491566519934203,0.9001732676837405,543.419315,-5615.947506,-0.60866,included,os1_rev7_128ch20hz1024res_rtx
1068,001068,dem_safe_connector,apollo14_dem_safe_connector_only_01,21,65966670107,scans/001068.npy,poses/001068.npy,transforms/001068.npz,global_dem,552.9324376938903,-5601.054732326243,1.1171047069346063,-0.1253880433873145,-0.06947193912744816,0.4480150375502005,0.8824590723530841,543.419315,-5615.947506,-0.60866,included,os1_rev7_128ch20hz1024res_rtx
1069,001069,dem_safe_connector,apollo14_dem_safe_connector_only_01,22,67666670195,scans/001069.npy,poses/001069.npy,transforms/001069.npz,global_dem,553.4886419853831,-5600.213736329058,1.127957548510262,-0.11403904908478502,-0.14603903955023995,0.36896830953140375,0.9107854197189478,543.419315,-5615.947506,-0.60866,included,os1_rev7_128ch20hz1024res_rtx
1070,001070,dem_safe_connector,apollo14_dem_safe_connector_only_01,23,69633336964,scans/001070.npy,poses/001070.npy,transforms/001070.npz,global_dem,554.135593711026,-5599.383097123016,1.255809392096903,-0.10176467273054605,-0.19029140455137414,0.32456336896314186,0.9209189716067345,543.419315,-5615.947506,-0.60866,included,os1_rev7_128ch20hz1024res_rtx
1071,001071,dem_safe_connector,apollo14_dem_safe_connector_only_01,24,71366670388,scans/001071.npy,poses/001071.npy,transforms/001071.npz,global_dem,554.9211567051472,-5598.722718196563,1.4332271914539687,-0.06984115885304064,-0.14705043437737558,0.26510569252676824,0.9503774797781102,543.419315,-5615.947506,-0.60866,included,os1_rev7_128ch20hz1024res_rtx
1072,001072,dem_safe_connector,apollo14_dem_safe_connector_only_01,25,72950003804,scans/001072.npy,poses/001072.npy,transforms/001072.npz,global_dem,555.7866162388317,-5598.12408596951,1.5745072491278325,-0.10230828482442847,-0.10705152510827465,0.23028775329803952,0.9617902767803476,543.419315,-5615.947506,-0.60866,included,os1_rev7_128ch20hz1024res_rtx
1073,001073,dem_safe_connector,apollo14_dem_safe_connector_only_01,26,74633337225,scans/001073.npy,poses/001073.npy,transforms/001073.npz,global_dem,556.7130608138891,-5597.652404199436,1.6615064266550053,-0.06348423206279678,-0.08783151059594561,0.26472269667230475,0.9582156708655803,543.419315,-5615.947506,-0.60866,included,os1_rev7_128ch20hz1024res_rtx
1074,001074,dem_safe_connector,apollo14_dem_safe_connector_only_01,27,76333337314,scans/001074.npy,poses/001074.npy,transforms/001074.npz,global_dem,557.556824772369,-5597.026922680542,1.7713170924990356,-0.07944936650065923,-0.08773682726690839,0.3116349268445878,0.942800996856892,543.419315,-5615.947506,-0.60866,included,os1_rev7_128ch20hz1024res_rtx
1075,001075,dem_safe_connector,apollo14_dem_safe_connector_only_01,28,78033337403,scans/001075.npy,poses/001075.npy,transforms/001075.npz,global_dem,558.3479915027253,-5596.353892334972,1.8858159950287408,-0.07451212160950894,-0.08744240514503603,0.3444387258632935,0.9317530432691766,543.419315,-5615.947506,-0.60866,included,os1_rev7_128ch20hz1024res_rtx
1076,001076,dem_safe_connector,apollo14_dem_safe_connector_only_01,29,79733337491,scans/001076.npy,poses/001076.npy,transforms/001076.npz,global_dem,559.115379072134,-5595.609989297077,1.9832236890242418,-0.07576287757599447,-0.0790140588506554,0.37947922119455246,0.9187014126292209,543.419315,-5615.947506,-0.60866,included,os1_rev7_128ch20hz1024res_rtx
1077,001077,dem_safe_connector,apollo14_dem_safe_connector_only_01,30,81333337575,scans/001077.npy,poses/001077.npy,transforms/001077.npz,global_dem,559.8015003599827,-5594.855601760479,2.0570788062417806,-0.08345620281916977,-0.07535771989584727,0.4059965168244482,0.9069305952439362,543.419315,-5615.947506,-0.60866,included,os1_rev7_128ch20hz1024res_rtx
1078,001078,dem_safe_connector,apollo14_dem_safe_connector_only_01,31,82933337658,scans/001078.npy,poses/001078.npy,transforms/001078.npz,global_dem,560.3908180096043,-5594.016124730267,2.092783622764507,-0.08762666742436165,-0.06899193592181076,0.3985368930133837,0.910346101678422,543.419315,-5615.947506,-0.60866,included,os1_rev7_128ch20hz1024res_rtx
1079,001079,dem_safe_connector,apollo14_dem_safe_connector_only_01,32,84550004409,scans/001079.npy,poses/001079.npy,transforms/001079.npz,global_dem,561.0213706691857,-5593.227711817951,2.1413742253846784,-0.08584559200842529,-0.08329963147211387,0.3893490861919423,0.9132902029534931,543.419315,-5615.947506,-0.60866,included,os1_rev7_128ch20hz1024res_rtx
1080,001080,dem_safe_connector,apollo14_dem_safe_connector_only_01,33,86316671168,scans/001080.npy,poses/001080.npy,transforms/001080.npz,global_dem,561.5993333661576,-5592.362362376927,2.183910317720804,-0.10549223053524998,-0.1364680916082142,0.3484094590882525,0.9213352799536884,543.419315,-5615.947506,-0.60866,included,os1_rev7_128ch20hz1024res_rtx
1081,001081,dem_safe_connector,apollo14_dem_safe_connector_only_01,34,88083337927,scans/001081.npy,poses/001081.npy,transforms/001081.npz,global_dem,562.3560555044339,-5591.620127450402,2.279524015685703,-0.08095428809908382,-0.12378560832494222,0.3419275044828473,0.9280135279661214,543.419315,-5615.947506,-0.60866,included,os1_rev7_128ch20hz1024res_rtx
1082,001082,dem_safe_connector,apollo14_dem_safe_connector_only_01,35,89800004683,scans/001082.npy,poses/001082.npy,transforms/001082.npz,global_dem,563.0615523382326,-5590.904557903388,2.4267490977646187,-0.08404668589485569,-0.13087900093229257,0.3035768505648151,0.9400254983276807,543.419315,-5615.947506,-0.60866,included,os1_rev7_128ch20hz1024res_rtx
1083,001083,dem_safe_connector,apollo14_dem_safe_connector_only_01,36,91550004774,scans/001083.npy,poses/001083.npy,transforms/001083.npz,global_dem,563.8407954663273,-5590.216659377546,2.6110256105169714,-0.08989697690199497,-0.13860377862939094,0.27990671644704546,0.9457059565115207,543.419315,-5615.947506,-0.60866,included,os1_rev7_128ch20hz1024res_rtx
1084,001084,dem_safe_connector,apollo14_dem_safe_connector_only_01,37,93166671525,scans/001084.npy,poses/001084.npy,transforms/001084.npz,global_dem,564.5991380527435,-5589.616761608279,2.7860254292240567,-0.07213369959284299,-0.15933653875900466,0.30658839075690364,0.9356346271127646,543.419315,-5615.947506,-0.60866,included,os1_rev7_128ch20hz1024res_rtx
1085,001085,dem_safe_connector,apollo14_dem_safe_connector_only_01,38,94633338268,scans/001085.npy,poses/001085.npy,transforms/001085.npz,global_dem,565.5036170629413,-5588.923605074878,2.832936333537412,-0.08170441605761082,-0.008954224959545468,0.325010110167575,0.9421319645043997,543.419315,-5615.947506,-0.60866,included,os1_rev7_128ch20hz1024res_rtx
1086,001086,dem_safe_connector,apollo14_dem_safe_connector_only_01,39,96266671687,scans/001086.npy,poses/001086.npy,transforms/001086.npz,global_dem,566.3130337352344,-5588.27618633798,2.7869789118793835,-0.08529597196459297,-0.00830226009844738,0.33107067614912267,0.9397062716817612,543.419315,-5615.947506,-0.60866,included,os1_rev7_128ch20hz1024res_rtx
1087,001087,dem_safe_connector,apollo14_dem_safe_connector_only_01,40,97850005103,scans/001087.npy,poses/001087.npy,transforms/001087.npz,global_dem,567.0851047871563,-5587.600218014394,2.766237031900061,-0.08506116090233176,-0.05355099409418207,0.3561542803622796,0.9290053920818218,543.419315,-5615.947506,-0.60866,included,os1_rev7_128ch20hz1024res_rtx
1088,001088,dem_safe_connector,apollo14_dem_safe_connector_only_01,41,99416671851,scans/001088.npy,poses/001088.npy,transforms/001088.npz,global_dem,567.8314570672426,-5586.86681480827,2.76690522935071,-0.08730969163622086,-0.040911365873378146,0.3639576741266168,0.9264114039308379,543.419315,-5615.947506,-0.60866,included,os1_rev7_128ch20hz1024res_rtx
1089,001089,dem_safe_connector,apollo14_dem_safe_connector_only_01,42,100950005264,scans/001089.npy,poses/001089.npy,transforms/001089.npz,global_dem,568.5136165206807,-5586.144441585093,2.7648916515579787,-0.08448343736679219,-0.04780387388904118,0.37819315192644704,0.9206233096591849,543.419315,-5615.947506,-0.60866,included,os1_rev7_128ch20hz1024res_rtx
1090,001090,dem_safe_connector,apollo14_dem_safe_connector_only_01,43,102483338678,scans/001090.npy,poses/001090.npy,transforms/001090.npz,global_dem,569.2436336135725,-5585.402979029762,2.7624558099749663,-0.09067235504832914,-0.052097881468974774,0.35784456026701367,0.9279071103638241,543.419315,-5615.947506,-0.60866,included,os1_rev7_128ch20hz1024res_rtx
1091,001091,dem_safe_connector,apollo14_dem_safe_connector_only_01,44,104116672096,scans/001091.npy,poses/001091.npy,transforms/001091.npz,global_dem,570.0110609098264,-5584.648946329606,2.758489870340853,-0.08962302837045265,-0.05719354168044142,0.36325718649824384,0.9256029537729106,543.419315,-5615.947506,-0.60866,included,os1_rev7_128ch20hz1024res_rtx
1092,001092,dem_safe_connector,apollo14_dem_safe_connector_only_01,45,105733338847,scans/001092.npy,poses/001092.npy,transforms/001092.npz,global_dem,570.7260578775882,-5583.944470557869,2.80152595278567,-0.06326949399702914,-0.09496989932307144,0.36815911897197945,0.9227331967961819,543.419315,-5615.947506,-0.60866,included,os1_rev7_128ch20hz1024res_rtx
1093,001093,dem_safe_connector,apollo14_dem_safe_connector_only_01,46,107366672266,scans/001093.npy,poses/001093.npy,transforms/001093.npz,global_dem,571.5142637714101,-5583.193460698192,2.8605857321022943,-0.05516257380564453,-0.061900514285807076,0.3655543069118085,0.927089782858444,543.419315,-5615.947506,-0.60866,included,os1_rev7_128ch20hz1024res_rtx
1094,001094,dem_safe_connector,apollo14_dem_safe_connector_only_01,47,108883339012,scans/001094.npy,poses/001094.npy,transforms/001094.npz,global_dem,572.252320126044,-5582.475274253402,2.905685261988154,-0.06080095212492931,-0.04144262035169482,0.36365068997605193,0.9286247515110874,543.419315,-5615.947506,-0.60866,included,os1_rev7_128ch20hz1024res_rtx
1095,001095,dem_safe_connector,apollo14_dem_safe_connector_only_01,48,110516672430,scans/001095.npy,poses/001095.npy,transforms/001095.npz,global_dem,573.0310790751415,-5581.751287735552,2.917824262004105,-0.04049351847904635,-0.042413504403209,0.36449386102790454,0.9293576248562213,543.419315,-5615.947506,-0.60866,included,os1_rev7_128ch20hz1024res_rtx
1096,001096,dem_safe_connector,apollo14_dem_safe_connector_only_01,49,112166672516,scans/001096.npy,poses/001096.npy,transforms/001096.npz,global_dem,573.8009259100957,-5580.984747670792,2.920640802567432,-0.0550017843842914,-0.05409738938468574,0.3647494830521754,0.9279041387931602,543.419315,-5615.947506,-0.60866,included,os1_rev7_128ch20hz1024res_rtx
1097,001097,dem_safe_connector,apollo14_dem_safe_connector_only_01,50,113800005935,scans/001097.npy,poses/001097.npy,transforms/001097.npz,global_dem,574.5676200268732,-5580.214190918614,2.9052578542736422,-0.06545042991078476,-0.03195617497539749,0.36755565727126766,0.9271450171970519,543.419315,-5615.947506,-0.60866,included,os1_rev7_128ch20hz1024res_rtx
1098,001098,dem_safe_connector,apollo14_dem_safe_connector_only_01,51,115433339353,scans/001098.npy,poses/001098.npy,transforms/001098.npz,global_dem,575.2933298744127,-5579.49077942942,2.938890262113543,-0.055273487463547905,-0.05357332863216972,0.38261315667539636,0.92069642791844,543.419315,-5615.947506,-0.60866,included,os1_rev7_128ch20hz1024res_rtx
1099,001099,dem_safe_connector,apollo14_dem_safe_connector_only_01,52,116966672766,scans/001099.npy,poses/001099.npy,transforms/001099.npz,global_dem,576.0283889007445,-5578.736944885463,2.941506885397194,-0.05126262886219491,-0.033476595673443535,0.3747687507543278,0.9250945053789338,543.419315,-5615.947506,-0.60866,included,os1_rev7_128ch20hz1024res_rtx
1100,001100,dem_safe_connector,apollo14_dem_safe_connector_only_01,53,118600006185,scans/001100.npy,poses/001100.npy,transforms/001100.npz,global_dem,576.7633431607137,-5578.014016487393,2.970381817502081,-0.05280173462840125,-0.04943754927703239,0.3678611057095871,0.9270631652955654,543.419315,-5615.947506,-0.60866,included,os1_rev7_128ch20hz1024res_rtx
1101,001101,dem_safe_connector,apollo14_dem_safe_connector_only_01,54,120250006271,scans/001101.npy,poses/001101.npy,transforms/001101.npz,global_dem,577.4917455746416,-5577.274729519923,3.0268449301260336,-0.056705632966364314,-0.059013194585595036,0.37107125266394025,0.9249908321173248,543.419315,-5615.947506,-0.60866,included,os1_rev7_128ch20hz1024res_rtx
1102,001102,dem_safe_connector,apollo14_dem_safe_connector_only_01,55,121916673025,scans/001102.npy,poses/001102.npy,transforms/001102.npz,global_dem,578.2377631352247,-5576.533369169179,3.1068061371178235,-0.06350529343190693,-0.06435147546852468,0.3560103950724486,0.9300981474616055,543.419315,-5615.947506,-0.60866,included,os1_rev7_128ch20hz1024res_rtx
1103,001103,dem_safe_connector,apollo14_dem_safe_connector_only_01,56,123500006441,scans/001103.npy,poses/001103.npy,transforms/001103.npz,global_dem,578.9931639242843,-5575.853459136645,3.178335872359503,-0.04476643105698477,-0.07191213173536579,0.3419987890995517,0.9358746925812964,543.419315,-5615.947506,-0.60866,included,os1_rev7_128ch20hz1024res_rtx
1104,001104,dem_safe_connector,apollo14_dem_safe_connector_only_01,57,125100006524,scans/001104.npy,poses/001104.npy,transforms/001104.npz,global_dem,579.7761523994586,-5575.170587530832,3.2513937238605464,-0.05140801854143859,-0.06492279129155547,0.34584397135511113,0.9346305121693178,543.419315,-5615.947506,-0.60866,included,os1_rev7_128ch20hz1024res_rtx
1105,001105,dem_safe_connector,apollo14_dem_safe_connector_only_01,58,126700006607,scans/001105.npy,poses/001105.npy,transforms/001105.npz,global_dem,580.5478259332152,-5574.47779692194,3.3116282728109723,-0.04938591464045475,-0.04936252923651048,0.35721570305211814,0.9314082421985975,543.419315,-5615.947506,-0.60866,included,os1_rev7_128ch20hz1024res_rtx
1106,001106,dem_safe_connector,apollo14_dem_safe_connector_only_01,59,128316673358,scans/001106.npy,poses/001106.npy,transforms/001106.npz,global_dem,581.2770733298553,-5573.769868680197,3.3566066550080498,-0.04533861440957243,-0.03950450852267895,0.36639252399123473,0.928515116846858,543.419315,-5615.947506,-0.60866,included,os1_rev7_128ch20hz1024res_rtx
1107,001107,dem_safe_connector,apollo14_dem_safe_connector_only_01,60,129933340109,scans/001107.npy,poses/001107.npy,transforms/001107.npz,global_dem,582.0020514243507,-5573.05418317421,3.3918219911609797,-0.04387592737920322,-0.033851859071156995,0.3852021710174101,0.9211667829864011,543.419315,-5615.947506,-0.60866,included,os1_rev7_128ch20hz1024res_rtx
1108,001108,dem_safe_connector,apollo14_dem_safe_connector_only_01,61,131566673528,scans/001108.npy,poses/001108.npy,transforms/001108.npz,global_dem,582.7126723664787,-5572.310771069853,3.4155634683501392,-0.04246449959956145,-0.03131452850455509,0.39203503710729304,0.9184360055325465,543.419315,-5615.947506,-0.60866,included,os1_rev7_128ch20hz1024res_rtx
1109,001109,dem_safe_connector,apollo14_dem_safe_connector_only_01,62,133200006946,scans/001109.npy,poses/001109.npy,transforms/001109.npz,global_dem,583.4211001051382,-5571.564060372158,3.4388787659279414,-0.03234465073456732,-0.04088598519875152,0.3917990849096605,0.9185726083697134,543.419315,-5615.947506,-0.60866,included,os1_rev7_128ch20hz1024res_rtx
1110,001110,dem_safe_connector,apollo14_dem_safe_connector_only_01,63,134733340360,scans/001110.npy,poses/001110.npy,transforms/001110.npz,global_dem,584.1523612791747,-5570.801264734817,3.4412572090774773,-0.040559242856826334,-0.023014709278442562,0.38215574165644395,0.922920505837162,543.419315,-5615.947506,-0.60866,included,os1_rev7_128ch20hz1024res_rtx
1111,001111,dem_safe_connector,apollo14_dem_safe_connector_only_01,64,136366673778,scans/001111.npy,poses/001111.npy,transforms/001111.npz,global_dem,584.896097556153,-5570.044387867819,3.444370404551346,-0.043054842307216734,-0.021364722636596608,0.3831332948106689,0.9224417095882445,543.419315,-5615.947506,-0.60866,included,os1_rev7_128ch20hz1024res_rtx
1112,001112,dem_safe_connector,apollo14_dem_safe_connector_only_01,65,137883340524,scans/001112.npy,poses/001112.npy,transforms/001112.npz,global_dem,585.591999439384,-5569.307080714395,3.439915030945444,-0.04504644271845517,-0.017972852006451698,0.3608338935327843,0.9313681849124644,543.419315,-5615.947506,-0.60866,included,os1_rev7_128ch20hz1024res_rtx
1113,001113,dem_safe_connector,apollo14_dem_safe_connector_only_01,66,139500007275,scans/001113.npy,poses/001113.npy,transforms/001113.npz,global_dem,586.3542351745657,-5568.569083887631,3.429907417318135,-0.05216702656774126,-0.014770030694821754,0.36958423999811696,0.9276141100033833,543.419315,-5615.947506,-0.60866,included,os1_rev7_128ch20hz1024res_rtx
1114,001114,dem_safe_connector,apollo14_dem_safe_connector_only_01,67,141116674026,scans/001114.npy,poses/001114.npy,transforms/001114.npz,global_dem,587.1035096094159,-5567.841655367558,3.4135506221400354,-0.05437589425910598,-0.012650432204620072,0.3763298337223552,0.924802186923811,543.419315,-5615.947506,-0.60866,included,os1_rev7_128ch20hz1024res_rtx
1115,001115,dem_safe_connector,apollo14_dem_safe_connector_only_01,68,142716674109,scans/001115.npy,poses/001115.npy,transforms/001115.npz,global_dem,587.8357829499564,-5567.118559077209,3.399816987266209,-0.05215674603753091,-0.015102407906745578,0.37905238227729493,0.9237807546209773,543.419315,-5615.947506,-0.60866,included,os1_rev7_128ch20hz1024res_rtx
1116,001116,dem_safe_connector,apollo14_dem_safe_connector_only_01,69,144316674193,scans/001116.npy,poses/001116.npy,transforms/001116.npz,global_dem,588.5148555444266,-5566.383633474872,3.4040427295621773,-0.04819622636445842,-0.06762720583702012,0.3741905066716878,0.9236260875006124,543.419315,-5615.947506,-0.60866,included,os1_rev7_128ch20hz1024res_rtx
1117,001117,dem_safe_connector,apollo14_dem_safe_connector_only_01,70,145900007609,scans/001117.npy,poses/001117.npy,transforms/001117.npz,global_dem,589.2915007303124,-5565.613315229442,3.379919178202382,-0.04822294601464038,-0.02231585038601708,0.37280297377650257,0.9263878739721362,543.419315,-5615.947506,-0.60866,included,os1_rev7_128ch20hz1024res_rtx
1118,001118,dem_safe_connector,apollo14_dem_safe_connector_only_01,71,147516674360,scans/001118.npy,poses/001118.npy,transforms/001118.npz,global_dem,590.0535507928079,-5564.915015399745,3.393645464252483,-0.027770819623241214,-0.014101896579505316,0.35565484454921376,0.9340982548099471,543.419315,-5615.947506,-0.60866,included,os1_rev7_128ch20hz1024res_rtx
1119,001119,dem_safe_connector,apollo14_dem_safe_connector_only_01,72,149100007776,scans/001119.npy,poses/001119.npy,transforms/001119.npz,global_dem,590.8316606414812,-5564.227611879537,3.414578358744127,-0.012732872655890142,-0.014472860380736191,0.3424634139296242,0.9393333914995227,543.419315,-5615.947506,-0.60866,included,os1_rev7_128ch20hz1024res_rtx
1120,001120,dem_safe_connector,apollo14_dem_safe_connector_only_01,73,150700007859,scans/001120.npy,poses/001120.npy,transforms/001120.npz,global_dem,591.5483456506666,-5563.588256906449,3.443113949215686,0.009194131483432814,-0.09597427876145158,0.31726265556929933,0.9434239837653062,543.419315,-5615.947506,-0.60866,included,os1_rev7_128ch20hz1024res_rtx
1121,001121,dem_safe_connector,apollo14_dem_safe_connector_only_01,74,152316674610,scans/001121.npy,poses/001121.npy,transforms/001121.npz,global_dem,592.4424864712735,-5562.863227402763,3.4577347781728314,-0.03317261121848217,-0.023376581617046758,0.32117299197127486,0.9461506341619544,543.419315,-5615.947506,-0.60866,included,os1_rev7_128ch20hz1024res_rtx
1122,001122,dem_safe_connector,apollo14_dem_safe_connector_only_01,75,154033341366,scans/001122.npy,poses/001122.npy,transforms/001122.npz,global_dem,593.2634320225962,-5562.176921181157,3.484894872786315,-0.028100072392304592,-0.02725148506060527,0.34162410486084405,0.939021146445364,543.419315,-5615.947506,-0.60866,included,os1_rev7_128ch20hz1024res_rtx
1123,001123,dem_safe_connector,apollo14_dem_safe_connector_only_01,76,155733341455,scans/001123.npy,poses/001123.npy,transforms/001123.npz,global_dem,594.0558416393463,-5561.473810067603,3.511201981738447,-0.025816837270116855,-0.033227339291608406,0.3621101921402557,0.9311850748294433,543.419315,-5615.947506,-0.60866,included,os1_rev7_128ch20hz1024res_rtx
1124,001124,dem_safe_connector,apollo14_dem_safe_connector_only_01,77,157433341544,scans/001124.npy,poses/001124.npy,transforms/001124.npz,global_dem,594.8110092470968,-5560.723554513246,3.527436910585464,-0.03353635492477226,-0.02294304138086151,0.38620253487223666,0.9215186009022361,543.419315,-5615.947506,-0.60866,included,os1_rev7_128ch20hz1024res_rtx
1125,001125,dem_safe_connector,apollo14_dem_safe_connector_only_01,78,159133341632,scans/001125.npy,poses/001125.npy,transforms/001125.npz,global_dem,595.5305797044944,-5559.942965203464,3.5374444888444265,-0.02764561918343294,-0.016408654613765672,0.41010552625376434,0.9114713013199339,543.419315,-5615.947506,-0.60866,included,os1_rev7_128ch20hz1024res_rtx
1126,001126,dem_safe_connector,apollo14_dem_safe_connector_only_01,79,160716675048,scans/001126.npy,poses/001126.npy,transforms/001126.npz,global_dem,596.1750665995384,-5559.177605261265,3.547332550534594,-0.023490975954590376,-0.024951623567852008,0.4203382958371445,0.9067200822650584,543.419315,-5615.947506,-0.60866,included,os1_rev7_128ch20hz1024res_rtx
1127,001127,dem_safe_connector,apollo14_dem_safe_connector_only_01,80,162300008464,scans/001127.npy,poses/001127.npy,transforms/001127.npz,global_dem,596.8313257322039,-5558.395875726954,3.555816410920662,-0.019266391444653808,-0.026859522696232013,0.4212199154157857,0.9063559759048044,543.419315,-5615.947506,-0.60866,included,os1_rev7_128ch20hz1024res_rtx
1128,001128,dem_safe_connector,apollo14_dem_safe_connector_only_01,81,163866675212,scans/001128.npy,poses/001128.npy,transforms/001128.npz,global_dem,597.4927140316717,-5557.61040216237,3.563322384999975,-0.021715234113104765,-0.01703938304193363,0.41711573315897416,0.90843413255129,543.419315,-5615.947506,-0.60866,included,os1_rev7_128ch20hz1024res_rtx
1129,001129,dem_safe_connector,apollo14_dem_safe_connector_only_01,82,165433341961,scans/001129.npy,poses/001129.npy,transforms/001129.npz,global_dem,598.1446215759197,-5556.830056694231,3.5674120993325085,-0.02549992563845973,-0.014497172086959106,0.4110875845651725,0.9111238025703677,543.419315,-5615.947506,-0.60866,included,os1_rev7_128ch20hz1024res_rtx
1130,001130,dem_safe_connector,apollo14_dem_safe_connector_only_01,83,167016675377,scans/001130.npy,poses/001130.npy,transforms/001130.npz,global_dem,598.841328286958,-5556.090361799048,3.5721725897053687,-0.023941784204985876,-0.013495934772664362,0.37752748788895274,0.9255904313474457,543.419315,-5615.947506,-0.60866,included,os1_rev7_128ch20hz1024res_rtx
1131,001131,dem_safe_connector,apollo14_dem_safe_connector_only_01,84,168583342125,scans/001131.npy,poses/001131.npy,transforms/001131.npz,global_dem,599.5560380734813,-5555.386197895918,3.5726610464908273,-0.026113560991618084,-0.010916916723130521,0.3655937630596676,0.9303440778945545,543.419315,-5615.947506,-0.60866,included,os1_rev7_128ch20hz1024res_rtx
1132,001132,dem_safe_connector,apollo14_dem_safe_connector_only_01,85,170283342214,scans/001132.npy,poses/001132.npy,transforms/001132.npz,global_dem,600.3386422867671,-5554.650565008095,3.5700382261444044,-0.02551321927858285,-0.025475669363918575,0.35461276870708003,0.9343178528650742,543.419315,-5615.947506,-0.60866,included,os1_rev7_128ch20hz1024res_rtx
1133,001133,dem_safe_connector,apollo14_dem_safe_connector_only_01,86,171850008962,scans/001133.npy,poses/001133.npy,transforms/001133.npz,global_dem,601.0903494299565,-5553.9887298714,3.5680242088841227,-0.022788085267109234,-0.02850335463546358,0.36020422301980964,0.9321594175156304,543.419315,-5615.947506,-0.60866,included,os1_rev7_128ch20hz1024res_rtx
1134,001134,dem_safe_connector,apollo14_dem_safe_connector_only_01,87,173433342378,scans/001134.npy,poses/001134.npy,transforms/001134.npz,global_dem,601.8361739352368,-5553.260816867943,3.5612483458034103,-0.029838553745882238,-0.013108121696446458,0.3615115255231565,0.9317978615396504,543.419315,-5615.947506,-0.60866,included,os1_rev7_128ch20hz1024res_rtx
1135,001135,dem_safe_connector,apollo14_dem_safe_connector_only_01,88,175016675794,scans/001135.npy,poses/001135.npy,transforms/001135.npz,global_dem,602.5512061912357,-5552.534683024647,3.572547522039681,-0.050266425222722684,-0.025528790675565932,0.3598972180311959,0.9312870447909052,543.419315,-5615.947506,-0.60866,included,os1_rev7_128ch20hz1024res_rtx
1136,001136,dem_safe_connector,apollo14_dem_safe_connector_only_01,89,176600009210,scans/001136.npy,poses/001136.npy,transforms/001136.npz,global_dem,603.3094609734184,-5551.866090906401,3.562834716490092,-0.024282825443554656,-0.017963016678707852,0.34508298287351596,0.9380860351542364,543.419315,-5615.947506,-0.60866,included,os1_rev7_128ch20hz1024res_rtx
1137,001137,dem_safe_connector,apollo14_dem_safe_connector_only_01,90,178200009293,scans/001137.npy,poses/001137.npy,transforms/001137.npz,global_dem,604.0764851798352,-5551.19652933285,3.5810241753336154,-0.02594919183734941,-0.021849681223481104,0.3530788393033074,0.934978376279179,543.419315,-5615.947506,-0.60866,included,os1_rev7_128ch20hz1024res_rtx
1138,001138,dem_safe_connector,apollo14_dem_safe_connector_only_01,91,179800009377,scans/001138.npy,poses/001138.npy,transforms/001138.npz,global_dem,604.8498510300302,-5550.511818995523,3.598233722860321,-0.012719343877070017,-0.02069057825816588,0.34789465172476697,0.9372189869843561,543.419315,-5615.947506,-0.60866,included,os1_rev7_128ch20hz1024res_rtx
1139,001139,dem_safe_connector,apollo14_dem_safe_connector_only_01,92,181416676128,scans/001139.npy,poses/001139.npy,transforms/001139.npz,global_dem,605.6220380834677,-5549.8280805489085,3.6277144537669965,-0.007589217567945401,-0.025532874067641962,0.3573316992619328,0.93359762897146,543.419315,-5615.947506,-0.60866,included,os1_rev7_128ch20hz1024res_rtx
1140,001140,dem_safe_connector,apollo14_dem_safe_connector_only_01,93,183050009546,scans/001140.npy,poses/001140.npy,transforms/001140.npz,global_dem,606.4062194934149,-5549.0704815153385,3.6503572297156803,-0.010771770282711162,-0.016204945737634452,0.3811269265054262,0.9243179293896361,543.419315,-5615.947506,-0.60866,included,os1_rev7_128ch20hz1024res_rtx
1141,001141,dem_safe_connector,apollo14_dem_safe_connector_only_01,94,184683342965,scans/001141.npy,poses/001141.npy,transforms/001141.npz,global_dem,607.1446471652096,-5548.30928706798,3.665981678566035,-0.012043126491917511,-0.010883000198174361,0.3903772694352319,0.9205118744042787,543.419315,-5615.947506,-0.60866,included,os1_rev7_128ch20hz1024res_rtx
1142,001142,dem_safe_connector,apollo14_dem_safe_connector_only_01,95,186333343051,scans/001142.npy,poses/001142.npy,transforms/001142.npz,global_dem,607.8801006376219,-5547.529140557373,3.6780667216359912,-0.014390142530087146,-0.009034393346203151,0.3905349772419175,0.9204312766771265,543.419315,-5615.947506,-0.60866,included,os1_rev7_128ch20hz1024res_rtx
1143,001143,dem_safe_connector,apollo14_dem_safe_connector_only_01,96,188000009804,scans/001143.npy,poses/001143.npy,transforms/001143.npz,global_dem,608.6275751598317,-5546.744438158259,3.683742879078119,-0.011841866816875449,-0.00730234207921487,0.38817149694709235,0.9214821403306215,543.419315,-5615.947506,-0.60866,included,os1_rev7_128ch20hz1024res_rtx
1144,001144,dem_safe_connector,apollo14_dem_safe_connector_only_01,97,189516676550,scans/001144.npy,poses/001144.npy,transforms/001144.npz,global_dem,609.3443941788282,-5545.99543588963,3.7099295277923,-0.02150546357885389,0.02214463821216916,0.366847852452105,0.9297686718673573,543.419315,-5615.947506,-0.60866,included,os1_rev7_128ch20hz1024res_rtx
1145,001145,dem_safe_connector,apollo14_dem_safe_connector_only_01,98,191083343299,scans/001145.npy,poses/001145.npy,transforms/001145.npz,global_dem,610.08423466066,-5545.305375361198,3.6874044409316795,-0.008321812727745157,-0.001331410378948454,0.371522237637435,0.9283858043508639,543.419315,-5615.947506,-0.60866,included,os1_rev7_128ch20hz1024res_rtx
1146,001146,dem_safe_connector,apollo14_dem_safe_connector_only_01,99,192750010052,scans/001146.npy,poses/001146.npy,transforms/001146.npz,global_dem,610.8814661399904,-5544.575082611365,3.6838033263023875,-0.0053010186582524415,0.005479707323177848,0.3628006778261153,0.9318355757201743,543.419315,-5615.947506,-0.60866,included,os1_rev7_128ch20hz1024res_rtx
1147,001147,dem_safe_connector,apollo14_dem_safe_connector_only_01,100,194300010133,scans/001147.npy,poses/001147.npy,transforms/001147.npz,global_dem,611.6463518399019,-5543.880510978822,3.676724719433452,0.0011054679501045432,0.021573180005415485,0.35538887561456606,0.9344688988588544,543.419315,-5615.947506,-0.60866,included,os1_rev7_128ch20hz1024res_rtx
1148,001148,dem_safe_connector,apollo14_dem_safe_connector_only_01,101,195833343546,scans/001148.npy,poses/001148.npy,transforms/001148.npz,global_dem,612.459534075478,-5543.217065437212,3.6500549171827377,0.013628403124123807,0.03249362132637706,0.37587499197601254,0.9260002276503052,543.419315,-5615.947506,-0.60866,included,os1_rev7_128ch20hz1024res_rtx
1149,001149,dem_safe_connector,apollo14_dem_safe_connector_only_01,102,197483343632,scans/001149.npy,poses/001149.npy,transforms/001149.npz,global_dem,613.1990154667128,-5542.460209185805,3.5851119614840163,-0.009513689195296188,0.02594791644786844,0.38445886768448034,0.922728331855415,543.419315,-5615.947506,-0.60866,included,os1_rev7_128ch20hz1024res_rtx
1150,001150,dem_safe_connector,apollo14_dem_safe_connector_only_01,103,199133343718,scans/001150.npy,poses/001150.npy,transforms/001150.npz,global_dem,613.939287197271,-5541.691246046959,3.522552625370514,-0.011615829552361859,0.03240538608836717,0.3923801244621066,0.9191587465630603,543.419315,-5615.947506,-0.60866,included,os1_rev7_128ch20hz1024res_rtx
1151,001151,dem_safe_connector,apollo14_dem_safe_connector_only_01,104,200750010469,scans/001151.npy,poses/001151.npy,transforms/001151.npz,global_dem,614.6749804572554,-5540.923870902579,3.4515688258518464,-0.020774655889792486,0.02847622827348159,0.40053585262151836,0.9156028335805491,543.419315,-5615.947506,-0.60866,included,os1_rev7_128ch20hz1024res_rtx
1152,001152,dem_safe_connector,apollo14_dem_safe_connector_only_01,105,202333343885,scans/001152.npy,poses/001152.npy,transforms/001152.npz,global_dem,615.3684729539574,-5540.179947121283,3.3704532186510154,-0.017629085407812713,0.031169903121506394,0.3967927539929222,0.9172094432929658,543.419315,-5615.947506,-0.60866,included,os1_rev7_128ch20hz1024res_rtx
1153,001153,dem_safe_connector,apollo14_dem_safe_connector_only_01,106,203916677301,scans/001153.npy,poses/001153.npy,transforms/001153.npz,global_dem,616.0903319075069,-5539.432468792961,3.2897654208875498,-0.011303911684719795,0.03692700498772296,0.3901645997479635,0.9199348906236637,543.419315,-5615.947506,-0.60866,included,os1_rev7_128ch20hz1024res_rtx
1154,001154,dem_safe_connector,apollo14_dem_safe_connector_only_01,107,205450010715,scans/001154.npy,poses/001154.npy,transforms/001154.npz,global_dem,616.7769544445837,-5538.720578771764,3.207424807529923,-0.008428699879086411,0.01570577270768827,0.38908763664642915,0.9210282822643934,543.419315,-5615.947506,-0.60866,included,os1_rev7_128ch20hz1024res_rtx
1155,001155,dem_safe_connector,apollo14_dem_safe_connector_only_01,108,207083344133,scans/001155.npy,poses/001155.npy,transforms/001155.npz,global_dem,617.539992779317,-5537.9434281088115,3.118926666518322,-0.0083097983999427,0.03243350417061264,0.391794152916827,0.9194435038641326,543.419315,-5615.947506,-0.60866,included,os1_rev7_128ch20hz1024res_rtx
1156,001156,dem_safe_connector,apollo14_dem_safe_connector_only_01,109,208700010884,scans/001156.npy,poses/001156.npy,transforms/001156.npz,global_dem,618.2851350905203,-5537.1871010978375,3.046598327288169,-0.0016748521135308723,0.02462729782576454,0.37177566237133786,0.9279943684853653,543.419315,-5615.947506,-0.60866,included,os1_rev7_128ch20hz1024res_rtx
1157,001157,dem_safe_connector,apollo14_dem_safe_connector_only_01,110,210300010967,scans/001157.npy,poses/001157.npy,transforms/001157.npz,global_dem,619.0668220240257,-5536.479793154609,2.968349945044452,0.010589902072430425,0.013019261471917044,0.3634970550797161,0.9314441710339896,543.419315,-5615.947506,-0.60866,included,os1_rev7_128ch20hz1024res_rtx
1158,001158,dem_safe_connector,apollo14_dem_safe_connector_only_01,111,211766677711,scans/001158.npy,poses/001158.npy,transforms/001158.npz,global_dem,619.8171747201396,-5535.773764980745,2.8902907486212097,0.008910103611692035,0.03883766310791717,0.365081811477969,0.9301223128739089,543.419315,-5615.947506,-0.60866,included,os1_rev7_128ch20hz1024res_rtx
1159,001159,dem_safe_connector,apollo14_dem_safe_connector_only_01,112,213333344459,scans/001159.npy,poses/001159.npy,transforms/001159.npz,global_dem,620.5867158026294,-5535.078562950533,2.8185755760450455,0.017560866981223913,0.04007532178232837,0.35745720576919016,0.9329040307441026,543.419315,-5615.947506,-0.60866,included,os1_rev7_128ch20hz1024res_rtx
1160,001160,dem_safe_connector,apollo14_dem_safe_connector_only_01,113,214883344540,scans/001160.npy,poses/001160.npy,transforms/001160.npz,global_dem,621.380871101225,-5534.403724883947,2.744113997254419,0.01980557072845299,0.04335120058460755,0.3509399762655145,0.9351842309592017,543.419315,-5615.947506,-0.60866,included,os1_rev7_128ch20hz1024res_rtx
1161,001161,dem_safe_connector,apollo14_dem_safe_connector_only_01,114,216516677958,scans/001161.npy,poses/001161.npy,transforms/001161.npz,global_dem,622.1668502873522,-5533.6651923393265,2.6831991099809405,0.017055136966334105,0.03845437597048506,0.37139875478665263,0.9275199988219683,543.419315,-5615.947506,-0.60866,included,os1_rev7_128ch20hz1024res_rtx
1162,001162,dem_safe_connector,apollo14_dem_safe_connector_only_01,115,218133344709,scans/001162.npy,poses/001162.npy,transforms/001162.npz,global_dem,622.9340128748136,-5532.914074057464,2.629979950952241,0.024927950986715474,0.04602102970524852,0.3826492533523376,0.9224100015683759,543.419315,-5615.947506,-0.60866,included,os1_rev7_128ch20hz1024res_rtx
1163,001163,dem_safe_connector,apollo14_dem_safe_connector_only_01,116,219633344788,scans/001163.npy,poses/001163.npy,transforms/001163.npz,global_dem,623.6429037741317,-5532.206572728165,2.594825887331914,0.036380134341055394,0.044609382437340576,0.3943683920327811,0.9171477853592434,543.419315,-5615.947506,-0.60866,included,os1_rev7_128ch20hz1024res_rtx
1164,001164,dem_safe_connector,apollo14_dem_safe_connector_only_01,117,221233344871,scans/001164.npy,poses/001164.npy,transforms/001164.npz,global_dem,624.3491767543891,-5531.460986280373,2.5583226520625493,0.04185383395358568,0.020614857035982044,0.39747400332568095,0.916426593313959,543.419315,-5615.947506,-0.60866,included,os1_rev7_128ch20hz1024res_rtx
1165,001165,dem_safe_connector,apollo14_dem_safe_connector_only_01,118,222833344954,scans/001165.npy,poses/001165.npy,transforms/001165.npz,global_dem,625.1033859654382,-5530.758843444429,2.587582401935902,0.0897900471909776,0.02603843475791454,0.43175115098375383,0.8971347117155838,543.419315,-5615.947506,-0.60866,included,os1_rev7_128ch20hz1024res_rtx
1166,001166,dem_safe_connector,apollo14_dem_safe_connector_only_01,119,224450011705,scans/001166.npy,poses/001166.npy,transforms/001166.npz,global_dem,625.7385543075586,-5529.968042328126,2.6156418924305314,0.0629326698394748,-0.01559744231521764,0.4206510973513135,0.9049026760692196,543.419315,-5615.947506,-0.60866,included,os1_rev7_128ch20hz1024res_rtx
1167,001167,dem_safe_connector,apollo14_dem_safe_connector_only_01,120,225983345119,scans/001167.npy,poses/001167.npy,transforms/001167.npz,global_dem,626.4129685850703,-5529.223834391562,2.7002975027595344,0.062077096807938895,-0.01794001579085082,0.40898789465123186,0.9102491372773032,543.419315,-5615.947506,-0.60866,included,os1_rev7_128ch20hz1024res_rtx
1168,001168,dem_safe_connector,apollo14_dem_safe_connector_only_01,121,227633345205,scans/001168.npy,poses/001168.npy,transforms/001168.npz,global_dem,627.092184040081,-5528.481378084606,2.7993633661714155,0.06812360468582797,-0.03344721698137046,0.3995258278413204,0.9135751589489054,543.419315,-5615.947506,-0.60866,included,os1_rev7_128ch20hz1024res_rtx
1169,001169,dem_safe_connector,apollo14_dem_safe_connector_only_01,122,229300011958,scans/001169.npy,poses/001169.npy,transforms/001169.npz,global_dem,627.8208776783938,-5527.744906736126,2.9155134812347114,0.06792291068957902,-0.03440403074189664,0.38390233849817307,0.9202292297942944,543.419315,-5615.947506,-0.60866,included,os1_rev7_128ch20hz1024res_rtx
1170,001170,dem_safe_connector,apollo14_dem_safe_connector_only_01,123,231000012047,scans/001170.npy,poses/001170.npy,transforms/001170.npz,global_dem,628.5651305202948,-5527.0774749962875,3.024479956964611,0.07985154502625985,-0.06804742983799178,0.364742499188491,0.9251790028611201,543.419315,-5615.947506,-0.60866,included,os1_rev7_128ch20hz1024res_rtx
1171,001171,dem_safe_connector,apollo14_dem_safe_connector_only_01,124,232600012131,scans/001171.npy,poses/001171.npy,transforms/001171.npz,global_dem,629.3355818219231,-5526.386239400084,3.1135067801668597,0.06138913696346014,-0.026702291392334775,0.3604891835259559,0.9303579472751712,543.419315,-5615.947506,-0.60866,included,os1_rev7_128ch20hz1024res_rtx
1172,001172,dem_safe_connector,apollo14_dem_safe_connector_only_01,125,234200012214,scans/001172.npy,poses/001172.npy,transforms/001172.npz,global_dem,630.1062910963781,-5525.698460963356,3.201333194992044,0.05561687952442127,-0.022361861646329702,0.3602446735744037,0.9309299033852914,543.419315,-5615.947506,-0.60866,included,os1_rev7_128ch20hz1024res_rtx
1173,001173,dem_safe_connector,apollo14_dem_safe_connector_only_01,126,235716678960,scans/001173.npy,poses/001173.npy,transforms/001173.npz,global_dem,630.8671749963386,-5525.045017108438,3.278295621884194,0.04825241947626216,-0.020432832574128326,0.3670506019165737,0.9287238873854626,543.419315,-5615.947506,-0.60866,included,os1_rev7_128ch20hz1024res_rtx
1174,001174,dem_safe_connector,apollo14_dem_safe_connector_only_01,127,237316679043,scans/001174.npy,poses/001174.npy,transforms/001174.npz,global_dem,631.5954572561268,-5524.358885360318,3.356300121021827,0.0501545157950246,-0.02664317999255918,0.378008075200878,0.9240587430397367,543.419315,-5615.947506,-0.60866,included,os1_rev7_128ch20hz1024res_rtx
1175,001175,dem_safe_connector,apollo14_dem_safe_connector_only_01,128,238850012456,scans/001175.npy,poses/001175.npy,transforms/001175.npz,global_dem,632.3087151596267,-5523.656951033366,3.437292408534346,0.045878986920205665,-0.027085195675591752,0.38269646923390555,0.9223366647652542,543.419315,-5615.947506,-0.60866,included,os1_rev7_128ch20hz1024res_rtx
1176,001176,dem_safe_connector,apollo14_dem_safe_connector_only_01,129,240483345875,scans/001176.npy,poses/001176.npy,transforms/001176.npz,global_dem,633.046078213252,-5522.920529797284,3.523841349917605,0.04891643302154785,-0.02771350597911227,0.39483048726160425,0.9170321861829924,543.419315,-5615.947506,-0.60866,included,os1_rev7_128ch20hz1024res_rtx
1177,001177,dem_safe_connector,apollo14_dem_safe_connector_only_01,130,242016679288,scans/001177.npy,poses/001177.npy,transforms/001177.npz,global_dem,633.7554335954119,-5522.196040827667,3.6082520051468747,0.040670371177476454,-0.034827022548458646,0.3672281740552478,0.9285884274471357,543.419315,-5615.947506,-0.60866,included,os1_rev7_128ch20hz1024res_rtx
1178,001178,dem_safe_connector,apollo14_dem_safe_connector_only_01,131,243566679369,scans/001178.npy,poses/001178.npy,transforms/001178.npz,global_dem,634.4917845264625,-5521.507859738095,3.681617303481989,0.04464900252401692,-0.033552511168109735,0.369793827791518,0.9274336744453597,543.419315,-5615.947506,-0.60866,included,os1_rev7_128ch20hz1024res_rtx
1179,001179,dem_safe_connector,apollo14_dem_safe_connector_only_01,132,245216679455,scans/001179.npy,poses/001179.npy,transforms/001179.npz,global_dem,635.2487203450511,-5520.76103514969,3.7569926744638655,0.041882837363308556,-0.02341502860007601,0.37889054108786496,0.9241966902365542,543.419315,-5615.947506,-0.60866,included,os1_rev7_128ch20hz1024res_rtx
1180,001180,dem_safe_connector,apollo14_dem_safe_connector_only_01,133,246766679536,scans/001180.npy,poses/001180.npy,transforms/001180.npz,global_dem,635.948787345745,-5520.05599340321,3.835301149299164,0.03670966577433053,-0.03299518470612896,0.3890268240315114,0.9199031733877762,543.419315,-5615.947506,-0.60866,included,os1_rev7_128ch20hz1024res_rtx
1181,001181,dem_safe_connector,apollo14_dem_safe_connector_only_01,134,248450012957,scans/001181.npy,poses/001181.npy,transforms/001181.npz,global_dem,636.6956266203636,-5519.273284380726,3.904817219399428,0.03343096025304299,-0.02157431581570303,0.39614214844605794,0.9173267237021853,543.419315,-5615.947506,-0.60866,included,os1_rev7_128ch20hz1024res_rtx
1182,001182,dem_safe_connector,apollo14_dem_safe_connector_only_01,135,250150013046,scans/001182.npy,poses/001182.npy,transforms/001182.npz,global_dem,637.4421946896692,-5518.484687335207,3.976106077319754,0.03034122931194367,-0.024743799463004108,0.3964909536724684,0.9172034004777083,543.419315,-5615.947506,-0.60866,included,os1_rev7_128ch20hz1024res_rtx
1183,001183,dem_safe_connector,apollo14_dem_safe_connector_only_01,136,251850013135,scans/001183.npy,poses/001183.npy,transforms/001183.npz,global_dem,638.2167989961047,-5517.725655591725,4.061254789274129,0.044621578738837375,-0.029595040216008568,0.3868228571977022,0.9205982432390759,543.419315,-5615.947506,-0.60866,included,os1_rev7_128ch20hz1024res_rtx
1184,001184,dem_safe_connector,apollo14_dem_safe_connector_only_01,137,253433346550,scans/001184.npy,poses/001184.npy,transforms/001184.npz,global_dem,638.9307750800359,-5516.993682223074,4.130098083958296,0.03113005902757366,-0.026187745523974078,0.38678305297808613,0.921273027575573,543.419315,-5615.947506,-0.60866,included,os1_rev7_128ch20hz1024res_rtx
1185,001185,dem_safe_connector,apollo14_dem_safe_connector_only_01,138,255050013301,scans/001185.npy,poses/001185.npy,transforms/001185.npz,global_dem,639.633638381785,-5516.293898903429,4.212810517596964,0.04582269070661677,-0.04738973187094,0.3908540653829856,0.9180890991092309,543.419315,-5615.947506,-0.60866,included,os1_rev7_128ch20hz1024res_rtx
1186,001186,dem_safe_connector,apollo14_dem_safe_connector_only_01,139,256683346720,scans/001186.npy,poses/001186.npy,transforms/001186.npz,global_dem,640.3250422133287,-5515.617072802767,4.30655674578739,0.08289435282078303,-0.11542301768500612,0.3887881724639724,0.9103020433960559,543.419315,-5615.947506,-0.60866,included,os1_rev7_128ch20hz1024res_rtx
1187,001187,dem_safe_connector,apollo14_dem_safe_connector_only_01,140,258233346801,scans/001187.npy,poses/001187.npy,transforms/001187.npz,global_dem,641.1064290848855,-5514.800459629636,4.3832085535313885,-0.0017986935231275563,-0.031331428271297916,0.3433125348433307,0.9386967613257954,543.419315,-5615.947506,-0.60866,included,os1_rev7_128ch20hz1024res_rtx
1188,001188,dem_safe_connector,apollo14_dem_safe_connector_only_01,141,259900013554,scans/001188.npy,poses/001188.npy,transforms/001188.npz,global_dem,641.8861877292978,-5514.154330938949,4.441992523398161,0.017338917797420514,-0.05186148762797826,0.3331351575636347,0.9412920454490624,543.419315,-5615.947506,-0.60866,included,os1_rev7_128ch20hz1024res_rtx
1189,001189,dem_safe_connector,apollo14_dem_safe_connector_only_01,142,261550013640,scans/001189.npy,poses/001189.npy,transforms/001189.npz,global_dem,642.7146507683798,-5513.433618985744,4.510892995442026,-0.010553540231148939,-0.02402441013316759,0.3450288137784301,0.9382252225180223,543.419315,-5615.947506,-0.60866,included,os1_rev7_128ch20hz1024res_rtx
1190,001190,dem_safe_connector,apollo14_dem_safe_connector_only_01,143,263183347059,scans/001190.npy,poses/001190.npy,transforms/001190.npz,global_dem,643.5229337085387,-5512.731946894916,4.531154446932379,-0.0025934852137051113,-0.0065788773219607535,0.3677810647999415,0.9298855201487172,543.419315,-5615.947506,-0.60866,included,os1_rev7_128ch20hz1024res_rtx
1191,001191,opposite_rimcrest,apollo14_final_opposite_rimcrest_500m_01,0,21066667765,scans/001191.npy,poses/001191.npy,transforms/001191.npz,global_dem,804.8468062915724,-5815.784445294571,-0.10968609559559866,-0.034173279229424515,-0.06752375039300561,0.2217458673777206,0.9721633095424211,805.06,-5815.75,26.364226,included,os1_rev7_128ch20hz1024res_rtx
1192,001192,opposite_rimcrest,apollo14_final_opposite_rimcrest_500m_01,1,26083334693,scans/001192.npy,poses/001192.npy,transforms/001192.npz,global_dem,805.7837164040884,-5815.3211227652055,0.016347035679359467,-0.03322618331013325,-0.08142226441311357,0.1957587226415738,0.9767010587227916,805.06,-5815.75,26.364226,included,os1_rev7_128ch20hz1024res_rtx
1193,001193,opposite_rimcrest,apollo14_final_opposite_rimcrest_500m_01,2,27650001442,scans/001193.npy,poses/001193.npy,transforms/001193.npz,global_dem,806.7442585480605,-5814.918628349283,0.14218501224662117,-0.017407742936700023,-0.08570664781102671,0.18878630255154402,0.9781160835891429,805.06,-5815.75,26.364226,included,os1_rev7_128ch20hz1024res_rtx
1194,001194,opposite_rimcrest,apollo14_final_opposite_rimcrest_500m_01,3,29216668190,scans/001194.npy,poses/001194.npy,transforms/001194.npz,global_dem,807.7383463443887,-5814.465274647174,0.25611528339298806,-0.020835654955182494,-0.0588072677064848,0.20403341309869055,0.9769738722641388,805.06,-5815.75,26.364226,included,os1_rev7_128ch20hz1024res_rtx
1195,001195,opposite_rimcrest,apollo14_final_opposite_rimcrest_500m_01,4,30783334938,scans/001195.npy,poses/001195.npy,transforms/001195.npz,global_dem,808.6373335371148,-5814.0065015494,0.3498724245412081,-0.038337733357671676,-0.062265903127621015,0.25030306686449316,0.9654022737837978,805.06,-5815.75,26.364226,included,os1_rev7_128ch20hz1024res_rtx
1196,001196,opposite_rimcrest,apollo14_final_opposite_rimcrest_500m_01,5,32350001687,scans/001196.npy,poses/001196.npy,transforms/001196.npz,global_dem,809.5273092733211,-5813.4769953397345,0.46163169091241996,-0.04567215968843187,-0.06838957451915495,0.2442279897374235,0.9662244092110799,805.06,-5815.75,26.364226,included,os1_rev7_128ch20hz1024res_rtx
1197,001197,opposite_rimcrest,apollo14_final_opposite_rimcrest_500m_01,6,33950001770,scans/001197.npy,poses/001197.npy,transforms/001197.npz,global_dem,810.4428703455418,-5812.959642510567,0.5554415102401948,-0.03041988872487299,-0.06334763071572355,0.24227446770391783,0.9676594392406112,805.06,-5815.75,26.364226,included,os1_rev7_128ch20hz1024res_rtx
1198,001198,opposite_rimcrest,apollo14_final_opposite_rimcrest_500m_01,7,35483335183,scans/001198.npy,poses/001198.npy,transforms/001198.npz,global_dem,811.3316974730891,-5812.480783349838,0.6526376836949117,-0.024057003905863312,-0.05115341080012329,0.2491941060645555,0.9668024030944866,805.06,-5815.75,26.364226,included,os1_rev7_128ch20hz1024res_rtx
1199,001199,opposite_rimcrest,apollo14_final_opposite_rimcrest_500m_01,8,37033335264,scans/001199.npy,poses/001199.npy,transforms/001199.npz,global_dem,812.2005599355471,-5811.964658491203,0.7318758171387011,-0.026257072296645267,-0.04542542983712664,0.252945041337643,0.9660568836984804,805.06,-5815.75,26.364226,included,os1_rev7_128ch20hz1024res_rtx
1200,001200,opposite_rimcrest,apollo14_final_opposite_rimcrest_500m_01,9,38733335353,scans/001200.npy,poses/001200.npy,transforms/001200.npz,global_dem,813.1099407907127,-5811.504471604739,0.8126250130590532,-0.016590148024489767,-0.052847732230867986,0.1724956216685582,0.9834516483751287,805.06,-5815.75,26.364226,included,os1_rev7_128ch20hz1024res_rtx
1201,001201,opposite_rimcrest,apollo14_final_opposite_rimcrest_500m_01,10,40983335470,scans/001201.npy,poses/001201.npy,transforms/001201.npz,global_dem,814.0984821080335,-5811.250476991909,0.9208632790014433,-0.017182516596748937,-0.06608298369666334,0.08957803556334126,0.993636541162694,805.06,-5815.75,26.364226,included,os1_rev7_128ch20hz1024res_rtx
1202,001202,opposite_rimcrest,apollo14_final_opposite_rimcrest_500m_01,11,42650002224,scans/001202.npy,poses/001202.npy,transforms/001202.npz,global_dem,815.104788326485,-5811.054376263977,1.043413821868266,-0.004486153449509163,-0.07455328088632783,0.05753469266718462,0.9955458009936079,805.06,-5815.75,26.364226,included,os1_rev7_128ch20hz1024res_rtx
1203,001203,opposite_rimcrest,apollo14_final_opposite_rimcrest_500m_01,12,44166668970,scans/001203.npy,poses/001203.npy,transforms/001203.npz,global_dem,816.0966154338496,-5810.948043233661,1.1629314860353648,0.020498800104888467,-0.09532403725564147,0.079876203383588,0.9920246565728942,805.06,-5815.75,26.364226,included,os1_rev7_128ch20hz1024res_rtx
1204,001204,opposite_rimcrest,apollo14_final_opposite_rimcrest_500m_01,13,45816669056,scans/001204.npy,poses/001204.npy,transforms/001204.npz,global_dem,817.142908555844,-5810.732363066665,1.2573453348447314,0.01730149472649491,-0.07462478338458564,0.15747475754492787,0.984547358292733,805.06,-5815.75,26.364226,included,os1_rev7_128ch20hz1024res_rtx
1205,001205,opposite_rimcrest,apollo14_final_opposite_rimcrest_500m_01,14,47466669142,scans/001205.npy,poses/001205.npy,transforms/001205.npz,global_dem,818.1673607891574,-5810.342318376298,1.3192991163344094,0.0210725593408019,-0.022990518535093915,0.26345407266813653,0.96416769023593,805.06,-5815.75,26.364226,included,os1_rev7_128ch20hz1024res_rtx
1206,001206,opposite_rimcrest,apollo14_final_opposite_rimcrest_500m_01,15,49066669225,scans/001206.npy,poses/001206.npy,transforms/001206.npz,global_dem,819.0645236476045,-5809.739314696848,1.3500528340166067,0.0014259015174132943,-0.008350422626733208,0.3040819574875936,0.9526082092745847,805.06,-5815.75,26.364226,included,os1_rev7_128ch20hz1024res_rtx
1207,001207,opposite_rimcrest,apollo14_final_opposite_rimcrest_500m_01,16,50666669309,scans/001207.npy,poses/001207.npy,transforms/001207.npz,global_dem,819.9374187712586,-5809.067102102241,1.347701922071619,-0.012300420964018283,0.012401570939602589,0.33291238553063457,0.9427959716941094,805.06,-5815.75,26.364226,included,os1_rev7_128ch20hz1024res_rtx
1208,001208,opposite_rimcrest,apollo14_final_opposite_rimcrest_500m_01,17,52466669403,scans/001208.npy,poses/001208.npy,transforms/001208.npz,global_dem,820.764603361955,-5808.425137658516,1.3262058504708432,-0.023674757194570403,-0.01036996872527866,0.2723843981076611,0.9618413119054214,805.06,-5815.75,26.364226,included,os1_rev7_128ch20hz1024res_rtx
1209,001209,opposite_rimcrest,apollo14_final_opposite_rimcrest_500m_01,18,55083336206,scans/001209.npy,poses/001209.npy,transforms/001209.npz,global_dem,821.6665423927508,-5807.958391242138,1.357481800495359,-0.023368223170315606,-0.04707971441931243,0.16857195183645876,0.9842870128626634,805.06,-5815.75,26.364226,included,os1_rev7_128ch20hz1024res_rtx
1210,001210,opposite_rimcrest,apollo14_final_opposite_rimcrest_500m_01,19,56933336302,scans/001210.npy,poses/001210.npy,transforms/001210.npz,global_dem,822.6593328467819,-5807.666187638772,1.4585813554458191,-0.0030305943678048458,-0.04007687393927635,0.12065963933725561,0.9918799882586787,805.06,-5815.75,26.364226,included,os1_rev7_128ch20hz1024res_rtx
1211,001211,opposite_rimcrest,apollo14_final_opposite_rimcrest_500m_01,20,58550003053,scans/001211.npy,poses/001211.npy,transforms/001211.npz,global_dem,823.6935083580976,-5807.441454651852,1.5612721397314806,0.021859202317321438,-0.02209330535924987,0.12278846954182392,0.9919460937369178,805.06,-5815.75,26.364226,included,os1_rev7_128ch20hz1024res_rtx
1212,001212,opposite_rimcrest,apollo14_final_opposite_rimcrest_500m_01,21,60166669804,scans/001212.npy,poses/001212.npy,transforms/001212.npz,global_dem,824.661512276123,-5807.186369389053,1.5931694172307125,-0.016014137376721384,-0.03468196962284928,0.1195932972456724,0.9920877741616755,805.06,-5815.75,26.364226,included,os1_rev7_128ch20hz1024res_rtx
1213,001213,opposite_rimcrest,apollo14_final_opposite_rimcrest_500m_01,22,62133336573,scans/001213.npy,poses/001213.npy,transforms/001213.npz,global_dem,825.704683187201,-5806.9838101464475,1.6638848250803844,-0.019470722123311468,-0.03781137179452583,0.09247642360134901,0.9948061631397932,805.06,-5815.75,26.364226,included,os1_rev7_128ch20hz1024res_rtx
1214,001214,opposite_rimcrest,apollo14_final_opposite_rimcrest_500m_01,23,63716669989,scans/001214.npy,poses/001214.npy,transforms/001214.npz,global_dem,826.7415140120796,-5806.816988386911,1.7391224566373167,-0.017062051125156054,-0.03188766152437837,0.03322118829147649,0.9987934802061994,805.06,-5815.75,26.364226,included,os1_rev7_128ch20hz1024res_rtx
1215,001215,opposite_rimcrest,apollo14_final_opposite_rimcrest_500m_01,24,65650003423,scans/001215.npy,poses/001215.npy,transforms/001215.npz,global_dem,827.7975784502073,-5806.809458100176,1.82206058546837,-0.017642005553492362,-0.046190023758035166,-0.04050639606217905,0.9979551458975181,805.06,-5815.75,26.364226,included,os1_rev7_128ch20hz1024res_rtx
1216,001216,opposite_rimcrest,apollo14_final_opposite_rimcrest_500m_01,25,67583336858,scans/001216.npy,poses/001216.npy,transforms/001216.npz,global_dem,828.7833649978653,-5806.955687749864,1.9160251639008312,-0.01428706805175387,-0.048750969211104896,-0.129816714018904,0.9902357514495206,805.06,-5815.75,26.364226,included,os1_rev7_128ch20hz1024res_rtx
1217,001217,opposite_rimcrest,apollo14_final_opposite_rimcrest_500m_01,26,69150003606,scans/001217.npy,poses/001217.npy,transforms/001217.npz,global_dem,829.7608510099708,-5807.266571580592,2.0234880110765445,-0.009808782907661183,-0.05469840120435333,-0.1792650486074202,0.9822300723513495,805.06,-5815.75,26.364226,included,os1_rev7_128ch20hz1024res_rtx
1218,001218,opposite_rimcrest,apollo14_final_opposite_rimcrest_500m_01,27,70716670354,scans/001218.npy,poses/001218.npy,transforms/001218.npz,global_dem,830.7104976247427,-5807.670748779931,2.1382383268670555,-0.005538698271911237,-0.056477592261232876,-0.20407873928463563,0.9773082791861637,805.06,-5815.75,26.364226,included,os1_rev7_128ch20hz1024res_rtx
1219,001219,opposite_rimcrest,apollo14_final_opposite_rimcrest_500m_01,28,72400003775,scans/001219.npy,poses/001219.npy,transforms/001219.npz,global_dem,831.6279390510953,-5808.077052809056,2.2383232450590356,-0.0017263752846196467,-0.05032311291161531,-0.18289145578200464,0.9818428180402404,805.06,-5815.75,26.364226,included,os1_rev7_128ch20hz1024res_rtx
1220,001220,opposite_rimcrest,apollo14_final_opposite_rimcrest_500m_01,29,74533337220,scans/001220.npy,poses/001220.npy,transforms/001220.npz,global_dem,832.6054085199138,-5808.335964973575,2.3378299147441424,-0.005538116091061759,-0.04977366836386105,-0.06009708177416613,0.9969354301909404,805.06,-5815.75,26.364226,included,os1_rev7_128ch20hz1024res_rtx
1221,001221,opposite_rimcrest,apollo14_final_opposite_rimcrest_500m_01,30,77716670719,scans/001221.npy,poses/001221.npy,transforms/001221.npz,global_dem,833.6383425919972,-5808.322777831964,2.438220510224189,-0.011504613209311752,-0.050021412178742515,0.08505632572678606,0.9950532265423833,805.06,-5815.75,26.364226,included,os1_rev7_128ch20hz1024res_rtx
1222,001222,opposite_rimcrest,apollo14_final_opposite_rimcrest_500m_01,31,82916670991,scans/001222.npy,poses/001222.npy,transforms/001222.npz,global_dem,834.5864967460988,-5807.986324083324,2.528982818800502,-0.016996157592095988,-0.04836620428362056,0.25090358403707697,0.9666536258803612,805.06,-5815.75,26.364226,included,os1_rev7_128ch20hz1024res_rtx
1223,001223,opposite_rimcrest,apollo14_final_opposite_rimcrest_500m_01,32,86500004511,scans/001223.npy,poses/001223.npy,transforms/001223.npz,global_dem,835.3346979836115,-5807.346964867563,2.632970791228863,-0.006332244049338044,-0.11005824697384692,0.34687615084668105,0.9314096955326018,805.06,-5815.75,26.364226,included,os1_rev7_128ch20hz1024res_rtx
1224,001224,opposite_rimcrest,apollo14_final_opposite_rimcrest_500m_01,33,88066671259,scans/001224.npy,poses/001224.npy,transforms/001224.npz,global_dem,836.2053378732376,-5806.662574533086,2.7020703492216818,-0.013070416930842623,-0.05227253104033819,0.31888546504545096,0.9462604329055704,805.06,-5815.75,26.364226,included,os1_rev7_128ch20hz1024res_rtx
1225,001225,opposite_rimcrest,apollo14_final_opposite_rimcrest_500m_01,34,89650004675,scans/001225.npy,poses/001225.npy,transforms/001225.npz,global_dem,837.0221257614982,-5806.032653372072,2.7956214867682876,-0.012705765108078021,-0.050366331195889395,0.3125656139637447,0.9484748458353293,805.06,-5815.75,26.364226,included,os1_rev7_128ch20hz1024res_rtx
1226,001226,opposite_rimcrest,apollo14_final_opposite_rimcrest_500m_01,35,91116671418,scans/001226.npy,poses/001226.npy,transforms/001226.npz,global_dem,837.8141425983431,-5805.424280337445,2.8811559287237327,-0.010575627786749415,-0.050582320059380056,0.3160115667592106,0.9473469663585331,805.06,-5815.75,26.364226,included,os1_rev7_128ch20hz1024res_rtx
1227,001227,opposite_rimcrest,apollo14_final_opposite_rimcrest_500m_01,36,92700004834,scans/001227.npy,poses/001227.npy,transforms/001227.npz,global_dem,838.632523067512,-5804.806793751996,2.963748939138612,-0.009295358157342603,-0.047434703022164716,0.3027982934400354,0.9518281035752874,805.06,-5815.75,26.364226,included,os1_rev7_128ch20hz1024res_rtx
1228,001228,opposite_rimcrest,apollo14_final_opposite_rimcrest_500m_01,37,94266671583,scans/001228.npy,poses/001228.npy,transforms/001228.npz,global_dem,839.4812846942431,-5804.2114642963115,3.0415487728636985,-0.005995170803858355,-0.03665995415303872,0.29688988077642137,0.9541889248891395,805.06,-5815.75,26.364226,included,os1_rev7_128ch20hz1024res_rtx
1229,001229,opposite_rimcrest,apollo14_final_opposite_rimcrest_500m_01,38,95833338331,scans/001229.npy,poses/001229.npy,transforms/001229.npz,global_dem,840.3510474393098,-5803.601352930254,3.0956785851938613,-0.015320988749573298,-0.03657065333866925,0.2787607219014152,0.959541721106029,805.06,-5815.75,26.364226,included,os1_rev7_128ch20hz1024res_rtx
1230,001230,opposite_rimcrest,apollo14_final_opposite_rimcrest_500m_01,39,97300005074,scans/001230.npy,poses/001230.npy,transforms/001230.npz,global_dem,841.1851329916134,-5803.0185642416045,3.140386070458806,-0.014391560886719949,-0.04250968377100307,0.2866358027168189,0.9569878402371778,805.06,-5815.75,26.364226,included,os1_rev7_128ch20hz1024res_rtx
1231,001231,opposite_rimcrest,apollo14_final_opposite_rimcrest_500m_01,40,98750005150,scans/001231.npy,poses/001231.npy,transforms/001231.npz,global_dem,842.044512079178,-5802.452840066078,3.172097321357507,-0.02330411056133742,-0.022308738911527813,0.26409169888431355,0.9639578897335295,805.06,-5815.75,26.364226,included,os1_rev7_128ch20hz1024res_rtx
1232,001232,opposite_rimcrest,apollo14_final_opposite_rimcrest_500m_01,41,100333338566,scans/001232.npy,poses/001232.npy,transforms/001232.npz,global_dem,842.9471129525775,-5801.890302177264,3.199479097243477,-0.025131095223158963,-0.026361128903536864,0.26755182835658786,0.9628548894194092,805.06,-5815.75,26.364226,included,os1_rev7_128ch20hz1024res_rtx
1233,001233,opposite_rimcrest,apollo14_final_opposite_rimcrest_500m_01,42,101783338641,scans/001233.npy,poses/001233.npy,transforms/001233.npz,global_dem,843.8054974382899,-5801.348360652202,3.2102841375671627,-0.026436420148351212,-0.011874487076508603,0.2681797968048815,0.9629328682894266,805.06,-5815.75,26.364226,included,os1_rev7_128ch20hz1024res_rtx
1234,001234,opposite_rimcrest,apollo14_final_opposite_rimcrest_500m_01,43,103350005390,scans/001234.npy,poses/001234.npy,transforms/001234.npz,global_dem,844.7082370706328,-5800.828049809998,3.239681772056195,-0.007141149234877359,-0.03157500437246796,0.2605979363184087,0.9649045230866474,805.06,-5815.75,26.364226,included,os1_rev7_128ch20hz1024res_rtx
1235,001235,opposite_rimcrest,apollo14_final_opposite_rimcrest_500m_01,44,104933338806,scans/001235.npy,poses/001235.npy,transforms/001235.npz,global_dem,845.5729940048634,-5800.22704692212,3.2727707503476386,-0.027153935294334717,-0.05813789593948214,0.31627796148313675,0.9464940041721515,805.06,-5815.75,26.364226,included,os1_rev7_128ch20hz1024res_rtx
1236,001236,opposite_rimcrest,apollo14_final_opposite_rimcrest_500m_01,45,106500005554,scans/001236.npy,poses/001236.npy,transforms/001236.npz,global_dem,846.4183500211686,-5799.5748439235895,3.3123037440920102,-0.029765156074453604,-0.033267382400021535,0.3376073312136503,0.9402279546274461,805.06,-5815.75,26.364226,included,os1_rev7_128ch20hz1024res_rtx
1237,001237,opposite_rimcrest,apollo14_final_opposite_rimcrest_500m_01,46,108066672302,scans/001237.npy,poses/001237.npy,transforms/001237.npz,global_dem,847.1930730677288,-5798.872712693831,3.355789191480374,-0.02983017538575324,-0.04786143896181726,0.36142850344608535,0.9306926883744615,805.06,-5815.75,26.364226,included,os1_rev7_128ch20hz1024res_rtx
1238,001238,opposite_rimcrest,apollo14_final_opposite_rimcrest_500m_01,47,109533339045,scans/001238.npy,poses/001238.npy,transforms/001238.npz,global_dem,847.9378506119518,-5798.175977349225,3.390852184552878,-0.04003663239124786,-0.037466864600254876,0.36200139340052195,0.9305634278757546,805.06,-5815.75,26.364226,included,os1_rev7_128ch20hz1024res_rtx
1239,001239,opposite_rimcrest,apollo14_final_opposite_rimcrest_500m_01,48,111000005789,scans/001239.npy,poses/001239.npy,transforms/001239.npz,global_dem,848.6440969069262,-5797.522916396202,3.439630473527693,-0.015931557397579062,-0.10271648837027232,0.34919757295123444,0.931266107802026,805.06,-5815.75,26.364226,included,os1_rev7_128ch20hz1024res_rtx
1240,001240,opposite_rimcrest,apollo14_final_opposite_rimcrest_500m_01,49,112483339199,scans/001240.npy,poses/001240.npy,transforms/001240.npz,global_dem,849.4079223449738,-5796.861808567583,3.4881285744494788,0.008249016928836825,-0.1326274882466762,0.34839601491302774,0.927880444817007,805.06,-5815.75,26.364226,included,os1_rev7_128ch20hz1024res_rtx
1241,001241,opposite_rimcrest,apollo14_final_opposite_rimcrest_500m_01,50,113883339272,scans/001241.npy,poses/001241.npy,transforms/001241.npz,global_dem,850.2310152732748,-5796.125836148668,3.5146121518681053,-0.038258404344713816,-0.04047470521671652,0.34981769687514663,0.9351607731762407,805.06,-5815.75,26.364226,included,os1_rev7_128ch20hz1024res_rtx
1242,001242,opposite_rimcrest,apollo14_final_opposite_rimcrest_500m_01,51,115483339356,scans/001242.npy,poses/001242.npy,transforms/001242.npz,global_dem,851.0490492419739,-5795.43274149897,3.565844795007462,-0.028742136979669108,-0.035524536311063476,0.3313410827533124,0.9424038326331172,805.06,-5815.75,26.364226,included,os1_rev7_128ch20hz1024res_rtx
1243,001243,opposite_rimcrest,apollo14_final_opposite_rimcrest_500m_01,52,117083339439,scans/001243.npy,poses/001243.npy,transforms/001243.npz,global_dem,851.883913255262,-5794.756085933396,3.6126699726618448,-0.02893516194425534,-0.03381316752737641,0.31099492462743855,0.949369044661242,805.06,-5815.75,26.364226,included,os1_rev7_128ch20hz1024res_rtx
1244,001244,opposite_rimcrest,apollo14_final_opposite_rimcrest_500m_01,53,118600006185,scans/001244.npy,poses/001244.npy,transforms/001244.npz,global_dem,852.6292954804017,-5794.052978149306,3.6947814835549257,-0.0851378333858909,-0.04746467524448631,0.2661340034316621,0.9589949666957215,805.06,-5815.75,26.364226,included,os1_rev7_128ch20hz1024res_rtx
1245,001245,opposite_rimcrest,apollo14_final_opposite_rimcrest_500m_01,54,120116672931,scans/001245.npy,poses/001245.npy,transforms/001245.npz,global_dem,853.5022265757731,-5793.50100370968,3.71718886525934,-0.01231084140234667,-0.054040401992186175,0.29497590999872036,0.9538958489567485,805.06,-5815.75,26.364226,included,os1_rev7_128ch20hz1024res_rtx
1246,001246,opposite_rimcrest,apollo14_final_opposite_rimcrest_500m_01,55,121600006341,scans/001246.npy,poses/001246.npy,transforms/001246.npz,global_dem,854.3750509021456,-5792.91383410961,3.769646232439924,-0.025587960606876056,-0.031242330298041358,0.289314029507387,0.9563820185468399,805.06,-5815.75,26.364226,included,os1_rev7_128ch20hz1024res_rtx
1247,001247,opposite_rimcrest,apollo14_final_opposite_rimcrest_500m_01,56,123183339757,scans/001247.npy,poses/001247.npy,transforms/001247.npz,global_dem,855.2252061201726,-5792.31506356455,3.812573373851208,-0.02850234155398968,-0.025976909354366674,0.30414433136697033,0.951845072689707,805.06,-5815.75,26.364226,included,os1_rev7_128ch20hz1024res_rtx
1248,001248,opposite_rimcrest,apollo14_final_opposite_rimcrest_500m_01,57,124766673173,scans/001248.npy,poses/001248.npy,transforms/001248.npz,global_dem,856.058483588793,-5791.686457191664,3.834870280271097,-0.024430520322222045,-0.024201267378096702,0.33396092413790185,0.9419594202952896,805.06,-5815.75,26.364226,included,os1_rev7_128ch20hz1024res_rtx
1249,001249,opposite_rimcrest,apollo14_final_opposite_rimcrest_500m_01,58,126233339916,scans/001249.npy,poses/001249.npy,transforms/001249.npz,global_dem,856.8348729248285,-5791.027170120247,3.838505097076155,-0.03254273721105231,-0.020275099975436438,0.3471877639672115,0.9370114978628845,805.06,-5815.75,26.364226,included,os1_rev7_128ch20hz1024res_rtx
1250,001250,opposite_rimcrest,apollo14_final_opposite_rimcrest_500m_01,59,127800006665,scans/001250.npy,poses/001250.npy,transforms/001250.npz,global_dem,857.6447310892632,-5790.3045992808675,3.8252130114141014,-0.03115565903832577,-0.008302160223425337,0.3776781790112175,0.9253753790458675,805.06,-5815.75,26.364226,included,os1_rev7_128ch20hz1024res_rtx
1251,001251,opposite_rimcrest,apollo14_final_opposite_rimcrest_500m_01,60,129350006746,scans/001251.npy,poses/001251.npy,transforms/001251.npz,global_dem,858.4065215020333,-5789.517605757822,3.7919774224446323,-0.03985860186204705,-0.0028803749224759908,0.3785185171604195,0.9247306242709744,805.06,-5815.75,26.364226,included,os1_rev7_128ch20hz1024res_rtx
1252,001252,opposite_rimcrest,apollo14_final_opposite_rimcrest_500m_01,61,130883340159,scans/001252.npy,poses/001252.npy,transforms/001252.npz,global_dem,859.1679672929063,-5788.7923273251445,3.768121116690678,-0.030705464153926526,-0.002709067843524979,0.3866240500934162,0.9217221269514336,805.06,-5815.75,26.364226,included,os1_rev7_128ch20hz1024res_rtx
1253,001253,opposite_rimcrest,apollo14_final_opposite_rimcrest_500m_01,62,132400006905,scans/001253.npy,poses/001253.npy,transforms/001253.npz,global_dem,859.9023350717297,-5788.036968061743,3.7472097202396175,-0.04186970428586308,-0.0075206629998448,0.3795177940567061,0.9242059356471309,805.06,-5815.75,26.364226,included,os1_rev7_128ch20hz1024res_rtx
1254,001254,opposite_rimcrest,apollo14_final_opposite_rimcrest_500m_01,63,133900006983,scans/001254.npy,poses/001254.npy,transforms/001254.npz,global_dem,860.6475719349257,-5787.2841597678935,3.7416196250064746,-0.048099639823756764,-0.01595701819279014,0.3758638155110623,0.9252881661453831,805.06,-5815.75,26.364226,included,os1_rev7_128ch20hz1024res_rtx
1255,001255,opposite_rimcrest,apollo14_final_opposite_rimcrest_500m_01,64,135383340394,scans/001255.npy,poses/001255.npy,transforms/001255.npz,global_dem,861.3628972238006,-5786.580127426648,3.7301791256754604,-0.03568810434264684,-0.01605396676545017,0.3803467588285782,0.9240156775770191,805.06,-5815.75,26.364226,included,os1_rev7_128ch20hz1024res_rtx
1256,001256,opposite_rimcrest,apollo14_final_opposite_rimcrest_500m_01,65,136866673804,scans/001256.npy,poses/001256.npy,transforms/001256.npz,global_dem,862.0512216131933,-5785.848075499848,3.7314327178969706,-0.03765873470129918,-0.014648563591004443,0.3796853987123233,0.9242327830639214,805.06,-5815.75,26.364226,included,os1_rev7_128ch20hz1024res_rtx
1257,001257,opposite_rimcrest,apollo14_final_opposite_rimcrest_500m_01,66,138466673888,scans/001257.npy,poses/001257.npy,transforms/001257.npz,global_dem,862.8152418459505,-5785.119801891368,3.7379144116494496,-0.03160773202427146,-0.019540661587446682,0.36108826314830383,0.9317909529704332,805.06,-5815.75,26.364226,included,os1_rev7_128ch20hz1024res_rtx
1258,001258,opposite_rimcrest,apollo14_final_opposite_rimcrest_500m_01,67,139933340631,scans/001258.npy,poses/001258.npy,transforms/001258.npz,global_dem,863.5646496654566,-5784.454471543763,3.7538968876515253,-0.031065576584227993,-0.022210346413994372,0.35529435044583463,0.9339740654884012,805.06,-5815.75,26.364226,included,os1_rev7_128ch20hz1024res_rtx
1259,001259,opposite_rimcrest,apollo14_final_opposite_rimcrest_500m_01,68,141516674047,scans/001259.npy,poses/001259.npy,transforms/001259.npz,global_dem,864.3461881017698,-5783.74727234288,3.7752359099208155,-0.027861728680566113,-0.025485301313523848,0.3465369532861965,0.9372760337803426,805.06,-5815.75,26.364226,included,os1_rev7_128ch20hz1024res_rtx
1260,001260,opposite_rimcrest,apollo14_final_opposite_rimcrest_500m_01,69,142983340790,scans/001260.npy,poses/001260.npy,transforms/001260.npz,global_dem,865.1108194590372,-5783.089144412625,3.798928867980727,-0.025624729843088244,-0.023905069811666756,0.35009525505957045,0.9360583492723851,805.06,-5815.75,26.364226,included,os1_rev7_128ch20hz1024res_rtx
1261,001261,opposite_rimcrest,apollo14_final_opposite_rimcrest_500m_01,70,144433340866,scans/001261.npy,poses/001261.npy,transforms/001261.npz,global_dem,865.8496544293752,-5782.436774124268,3.831161906529532,-0.01789022946569092,-0.04379151236018678,0.34515533567668144,0.9373526750315433,805.06,-5815.75,26.364226,included,os1_rev7_128ch20hz1024res_rtx
1262,001262,opposite_rimcrest,apollo14_final_opposite_rimcrest_500m_01,71,145900007609,scans/001262.npy,poses/001262.npy,transforms/001262.npz,global_dem,866.6285680873925,-5781.769584853051,3.8550534594820665,-0.02311826958465785,-0.03124387643416288,0.33768943500531745,0.9404547896005249,805.06,-5815.75,26.364226,included,os1_rev7_128ch20hz1024res_rtx
1263,001263,opposite_rimcrest,apollo14_final_opposite_rimcrest_500m_01,72,147466674357,scans/001263.npy,poses/001263.npy,transforms/001263.npz,global_dem,867.4646652245959,-5781.07779774142,3.8874888294203305,-0.014139142771612462,-0.013106139933490702,0.36355662046137405,0.931372587881151,805.06,-5815.75,26.364226,included,os1_rev7_128ch20hz1024res_rtx
1264,001264,opposite_rimcrest,apollo14_final_opposite_rimcrest_500m_01,73,149050007773,scans/001264.npy,poses/001264.npy,transforms/001264.npz,global_dem,868.2247998496607,-5780.329721590375,3.8970954467829704,-0.018947183306501258,-0.021535236438074663,0.388257469459251,0.9211044323231785,805.06,-5815.75,26.364226,included,os1_rev7_128ch20hz1024res_rtx
1265,001265,opposite_rimcrest,apollo14_final_opposite_rimcrest_500m_01,74,150616674521,scans/001265.npy,poses/001265.npy,transforms/001265.npz,global_dem,868.9842176638531,-5779.576838830313,3.9419817272148996,0.015363051388649615,-0.010951876742746064,0.40439401513692014,0.9143902414009468,805.06,-5815.75,26.364226,included,os1_rev7_128ch20hz1024res_rtx
1266,001266,opposite_rimcrest,apollo14_final_opposite_rimcrest_500m_01,75,152083341265,scans/001266.npy,poses/001266.npy,transforms/001266.npz,global_dem,869.6673972769246,-5778.836458838448,3.9506656303375847,-0.015032987355513954,-0.021640355873077177,0.3771954162784441,0.9257587818797005,805.06,-5815.75,26.364226,included,os1_rev7_128ch20hz1024res_rtx
1267,001267,opposite_rimcrest,apollo14_final_opposite_rimcrest_500m_01,76,153650008013,scans/001267.npy,poses/001267.npy,transforms/001267.npz,global_dem,870.3960326771775,-5778.088755792222,3.997829778783866,-0.02555758935822795,-0.03404407811174589,0.3815907570709648,0.923350585904252,805.06,-5815.75,26.364226,included,os1_rev7_128ch20hz1024res_rtx
1268,001268,opposite_rimcrest,apollo14_final_opposite_rimcrest_500m_01,77,155233341429,scans/001268.npy,poses/001268.npy,transforms/001268.npz,global_dem,871.1335851691613,-5777.350954277196,4.036025896084019,-0.00528293283913996,-0.033240873338865266,0.40531777726786583,0.9135560379040376,805.06,-5815.75,26.364226,included,os1_rev7_128ch20hz1024res_rtx
1269,001269,opposite_rimcrest,apollo14_final_opposite_rimcrest_500m_01,78,156800008177,scans/001269.npy,poses/001269.npy,transforms/001269.npz,global_dem,871.8271965211098,-5776.582812417406,4.091788891561525,0.001499941407205691,-0.03298573928877093,0.4100437504449396,0.9114679445270669,805.06,-5815.75,26.364226,included,os1_rev7_128ch20hz1024res_rtx
1270,001270,opposite_rimcrest,apollo14_final_opposite_rimcrest_500m_01,79,158400008261,scans/001270.npy,poses/001270.npy,transforms/001270.npz,global_dem,872.5136779769529,-5775.774731065368,4.170141851711151,0.0024205596144399617,-0.04493820890523731,0.4162318413160621,0.9081441254262358,805.06,-5815.75,26.364226,included,os1_rev7_128ch20hz1024res_rtx
1271,001271,opposite_rimcrest,apollo14_final_opposite_rimcrest_500m_01,80,159883341671,scans/001271.npy,poses/001271.npy,transforms/001271.npz,global_dem,873.1694578164811,-5774.976425151623,4.243914774514604,0.003302472356754347,-0.04080143713535371,0.419155034156355,0.9069913967317482,805.06,-5815.75,26.364226,included,os1_rev7_128ch20hz1024res_rtx
1272,001272,opposite_rimcrest,apollo14_final_opposite_rimcrest_500m_01,81,161366675082,scans/001272.npy,poses/001272.npy,transforms/001272.npz,global_dem,873.8093904797927,-5774.186398434515,4.308562879737411,0.004561109936314619,-0.03644620546206754,0.40697770134537253,0.9126993048048204,805.06,-5815.75,26.364226,included,os1_rev7_128ch20hz1024res_rtx
1273,001273,opposite_rimcrest,apollo14_final_opposite_rimcrest_500m_01,82,162866675160,scans/001273.npy,poses/001273.npy,transforms/001273.npz,global_dem,874.4651574523642,-5773.457444749862,4.377123671608936,0.030693732928536582,-0.06941822559239175,0.3932869813857832,0.9162774443294859,805.06,-5815.75,26.364226,included,os1_rev7_128ch20hz1024res_rtx
1274,001274,opposite_rimcrest,apollo14_final_opposite_rimcrest_500m_01,83,164383341906,scans/001274.npy,poses/001274.npy,transforms/001274.npz,global_dem,875.2008552693128,-5772.674396288401,4.462113404036448,0.053429795201911476,-0.0709723641099726,0.3916154569910733,0.9158305052590223,805.06,-5815.75,26.364226,included,os1_rev7_128ch20hz1024res_rtx
1275,001275,opposite_rimcrest,apollo14_final_opposite_rimcrest_500m_01,84,165816675314,scans/001275.npy,poses/001275.npy,transforms/001275.npz,global_dem,875.9271178519682,-5771.951575700617,4.5475369478437955,0.04726841745214101,-0.04596346443761436,0.388718651083161,0.9189944868977996,805.06,-5815.75,26.364226,included,os1_rev7_128ch20hz1024res_rtx
1276,001276,opposite_rimcrest,apollo14_final_opposite_rimcrest_500m_01,85,167366675395,scans/001276.npy,poses/001276.npy,transforms/001276.npz,global_dem,876.7035676534998,-5771.181590498416,4.644674212553615,0.03821766615363132,-0.008377687030204178,0.40980607324672685,0.9113332028867882,805.06,-5815.75,26.364226,included,os1_rev7_128ch20hz1024res_rtx
1277,001277,opposite_rimcrest,apollo14_final_opposite_rimcrest_500m_01,86,168916675476,scans/001277.npy,poses/001277.npy,transforms/001277.npz,global_dem,877.4356060225722,-5770.3566950020795,4.674070160302198,0.02906758861246436,0.026913401386693906,0.4118588708430305,0.9103861898260316,805.06,-5815.75,26.364226,included,os1_rev7_128ch20hz1024res_rtx
1278,001278,opposite_rimcrest,apollo14_final_opposite_rimcrest_500m_01,87,170366675551,scans/001278.npy,poses/001278.npy,transforms/001278.npz,global_dem,878.1087932558207,-5769.567163620309,4.626303028637531,0.009285562176040327,0.052753754209761,0.4249669197496363,0.9036226739465746,805.06,-5815.75,26.364226,included,os1_rev7_128ch20hz1024res_rtx
1279,001279,opposite_rimcrest,apollo14_final_opposite_rimcrest_500m_01,88,171900008965,scans/001279.npy,poses/001279.npy,transforms/001279.npz,global_dem,878.7258187408457,-5768.7423401683045,4.567388915682483,-0.009384096063672444,0.027650557871150592,0.44104431266223454,0.8970102004206971,805.06,-5815.75,26.364226,included,os1_rev7_128ch20hz1024res_rtx
1280,001280,opposite_rimcrest,apollo14_final_opposite_rimcrest_500m_01,89,173383342375,scans/001280.npy,poses/001280.npy,transforms/001280.npz,global_dem,879.3398014405437,-5767.962497325059,4.548981917124514,-0.0023778732645274026,-0.01952319255997055,0.4280074255057945,0.903561195704478,805.06,-5815.75,26.364226,included,os1_rev7_128ch20hz1024res_rtx
1281,001281,opposite_rimcrest,apollo14_final_opposite_rimcrest_500m_01,90,174866675786,scans/001281.npy,poses/001281.npy,transforms/001281.npz,global_dem,879.9664850956699,-5767.15743912365,4.571052362220846,-0.010344112010158708,-0.02132192535259826,0.423428196833558,0.9056196425499291,805.06,-5815.75,26.364226,included,os1_rev7_128ch20hz1024res_rtx
1282,001282,opposite_rimcrest,apollo14_final_opposite_rimcrest_500m_01,91,176450009202,scans/001282.npy,poses/001282.npy,transforms/001282.npz,global_dem,880.6165766652246,-5766.349640312208,4.606123113064557,0.0010138208834445013,-0.04746163446544028,0.4269603162584462,0.9030233960211512,805.06,-5815.75,26.364226,included,os1_rev7_128ch20hz1024res_rtx
1283,001283,opposite_rimcrest,apollo14_final_opposite_rimcrest_500m_01,92,177950009280,scans/001283.npy,poses/001283.npy,transforms/001283.npz,global_dem,881.2671023814738,-5765.516941081055,4.665827956846482,-0.005253884575097005,-0.05076428514183534,0.4195675163380087,0.9062883003133522,805.06,-5815.75,26.364226,included,os1_rev7_128ch20hz1024res_rtx
1284,001284,opposite_rimcrest,apollo14_final_opposite_rimcrest_500m_01,93,179433342691,scans/001284.npy,poses/001284.npy,transforms/001284.npz,global_dem,881.8993194097422,-5764.738000052552,4.750280605519511,-0.006571060238610653,-0.04652902051723875,0.40262073116578484,0.9141599522253071,805.06,-5815.75,26.364226,included,os1_rev7_128ch20hz1024res_rtx
1285,001285,opposite_rimcrest,apollo14_final_opposite_rimcrest_500m_01,94,180933342769,scans/001285.npy,poses/001285.npy,transforms/001285.npz,global_dem,882.6521272062321,-5763.957444468525,4.757963603304786,0.02078494431738031,-0.02791566416161109,0.39843472199142405,0.9165361280908442,805.06,-5815.75,26.364226,included,os1_rev7_128ch20hz1024res_rtx
1286,001286,opposite_rimcrest,apollo14_final_opposite_rimcrest_500m_01,95,182550009520,scans/001286.npy,poses/001286.npy,transforms/001286.npz,global_dem,883.3547496156086,-5763.173847976388,4.841428975972725,0.021732481188689066,-0.0653532022840555,0.39676940505480734,0.9153309223581693,805.06,-5815.75,26.364226,included,os1_rev7_128ch20hz1024res_rtx
1287,001287,opposite_rimcrest,apollo14_final_opposite_rimcrest_500m_01,96,184116676269,scans/001287.npy,poses/001287.npy,transforms/001287.npz,global_dem,883.9709367019607,-5762.493638665585,5.01005779198179,0.06184803861158117,-0.1444943706854356,0.4110092491096644,0.8979797292291348,805.06,-5815.75,26.364226,included,os1_rev7_128ch20hz1024res_rtx
1288,001288,opposite_rimcrest,apollo14_final_opposite_rimcrest_500m_01,97,185633343014,scans/001288.npy,poses/001288.npy,transforms/001288.npz,global_dem,884.5681774974119,-5761.753068172895,5.276132966289951,0.08189996804735908,-0.15857291634789936,0.4458090440819032,0.8771552437565105,805.06,-5815.75,26.364226,included,os1_rev7_128ch20hz1024res_rtx
1289,001289,opposite_rimcrest,apollo14_final_opposite_rimcrest_500m_01,98,187233343098,scans/001289.npy,poses/001289.npy,transforms/001289.npz,global_dem,885.1854101935816,-5760.9507488286445,5.550997300416911,0.08606892652368801,-0.11022187702411443,0.48528782865326636,0.8630984886288117,805.06,-5815.75,26.364226,included,os1_rev7_128ch20hz1024res_rtx
1290,001290,opposite_rimcrest,apollo14_final_opposite_rimcrest_500m_01,99,189266676537,scans/001290.npy,poses/001290.npy,transforms/001290.npz,global_dem,885.6243520222347,-5760.052403874112,5.761270522126148,0.07728672762102698,-0.09907129892424466,0.5880368363002055,0.7990145922429336,805.06,-5815.75,26.364226,included,os1_rev7_128ch20hz1024res_rtx
1291,001291,opposite_rimcrest,apollo14_final_opposite_rimcrest_500m_01,100,190866676621,scans/001291.npy,poses/001291.npy,transforms/001291.npz,global_dem,885.9371630385156,-5759.026141399302,5.883818041979408,0.1071374823580163,-0.06631317236869795,0.6275705945555259,0.7682963437981525,805.06,-5815.75,26.364226,included,os1_rev7_128ch20hz1024res_rtx
1292,001292,opposite_rimcrest,apollo14_final_opposite_rimcrest_500m_01,101,192216676691,scans/001292.npy,poses/001292.npy,transforms/001292.npz,global_dem,886.0925621483724,-5757.907727749325,5.85273684131165,-0.009188720209387952,0.04031969258613175,0.6442225680521037,0.7637193022459404,805.06,-5815.75,26.364226,included,os1_rev7_128ch20hz1024res_rtx
1293,001293,opposite_rimcrest,apollo14_final_opposite_rimcrest_500m_01,102,194033343452,scans/001293.npy,poses/001293.npy,transforms/001293.npz,global_dem,886.362279777671,-5756.889561368302,5.77341051161437,0.017958251926236582,0.03351546669950875,0.5927650425638462,0.8044773576639368,805.06,-5815.75,26.364226,included,os1_rev7_128ch20hz1024res_rtx
1294,001294,opposite_rimcrest,apollo14_final_opposite_rimcrest_500m_01,103,195966676887,scans/001294.npy,poses/001294.npy,transforms/001294.npz,global_dem,886.6948806301166,-5755.935411094783,5.754324556320617,-0.021647827936248653,0.010812928084392949,0.522621049900747,0.8522216204324585,805.06,-5815.75,26.364226,included,os1_rev7_128ch20hz1024res_rtx
1295,001295,opposite_rimcrest,apollo14_final_opposite_rimcrest_500m_01,104,198116676999,scans/001295.npy,poses/001295.npy,transforms/001295.npz,global_dem,887.2176188280124,-5754.983743932647,5.708184626035113,-0.05134131427852068,0.0011110272541829287,0.45413833824127536,0.8894499450818172,805.06,-5815.75,26.364226,included,os1_rev7_128ch20hz1024res_rtx
1296,001296,opposite_rimcrest,apollo14_final_opposite_rimcrest_500m_01,105,200016677098,scans/001296.npy,poses/001296.npy,transforms/001296.npz,global_dem,887.7908409081786,-5754.059839537099,5.596176586299409,-0.10992393284095416,0.02430914014866243,0.45210358869514755,0.8848322664680459,805.06,-5815.75,26.364226,included,os1_rev7_128ch20hz1024res_rtx
1297,001297,opposite_rimcrest,apollo14_final_opposite_rimcrest_500m_01,106,201483343841,scans/001297.npy,poses/001297.npy,transforms/001297.npz,global_dem,888.3717533173864,-5753.188388551501,5.452942353826691,-0.08344350796566274,0.003595205355970729,0.46100405218123486,0.8834588385144574,805.06,-5815.75,26.364226,included,os1_rev7_128ch20hz1024res_rtx
1298,001298,opposite_rimcrest,apollo14_final_opposite_rimcrest_500m_01,107,202883343914,scans/001298.npy,poses/001298.npy,transforms/001298.npz,global_dem,888.9352820054556,-5752.352198049428,5.3116032247172615,-0.0260311229468618,0.024278794489738784,0.44367852276725356,0.8954788044455984,805.06,-5815.75,26.364226,included,os1_rev7_128ch20hz1024res_rtx
1299,001299,opposite_rimcrest,apollo14_final_opposite_rimcrest_500m_01,108,204483343997,scans/001299.npy,poses/001299.npy,transforms/001299.npz,global_dem,889.5935230563005,-5751.557181558046,5.26969495021081,0.03231163203845138,-0.018328529449551653,0.4557330166370854,0.8893410150162259,805.06,-5815.75,26.364226,included,os1_rev7_128ch20hz1024res_rtx
1300,001300,opposite_rimcrest,apollo14_final_opposite_rimcrest_500m_01,109,205983344076,scans/001300.npy,poses/001300.npy,transforms/001300.npz,global_dem,890.1837412078743,-5750.685782754028,5.294369267016407,0.006235276096160143,-0.04434645591510542,0.46960386554012373,0.881740734371248,805.06,-5815.75,26.364226,included,os1_rev7_128ch20hz1024res_rtx
1301,001301,opposite_rimcrest,apollo14_final_opposite_rimcrest_500m_01,110,207600010827,scans/001301.npy,poses/001301.npy,transforms/001301.npz,global_dem,890.7915162649018,-5749.762834657692,5.3751071793446314,-0.0017788456684763216,-0.02730123258048157,0.47183198482627897,0.8812638971968433,805.06,-5815.75,26.364226,included,os1_rev7_128ch20hz1024res_rtx
1302,001302,opposite_rimcrest,apollo14_final_opposite_rimcrest_500m_01,111,209100010905,scans/001302.npy,poses/001302.npy,transforms/001302.npz,global_dem,891.3472149456762,-5748.898168602258,5.408093286073379,-0.010439172852615261,-0.02277658450257718,0.4735625892914802,0.8804037283497265,805.06,-5815.75,26.364226,included,os1_rev7_128ch20hz1024res_rtx
1303,001303,opposite_rimcrest,apollo14_final_opposite_rimcrest_500m_01,112,210600010983,scans/001303.npy,poses/001303.npy,transforms/001303.npz,global_dem,891.9641291509905,-5748.034887879933,5.402779523658762,-0.0222302392901762,-0.0033833225269334975,0.5028444937748362,0.8640843620099308,805.06,-5815.75,26.364226,included,os1_rev7_128ch20hz1024res_rtx
1304,001304,opposite_rimcrest,apollo14_final_opposite_rimcrest_500m_01,113,212100011061,scans/001304.npy,poses/001304.npy,transforms/001304.npz,global_dem,892.4709755533886,-5747.135763688533,5.382153925657774,-0.028423075403087087,0.0009789461892221586,0.49821431148881196,0.8665873702499467,805.06,-5815.75,26.364226,included,os1_rev7_128ch20hz1024res_rtx
1305,001305,opposite_rimcrest,apollo14_final_opposite_rimcrest_500m_01,114,213583344472,scans/001305.npy,poses/001305.npy,transforms/001305.npz,global_dem,893.0377698525829,-5746.2643050094775,5.360136557518028,-0.023686425765555574,0.0077525481822525505,0.45871351333679833,0.8882346333674147,805.06,-5815.75,26.364226,included,os1_rev7_128ch20hz1024res_rtx
1306,001306,opposite_rimcrest,apollo14_final_opposite_rimcrest_500m_01,115,215050011215,scans/001306.npy,poses/001306.npy,transforms/001306.npz,global_dem,893.6187528013556,-5745.449125946346,5.321916721109116,-0.032823758411003774,0.0002915066932471397,0.4484135663215478,0.8932232584558101,805.06,-5815.75,26.364226,included,os1_rev7_128ch20hz1024res_rtx
1307,001307,opposite_rimcrest,apollo14_final_opposite_rimcrest_500m_01,116,216516677958,scans/001307.npy,poses/001307.npy,transforms/001307.npz,global_dem,894.1901234097527,-5744.614251271484,5.292027443521169,-0.025268356889487278,-0.004387786466865559,0.48529943213850535,0.873971806545309,805.06,-5815.75,26.364226,included,os1_rev7_128ch20hz1024res_rtx
1308,001308,opposite_rimcrest,apollo14_final_opposite_rimcrest_500m_01,117,217966678034,scans/001308.npy,poses/001308.npy,transforms/001308.npz,global_dem,894.7224086811295,-5743.748686460769,5.278565062444483,-0.03624726305124079,0.0006825656985253867,0.4810957748757286,0.8759181042894842,805.06,-5815.75,26.364226,included,os1_rev7_128ch20hz1024res_rtx
1309,001309,opposite_rimcrest,apollo14_final_opposite_rimcrest_500m_01,118,219533344782,scans/001309.npy,poses/001309.npy,transforms/001309.npz,global_dem,895.2990655137706,-5742.854274939318,5.243772780523775,-0.022110782836235743,-0.004383664090784877,0.4771873920206278,0.8785124300020232,805.06,-5815.75,26.364226,included,os1_rev7_128ch20hz1024res_rtx
1310,001310,opposite_rimcrest,apollo14_final_opposite_rimcrest_500m_01,119,221100011531,scans/001310.npy,poses/001310.npy,transforms/001310.npz,global_dem,895.8994979417948,-5741.953839655325,5.243810814701323,-0.005611888692053873,-0.00012286659537215954,0.48510654786396773,0.8744370353711076,805.06,-5815.75,26.364226,included,os1_rev7_128ch20hz1024res_rtx
1311,001311,opposite_rimcrest,apollo14_final_opposite_rimcrest_500m_01,120,222666678279,scans/001311.npy,poses/001311.npy,transforms/001311.npz,global_dem,896.4593628514118,-5741.037310796346,5.2243071410396205,-0.019501715797002942,-0.0061131648650499856,0.4878999647285684,0.8726602642003172,805.06,-5815.75,26.364226,included,os1_rev7_128ch20hz1024res_rtx
1312,001312,opposite_rimcrest,apollo14_final_opposite_rimcrest_500m_01,121,224233345028,scans/001312.npy,poses/001312.npy,transforms/001312.npz,global_dem,896.9970404120863,-5740.1253969369245,5.224316527721945,-0.020989174581988915,-0.0021365433983643154,0.4890600529545429,0.8719949279306466,805.06,-5815.75,26.364226,included,os1_rev7_128ch20hz1024res_rtx
1313,001313,opposite_rimcrest,apollo14_final_opposite_rimcrest_500m_01,122,225716678438,scans/001313.npy,poses/001313.npy,transforms/001313.npz,global_dem,897.5035056620635,-5739.339786635493,5.234926532531733,0.03610192973028999,-0.07489445986910308,0.46737785480774174,0.8801394272420582,805.06,-5815.75,26.364226,included,os1_rev7_128ch20hz1024res_rtx
1314,001314,opposite_rimcrest,apollo14_final_opposite_rimcrest_500m_01,123,227166678514,scans/001314.npy,poses/001314.npy,transforms/001314.npz,global_dem,898.0814505586206,-5738.444120453382,5.20575444890914,-0.018565103460963822,-0.025219386080063112,0.4551744591452334,0.8898514096415607,805.06,-5815.75,26.364226,included,os1_rev7_128ch20hz1024res_rtx
1315,001315,opposite_rimcrest,apollo14_final_opposite_rimcrest_500m_01,124,228616678589,scans/001315.npy,poses/001315.npy,transforms/001315.npz,global_dem,898.6769294895308,-5737.602147397182,5.194647587339759,-0.033639882110378966,0.0019184071341397035,0.4691188037484841,0.8824920543638106,805.06,-5815.75,26.364226,included,os1_rev7_128ch20hz1024res_rtx
1316,001316,opposite_rimcrest,apollo14_final_opposite_rimcrest_500m_01,125,230166678670,scans/001316.npy,poses/001316.npy,transforms/001316.npz,global_dem,899.2356176342955,-5736.715709361082,5.168995026929271,-0.024707533205861023,-0.007614856366412122,0.49112270474319214,0.8707066329431122,805.06,-5815.75,26.364226,included,os1_rev7_128ch20hz1024res_rtx
1317,001317,opposite_rimcrest,apollo14_final_opposite_rimcrest_500m_01,126,231650012081,scans/001317.npy,poses/001317.npy,transforms/001317.npz,global_dem,899.7369776544948,-5735.779881036468,5.124446914403119,-0.02719512774927391,-0.014781145136694441,0.48806308116451314,0.8722593488059331,805.06,-5815.75,26.364226,included,os1_rev7_128ch20hz1024res_rtx
1318,001318,opposite_rimcrest,apollo14_final_opposite_rimcrest_500m_01,127,233200012162,scans/001318.npy,poses/001318.npy,transforms/001318.npz,global_dem,900.2483392456455,-5734.847187619514,5.073041583226345,-0.014889093906018225,-0.030374728252554148,0.5078676677778166,0.8607706563261568,805.06,-5815.75,26.364226,included,os1_rev7_128ch20hz1024res_rtx
1319,001319,opposite_rimcrest,apollo14_final_opposite_rimcrest_500m_01,128,234616678902,scans/001319.npy,poses/001319.npy,transforms/001319.npz,global_dem,900.7235717048409,-5733.904527607831,4.996205440826814,-0.043442663371253784,0.01545812735060044,0.5253965100786288,0.8496071377379206,805.06,-5815.75,26.364226,included,os1_rev7_128ch20hz1024res_rtx
1320,001320,opposite_rimcrest,apollo14_final_opposite_rimcrest_500m_01,129,236150012316,scans/001320.npy,poses/001320.npy,transforms/001320.npz,global_dem,901.1604480775716,-5732.971808913326,4.919910783562647,-0.046364953418934096,0.020298962888816514,0.5400056387882705,0.8401381751098868,805.06,-5815.75,26.364226,included,os1_rev7_128ch20hz1024res_rtx
1321,001321,opposite_rimcrest,apollo14_final_opposite_rimcrest_500m_01,130,238033345747,scans/001321.npy,poses/001321.npy,transforms/001321.npz,global_dem,901.5475744557921,-5732.040645321638,4.831598218550551,-0.04405428446703356,0.022546408274275592,0.5877867746618238,0.8075008278798714,805.06,-5815.75,26.364226,included,os1_rev7_128ch20hz1024res_rtx
1322,001322,opposite_rimcrest,apollo14_final_opposite_rimcrest_500m_01,131,240116679189,scans/001322.npy,poses/001322.npy,transforms/001322.npz,global_dem,901.819803638519,-5731.058828217913,4.733743119744299,-0.04200070182601619,0.01968503754795167,0.6283410891370095,0.7765538719528573,805.06,-5815.75,26.364226,included,os1_rev7_128ch20hz1024res_rtx
1323,001323,opposite_rimcrest,apollo14_final_opposite_rimcrest_500m_01,132,245316679460,scans/001323.npy,poses/001323.npy,transforms/001323.npz,global_dem,901.9680005919348,-5730.056532208076,4.637524966659928,-0.04192275345468552,0.025544371703710735,0.689411856494185,0.7227041302928063,805.06,-5815.75,26.364226,included,os1_rev7_128ch20hz1024res_rtx
1324,001324,opposite_rimcrest,apollo14_final_opposite_rimcrest_500m_01,133,249550013015,scans/001324.npy,poses/001324.npy,transforms/001324.npz,global_dem,901.9429884069518,-5729.031450805802,4.545025784836016,-0.00450463730650289,0.002726190533671866,0.7475894062420473,0.6641403133394135,805.06,-5815.75,26.364226,included,os1_rev7_128ch20hz1024res_rtx
1325,001325,opposite_rimcrest,apollo14_final_opposite_rimcrest_500m_01,134,251016679758,scans/001325.npy,poses/001325.npy,transforms/001325.npz,global_dem,901.821902753749,-5728.032098203071,4.469113014313818,-0.008352037635793085,-0.017659667795915313,0.7262076241751045,0.687197836281968,805.06,-5815.75,26.364226,included,os1_rev7_128ch20hz1024res_rtx
1326,001326,opposite_rimcrest,apollo14_final_opposite_rimcrest_500m_01,135,252733346514,scans/001326.npy,poses/001326.npy,transforms/001326.npz,global_dem,901.8093560702407,-5726.978557159342,4.3817921198367715,-0.02678612763060753,0.010892711697861955,0.6833044872784704,0.7295607101972603,805.06,-5815.75,26.364226,included,os1_rev7_128ch20hz1024res_rtx
1327,001327,opposite_rimcrest,apollo14_final_opposite_rimcrest_500m_01,136,254866679958,scans/001327.npy,poses/001327.npy,transforms/001327.npz,global_dem,901.9350403695702,-5725.99547620075,4.3287592018103895,-0.01958059437239704,-0.0034968977706658516,0.6219634608229299,0.7827936033407331,805.06,-5815.75,26.364226,included,os1_rev7_128ch20hz1024res_rtx
1328,001328,opposite_rimcrest,apollo14_final_opposite_rimcrest_500m_01,137,257816680112,scans/001328.npy,poses/001328.npy,transforms/001328.npz,global_dem,902.2265912233844,-5724.992770500482,4.285887357790955,-0.020260067338872347,0.000554245699491314,0.5657520264447482,0.8243263110302801,805.06,-5815.75,26.364226,included,os1_rev7_128ch20hz1024res_rtx
1329,001329,opposite_rimcrest,apollo14_final_opposite_rimcrest_500m_01,138,260300013575,scans/001329.npy,poses/001329.npy,transforms/001329.npz,global_dem,902.6495978358838,-5724.085012383748,4.2471944947833595,-0.012359198622211257,-0.022494911317683865,0.5053891827542211,0.8625097119043048,805.06,-5815.75,26.364226,included,os1_rev7_128ch20hz1024res_rtx
1330,001330,opposite_rimcrest,apollo14_final_opposite_rimcrest_500m_01,139,262250013677,scans/001330.npy,poses/001330.npy,transforms/001330.npz,global_dem,903.214435107937,-5723.219108361115,4.208169820397886,-0.010147070041769556,-0.02580487452536712,0.4395894123324605,0.8977707357591356,805.06,-5815.75,26.364226,included,os1_rev7_128ch20hz1024res_rtx
1331,001331,opposite_rimcrest,apollo14_final_opposite_rimcrest_500m_01,140,263833347093,scans/001331.npy,poses/001331.npy,transforms/001331.npz,global_dem,903.923086345719,-5722.413284438635,4.15355371598392,-0.023660152215999763,0.017102892385776843,0.3848862264765027,0.9225021847875672,805.06,-5815.75,26.364226,included,os1_rev7_128ch20hz1024res_rtx
1332,001332,opposite_rimcrest,apollo14_final_opposite_rimcrest_500m_01,141,265383347174,scans/001332.npy,poses/001332.npy,transforms/001332.npz,global_dem,904.6460290584066,-5721.66871581124,4.088216266932475,-0.029031815446975515,0.019307332076377075,0.38925806366010135,0.9204686526414323,805.06,-5815.75,26.364226,included,os1_rev7_128ch20hz1024res_rtx
1333,001333,opposite_rimcrest,apollo14_final_opposite_rimcrest_500m_01,142,266950013922,scans/001333.npy,poses/001333.npy,transforms/001333.npz,global_dem,905.3649876308519,-5720.921040068205,4.019940690131888,-0.02341983161676732,0.022159506891250666,0.4095923418162002,0.9116987338298216,805.06,-5815.75,26.364226,included,os1_rev7_128ch20hz1024res_rtx
1334,001334,opposite_rimcrest,apollo14_final_opposite_rimcrest_500m_01,143,268500014003,scans/001334.npy,poses/001334.npy,transforms/001334.npz,global_dem,906.0236058056412,-5720.153633919001,3.954456254798025,-0.020196163757967664,0.026557593268143317,0.4231517373981863,0.9054443198486375,805.06,-5815.75,26.364226,included,os1_rev7_128ch20hz1024res_rtx
1335,001335,opposite_rimcrest,apollo14_final_opposite_rimcrest_500m_01,144,270166680756,scans/001335.npy,poses/001335.npy,transforms/001335.npz,global_dem,906.64860430819,-5719.360444783301,3.886310066778084,-0.021249324311947666,0.02989610549901474,0.44907787023656015,0.8927394667852838,805.06,-5815.75,26.364226,included,os1_rev7_128ch20hz1024res_rtx
1336,001336,opposite_rimcrest,apollo14_final_opposite_rimcrest_500m_01,145,272033347520,scans/001336.npy,poses/001336.npy,transforms/001336.npz,global_dem,907.242626410552,-5718.506913953004,3.8107702108514374,-0.021333934366821194,0.03601995299922475,0.4705385663683025,0.8813857746698823,805.06,-5815.75,26.364226,included,os1_rev7_128ch20hz1024res_rtx
1337,001337,opposite_rimcrest,apollo14_final_opposite_rimcrest_500m_01,146,275083347680,scans/001337.npy,poses/001337.npy,transforms/001337.npz,global_dem,907.7827660840381,-5717.641291093808,3.7260840610258255,-0.018913986995860475,0.04224225475168952,0.49812821732083284,0.8658672716520605,805.06,-5815.75,26.364226,included,os1_rev7_128ch20hz1024res_rtx
1338,001338,opposite_rimcrest,apollo14_final_opposite_rimcrest_500m_01,147,281183347998,scans/001338.npy,poses/001338.npy,transforms/001338.npz,global_dem,908.2334120857918,-5716.738379241259,3.6284230095347634,-0.02425138544047795,0.0478081177902063,0.5432683028121569,0.8378459317423306,805.06,-5815.75,26.364226,included,os1_rev7_128ch20hz1024res_rtx
1339,001339,opposite_rimcrest,apollo14_final_opposite_rimcrest_500m_01,148,287433348324,scans/001339.npy,poses/001339.npy,transforms/001339.npz,global_dem,908.6038185464427,-5715.802946452197,3.5172869984981086,-0.027864003551475936,0.050201542970909604,0.5760795002024413,0.8153746450779108,805.06,-5815.75,26.364226,included,os1_rev7_128ch20hz1024res_rtx
1340,001340,opposite_rimcrest,apollo14_final_opposite_rimcrest_500m_01,149,293850015325,scans/001340.npy,poses/001340.npy,transforms/001340.npz,global_dem,908.9138919773413,-5714.857387054118,3.414257170829674,-0.01762048142376894,0.039613073620717795,0.5966041122364725,0.8013637478044817,805.06,-5815.75,26.364226,included,os1_rev7_128ch20hz1024res_rtx
1341,001341,curated_forward_approach,apollo14_cone_crater_blocks_forward_02,0,3583333520,scans/001341.npy,poses/001341.npy,transforms/001341.npz,global_dem,644.8439793056787,-5510.9894563618545,-0.08731358461425726,-0.008894132434568928,-0.005059224904748445,0.000284342865461474,0.9999476075278817,645.0,-5511.0,0.0,included,os1_rev7_128ch20hz1024res_rtx
1342,001342,curated_forward_approach,apollo14_cone_crater_blocks_forward_02,1,9283333817,scans/001342.npy,poses/001342.npy,transforms/001342.npz,global_dem,645.8498503885025,-5510.9894652981375,-0.07997711864012952,-0.0059540169675655575,-0.0031814390975840484,-0.0011299693713218305,0.9999765753738625,645.0,-5511.0,0.0,included,os1_rev7_128ch20hz1024res_rtx
1343,001343,curated_forward_approach,apollo14_cone_crater_blocks_forward_02,2,15400000803,scans/001343.npy,poses/001343.npy,transforms/001343.npz,global_dem,646.8733229523135,-5510.967611513184,-0.07928091094734774,0.0008728279763145169,0.003444510203392553,0.07629581028644497,0.9970788949995468,645.0,-5511.0,0.0,included,os1_rev7_128ch20hz1024res_rtx
1344,001344,curated_forward_approach,apollo14_cone_crater_blocks_forward_02,3,19516667684,scans/001344.npy,poses/001344.npy,transforms/001344.npz,global_dem,647.8320709584278,-5510.632821088394,-0.09155700745354312,0.006292269498714885,0.008881204013033866,0.26106459613151506,0.9652599692344666,645.0,-5511.0,0.0,included,os1_rev7_128ch20hz1024res_rtx
1345,001345,curated_forward_approach,apollo14_cone_crater_blocks_forward_02,4,23350001217,scans/001345.npy,poses/001345.npy,transforms/001345.npz,global_dem,648.5189356255365,-5509.915522799458,-0.10056783543944614,0.0041675691189011314,0.002878195931388546,0.4889654963137191,0.8722884217794583,645.0,-5511.0,0.0,included,os1_rev7_128ch20hz1024res_rtx
1346,001346,curated_forward_approach,apollo14_cone_crater_blocks_forward_02,5,30266668245,scans/001346.npy,poses/001346.npy,transforms/001346.npz,global_dem,649.0767129983473,-5509.069896908799,-0.1033497684809665,9.564722092272793e-05,-0.0008197603017488462,0.35736567431772764,0.9339641822169054,645.0,-5511.0,0.0,included,os1_rev7_128ch20hz1024res_rtx
1347,001347,curated_forward_approach,apollo14_cone_crater_blocks_forward_02,6,34300001788,scans/001347.npy,poses/001347.npy,transforms/001347.npz,global_dem,650.0328341873787,-5508.71942328239,-0.09762271588710647,-0.0020356517116872355,-0.0027234521511119137,-0.01595667757395212,0.9998669028282166,645.0,-5511.0,0.0,included,os1_rev7_128ch20hz1024res_rtx
1348,001348,curated_forward_approach,apollo14_cone_crater_blocks_forward_02,7,37516668623,scans/001348.npy,poses/001348.npy,transforms/001348.npz,global_dem,651.0493356322639,-5508.900887895959,-0.0923968796076789,0.0014415947833187478,-0.006206608499743699,-0.0883000415720516,0.996073542703442,645.0,-5511.0,0.0,included,os1_rev7_128ch20hz1024res_rtx
1349,001349,curated_forward_approach,apollo14_cone_crater_blocks_forward_02,8,41200002148,scans/001349.npy,poses/001349.npy,transforms/001349.npz,global_dem,652.0439723565037,-5509.013464285993,-0.07845675824696591,0.003630823922211117,-0.009495466563713908,-0.022636115653138375,0.9996920823436191,645.0,-5511.0,0.0,included,os1_rev7_128ch20hz1024res_rtx
1350,001350,curated_forward_approach,apollo14_cone_crater_blocks_forward_02,9,47133335791,scans/001350.npy,poses/001350.npy,transforms/001350.npz,global_dem,653.0653666970207,-5508.912417601022,-0.05660999116964427,0.0014089276213086882,-0.008615788246686061,0.1857985911603128,0.9825490657665342,645.0,-5511.0,0.0,included,os1_rev7_128ch20hz1024res_rtx
1351,001351,curated_forward_approach,apollo14_cone_crater_blocks_forward_02,10,50333335958,scans/001351.npy,poses/001351.npy,transforms/001351.npz,global_dem,653.8356580143867,-5508.2760510499165,-0.04018673672770018,-0.005378642638893722,-0.008773056613324195,0.40302104070435446,0.9151328561638478,645.0,-5511.0,0.0,included,os1_rev7_128ch20hz1024res_rtx
1352,001352,curated_forward_approach,apollo14_cone_crater_blocks_forward_02,11,53416669452,scans/001352.npy,poses/001352.npy,transforms/001352.npz,global_dem,654.5014440569175,-5507.511437608557,-0.0321421277015434,-0.007243349340594985,-0.009530540146850423,0.4057111508359331,0.9139229534168744,645.0,-5511.0,0.0,included,os1_rev7_128ch20hz1024res_rtx
1353,001353,curated_forward_approach,apollo14_cone_crater_blocks_forward_02,12,56500002946,scans/001353.npy,poses/001353.npy,transforms/001353.npz,global_dem,655.1983962288042,-5506.776452522913,-0.021150302111307917,-0.003310204512638995,-0.010258878998445261,0.3859489455342565,0.9224571585655212,645.0,-5511.0,0.0,included,os1_rev7_128ch20hz1024res_rtx
1354,001354,curated_forward_approach,apollo14_cone_crater_blocks_forward_02,13,59583336440,scans/001354.npy,poses/001354.npy,transforms/001354.npz,global_dem,655.9157929042468,-5506.059642032294,-0.005339475998682508,-0.00292359704987268,-0.012234429273992332,0.37899677467682374,0.925312496460085,645.0,-5511.0,0.0,included,os1_rev7_128ch20hz1024res_rtx
1355,001355,curated_forward_approach,apollo14_cone_crater_blocks_forward_02,14,62666669934,scans/001355.npy,poses/001355.npy,transforms/001355.npz,global_dem,656.6408364543851,-5505.345422738943,0.014378666897504722,-0.003412177538739729,-0.010449475505748342,0.3778368379222255,0.9258069396018983,645.0,-5511.0,0.0,included,os1_rev7_128ch20hz1024res_rtx
1356,001356,curated_forward_approach,apollo14_cone_crater_blocks_forward_02,15,65783336764,scans/001356.npy,poses/001356.npy,transforms/001356.npz,global_dem,657.3782128714513,-5504.620346929557,0.030455682838178233,-0.0008725169984967379,-0.004639118018713917,0.3823015901482048,0.9240255469781395,645.0,-5511.0,0.0,included,os1_rev7_128ch20hz1024res_rtx
1357,001357,curated_forward_approach,apollo14_cone_crater_blocks_forward_02,16,68900003593,scans/001357.npy,poses/001357.npy,transforms/001357.npz,global_dem,658.1022328830835,-5503.889301898348,0.03516385311441972,-0.005277662152006497,-0.0056405531395175585,0.3819609626187614,0.9241461753845215,645.0,-5511.0,0.0,included,os1_rev7_128ch20hz1024res_rtx
1358,001358,curated_forward_approach,apollo14_cone_crater_blocks_forward_02,17,72033337090,scans/001358.npy,poses/001358.npy,transforms/001358.npz,global_dem,658.8288281527425,-5503.1617291172215,0.04285090732601543,-0.004369454241025469,-0.006268870563383454,0.3810363494263768,0.9245284795761108,645.0,-5511.0,0.0,included,os1_rev7_128ch20hz1024res_rtx
1359,001359,curated_forward_approach,apollo14_cone_crater_blocks_forward_02,18,75083337249,scans/001359.npy,poses/001359.npy,transforms/001359.npz,global_dem,659.5352468344051,-5502.455051122767,0.05473255984056957,-0.004897022894857078,-0.00978643291068456,0.3818224006081556,0.9241709253657989,645.0,-5511.0,0.0,included,os1_rev7_128ch20hz1024res_rtx
1360,001360,curated_forward_approach,apollo14_cone_crater_blocks_forward_02,19,78150004075,scans/001360.npy,poses/001360.npy,transforms/001360.npz,global_dem,660.2438312437552,-5501.74404791604,0.07360822076465007,-0.005271619988110878,-0.013200119690421215,0.3817288451294926,0.9241650586659091,645.0,-5511.0,0.0,included,os1_rev7_128ch20hz1024res_rtx
1361,001361,curated_forward_approach,apollo14_cone_crater_blocks_forward_02,20,81250004237,scans/001361.npy,poses/001361.npy,transforms/001361.npz,global_dem,660.9657409281715,-5501.02865401925,0.0945371848133062,-5.137076010193843e-05,-0.013985113103240465,0.382003214468214,0.9240551704895581,645.0,-5511.0,0.0,included,os1_rev7_128ch20hz1024res_rtx
1362,001362,curated_forward_approach,apollo14_cone_crater_blocks_forward_02,21,84383337734,scans/001362.npy,poses/001362.npy,transforms/001362.npz,global_dem,661.6965274058498,-5500.300704935134,0.11828260635727916,-0.00026670705656929773,-0.011917560986125696,0.38164605798743406,0.9242316738946681,645.0,-5511.0,0.0,included,os1_rev7_128ch20hz1024res_rtx
1363,001363,curated_forward_approach,apollo14_cone_crater_blocks_forward_02,22,88466671280,scans/001363.npy,poses/001363.npy,transforms/001363.npz,global_dem,662.4121236448009,-5499.585756918119,0.1326542293730154,-0.002443230225774191,-0.005398152380646751,0.38279290082412787,0.9238151793814543,645.0,-5511.0,0.0,included,os1_rev7_128ch20hz1024res_rtx
1364,001364,curated_forward_approach,apollo14_cone_crater_blocks_forward_02,23,94116671575,scans/001364.npy,poses/001364.npy,transforms/001364.npz,global_dem,663.2246219904457,-5498.9824340922705,0.13663249070373035,-0.0034292672164005452,0.0012644068834611285,0.1681107318592343,0.9857613419257951,645.0,-5511.0,0.0,included,os1_rev7_128ch20hz1024res_rtx
1365,001365,curated_forward_approach,apollo14_cone_crater_blocks_forward_02,24,97216671736,scans/001365.npy,poses/001365.npy,transforms/001365.npz,global_dem,664.2270965832292,-5498.888735556367,0.13162010473928304,-0.008688875698325636,0.008335060721078926,-0.028060426438443767,0.9995337126230249,645.0,-5511.0,0.0,included,os1_rev7_128ch20hz1024res_rtx
1366,001366,curated_forward_approach,apollo14_cone_crater_blocks_forward_02,25,100300005231,scans/001366.npy,poses/001366.npy,transforms/001366.npz,global_dem,665.2471289406564,-5498.961463674342,0.11320580177745565,-0.01038094649522314,0.013842666067693915,-0.0322521244811152,0.9993299840455385,645.0,-5511.0,0.0,included,os1_rev7_128ch20hz1024res_rtx
1367,001367,curated_forward_approach,apollo14_cone_crater_blocks_forward_02,26,103383338725,scans/001367.npy,poses/001367.npy,transforms/001367.npz,global_dem,666.2729635039132,-5499.003510089611,0.07697534828521907,-0.010382704525477309,0.019264415108512085,-0.006990767674842599,0.9997360706329346,645.0,-5511.0,0.0,included,os1_rev7_128ch20hz1024res_rtx
1368,001368,curated_forward_approach,apollo14_cone_crater_blocks_forward_02,27,106450005551,scans/001368.npy,poses/001368.npy,transforms/001368.npz,global_dem,667.284305186348,-5499.007008550803,0.03939944297932024,-0.005984736865584665,0.018263108626292116,0.0052279016058251245,0.9998016357421875,645.0,-5511.0,0.0,included,os1_rev7_128ch20hz1024res_rtx
1369,001369,curated_forward_approach,apollo14_cone_crater_blocks_forward_02,28,109500005710,scans/001369.npy,poses/001369.npy,transforms/001369.npz,global_dem,668.287882221225,-5499.000884397348,0.0015560834811934043,-0.0032287385212701075,0.016901612083163355,0.005382199299376833,0.9998374581336975,645.0,-5511.0,0.0,included,os1_rev7_128ch20hz1024res_rtx
1370,001370,curated_forward_approach,apollo14_cone_crater_blocks_forward_02,29,112533339202,scans/001370.npy,poses/001370.npy,transforms/001370.npz,global_dem,669.2899118781241,-5498.99555702436,-0.03286202592756088,0.0012282998026536837,0.017485943655142902,-0.0014752943283944052,0.9998452663091068,645.0,-5511.0,0.0,included,os1_rev7_128ch20hz1024res_rtx
1371,001371,curated_forward_approach,apollo14_cone_crater_blocks_forward_02,30,117016672769,scans/001371.npy,poses/001371.npy,transforms/001371.npz,global_dem,670.2905071808208,-5499.000371309246,-0.06698286880790028,0.005864294809282104,0.015739189591830866,-0.0005242384256026776,0.9998587965965271,645.0,-5511.0,0.0,included,os1_rev7_128ch20hz1024res_rtx
1372,001372,curated_forward_approach,apollo14_cone_crater_blocks_forward_02,31,122966673079,scans/001372.npy,poses/001372.npy,transforms/001372.npz,global_dem,671.3020444493912,-5498.905881795091,-0.09851473094780377,0.007585376592727163,0.011955753033044173,0.15494113334036705,0.9878222346305847,645.0,-5511.0,0.0,included,os1_rev7_128ch20hz1024res_rtx
1373,001373,curated_forward_approach,apollo14_cone_crater_blocks_forward_02,32,126433339927,scans/001373.npy,poses/001373.npy,transforms/001373.npz,global_dem,672.1843737634349,-5498.377391221289,-0.1125494338856598,0.014531057509539399,0.008983528664980409,0.37085406716622915,0.9285340087722398,645.0,-5511.0,0.0,included,os1_rev7_128ch20hz1024res_rtx
1374,001374,curated_forward_approach,apollo14_cone_crater_blocks_forward_02,33,131650006866,scans/001374.npy,poses/001374.npy,transforms/001374.npz,global_dem,672.7628767034223,-5497.549204044766,-0.11351636822484906,0.01097658503640982,0.0066019623174270944,0.513048521247748,0.8582640290260316,645.0,-5511.0,0.0,included,os1_rev7_128ch20hz1024res_rtx
1375,001375,curated_forward_approach,apollo14_cone_crater_blocks_forward_02,34,138100007202,scans/001375.npy,poses/001375.npy,transforms/001375.npz,global_dem,673.468641990555,-5496.828929760986,-0.12512084923737427,-0.005086358323746807,0.006263671700071042,0.2234898726011062,0.9746728539466858,645.0,-5511.0,0.0,included,os1_rev7_128ch20hz1024res_rtx
1376,001376,curated_forward_approach,apollo14_cone_crater_blocks_forward_02,35,141683340722,scans/001376.npy,poses/001376.npy,transforms/001376.npz,global_dem,674.4699382648023,-5496.7387159222335,-0.141227416794189,-0.0033434285527200254,0.005026429021529024,-0.09274398080396053,0.9956716881188493,645.0,-5511.0,0.0,included,os1_rev7_128ch20hz1024res_rtx
1377,001377,curated_forward_approach,apollo14_cone_crater_blocks_forward_02,36,144883340889,scans/001377.npy,poses/001377.npy,transforms/001377.npz,global_dem,675.5083444761295,-5496.948573987474,-0.1516491561507864,0.00018228440462615689,0.005423625177412884,-0.07827001744714736,0.9969174265861511,645.0,-5511.0,0.0,included,os1_rev7_128ch20hz1024res_rtx
1378,001378,curated_forward_approach,apollo14_cone_crater_blocks_forward_02,37,147950007716,scans/001378.npy,poses/001378.npy,transforms/001378.npz,global_dem,676.5228306152381,-5497.0257750589935,-0.16149523524326448,0.004819936825827703,0.0059500268387103795,-0.010863968421151409,0.9999116658884213,645.0,-5511.0,0.0,included,os1_rev7_128ch20hz1024res_rtx
1379,001379,curated_forward_approach,apollo14_cone_crater_blocks_forward_02,38,151000007875,scans/001379.npy,poses/001379.npy,transforms/001379.npz,global_dem,677.5306350166426,-5497.019617483041,-0.17474145347471032,0.0029712829983302947,0.005704987262404158,0.008617095145213853,0.999942183463093,645.0,-5511.0,0.0,included,os1_rev7_128ch20hz1024res_rtx
1380,001380,curated_forward_approach,apollo14_cone_crater_blocks_forward_02,39,154033341366,scans/001380.npy,poses/001380.npy,transforms/001380.npz,global_dem,678.5359482234493,-5497.003065990643,-0.18820282746095546,0.0004530512123473995,0.010490223359688895,0.00742202185858547,0.9999173283576965,645.0,-5511.0,0.0,included,os1_rev7_128ch20hz1024res_rtx
1381,001381,curated_forward_approach,apollo14_cone_crater_blocks_forward_02,40,157166674863,scans/001381.npy,poses/001381.npy,transforms/001381.npz,global_dem,679.5637249832185,-5496.996465268984,-0.21182339304289238,-0.0005318784811641655,0.014358493586966375,0.0006981695810735387,0.999896526309813,645.0,-5511.0,0.0,included,os1_rev7_128ch20hz1024res_rtx
1382,001382,curated_forward_approach,apollo14_cone_crater_blocks_forward_02,41,163400008521,scans/001382.npy,poses/001382.npy,transforms/001382.npz,global_dem,680.5867397022768,-5496.99796628645,-0.24148587209927597,0.000549974472237428,0.016719107880849744,0.0031912589937232658,0.9998549818977668,645.0,-5511.0,0.0,included,os1_rev7_128ch20hz1024res_rtx
1383,001383,curated_forward_approach,apollo14_cone_crater_blocks_forward_02,42,167583342073,scans/001383.npy,poses/001383.npy,transforms/001383.npz,global_dem,681.5655591393408,-5496.789476938898,-0.2727007753739373,0.007280656905532566,0.016605275670460908,0.2523780173272396,0.9674588328321281,645.0,-5511.0,0.0,included,os1_rev7_128ch20hz1024res_rtx
1384,001384,curated_forward_approach,apollo14_cone_crater_blocks_forward_02,43,170916675580,scans/001384.npy,poses/001384.npy,transforms/001384.npz,global_dem,682.306906604489,-5496.101242311756,-0.2990523923481342,0.005815249390448942,0.014534910824914905,0.45971386793215707,0.887929095633595,645.0,-5511.0,0.0,included,os1_rev7_128ch20hz1024res_rtx
1385,001385,curated_forward_approach,apollo14_cone_crater_blocks_forward_02,44,177100009236,scans/001385.npy,poses/001385.npy,transforms/001385.npz,global_dem,682.8674678188496,-5495.251346950317,-0.324855294525908,-0.005056427148948991,0.014956282675817133,0.4146369312626683,0.9098499642172251,645.0,-5511.0,0.0,included,os1_rev7_128ch20hz1024res_rtx
1386,001386,curated_forward_approach,apollo14_cone_crater_blocks_forward_02,45,181233342785,scans/001386.npy,poses/001386.npy,transforms/001386.npz,global_dem,683.7237771156551,-5494.70139106036,-0.35993828967874053,-0.010573049291887824,0.010287414105134498,0.15899961468982837,0.9871684264947836,645.0,-5511.0,0.0,included,os1_rev7_128ch20hz1024res_rtx
1387,001387,curated_forward_approach,apollo14_cone_crater_blocks_forward_02,46,184783342970,scans/001387.npy,poses/001387.npy,transforms/001387.npz,global_dem,684.747876336964,-5494.71143192577,-0.37559550095874816,-0.010958147976463531,0.006759779112398211,-0.12192324855014032,0.9924560170819956,645.0,-5511.0,0.0,included,os1_rev7_128ch20hz1024res_rtx
1388,001388,curated_forward_approach,apollo14_cone_crater_blocks_forward_02,47,187966676469,scans/001388.npy,poses/001388.npy,transforms/001388.npz,global_dem,685.7428817824058,-5494.952547523709,-0.38877571978187236,-0.006452148325939285,0.006802856392547073,-0.09267444408535355,0.9956523180007935,645.0,-5511.0,0.0,included,os1_rev7_128ch20hz1024res_rtx
1389,001389,curated_forward_approach,apollo14_cone_crater_blocks_forward_02,48,194000010117,scans/001389.npy,poses/001389.npy,transforms/001389.npz,global_dem,686.7441995570391,-5495.036263683664,-0.404093841569365,0.0028215142925297246,0.00560184422244735,0.035417175059701086,0.9993529317059089,645.0,-5511.0,0.0,included,os1_rev7_128ch20hz1024res_rtx
1390,001390,curated_forward_approach,apollo14_cone_crater_blocks_forward_02,49,198000010326,scans/001390.npy,poses/001390.npy,transforms/001390.npz,global_dem,687.6817379252959,-5494.681353784787,-0.4139509909975037,0.002858325741677084,0.001936871697418118,0.34938061932266373,0.9369745254507692,645.0,-5511.0,0.0,included,os1_rev7_128ch20hz1024res_rtx
1391,001391,curated_forward_approach,apollo14_cone_crater_blocks_forward_02,50,201416677171,scans/001391.npy,poses/001391.npy,transforms/001391.npz,global_dem,688.2979075190875,-5493.882823228063,-0.4148170177094357,-0.0028141433245376167,8.541845860744038e-05,0.4637982372743061,0.8859363794326782,645.0,-5511.0,0.0,included,os1_rev7_128ch20hz1024res_rtx
1392,001392,curated_forward_approach,apollo14_cone_crater_blocks_forward_02,51,207750010835,scans/001392.npy,poses/001392.npy,transforms/001392.npz,global_dem,688.9416663896344,-5493.084270612419,-0.4157097756198355,-0.007564323884039036,-0.003093452691381855,0.33616075896206965,0.9417691626341717,645.0,-5511.0,0.0,included,os1_rev7_128ch20hz1024res_rtx
1393,001393,curated_forward_approach,apollo14_cone_crater_blocks_forward_02,52,211500011030,scans/001393.npy,poses/001393.npy,transforms/001393.npz,global_dem,689.9236098257888,-5492.8023951563255,-0.41335994189066677,6.26021840100469e-05,-0.0037210597898718494,-0.01955713182685382,0.9998018145561218,645.0,-5511.0,0.0,included,os1_rev7_128ch20hz1024res_rtx
1394,001394,curated_forward_approach,apollo14_cone_crater_blocks_forward_02,53,214550011189,scans/001394.npy,poses/001394.npy,transforms/001394.npz,global_dem,690.918311986105,-5492.924556997537,-0.40735448914009476,-0.00014944874356919384,-0.006325768404086064,-0.0671512214717466,0.9977227449417114,645.0,-5511.0,0.0,included,os1_rev7_128ch20hz1024res_rtx
1395,001395,curated_forward_approach,apollo14_cone_crater_blocks_forward_02,54,217950011366,scans/001395.npy,poses/001395.npy,transforms/001395.npz,global_dem,691.9178382523597,-5493.012757706664,-0.3983413430832091,0.0013238450825222914,-0.004005756354263692,-0.02062745069928998,0.999778330245198,645.0,-5511.0,0.0,included,os1_rev7_128ch20hz1024res_rtx
1396,001396,curated_forward_approach,apollo14_cone_crater_blocks_forward_02,55,224033345017,scans/001396.npy,poses/001396.npy,transforms/001396.npz,global_dem,692.9478099997008,-5492.976806840977,-0.38868436698566544,0.00295382206403763,-0.0032282399561179907,0.1133893009284446,0.9935410005817367,645.0,-5511.0,0.0,included,os1_rev7_128ch20hz1024res_rtx
1397,001397,curated_forward_approach,apollo14_cone_crater_blocks_forward_02,56,227416678527,scans/001397.npy,poses/001397.npy,transforms/001397.npz,global_dem,693.8082199547852,-5492.426891949102,-0.38520568464565136,-0.00031048571183803507,0.0010689869762324094,0.39763332140294305,0.9175437333312954,645.0,-5511.0,0.0,included,os1_rev7_128ch20hz1024res_rtx
1398,001398,curated_forward_approach,apollo14_cone_crater_blocks_forward_02,57,230566678691,scans/001398.npy,poses/001398.npy,transforms/001398.npz,global_dem,694.4563861105564,-5491.619307934981,-0.3883988620649047,-0.0034334836212977214,0.0002548723136752196,0.4309323392464616,0.9023776732731692,645.0,-5511.0,0.0,included,os1_rev7_128ch20hz1024res_rtx
1399,001399,curated_forward_approach,apollo14_cone_crater_blocks_forward_02,58,233700012188,scans/001399.npy,poses/001399.npy,transforms/001399.npz,global_dem,695.1327105874767,-5490.841690334651,-0.39183386823505134,-0.006402155537420914,-0.0023068692521854826,0.3935785677696472,0.919265794942421,645.0,-5511.0,0.0,included,os1_rev7_128ch20hz1024res_rtx
1400,001400,curated_forward_approach,apollo14_cone_crater_blocks_forward_02,59,236816679017,scans/001400.npy,poses/001400.npy,transforms/001400.npz,global_dem,695.8533904340492,-5490.110009015338,-0.390529495306244,-0.011220012421382519,-0.005517418014937097,0.3788716027909285,0.9253647810557443,645.0,-5511.0,0.0,included,os1_rev7_128ch20hz1024res_rtx
1401,001401,curated_forward_approach,apollo14_cone_crater_blocks_forward_02,60,239950012514,scans/001401.npy,poses/001401.npy,transforms/001401.npz,global_dem,696.5610680189214,-5489.408815455407,-0.3754145563736792,-0.005807367401171787,-0.03697888573936576,0.3784745155349629,0.9248545169830322,645.0,-5511.0,0.0,included,os1_rev7_128ch20hz1024res_rtx
1402,001402,curated_forward_approach,apollo14_cone_crater_blocks_forward_02,61,243250012686,scans/001402.npy,poses/001402.npy,transforms/001402.npz,global_dem,697.3485243055754,-5488.936998792019,-0.45648317170336783,0.25391640381984004,-0.11861101619244338,0.3511176664346869,0.8934059945100301,645.0,-5511.0,0.0,included,os1_rev7_128ch20hz1024res_rtx
1403,001403,curated_forward_approach,apollo14_cone_crater_blocks_forward_02,62,246483346188,scans/001403.npy,poses/001403.npy,transforms/001403.npz,global_dem,698.0606084262894,-5487.988009198573,-0.3317534752971864,-0.02587643503842699,-0.013936526493196532,0.36394793164047995,0.9309554696083069,645.0,-5511.0,0.0,included,os1_rev7_128ch20hz1024res_rtx
1404,001404,curated_forward_approach,apollo14_cone_crater_blocks_forward_02,63,252800013184,scans/001404.npy,poses/001404.npy,transforms/001404.npz,global_dem,698.7487911329279,-5487.262851192222,-0.31521858573103356,-0.02451001975814134,-0.02224239901359596,0.38852035013503017,0.9208455202413319,645.0,-5511.0,0.0,included,os1_rev7_128ch20hz1024res_rtx
1405,001405,curated_forward_approach,apollo14_cone_crater_blocks_forward_02,64,256466680042,scans/001405.npy,poses/001405.npy,transforms/001405.npz,global_dem,699.6315694354786,-5486.757949673415,-0.275770315332366,-0.01749568690709097,-0.03562838330199283,0.10386647296064809,0.9937989107649748,645.0,-5511.0,0.0,included,os1_rev7_128ch20hz1024res_rtx
1406,001406,curated_forward_approach,apollo14_cone_crater_blocks_forward_02,65,259783346882,scans/001406.npy,poses/001406.npy,transforms/001406.npz,global_dem,700.6456770222389,-5486.806262796244,-0.2006583018935248,-0.01526407453205664,-0.0370349283416423,-0.10219236289349838,0.9939578175544739,645.0,-5511.0,0.0,included,os1_rev7_128ch20hz1024res_rtx
1407,001407,curated_forward_approach,apollo14_cone_crater_blocks_forward_02,66,262966680381,scans/001407.npy,poses/001407.npy,transforms/001407.npz,global_dem,701.674609585134,-5486.957023970502,-0.12905756285285575,-0.020938492432390137,-0.0283944363164106,-0.04535774633304931,0.9983476400375366,645.0,-5511.0,0.0,included,os1_rev7_128ch20hz1024res_rtx
1408,001408,curated_forward_approach,apollo14_cone_crater_blocks_forward_02,67,266150013880,scans/001408.npy,poses/001408.npy,transforms/001408.npz,global_dem,702.6951924401836,-5486.982919882002,-0.0616673344991821,-0.03134973427439861,-0.04339131626700899,-0.005857758313897736,0.9985489845275879,645.0,-5511.0,0.0,included,os1_rev7_128ch20hz1024res_rtx
1409,001409,curated_forward_approach,apollo14_cone_crater_blocks_forward_02,68,269250014042,scans/001409.npy,poses/001409.npy,transforms/001409.npz,global_dem,703.6765123624073,-5486.968361373813,0.04065860296730439,-0.04161043092342425,-0.06963072122491966,-4.435193906747581e-05,0.9967046366567028,645.0,-5511.0,0.0,included,os1_rev7_128ch20hz1024res_rtx
1410,001410,curated_forward_approach,apollo14_cone_crater_blocks_forward_02,69,272350014204,scans/001410.npy,poses/001410.npy,transforms/001410.npz,global_dem,704.6893001333958,-5486.94548530378,0.1703763120629217,-0.05868188696405617,-0.06694707127652495,-0.005157957316748022,0.9960160246030946,645.0,-5511.0,0.0,included,os1_rev7_128ch20hz1024res_rtx
1411,001411,curated_forward_approach,apollo14_cone_crater_blocks_forward_02,70,275483347700,scans/001411.npy,poses/001411.npy,transforms/001411.npz,global_dem,705.6990601009988,-5486.943362887523,0.3110665487581759,-0.0633474053801219,-0.07474573053460797,-0.007432890620661817,0.9951607579358601,645.0,-5511.0,0.0,included,os1_rev7_128ch20hz1024res_rtx
1412,001412,curated_forward_approach,apollo14_cone_crater_blocks_forward_02,71,278600014530,scans/001412.npy,poses/001412.npy,transforms/001412.npz,global_dem,706.715732062541,-5486.947829091322,0.44934432473640135,-0.05941376423768873,-0.07201311153364699,-0.0028380914249169316,0.9956284756993518,645.0,-5511.0,0.0,included,os1_rev7_128ch20hz1024res_rtx
1413,001413,curated_forward_approach,apollo14_cone_crater_blocks_forward_02,72,281600014686,scans/001413.npy,poses/001413.npy,transforms/001413.npz,global_dem,707.76569787434,-5486.937990825915,0.5036639653359534,-0.06731294036790944,-0.01291701723916855,-0.00453490835380011,0.9976379871130069,645.0,-5511.0,0.0,included,os1_rev7_128ch20hz1024res_rtx
1414,001414,curated_forward_approach,apollo14_cone_crater_blocks_forward_02,73,284716681515,scans/001414.npy,poses/001414.npy,transforms/001414.npz,global_dem,708.7673210388584,-5486.929166080598,0.5313371614284681,-0.07412845542659263,-0.0369932797903142,-0.006442880608812292,0.9965414987023289,645.0,-5511.0,0.0,included,os1_rev7_128ch20hz1024res_rtx
1415,001415,curated_forward_approach,apollo14_cone_crater_blocks_forward_02,74,287833348345,scans/001415.npy,poses/001415.npy,transforms/001415.npz,global_dem,709.7650451916994,-5486.922786354781,0.6219763360364897,-0.08143207348953077,-0.059987560510432685,-0.011183377333984756,0.9948091485619786,645.0,-5511.0,0.0,included,os1_rev7_128ch20hz1024res_rtx
1416,001416,curated_forward_approach,apollo14_cone_crater_blocks_forward_02,75,290916681839,scans/001416.npy,poses/001416.npy,transforms/001416.npz,global_dem,710.8029425833208,-5486.929539760131,0.7324666323991004,-0.07855054817701981,-0.03354161735252885,-0.012512282714349916,0.9962671399116516,645.0,-5511.0,0.0,included,os1_rev7_128ch20hz1024res_rtx
1417,001417,curated_forward_approach,apollo14_cone_crater_blocks_forward_02,76,294016682000,scans/001417.npy,poses/001417.npy,transforms/001417.npz,global_dem,711.8399342764524,-5486.961091391623,0.7742749591109717,-0.05232775326948926,-0.01573063240562667,-0.00936526373546752,0.9984621401320392,645.0,-5511.0,0.0,included,os1_rev7_128ch20hz1024res_rtx
1418,001418,curated_forward_approach,apollo14_cone_crater_blocks_forward_02,77,297166682165,scans/001418.npy,poses/001418.npy,transforms/001418.npz,global_dem,712.8666007876257,-5487.00762332014,0.7885747566735222,-0.00853256683812497,-0.024592241215664567,0.004858226337728306,0.999649345826823,645.0,-5511.0,0.0,included,os1_rev7_128ch20hz1024res_rtx
1419,001419,curated_forward_approach,apollo14_cone_crater_blocks_forward_02,78,300283348994,scans/001419.npy,poses/001419.npy,transforms/001419.npz,global_dem,713.8622939183145,-5487.032195186412,0.859233945223506,0.02548956145027167,-0.04873486658572804,0.008264811906519672,0.9984522461891174,645.0,-5511.0,0.0,included,os1_rev7_128ch20hz1024res_rtx
1420,001420,curated_forward_approach,apollo14_cone_crater_blocks_forward_02,79,303316682485,scans/001420.npy,poses/001420.npy,transforms/001420.npz,global_dem,714.8830908916539,-5487.018995207981,0.9281946056978416,0.01711349514102724,-0.03445294183941821,0.007242136210429291,0.99923354354514,645.0,-5511.0,0.0,included,os1_rev7_128ch20hz1024res_rtx
1421,001421,curated_forward_approach,apollo14_cone_crater_blocks_forward_02,80,306450015982,scans/001421.npy,poses/001421.npy,transforms/001421.npz,global_dem,715.9017507297476,-5486.972499070298,0.9826837754498283,-0.02108455660000916,-0.04126263305184575,-0.0016769222301556705,0.9989244338379374,645.0,-5511.0,0.0,included,os1_rev7_128ch20hz1024res_rtx
1422,001422,curated_forward_approach,apollo14_cone_crater_blocks_forward_02,81,309616682814,scans/001422.npy,poses/001422.npy,transforms/001422.npz,global_dem,716.8720062647225,-5486.948446147532,1.057428179630143,-0.04710771616013866,-0.10015535534771591,-0.0020054580390195895,0.9938539862632751,645.0,-5511.0,0.0,included,os1_rev7_128ch20hz1024res_rtx
1423,001423,curated_forward_approach,apollo14_cone_crater_blocks_forward_02,82,312666682973,scans/001423.npy,poses/001423.npy,transforms/001423.npz,global_dem,717.9048299204226,-5486.981442782929,1.1800073021792312,-0.011481304865417926,-0.0616362600416197,-0.0037655685310851793,0.9980255365371704,645.0,-5511.0,0.0,included,os1_rev7_128ch20hz1024res_rtx
1424,001424,curated_forward_approach,apollo14_cone_crater_blocks_forward_02,83,315783349802,scans/001424.npy,poses/001424.npy,transforms/001424.npz,global_dem,718.9171868841113,-5486.99075858124,1.3077367446664259,-0.007897910817465827,-0.06497414720550403,-0.0035087902670139642,0.9978495235207056,645.0,-5511.0,0.0,included,os1_rev7_128ch20hz1024res_rtx
1425,001425,curated_forward_approach,apollo14_cone_crater_blocks_forward_02,84,318933349967,scans/001425.npy,poses/001425.npy,transforms/001425.npz,global_dem,719.9422209511865,-5486.996989463738,1.4429169578309222,-0.004806989484711332,-0.06592499668712418,-0.001589916949364792,0.9978117356635924,645.0,-5511.0,0.0,included,os1_rev7_128ch20hz1024res_rtx
1426,001426,curated_forward_approach,apollo14_cone_crater_blocks_forward_02,85,321983350126,scans/001426.npy,poses/001426.npy,transforms/001426.npz,global_dem,720.9362372377086,-5487.002873163752,1.5750710811829058,0.00034283959933240196,-0.06456813443617333,3.3795012231933495e-05,0.9979132413864136,645.0,-5511.0,0.0,included,os1_rev7_128ch20hz1024res_rtx
1427,001427,curated_forward_approach,apollo14_cone_crater_blocks_forward_02,86,325133350290,scans/001427.npy,poses/001427.npy,transforms/001427.npz,global_dem,721.9586480505693,-5487.001587076867,1.708244246426167,0.0013949441523825774,-0.06568400515051953,0.0020347750688180545,0.9978374242774309,645.0,-5511.0,0.0,included,os1_rev7_128ch20hz1024res_rtx
1428,001428,curated_forward_approach,apollo14_cone_crater_blocks_forward_02,87,328300017122,scans/001428.npy,poses/001428.npy,transforms/001428.npz,global_dem,722.9875972880423,-5487.002866565371,1.8447839550890914,0.003848653060517264,-0.06772141149390029,0.0002486381417055882,0.9976968159085045,645.0,-5511.0,0.0,included,os1_rev7_128ch20hz1024res_rtx
1429,001429,curated_forward_approach,apollo14_cone_crater_blocks_forward_02,88,331450017286,scans/001429.npy,poses/001429.npy,transforms/001429.npz,global_dem,724.0008517563421,-5487.0006909548065,1.9907408716040778,0.004297994541719411,-0.07262312136970332,-0.000818331432015417,0.9973498582839966,645.0,-5511.0,0.0,included,os1_rev7_128ch20hz1024res_rtx
1430,001430,curated_forward_approach,apollo14_cone_crater_blocks_forward_02,89,334516684113,scans/001430.npy,poses/001430.npy,transforms/001430.npz,global_dem,724.9941853815859,-5487.0046168024155,2.1344302017736836,0.003358212020393807,-0.07258591769748284,-0.0012242668957731342,0.9973557580595844,645.0,-5511.0,0.0,included,os1_rev7_128ch20hz1024res_rtx
1431,001431,curated_forward_approach,apollo14_cone_crater_blocks_forward_02,90,337566684272,scans/001431.npy,poses/001431.npy,transforms/001431.npz,global_dem,725.9913643827758,-5487.002600641543,2.272327296413208,-0.00012436921009586295,-0.06705589370569881,0.0006029993379887024,0.9977490305900718,645.0,-5511.0,0.0,included,os1_rev7_128ch20hz1024res_rtx
1432,001432,curated_forward_approach,apollo14_cone_crater_blocks_forward_02,91,340633351098,scans/001432.npy,poses/001432.npy,transforms/001432.npz,global_dem,726.9887703235521,-5487.00068078897,2.4035982811848355,-0.000526562429196506,-0.06624839581765997,-0.0019153814759370236,0.9978011846542358,645.0,-5511.0,0.0,included,os1_rev7_128ch20hz1024res_rtx
1433,001433,curated_forward_approach,apollo14_cone_crater_blocks_forward_02,92,343683351257,scans/001433.npy,poses/001433.npy,transforms/001433.npz,global_dem,727.9823200386593,-5487.002329349483,2.5291261933110287,0.0007494416149546158,-0.06551823212185635,-0.0018016549582623696,0.9978494644165039,645.0,-5511.0,0.0,included,os1_rev7_128ch20hz1024res_rtx
1434,001434,curated_forward_approach,apollo14_cone_crater_blocks_forward_02,93,346766684751,scans/001434.npy,poses/001434.npy,transforms/001434.npz,global_dem,728.982803201131,-5487.001910111143,2.656479731465474,-0.00023014680132302755,-0.06908239998649754,-0.0022633804873507636,0.9976083631131633,645.0,-5511.0,0.0,included,os1_rev7_128ch20hz1024res_rtx
1435,001435,curated_forward_approach,apollo14_cone_crater_blocks_forward_02,94,349833351578,scans/001435.npy,poses/001435.npy,transforms/001435.npz,global_dem,729.979576152187,-5487.006057597482,2.7972509194727295,0.003215127928631193,-0.06916941431482898,-0.00022990798017806434,0.9975997204380457,645.0,-5511.0,0.0,included,os1_rev7_128ch20hz1024res_rtx
1436,001436,curated_forward_approach,apollo14_cone_crater_blocks_forward_02,95,352933351740,scans/001436.npy,poses/001436.npy,transforms/001436.npz,global_dem,730.9874140976665,-5487.006221772293,2.9389624898328144,0.005031449346883515,-0.06849892413326153,0.0015677084960400893,0.9976372708555585,645.0,-5511.0,0.0,included,os1_rev7_128ch20hz1024res_rtx
1437,001437,curated_forward_approach,apollo14_cone_crater_blocks_forward_02,96,356050018569,scans/001437.npy,poses/001437.npy,transforms/001437.npz,global_dem,732.0056026480726,-5486.996956955169,3.077197440594948,-0.0011382838488249148,-0.06358801501695836,0.0010887364534823067,0.9979749913244407,645.0,-5511.0,0.0,included,os1_rev7_128ch20hz1024res_rtx
1438,001438,curated_forward_approach,apollo14_cone_crater_blocks_forward_02,97,359166685398,scans/001438.npy,poses/001438.npy,transforms/001438.npz,global_dem,733.0200129150755,-5486.996191648911,3.2089138165398143,0.0014287298255498723,-0.062442626580840224,-5.2428170251985436e-05,0.998047531116659,645.0,-5511.0,0.0,included,os1_rev7_128ch20hz1024res_rtx
1439,001439,curated_forward_approach,apollo14_cone_crater_blocks_forward_02,98,362283352227,scans/001439.npy,poses/001439.npy,transforms/001439.npz,global_dem,734.0306662468744,-5487.013786583505,3.3286976648387405,0.01627947056006366,-0.06595889161845746,0.0016463356147516917,0.9976881742477417,645.0,-5511.0,0.0,included,os1_rev7_128ch20hz1024res_rtx
1440,001440,curated_forward_approach,apollo14_cone_crater_blocks_forward_02,99,365416685724,scans/001440.npy,poses/001440.npy,transforms/001440.npz,global_dem,735.0589826520511,-5487.033028486695,3.4446758712347734,0.03359682584022804,-0.05944573963226032,0.005873401966324937,0.9976487159729004,645.0,-5511.0,0.0,included,os1_rev7_128ch20hz1024res_rtx
1441,001441,curated_forward_approach,apollo14_cone_crater_blocks_forward_02,100,368566685888,scans/001441.npy,poses/001441.npy,transforms/001441.npz,global_dem,736.0788978372864,-5487.027562190844,3.5665682268473495,0.02947072947755908,-0.06450287308327264,0.0018988370502606355,0.9974804508790738,645.0,-5511.0,0.0,included,os1_rev7_128ch20hz1024res_rtx
1442,001442,curated_forward_approach,apollo14_cone_crater_blocks_forward_02,101,371716686053,scans/001442.npy,poses/001442.npy,transforms/001442.npz,global_dem,737.1083880916644,-5487.0178052733545,3.6881748113701507,0.0181784686242557,-0.06219721278348747,0.0010687521633732592,0.9978977441447876,645.0,-5511.0,0.0,included,os1_rev7_128ch20hz1024res_rtx
1443,001443,curated_forward_approach,apollo14_cone_crater_blocks_forward_02,102,374866686217,scans/001443.npy,poses/001443.npy,transforms/001443.npz,global_dem,738.0949123813048,-5487.026136421222,3.815048779741174,0.027212734884857634,-0.09699748496984181,0.0018724751095357593,0.9949107742941454,645.0,-5511.0,0.0,included,os1_rev7_128ch20hz1024res_rtx
1444,001444,curated_forward_approach,apollo14_cone_crater_blocks_forward_02,103,377983353046,scans/001444.npy,poses/001444.npy,transforms/001444.npz,global_dem,739.1737275039754,-5486.838713773923,3.807766748854703,-0.14334322725763715,-0.046602525898333136,-0.0020518987786703495,0.9885730693735606,645.0,-5511.0,0.0,included,os1_rev7_128ch20hz1024res_rtx
1445,001445,curated_forward_approach,apollo14_cone_crater_blocks_forward_02,104,381883353250,scans/001445.npy,poses/001445.npy,transforms/001445.npz,global_dem,739.9981571376932,-5486.791740122756,3.989367016048046,-0.12384429106377856,-0.25461305790007854,0.04857775070756304,0.9578491449356079,645.0,-5511.0,0.0,included,os1_rev7_128ch20hz1024res_rtx
1446,001446,curated_forward_approach,apollo14_cone_crater_blocks_forward_02,105,385666686780,scans/001446.npy,poses/001446.npy,transforms/001446.npz,global_dem,741.1445186261084,-5486.845197609639,4.218012122044412,0.02347713127095669,-0.06691534230549251,-0.04608943737597288,0.996417043729076,645.0,-5511.0,0.0,included,os1_rev7_128ch20hz1024res_rtx
1447,001447,curated_forward_approach,apollo14_cone_crater_blocks_forward_02,106,388766686942,scans/001447.npy,poses/001447.npy,transforms/001447.npz,global_dem,742.1386016162292,-5486.964558818956,4.350646193157196,0.013206111918570487,-0.06779180364635917,-0.0469991502282901,0.9965043651907333,645.0,-5511.0,0.0,included,os1_rev7_128ch20hz1024res_rtx
1448,001448,curated_forward_approach,apollo14_cone_crater_blocks_forward_02,107,391866687104,scans/001448.npy,poses/001448.npy,transforms/001448.npz,global_dem,743.1405136296806,-5487.008190708719,4.488191055633007,0.0019662145423516384,-0.07045114298305451,-0.003271312602091829,0.997507929275058,645.0,-5511.0,0.0,included,os1_rev7_128ch20hz1024res_rtx
1449,001449,curated_forward_approach,apollo14_cone_crater_blocks_forward_02,108,394983353933,scans/001449.npy,poses/001449.npy,transforms/001449.npz,global_dem,744.1531074920052,-5487.0021026531385,4.628409341086015,-0.0018312739931053473,-0.06748219066891077,0.0007557644026513485,0.9977185120053926,645.0,-5511.0,0.0,included,os1_rev7_128ch20hz1024res_rtx
1450,001450,curated_forward_approach,apollo14_cone_crater_blocks_forward_02,109,398116687430,scans/001450.npy,poses/001450.npy,transforms/001450.npz,global_dem,745.1735406530634,-5486.996477994563,4.768829671676122,-0.004001067138250135,-0.0658967134428974,0.0012573113565082818,0.9978176355363403,645.0,-5511.0,0.0,included,os1_rev7_128ch20hz1024res_rtx
1451,001451,curated_forward_approach,apollo14_cone_crater_blocks_forward_02,110,401250020926,scans/001451.npy,poses/001451.npy,transforms/001451.npz,global_dem,746.1976003454764,-5486.992758289745,4.890344763811218,-0.006400087527912239,-0.060270678190619605,-0.002287188963680337,0.9981589317321777,645.0,-5511.0,0.0,included,os1_rev7_128ch20hz1024res_rtx
1452,001452,curated_forward_approach,apollo14_cone_crater_blocks_forward_02,111,404400021091,scans/001452.npy,poses/001452.npy,transforms/001452.npz,global_dem,747.2259687746836,-5486.992185562053,5.005824835590655,-0.007393896330863756,-0.05421870247208603,-0.004588116174420357,0.9984911676070359,645.0,-5511.0,0.0,included,os1_rev7_128ch20hz1024res_rtx
1453,001453,curated_forward_approach,apollo14_cone_crater_blocks_forward_02,112,407516687920,scans/001453.npy,poses/001453.npy,transforms/001453.npz,global_dem,748.2423014425708,-5487.001615254331,5.107641517970155,-0.0033521598308460273,-0.05206776029709499,0.0033136425018057444,0.9986324304444969,645.0,-5511.0,0.0,included,os1_rev7_128ch20hz1024res_rtx
1454,001454,curated_forward_approach,apollo14_cone_crater_blocks_forward_02,113,410633354749,scans/001454.npy,poses/001454.npy,transforms/001454.npz,global_dem,749.269355351954,-5486.991111461663,5.2044414901549985,-0.005578744926030512,-0.04675422630910719,-0.00023442869635551021,0.9988908173421525,645.0,-5511.0,0.0,included,os1_rev7_128ch20hz1024res_rtx
1455,001455,curated_forward_approach,apollo14_cone_crater_blocks_forward_02,114,413716688243,scans/001455.npy,poses/001455.npy,transforms/001455.npz,global_dem,750.276785099018,-5486.9899568155715,5.295381821422145,-0.007786263400129503,-0.04429258692284449,-0.006014845113024836,0.9989701509475708,645.0,-5511.0,0.0,included,os1_rev7_128ch20hz1024res_rtx
1456,001456,curated_forward_approach,apollo14_cone_crater_blocks_forward_02,115,416783355070,scans/001456.npy,poses/001456.npy,transforms/001456.npz,global_dem,751.2761590048843,-5486.994346743928,5.382543619444023,-0.01248786832123154,-0.04201986521736554,0.008300801205690099,0.9990042446212377,645.0,-5511.0,0.0,included,os1_rev7_128ch20hz1024res_rtx
1457,001457,curated_forward_approach,apollo14_cone_crater_blocks_forward_02,116,419833355229,scans/001457.npy,poses/001457.npy,transforms/001457.npz,global_dem,752.2721047991436,-5486.977886005949,5.465687784508298,-0.01671011364078096,-0.044592966277170985,0.0012371914918510652,0.9988647099672346,645.0,-5511.0,0.0,included,os1_rev7_128ch20hz1024res_rtx
1458,001458,curated_forward_approach,apollo14_cone_crater_blocks_forward_02,117,422983355393,scans/001458.npy,poses/001458.npy,transforms/001458.npz,global_dem,753.2930583778167,-5486.992011504649,5.571732631057369,-0.005935152251168493,-0.050656166234883886,0.0020912177954146315,0.9986963270175131,645.0,-5511.0,0.0,included,os1_rev7_128ch20hz1024res_rtx
1459,001459,curated_forward_approach,apollo14_cone_crater_blocks_forward_02,118,426100022222,scans/001459.npy,poses/001459.npy,transforms/001459.npz,global_dem,754.293956032164,-5486.980795352085,5.677029553576795,-0.015494892240572442,-0.06305127802957593,0.0003469041192674413,0.9978899359703064,645.0,-5511.0,0.0,included,os1_rev7_128ch20hz1024res_rtx
1460,001460,curated_forward_approach,apollo14_cone_crater_blocks_forward_02,119,429233355719,scans/001460.npy,poses/001460.npy,transforms/001460.npz,global_dem,755.3048804966863,-5486.986317554074,5.806172532439118,-0.010138904834124553,-0.0705735266887894,-0.002065188583344951,0.9974529136433391,645.0,-5511.0,0.0,included,os1_rev7_128ch20hz1024res_rtx
1461,001461,curated_forward_approach,apollo14_cone_crater_blocks_forward_02,120,432366689216,scans/001461.npy,poses/001461.npy,transforms/001461.npz,global_dem,756.3124559306326,-5486.986530526136,5.950732247006305,-0.009637869765096424,-0.07658250285670615,-0.0016154237297285674,0.9970153570175171,645.0,-5511.0,0.0,included,os1_rev7_128ch20hz1024res_rtx
1462,001462,curated_forward_approach,apollo14_cone_crater_blocks_forward_02,121,435500022713,scans/001462.npy,poses/001462.npy,transforms/001462.npz,global_dem,757.3177792727969,-5486.993491899431,6.107631861136614,-0.006058747459596271,-0.08625558301900782,-0.0024840465778769006,0.9962515222020345,645.0,-5511.0,0.0,included,os1_rev7_128ch20hz1024res_rtx
1463,001463,curated_forward_approach,apollo14_cone_crater_blocks_forward_02,122,438550022872,scans/001463.npy,poses/001463.npy,transforms/001463.npz,global_dem,758.3852971053501,-5486.979231813488,6.296186644248987,-0.009901195804864324,-0.0018675087566420983,-0.002110214111797399,0.9999470114606474,645.0,-5511.0,0.0,included,os1_rev7_128ch20hz1024res_rtx
1464,001464,curated_forward_approach,apollo14_cone_crater_blocks_forward_02,123,441783356374,scans/001464.npy,poses/001464.npy,transforms/001464.npz,global_dem,759.2877583038536,-5486.961638080083,6.436045190399572,-0.024951974031410213,-0.11073080728705205,-0.013115958937249912,0.9934505820274353,645.0,-5511.0,0.0,included,os1_rev7_128ch20hz1024res_rtx
1465,001465,curated_forward_approach,apollo14_cone_crater_blocks_forward_02,124,444850023200,scans/001465.npy,poses/001465.npy,transforms/001465.npz,global_dem,760.2953268429285,-5486.979586375883,6.611382988867894,-0.011042889371136568,-0.08564767682326668,-0.004415328802098884,0.9962545030867783,645.0,-5511.0,0.0,included,os1_rev7_128ch20hz1024res_rtx
1466,001466,curated_forward_approach,apollo14_cone_crater_blocks_forward_02,125,447933356694,scans/001466.npy,poses/001466.npy,transforms/001466.npz,global_dem,761.2928064167951,-5486.979311727894,6.780552313385716,-0.017124187316856835,-0.08103860945113747,-0.0014607062853199014,0.9965627789176712,645.0,-5511.0,0.0,included,os1_rev7_128ch20hz1024res_rtx
1467,001467,curated_forward_approach,apollo14_cone_crater_blocks_forward_02,126,451016690189,scans/001467.npy,poses/001467.npy,transforms/001467.npz,global_dem,762.2910456475938,-5486.975688952953,6.9435102694380335,-0.020981270373298472,-0.07842876556880056,-0.0028187491786285887,0.9966949230722231,645.0,-5511.0,0.0,included,os1_rev7_128ch20hz1024res_rtx
1468,001468,curated_forward_approach,apollo14_cone_crater_blocks_forward_02,127,454233357023,scans/001468.npy,poses/001468.npy,transforms/001468.npz,global_dem,763.3250169192447,-5486.9748385718885,7.100739675046247,-0.02836972256549447,-0.06969872792286103,0.006676007406299116,0.9971422551936123,645.0,-5511.0,0.0,included,os1_rev7_128ch20hz1024res_rtx
1469,001469,curated_forward_approach,apollo14_cone_crater_blocks_forward_02,128,457433357190,scans/001469.npy,poses/001469.npy,transforms/001469.npz,global_dem,764.337851882555,-5486.976068454824,7.234590136799477,-0.022203323255142102,-0.08230210934838242,0.0004863547253326887,0.9963599443435669,645.0,-5511.0,0.0,included,os1_rev7_128ch20hz1024res_rtx
1470,001470,curated_forward_approach,apollo14_cone_crater_blocks_forward_02,129,460600024022,scans/001470.npy,poses/001470.npy,transforms/001470.npz,global_dem,765.3704213687837,-5486.974019806549,7.377849469035882,-0.03631346061824175,-0.06947957721270272,-0.0027902471725840205,0.9969183193466692,645.0,-5511.0,0.0,included,os1_rev7_128ch20hz1024res_rtx
1471,001471,curated_forward_approach,apollo14_cone_crater_blocks_forward_02,130,463650024181,scans/001471.npy,poses/001471.npy,transforms/001471.npz,global_dem,766.3676169936417,-5486.967756167294,7.511491135305559,-0.03474368851739383,-0.065691915607867,-0.0031095929350128397,0.997230053078904,645.0,-5511.0,0.0,included,os1_rev7_128ch20hz1024res_rtx
1472,001472,curated_forward_approach,apollo14_cone_crater_blocks_forward_02,131,466766691010,scans/001472.npy,poses/001472.npy,transforms/001472.npz,global_dem,767.3904432366945,-5486.967908683667,7.636787163612888,-0.03200924202306701,-0.05848524129320221,-0.00440520590098509,0.9977652424979309,645.0,-5511.0,0.0,included,os1_rev7_128ch20hz1024res_rtx
1473,001473,curated_forward_approach,apollo14_cone_crater_blocks_forward_02,132,469833357837,scans/001473.npy,poses/001473.npy,transforms/001473.npz,global_dem,768.3959611470574,-5486.969421394994,7.749139261484426,-0.030370011425983237,-0.0561102057503515,-0.004493586131872889,0.9979524612426758,645.0,-5511.0,0.0,included,os1_rev7_128ch20hz1024res_rtx
1474,001474,curated_forward_approach,apollo14_cone_crater_blocks_forward_02,133,472966691333,scans/001474.npy,poses/001474.npy,transforms/001474.npz,global_dem,769.415861846703,-5486.970907245969,7.860253330607617,-0.023641227582540194,-0.05311187442573068,-0.0028523363745402825,0.9983046054840088,645.0,-5511.0,0.0,included,os1_rev7_128ch20hz1024res_rtx
1475,001475,curated_forward_approach,apollo14_cone_crater_blocks_forward_02,134,476050024827,scans/001475.npy,poses/001475.npy,transforms/001475.npz,global_dem,770.4136278084356,-5486.988432978989,7.967830500413707,-0.01052920173551496,-0.06105184025269918,-0.004389807081554964,0.9980694055557251,645.0,-5511.0,0.0,included,os1_rev7_128ch20hz1024res_rtx
1476,001476,curated_forward_approach,apollo14_cone_crater_blocks_forward_02,135,479183358324,scans/001476.npy,poses/001476.npy,transforms/001476.npz,global_dem,771.4130522919561,-5486.996631373934,8.102649860393752,-0.006127175205667425,-0.07613809879604731,-0.0005598213842213242,0.9970782989493554,645.0,-5511.0,0.0,included,os1_rev7_128ch20hz1024res_rtx
1477,001477,curated_forward_approach,apollo14_cone_crater_blocks_forward_02,136,484933358624,scans/001477.npy,poses/001477.npy,transforms/001477.npz,global_dem,772.3899744714547,-5486.996823066977,8.262595788427669,-0.007107170681204673,-0.09119026052571444,-7.051355730697679e-05,0.9958081238561969,645.0,-5511.0,0.0,included,os1_rev7_128ch20hz1024res_rtx
1478,001478,curated_forward_approach,apollo14_cone_crater_blocks_forward_02,137,489783358877,scans/001478.npy,poses/001478.npy,transforms/001478.npz,global_dem,773.3041541786316,-5487.244199931513,8.443136416830013,0.0033028958783911685,-0.13053117229016123,-0.23869378059289015,0.9622764587402344,645.0,-5511.0,0.0,included,os1_rev7_128ch20hz1024res_rtx
1479,001479,curated_forward_approach,apollo14_cone_crater_blocks_forward_02,138,493333359062,scans/001479.npy,poses/001479.npy,transforms/001479.npz,global_dem,773.9438141451094,-5488.001735520818,8.54361025175362,0.10204401280525412,-0.16058794069212173,-0.41051545689666696,0.8917822561611021,645.0,-5511.0,0.0,included,os1_rev7_128ch20hz1024res_rtx
1480,001480,curated_forward_approach,apollo14_cone_crater_blocks_forward_02,139,504950026335,scans/001480.npy,poses/001480.npy,transforms/001480.npz,global_dem,774.5400012635344,-5488.778043803031,8.844769127669089,0.030863306200104655,-0.1131291339378447,-0.4150716738036215,0.902199956212996,645.0,-5511.0,0.0,included,os1_rev7_128ch20hz1024res_rtx
1481,001481,curated_forward_approach,apollo14_cone_crater_blocks_forward_02,140,510200026609,scans/001481.npy,poses/001481.npy,transforms/001481.npz,global_dem,775.4641116611941,-5489.215328278601,9.006401384250124,-0.006357213430300081,-0.06387002113451447,-0.02325118016056287,0.997667073155579,645.0,-5511.0,0.0,included,os1_rev7_128ch20hz1024res_rtx
1482,001482,curated_forward_approach,apollo14_cone_crater_blocks_forward_02,141,513366693440,scans/001482.npy,poses/001482.npy,transforms/001482.npz,global_dem,776.4586238625625,-5489.093411299963,9.126234299831316,-0.012584305191670283,-0.06601377912774271,0.07531151747907414,0.994892954826355,645.0,-5511.0,0.0,included,os1_rev7_128ch20hz1024res_rtx
1483,001483,curated_forward_approach,apollo14_cone_crater_blocks_forward_02,142,516550026940,scans/001483.npy,poses/001483.npy,transforms/001483.npz,global_dem,777.452171670821,-5488.987772104033,9.269773756299506,-0.007161542454327093,-0.0845445924405873,0.02300900582691676,0.9961282597384671,645.0,-5511.0,0.0,included,os1_rev7_128ch20hz1024res_rtx
1484,001484,curated_forward_approach,apollo14_cone_crater_blocks_forward_02,143,519650027101,scans/001484.npy,poses/001484.npy,transforms/001484.npz,global_dem,778.4405055274792,-5488.9776371501175,9.432639441857233,0.0011662124127638715,-0.08673846216262697,-0.013480240523208287,0.9961392283439636,645.0,-5511.0,0.0,included,os1_rev7_128ch20hz1024res_rtx
1485,001485,curated_forward_approach,apollo14_cone_crater_blocks_forward_02,144,522783360598,scans/001485.npy,poses/001485.npy,transforms/001485.npz,global_dem,779.4611298030486,-5489.005561106508,9.59756765317509,0.005172466864887771,-0.08132500207719956,-0.00595624292067345,0.9966564166220699,645.0,-5511.0,0.0,included,os1_rev7_128ch20hz1024res_rtx
1486,001486,curated_forward_approach,apollo14_cone_crater_blocks_forward_02,145,525900027427,scans/001486.npy,poses/001486.npy,transforms/001486.npz,global_dem,780.463971005742,-5489.005970495998,9.758749299409565,0.0008406940698299149,-0.08794515621104743,-0.0002829382987578763,0.9961249232292175,645.0,-5511.0,0.0,included,os1_rev7_128ch20hz1024res_rtx
1487,001487,curated_forward_approach,apollo14_cone_crater_blocks_forward_02,146,529066694259,scans/001487.npy,poses/001487.npy,transforms/001487.npz,global_dem,781.4605459363681,-5489.001590655576,9.948219932817228,-0.0009308774261595111,-0.10605467998885963,-0.0007880982672118905,0.9943595512795155,645.0,-5511.0,0.0,included,os1_rev7_128ch20hz1024res_rtx
1488,001488,curated_forward_approach,apollo14_cone_crater_blocks_forward_02,147,532150027753,scans/001488.npy,poses/001488.npy,transforms/001488.npz,global_dem,782.4453163397777,-5488.9955791164675,10.161565887236037,-0.006162959806886498,-0.1054645264057594,-0.0019529945190925263,0.9944020501833432,645.0,-5511.0,0.0,included,os1_rev7_128ch20hz1024res_rtx
1489,001489,curated_forward_approach,apollo14_cone_crater_blocks_forward_02,148,535300027918,scans/001489.npy,poses/001489.npy,transforms/001489.npz,global_dem,783.4506355065046,-5488.992372245736,10.380918064971784,-0.01023690042319151,-0.10622708297496895,-0.0002847095750317928,0.9942891589737931,645.0,-5511.0,0.0,included,os1_rev7_128ch20hz1024res_rtx
1490,001490,curated_forward_approach,apollo14_cone_crater_blocks_forward_02,149,538466694749,scans/001490.npy,poses/001490.npy,transforms/001490.npz,global_dem,784.4605387228094,-5488.993333644493,10.603269427628359,-0.009780378759795106,-0.1043630460569976,-0.0031418940386646835,0.9944862127304077,645.0,-5511.0,0.0,included,os1_rev7_128ch20hz1024res_rtx
1491,001491,curated_forward_approach,apollo14_cone_crater_blocks_forward_02,150,541550028244,scans/001491.npy,poses/001491.npy,transforms/001491.npz,global_dem,785.4510577359393,-5488.996752682305,10.807043924691307,-0.009454908420433004,-0.09904301100186047,0.0018666959079012902,0.9950364828109741,645.0,-5511.0,0.0,included,os1_rev7_128ch20hz1024res_rtx
1492,001492,curated_forward_approach,apollo14_cone_crater_blocks_forward_02,151,544666695073,scans/001492.npy,poses/001492.npy,transforms/001492.npz,global_dem,786.451033676397,-5488.994172694579,10.999323529483615,-0.004860694716956448,-0.0956222626055593,0.003813520745796077,0.9953985199911558,645.0,-5511.0,0.0,included,os1_rev7_128ch20hz1024res_rtx
1493,001493,curated_forward_approach,apollo14_cone_crater_blocks_forward_02,152,547783361902,scans/001493.npy,poses/001493.npy,transforms/001493.npz,global_dem,787.4527763091679,-5488.991613216184,11.18755351312713,-0.002836660906041971,-0.09528906212108959,0.0008379503919167052,0.9954452500434808,645.0,-5511.0,0.0,included,os1_rev7_128ch20hz1024res_rtx
1494,001494,curated_forward_approach,apollo14_cone_crater_blocks_forward_02,153,550916695399,scans/001494.npy,poses/001494.npy,transforms/001494.npz,global_dem,788.4617511506432,-5488.977777580064,11.372717601385737,-0.008973816828296842,-0.09026331090728637,-0.009561119041150055,0.9958316074107448,645.0,-5511.0,0.0,included,os1_rev7_128ch20hz1024res_rtx
1495,001495,curated_forward_approach,apollo14_cone_crater_blocks_forward_02,154,554066695563,scans/001495.npy,poses/001495.npy,transforms/001495.npz,global_dem,789.4819763779533,-5488.989698145682,11.549031533948167,-0.009747465856787024,-0.08557039715847824,-0.006623059584933075,0.9962624298452921,645.0,-5511.0,0.0,included,os1_rev7_128ch20hz1024res_rtx
1496,001496,curated_forward_approach,apollo14_cone_crater_blocks_forward_02,155,557183362392,scans/001496.npy,poses/001496.npy,transforms/001496.npz,global_dem,790.4961308194479,-5488.992053323246,11.712506689424877,-0.012995293533076595,-0.07943454264113439,-0.001046131417343561,0.9967548251152039,645.0,-5511.0,0.0,included,os1_rev7_128ch20hz1024res_rtx
1497,001497,curated_forward_approach,apollo14_cone_crater_blocks_forward_02,156,560300029221,scans/001497.npy,poses/001497.npy,transforms/001497.npz,global_dem,791.5145972384942,-5488.9883807774795,11.863835416137057,-0.014960565430758063,-0.07111554780551234,-0.0006984504839323644,0.9973556399345398,645.0,-5511.0,0.0,included,os1_rev7_128ch20hz1024res_rtx
1498,001498,curated_forward_approach,apollo14_cone_crater_blocks_forward_02,157,563416696051,scans/001498.npy,poses/001498.npy,transforms/001498.npz,global_dem,792.5249376405873,-5488.981243733909,12.007795447563868,-0.017897072751434553,-0.07222498934021283,-0.002204730983820892,0.9972253430709757,645.0,-5511.0,0.0,included,os1_rev7_128ch20hz1024res_rtx
1499,001499,curated_forward_approach,apollo14_cone_crater_blocks_forward_02,158,566516696212,scans/001499.npy,poses/001499.npy,transforms/001499.npz,global_dem,793.5140255398549,-5488.979286063395,12.161633785489945,-0.018878050083353425,-0.08078950325780357,-0.0012332316732844865,0.9965516316418572,645.0,-5511.0,0.0,included,os1_rev7_128ch20hz1024res_rtx
1500,001500,curated_forward_approach,apollo14_cone_crater_blocks_forward_02,159,569616696374,scans/001500.npy,poses/001500.npy,transforms/001500.npz,global_dem,794.4986041983772,-5488.983489426318,12.324112488514857,-0.013321440425725741,-0.08462214280081772,0.003580809395321614,0.9963176250457764,645.0,-5511.0,0.0,included,os1_rev7_128ch20hz1024res_rtx
1501,001501,curated_forward_approach,apollo14_cone_crater_blocks_forward_02,160,572850029876,scans/001501.npy,poses/001501.npy,transforms/001501.npz,global_dem,795.5158100217254,-5488.969733478925,12.499864219460243,-0.021674638645412116,-0.0868226502898345,-0.00987487537361969,0.9959390163421631,645.0,-5511.0,0.0,included,os1_rev7_128ch20hz1024res_rtx
1502,001502,curated_forward_approach,apollo14_cone_crater_blocks_forward_02,161,579233363542,scans/001502.npy,poses/001502.npy,transforms/001502.npz,global_dem,796.5135878585855,-5488.962667985149,12.669966691659146,-0.03989516221760851,-0.08845286126613969,-0.012241210999680794,0.9952058179686879,645.0,-5511.0,0.0,included,os1_rev7_128ch20hz1024res_rtx
1503,001503,curated_forward_approach,apollo14_cone_crater_blocks_forward_02,162,583683363774,scans/001503.npy,poses/001503.npy,transforms/001503.npz,global_dem,797.455074990314,-5489.28019080127,12.863649245696285,-0.01851540979138299,-0.09885598030211411,-0.3139548183122658,0.9440958885713238,645.0,-5511.0,0.0,included,os1_rev7_128ch20hz1024res_rtx
1504,001504,curated_forward_approach,apollo14_cone_crater_blocks_forward_02,163,587033363949,scans/001504.npy,poses/001504.npy,transforms/001504.npz,global_dem,798.1523353877491,-5490.032735647082,13.038610294976053,0.00022974920315970795,-0.07435426210200549,-0.43212234453608606,0.8987444966592041,645.0,-5511.0,0.0,included,os1_rev7_128ch20hz1024res_rtx
1505,001505,curated_forward_approach,apollo14_cone_crater_blocks_forward_02,164,590133364111,scans/001505.npy,poses/001505.npy,transforms/001505.npz,global_dem,798.7891748082674,-5490.833600551593,13.161694813491083,0.015490315762169443,-0.07154861794955883,-0.4013138687519233,0.9130104184150696,645.0,-5511.0,0.0,included,os1_rev7_128ch20hz1024res_rtx
1506,001506,curated_forward_approach,apollo14_cone_crater_blocks_forward_02,165,593233364272,scans/001506.npy,poses/001506.npy,transforms/001506.npz,global_dem,799.4666731796812,-5491.566348657955,13.278957397543307,0.025466408600636464,-0.08642382407436455,-0.3740970246099562,0.9230026006698608,645.0,-5511.0,0.0,included,os1_rev7_128ch20hz1024res_rtx
1507,001507,curated_forward_approach,apollo14_cone_crater_blocks_forward_02,166,596833364460,scans/001507.npy,poses/001507.npy,transforms/001507.npz,global_dem,800.1714792323805,-5492.278724977434,13.420612124744286,0.03543535376791361,-0.09803200411447706,-0.3684593960955759,0.9237812161445618,645.0,-5511.0,0.0,included,os1_rev7_128ch20hz1024res_rtx
1508,001508,curated_forward_approach,apollo14_cone_crater_blocks_forward_02,167,603233364794,scans/001508.npy,poses/001508.npy,transforms/001508.npz,global_dem,800.9328210951752,-5492.936402056335,13.58892089878374,0.016598011782098597,-0.10265557458364084,-0.23386064120268923,0.9666930947865775,645.0,-5511.0,0.0,included,os1_rev7_128ch20hz1024res_rtx
1509,001509,curated_forward_approach,apollo14_cone_crater_blocks_forward_02,168,606966698322,scans/001509.npy,poses/001509.npy,transforms/001509.npz,global_dem,801.92467838996,-5493.121168189675,13.787890939002123,-0.0001873405867789817,-0.10412787648708259,0.0009960620244375703,0.9945634007453918,645.0,-5511.0,0.0,included,os1_rev7_128ch20hz1024res_rtx
1510,001510,curated_forward_approach,apollo14_cone_crater_blocks_forward_02,169,610116698486,scans/001510.npy,poses/001510.npy,transforms/001510.npz,global_dem,802.9153157892221,-5493.069623726448,13.98313845540616,0.013073641903156887,-0.11114532494169871,0.04440074052425799,0.9927257279187891,645.0,-5511.0,0.0,included,os1_rev7_128ch20hz1024res_rtx
1511,001511,curated_forward_approach,apollo14_cone_crater_blocks_forward_02,170,613316698653,scans/001511.npy,poses/001511.npy,transforms/001511.npz,global_dem,803.9443263754234,-5492.993936711441,14.185480193529006,-0.0006894877280434619,-0.10225430115417507,0.008600141651914363,0.9947208754548741,645.0,-5511.0,0.0,included,os1_rev7_128ch20hz1024res_rtx
1512,001512,curated_forward_approach,apollo14_cone_crater_blocks_forward_02,171,616400032147,scans/001512.npy,poses/001512.npy,transforms/001512.npz,global_dem,804.9248989024969,-5492.968237410051,14.381257053753254,-0.021903175211665987,-0.1084079664096914,-0.004293374599481425,0.9938558902925066,645.0,-5511.0,0.0,included,os1_rev7_128ch20hz1024res_rtx
1513,001513,curated_forward_approach,apollo14_cone_crater_blocks_forward_02,172,620066699005,scans/001513.npy,poses/001513.npy,transforms/001513.npz,global_dem,805.9098587716506,-5492.9597002001665,14.60551117958029,-0.03216482309940924,-0.1102477551445996,-0.009462871751239698,0.9933384673407044,645.0,-5511.0,0.0,included,os1_rev7_128ch20hz1024res_rtx
1514,001514,curated_forward_approach,apollo14_cone_crater_blocks_forward_02,173,626633366014,scans/001514.npy,poses/001514.npy,transforms/001514.npz,global_dem,806.911169611989,-5493.003126387171,14.822944251452574,-0.03211835113046849,-0.09438479520241215,-0.11637409073625288,0.9881887435913086,645.0,-5511.0,0.0,included,os1_rev7_128ch20hz1024res_rtx
1515,001515,curated_forward_approach,apollo14_cone_crater_blocks_forward_02,174,630216699535,scans/001515.npy,poses/001515.npy,transforms/001515.npz,global_dem,807.6915708713464,-5493.620771683828,15.012324588314158,0.0072210899310651494,-0.11039131671620825,-0.3941787593444928,0.912351203613776,645.0,-5511.0,0.0,included,os1_rev7_128ch20hz1024res_rtx
1516,001516,curated_forward_approach,apollo14_cone_crater_blocks_forward_02,175,633416699701,scans/001516.npy,poses/001516.npy,transforms/001516.npz,global_dem,808.3527456889401,-5494.38515102143,15.213846995315938,0.00725987251730786,-0.11842786956066308,-0.39928798930825765,0.9091156337653223,645.0,-5511.0,0.0,included,os1_rev7_128ch20hz1024res_rtx
1517,001517,curated_forward_approach,apollo14_cone_crater_blocks_forward_02,176,636466699860,scans/001517.npy,poses/001517.npy,transforms/001517.npz,global_dem,809.0881983619931,-5495.1377861781075,15.385729004970145,0.0090992634895982,-0.054838451183322395,-0.38018060018661987,0.9232403039932252,645.0,-5511.0,0.0,included,os1_rev7_128ch20hz1024res_rtx
1518,001518,curated_forward_approach,apollo14_cone_crater_blocks_forward_02,177,639533366687,scans/001518.npy,poses/001518.npy,transforms/001518.npz,global_dem,809.8315196937416,-5495.843253096362,15.444505954649111,-0.0042649202195570775,-0.03140564939509297,-0.3864776669872335,0.9217540390807617,645.0,-5511.0,0.0,included,os1_rev7_128ch20hz1024res_rtx
1519,001519,curated_forward_approach,apollo14_cone_crater_blocks_forward_02,178,642733366854,scans/001519.npy,poses/001519.npy,transforms/001519.npz,global_dem,810.534486427885,-5496.534275324428,15.538524575348,-0.032634657838724844,-0.07554849225320456,-0.3791536531045817,0.9216669201850891,645.0,-5511.0,0.0,included,os1_rev7_128ch20hz1024res_rtx
1520,001520,curated_forward_approach,apollo14_cone_crater_blocks_forward_02,179,645900033686,scans/001520.npy,poses/001520.npy,transforms/001520.npz,global_dem,811.2403138368866,-5497.237748880063,15.708093359663426,-0.03700473415803425,-0.09422792783948204,-0.3818030542937991,0.9186828478843484,645.0,-5511.0,0.0,included,os1_rev7_128ch20hz1024res_rtx
1521,001521,curated_forward_approach,apollo14_cone_crater_blocks_forward_02,180,649016700515,scans/001521.npy,poses/001521.npy,transforms/001521.npz,global_dem,811.9326486801724,-5497.919374937028,15.909898534582394,-0.05166351929004967,-0.10015038720367503,-0.3816991280435327,0.9173911686779678,645.0,-5511.0,0.0,included,os1_rev7_128ch20hz1024res_rtx
1522,001522,curated_forward_approach,apollo14_cone_crater_blocks_forward_02,181,655433367516,scans/001522.npy,poses/001522.npy,transforms/001522.npz,global_dem,812.6502435268895,-5498.652392667269,16.112714631627874,-0.032767246270123104,-0.0889930695963967,-0.37214014653131305,0.9233191498476228,645.0,-5511.0,0.0,included,os1_rev7_128ch20hz1024res_rtx
1523,001523,curated_forward_approach,apollo14_cone_crater_blocks_forward_02,182,659066701039,scans/001523.npy,poses/001523.npy,transforms/001523.npz,global_dem,813.5682726107008,-5499.032171901528,16.270009837714614,-0.04011374870087816,-0.06845517640513253,-0.04878452332579794,0.9956529748222418,645.0,-5511.0,0.0,included,os1_rev7_128ch20hz1024res_rtx
1524,001524,curated_forward_approach,apollo14_cone_crater_blocks_forward_02,183,662233367871,scans/001524.npy,poses/001524.npy,transforms/001524.npz,global_dem,814.606790291306,-5499.009125390107,16.383402204750354,-0.03468833682288763,-0.04909510734882463,0.030404214907891063,0.9977284066511809,645.0,-5511.0,0.0,included,os1_rev7_128ch20hz1024res_rtx
1525,001525,curated_forward_approach,apollo14_cone_crater_blocks_forward_02,184,665366701368,scans/001525.npy,poses/001525.npy,transforms/001525.npz,global_dem,815.6593001307242,-5498.959587891724,16.454439962346264,-0.026841013058156744,-0.024156517440045284,0.010267132241576347,0.9992950558662415,645.0,-5511.0,0.0,included,os1_rev7_128ch20hz1024res_rtx
1526,001526,curated_forward_approach,apollo14_cone_crater_blocks_forward_02,185,668550034867,scans/001526.npy,poses/001526.npy,transforms/001526.npz,global_dem,816.6692284835049,-5498.977466344482,16.50832801851004,-0.009275271572129113,-0.05520254448096634,-0.0035168051079307295,0.9984259013576937,645.0,-5511.0,0.0,included,os1_rev7_128ch20hz1024res_rtx
1527,001527,curated_forward_approach,apollo14_cone_crater_blocks_forward_02,186,671800035037,scans/001527.npy,poses/001527.npy,transforms/001527.npz,global_dem,817.6732584817839,-5498.970650430072,16.656225294887996,-0.022122844245441472,-0.09027917511106794,-0.014058872917502364,0.9955714933625042,645.0,-5511.0,0.0,included,os1_rev7_128ch20hz1024res_rtx
1528,001528,curated_forward_approach,apollo14_cone_crater_blocks_forward_02,187,674900035198,scans/001528.npy,poses/001528.npy,transforms/001528.npz,global_dem,818.6739393559283,-5498.964217057497,16.844415066778044,-0.03667080286706407,-0.08264977734521033,-0.0097893731322811,0.9958556294441223,645.0,-5511.0,0.0,included,os1_rev7_128ch20hz1024res_rtx
1529,001529,curated_forward_approach,apollo14_cone_crater_blocks_forward_02,188,678100035365,scans/001529.npy,poses/001529.npy,transforms/001529.npz,global_dem,819.6836980461107,-5498.956148619908,16.98664890287163,-0.044569615611087236,-0.06055362606756645,-0.012678879389661234,0.9970887893020218,645.0,-5511.0,0.0,included,os1_rev7_128ch20hz1024res_rtx
1530,001530,curated_forward_approach,apollo14_cone_crater_blocks_forward_02,189,684583369037,scans/001530.npy,poses/001530.npy,transforms/001530.npz,global_dem,820.696860274501,-5498.970567904416,17.10777195844163,-0.04308680343625124,-0.06485177531745645,-0.048383785985843586,0.9957895278930664,645.0,-5511.0,0.0,included,os1_rev7_128ch20hz1024res_rtx
1531,001531,curated_forward_approach,apollo14_cone_crater_blocks_forward_02,190,688483369240,scans/001531.npy,poses/001531.npy,transforms/001531.npz,global_dem,821.5835304307703,-5499.404555491369,17.255843942541166,-0.028326808147875606,-0.07953430412995931,-0.3695340090578395,0.92537370967429,645.0,-5511.0,0.0,included,os1_rev7_128ch20hz1024res_rtx
1532,001532,curated_forward_approach,apollo14_cone_crater_blocks_forward_02,191,691600036069,scans/001532.npy,poses/001532.npy,transforms/001532.npz,global_dem,822.2391306451345,-5500.145289452003,17.4197245946471,-0.026700804207923912,-0.07731307195030573,-0.42255138899303774,0.9026406148741101,645.0,-5511.0,0.0,included,os1_rev7_128ch20hz1024res_rtx
1533,001533,curated_forward_approach,apollo14_cone_crater_blocks_forward_02,192,694716702898,scans/001533.npy,poses/001533.npy,transforms/001533.npz,global_dem,822.8785502729111,-5500.896812445187,17.590580699492488,-0.022159840509948285,-0.07869083998124093,-0.3937652736429762,0.9155684586334834,645.0,-5511.0,0.0,included,os1_rev7_128ch20hz1024res_rtx
1534,001534,curated_forward_approach,apollo14_cone_crater_blocks_forward_02,193,697816703060,scans/001534.npy,poses/001534.npy,transforms/001534.npz,global_dem,823.598676780502,-5501.605843634481,17.744092634445938,-0.03329380571560231,-0.061982185355438944,-0.3825818388349343,0.9212387680689607,645.0,-5511.0,0.0,included,os1_rev7_128ch20hz1024res_rtx
1535,001535,curated_forward_approach,apollo14_cone_crater_blocks_forward_02,194,701650036593,scans/001535.npy,poses/001535.npy,transforms/001535.npz,global_dem,824.3095352395991,-5502.309965776569,17.88924753800599,-0.033419412855560264,-0.06241528059295097,-0.379232126489436,0.9225890037450009,645.0,-5511.0,0.0,included,os1_rev7_128ch20hz1024res_rtx
1536,001536,curated_forward_approach,apollo14_cone_crater_blocks_forward_02,195,707766703579,scans/001536.npy,poses/001536.npy,transforms/001536.npz,global_dem,825.0903489117717,-5502.942341038554,18.032216369101896,-0.03920412172114741,-0.0709169218669857,-0.21012218583512213,0.9743112921714783,645.0,-5511.0,0.0,included,os1_rev7_128ch20hz1024res_rtx
1537,001537,curated_forward_approach,apollo14_cone_crater_blocks_forward_02,196,712016703801,scans/001537.npy,poses/001537.npy,transforms/001537.npz,global_dem,826.0779615640893,-5503.031188604056,18.162113605537353,-0.05313652424061561,-0.06852763670292565,0.01658269735239074,0.9960951194278874,645.0,-5511.0,0.0,included,os1_rev7_128ch20hz1024res_rtx
1538,001538,curated_forward_approach,apollo14_cone_crater_blocks_forward_02,197,718433370802,scans/001538.npy,poses/001538.npy,transforms/001538.npz,global_dem,827.0796687756782,-5503.062446333706,18.308664441069666,-0.04034429517495888,-0.08644366109697715,-0.17303044775830875,0.9802858233451843,645.0,-5511.0,0.0,included,os1_rev7_128ch20hz1024res_rtx
1539,001539,curated_forward_approach,apollo14_cone_crater_blocks_forward_02,198,722316704338,scans/001539.npy,poses/001539.npy,transforms/001539.npz,global_dem,827.8696674538717,-5503.651070073286,18.50135731573556,-0.024817927291623642,-0.10022410469562679,-0.366107885392186,0.9248265867591446,645.0,-5511.0,0.0,included,os1_rev7_128ch20hz1024res_rtx
1540,001540,curated_forward_approach,apollo14_cone_crater_blocks_forward_02,199,727250037929,scans/001540.npy,poses/001540.npy,transforms/001540.npz,global_dem,828.5127215317019,-5504.415405841557,18.704747821151475,-0.011224083971655517,-0.09920889827081127,-0.4327191533041259,0.8959831185946806,645.0,-5511.0,0.0,included,os1_rev7_128ch20hz1024res_rtx
1541,001541,curated_forward_approach,apollo14_cone_crater_blocks_forward_02,200,732950038226,scans/001541.npy,poses/001541.npy,transforms/001541.npz,global_dem,829.2735366595855,-5505.068929420453,18.896995670508616,-0.024120155625505138,-0.09194020825751396,-0.15436747938982812,0.9834306775289234,645.0,-5511.0,0.0,included,os1_rev7_128ch20hz1024res_rtx
1542,001542,curated_forward_approach,apollo14_cone_crater_blocks_forward_02,201,738050038492,scans/001542.npy,poses/001542.npy,transforms/001542.npz,global_dem,830.2642054857657,-5505.0516260312415,19.06662815750577,-0.05631024890524058,-0.081588906841289,0.047494115066830586,0.993939995765686,645.0,-5511.0,0.0,included,os1_rev7_128ch20hz1024res_rtx
1543,001543,curated_forward_approach,apollo14_cone_crater_blocks_forward_02,202,743933372132,scans/001543.npy,poses/001543.npy,transforms/001543.npz,global_dem,831.2756565770155,-5505.1213457694885,19.242691638683926,-0.039604596724588124,-0.08761017844963334,-0.21776214436873148,0.9712546427329127,645.0,-5511.0,0.0,included,os1_rev7_128ch20hz1024res_rtx
1544,001544,curated_forward_approach,apollo14_cone_crater_blocks_forward_02,203,747950039008,scans/001544.npy,poses/001544.npy,transforms/001544.npz,global_dem,832.0429250554165,-5505.7713734235485,19.43289573856061,-0.025065915880969094,-0.09151800853352128,-0.447512796591003,0.8892291329361663,645.0,-5511.0,0.0,included,os1_rev7_128ch20hz1024res_rtx
1545,001545,curated_forward_approach,apollo14_cone_crater_blocks_forward_02,204,751100039172,scans/001545.npy,poses/001545.npy,transforms/001545.npz,global_dem,832.6270026640334,-5506.582951830445,19.610007231699576,-0.025819695256706684,-0.09378363156563313,-0.43373832129110673,0.8957728743553163,645.0,-5511.0,0.0,included,os1_rev7_128ch20hz1024res_rtx
1546,001546,curated_forward_approach,apollo14_cone_crater_blocks_forward_02,205,754283372672,scans/001546.npy,poses/001546.npy,transforms/001546.npz,global_dem,833.2962935202559,-5507.32991095244,19.804189956758034,-0.032483367428995054,-0.0971841868791601,-0.3822147826929638,0.9183746101412429,645.0,-5511.0,0.0,included,os1_rev7_128ch20hz1024res_rtx
1547,001547,curated_forward_approach,apollo14_cone_crater_blocks_forward_02,206,757350039498,scans/001547.npy,poses/001547.npy,transforms/001547.npz,global_dem,834.0086401355546,-5508.029230884584,19.994474949371494,-0.030158493215541753,-0.0857691033309204,-0.3770837550014877,0.9217060094817415,645.0,-5511.0,0.0,included,os1_rev7_128ch20hz1024res_rtx
1548,001548,curated_forward_approach,apollo14_cone_crater_blocks_forward_02,207,760433372993,scans/001548.npy,poses/001548.npy,transforms/001548.npz,global_dem,834.7337442548587,-5508.743083088872,20.152254028031575,-0.02524563669869273,-0.07228639281483158,-0.37793662460944594,0.9226598739624023,645.0,-5511.0,0.0,included,os1_rev7_128ch20hz1024res_rtx
1549,001549,curated_forward_approach,apollo14_cone_crater_blocks_forward_02,208,763500039819,scans/001549.npy,poses/001549.npy,transforms/001549.npz,global_dem,835.4354498254113,-5509.466719385277,20.296640108993913,-0.006412566413403233,-0.06638278397884731,-0.37661192381019065,0.9239673499789907,645.0,-5511.0,0.0,included,os1_rev7_128ch20hz1024res_rtx
1550,001550,curated_forward_approach,apollo14_cone_crater_blocks_forward_02,209,766566706646,scans/001550.npy,poses/001550.npy,transforms/001550.npz,global_dem,836.1464513644999,-5510.161467170021,20.42845042829832,-0.01495708302061077,-0.06778155646840506,-0.3787458394954003,0.9228941084085213,645.0,-5511.0,0.0,included,os1_rev7_128ch20hz1024res_rtx
1551,001551,curated_forward_approach,apollo14_cone_crater_blocks_forward_02,210,769633373472,scans/001551.npy,poses/001551.npy,transforms/001551.npz,global_dem,836.8517040445106,-5510.850973095322,20.569261462461018,-0.03137700585217758,-0.07012824057783193,-0.38173847891426055,0.9210717925837469,645.0,-5511.0,0.0,included,os1_rev7_128ch20hz1024res_rtx
1552,001552,curated_forward_approach,apollo14_cone_crater_blocks_forward_02,211,772700040299,scans/001552.npy,poses/001552.npy,transforms/001552.npz,global_dem,837.5721949874,-5511.560447933288,20.709396033239017,-0.03524473444483652,-0.05657476999430717,-0.3843072895307257,0.9207958575642873,645.0,-5511.0,0.0,included,os1_rev7_128ch20hz1024res_rtx
1553,001553,curated_forward_approach,apollo14_cone_crater_blocks_forward_02,212,775750040458,scans/001553.npy,poses/001553.npy,transforms/001553.npz,global_dem,838.283813117716,-5512.272513346713,20.830592332268324,-0.0316429027882988,-0.04768043238860282,-0.3837863427095511,0.9216470833350439,645.0,-5511.0,0.0,included,os1_rev7_128ch20hz1024res_rtx
1554,001554,curated_forward_approach,apollo14_cone_crater_blocks_forward_02,213,778800040617,scans/001554.npy,poses/001554.npy,transforms/001554.npz,global_dem,838.9777891310795,-5512.968495414629,20.941556094802714,-0.0362901413557532,-0.061764609843598606,-0.38420396434944554,0.9204648132272182,645.0,-5511.0,0.0,included,os1_rev7_128ch20hz1024res_rtx
1555,001555,curated_forward_approach,apollo14_cone_crater_blocks_forward_02,214,781966707449,scans/001555.npy,poses/001555.npy,transforms/001555.npz,global_dem,839.7047412784879,-5513.687425673829,21.08548875441531,-0.0442519769742676,-0.06568082391461756,-0.3845563388526064,0.9196978928713739,645.0,-5511.0,0.0,included,os1_rev7_128ch20hz1024res_rtx
1556,001556,curated_forward_approach,apollo14_cone_crater_blocks_forward_02,215,786216707671,scans/001556.npy,poses/001556.npy,transforms/001556.npz,global_dem,840.4086112953196,-5514.404045448131,21.232210323260077,-0.03074955392312852,-0.05838086181171897,-0.3816051868633051,0.9219672560707737,645.0,-5511.0,0.0,included,os1_rev7_128ch20hz1024res_rtx
1557,001557,curated_forward_approach,apollo14_cone_crater_blocks_forward_02,216,791533374615,scans/001557.npy,poses/001557.npy,transforms/001557.npz,global_dem,841.2112109960743,-5515.01971542106,21.33532146263589,-0.011345323755328617,-0.04848755067486832,-0.18048841794740397,0.982315719127655,645.0,-5511.0,0.0,included,os1_rev7_128ch20hz1024res_rtx
1558,001558,curated_forward_approach,apollo14_cone_crater_blocks_forward_02,217,794883374789,scans/001558.npy,poses/001558.npy,transforms/001558.npz,global_dem,842.218317375276,-5515.082438561534,21.428084911554006,-0.023507135652704597,-0.057881399275971315,0.03769110664825216,0.997334717469963,645.0,-5511.0,0.0,included,os1_rev7_128ch20hz1024res_rtx
1559,001559,curated_forward_approach,apollo14_cone_crater_blocks_forward_02,218,797966708283,scans/001559.npy,poses/001559.npy,transforms/001559.npz,global_dem,843.2172092418316,-5514.978970406211,21.525437998176578,-0.03894409088394319,-0.060276532727578394,0.020160634736488242,0.9972179532051086,645.0,-5511.0,0.0,included,os1_rev7_128ch20hz1024res_rtx
1560,001560,curated_forward_approach,apollo14_cone_crater_blocks_forward_02,219,802450041851,scans/001560.npy,poses/001560.npy,transforms/001560.npz,global_dem,844.2106521035071,-5514.940630620363,21.641194479185675,-0.046990881035023656,-0.0638680896089038,-0.00658901266026547,0.996829628944397,645.0,-5511.0,0.0,included,os1_rev7_128ch20hz1024res_rtx
1561,001561,curated_forward_approach,apollo14_cone_crater_blocks_forward_02,220,808183375483,scans/001561.npy,poses/001561.npy,transforms/001561.npz,global_dem,845.2072371649019,-5515.08648003056,21.780626371536343,-0.045718026435241095,-0.06813627302993482,-0.23971123227102017,0.9673705781548071,645.0,-5511.0,0.0,included,os1_rev7_128ch20hz1024res_rtx
1562,001562,curated_forward_approach,apollo14_cone_crater_blocks_forward_02,221,811516708990,scans/001562.npy,poses/001562.npy,transforms/001562.npz,global_dem,845.9396301601976,-5515.793172131157,21.952946716858218,-0.036566261328686886,-0.06831432078905325,-0.42325530892436136,0.9026909801116415,645.0,-5511.0,0.0,included,os1_rev7_128ch20hz1024res_rtx
1563,001563,curated_forward_approach,apollo14_cone_crater_blocks_forward_02,222,814616709152,scans/001563.npy,poses/001563.npy,transforms/001563.npz,global_dem,846.5853583033013,-5516.55884781989,22.103517792367327,-0.035383404889277194,-0.069448094368056,-0.4078094050589739,0.9097342831797276,645.0,-5511.0,0.0,included,os1_rev7_128ch20hz1024res_rtx
1564,001564,curated_forward_approach,apollo14_cone_crater_blocks_forward_02,223,817700042646,scans/001564.npy,poses/001564.npy,transforms/001564.npz,global_dem,847.2520198336991,-5517.282689161369,22.26154870151238,-0.028011638795460755,-0.08719672133165568,-0.3819852244420626,0.9196191430091858,645.0,-5511.0,0.0,included,os1_rev7_128ch20hz1024res_rtx
1565,001565,curated_forward_approach,apollo14_cone_crater_blocks_forward_02,224,820833376143,scans/001565.npy,poses/001565.npy,transforms/001565.npz,global_dem,847.9593694421075,-5517.986515765751,22.45044015897217,-0.023988173556241353,-0.09807116841624886,-0.3761265516955368,0.9210512638092041,645.0,-5511.0,0.0,included,os1_rev7_128ch20hz1024res_rtx
1566,001566,curated_forward_approach,apollo14_cone_crater_blocks_forward_02,225,823950042972,scans/001566.npy,poses/001566.npy,transforms/001566.npz,global_dem,848.6768733034485,-5518.692335657273,22.642309408491442,-0.021791677742342988,-0.09117675997162997,-0.3761104166239525,0.9218204140336699,645.0,-5511.0,0.0,included,os1_rev7_128ch20hz1024res_rtx
1567,001567,curated_forward_approach,apollo14_cone_crater_blocks_forward_02,226,827066709801,scans/001567.npy,poses/001567.npy,transforms/001567.npz,global_dem,849.4009702420402,-5519.40369991094,22.816047771068597,-0.024156287111698153,-0.08189566176451209,-0.38213669239029247,0.9201527713951292,645.0,-5511.0,0.0,included,os1_rev7_128ch20hz1024res_rtx
1568,001568,curated_forward_approach,apollo14_cone_crater_blocks_forward_02,227,830183376630,scans/001568.npy,poses/001568.npy,transforms/001568.npz,global_dem,850.0761680098121,-5520.09666590572,22.982890328477865,-0.03114807677964032,-0.1118130509901162,-0.38265571778394986,0.9165709141078292,645.0,-5511.0,0.0,included,os1_rev7_128ch20hz1024res_rtx
1569,001569,curated_forward_approach,apollo14_cone_crater_blocks_forward_02,228,833283376792,scans/001569.npy,poses/001569.npy,transforms/001569.npz,global_dem,850.7996544696582,-5520.824973004685,23.151991903984534,-0.01740590692279891,-0.07778667783278688,-0.37599812967439744,0.9231856116931677,645.0,-5511.0,0.0,included,os1_rev7_128ch20hz1024res_rtx
1570,001570,curated_forward_approach,apollo14_cone_crater_blocks_forward_02,229,836483376959,scans/001570.npy,poses/001570.npy,transforms/001570.npz,global_dem,851.5311285440466,-5521.449632382244,23.276492365701653,-0.08561577698678202,-0.11300221129772337,-0.3854714483653719,0.9117632376159267,645.0,-5511.0,0.0,included,os1_rev7_128ch20hz1024res_rtx
1571,001571,curated_forward_approach,apollo14_cone_crater_blocks_forward_02,230,839450043780,scans/001571.npy,poses/001571.npy,transforms/001571.npz,global_dem,852.2415249866464,-5522.256992546684,23.384633168385722,0.002925974954412561,-0.047584420020961235,-0.3838511543480964,0.922163463246874,645.0,-5511.0,0.0,included,os1_rev7_128ch20hz1024res_rtx
1572,001572,curated_forward_approach,apollo14_cone_crater_blocks_forward_02,231,842616710612,scans/001572.npy,poses/001572.npy,transforms/001572.npz,global_dem,852.9456351420804,-5522.953106399508,23.48831905985428,-0.014539081307515689,-0.07277273125138543,-0.388484583931164,0.9184620148644023,645.0,-5511.0,0.0,included,os1_rev7_128ch20hz1024res_rtx
1573,001573,curated_forward_approach,apollo14_cone_crater_blocks_forward_02,232,845766710776,scans/001573.npy,poses/001573.npy,transforms/001573.npz,global_dem,853.6702418760224,-5523.70235992366,23.604766526167534,-0.0065417739933820085,-0.0632255107952373,-0.3825305587358137,0.9217538237571716,645.0,-5511.0,0.0,included,os1_rev7_128ch20hz1024res_rtx
1574,001574,curated_forward_approach,apollo14_cone_crater_blocks_forward_02,233,848866710938,scans/001574.npy,poses/001574.npy,transforms/001574.npz,global_dem,854.3780208183839,-5524.416690170663,23.732293014712262,-0.00455819103330276,-0.07194069173342618,-0.3792426907525538,0.9224850900031842,645.0,-5511.0,0.0,included,os1_rev7_128ch20hz1024res_rtx
1575,001575,curated_forward_approach,apollo14_cone_crater_blocks_forward_02,234,851950044432,scans/001575.npy,poses/001575.npy,transforms/001575.npz,global_dem,855.0909132109617,-5525.128129320308,23.860204351349115,-0.0005946570107574761,-0.0717793893807842,-0.37691396617240014,0.9234626293182373,645.0,-5511.0,0.0,included,os1_rev7_128ch20hz1024res_rtx
1576,001576,curated_forward_approach,apollo14_cone_crater_blocks_forward_02,235,855116711264,scans/001576.npy,poses/001576.npy,transforms/001576.npz,global_dem,855.8103666546792,-5525.847842500789,23.998590499949124,-0.001324533988891314,-0.08449831257879319,-0.37936994528772855,0.9213776236665587,645.0,-5511.0,0.0,included,os1_rev7_128ch20hz1024res_rtx
1577,001577,curated_forward_approach,apollo14_cone_crater_blocks_forward_02,236,858300044763,scans/001577.npy,poses/001577.npy,transforms/001577.npz,global_dem,856.5120980737631,-5526.559605472132,24.17243008712721,-0.009302995251431053,-0.1082748823474974,-0.37561179000102757,0.9203835001477435,645.0,-5511.0,0.0,included,os1_rev7_128ch20hz1024res_rtx
1578,001578,curated_forward_approach,apollo14_cone_crater_blocks_forward_02,237,861466711595,scans/001578.npy,poses/001578.npy,transforms/001578.npz,global_dem,857.2431334869498,-5527.263252013243,24.373542868078903,-0.025421535258837825,-0.09815487779183898,-0.3729741386411479,0.9222850196200991,645.0,-5511.0,0.0,included,os1_rev7_128ch20hz1024res_rtx
1579,001579,curated_forward_approach,apollo14_cone_crater_blocks_forward_02,238,864666711762,scans/001579.npy,poses/001579.npy,transforms/001579.npz,global_dem,857.9752001349975,-5527.969333252678,24.568879963287465,-0.034487575002814345,-0.0856392757953386,-0.37806282036503336,0.9211650370423922,645.0,-5511.0,0.0,included,os1_rev7_128ch20hz1024res_rtx
1580,001580,curated_forward_approach,apollo14_cone_crater_blocks_forward_02,239,871083378763,scans/001580.npy,poses/001580.npy,transforms/001580.npz,global_dem,858.6640319695571,-5528.668291701793,24.749861098360228,-0.031602048921469825,-0.09742239173730437,-0.38315940324885756,0.9179864159093682,645.0,-5511.0,0.0,included,os1_rev7_128ch20hz1024res_rtx
1581,001581,curated_forward_approach,apollo14_cone_crater_blocks_forward_02,240,874933378964,scans/001581.npy,poses/001581.npy,transforms/001581.npz,global_dem,858.9809212286367,-5529.598942989644,24.907053978753318,0.01607956698099151,-0.09870664747236273,-0.6688347412280501,0.7366536052968707,645.0,-5511.0,0.0,included,os1_rev7_128ch20hz1024res_rtx
1582,001582,curated_forward_approach,apollo14_cone_crater_blocks_forward_02,241,881283379295,scans/001582.npy,poses/001582.npy,transforms/001582.npz,global_dem,858.9459836882357,-5530.59458744694,25.010352908040474,0.025946792829653054,-0.0995461236357311,-0.7357110232135613,0.6694375426677306,645.0,-5511.0,0.0,included,os1_rev7_128ch20hz1024res_rtx
1583,001583,curated_forward_approach,apollo14_cone_crater_blocks_forward_02,242,884750046143,scans/001583.npy,poses/001583.npy,transforms/001583.npz,global_dem,858.4866302028772,-5531.4885247603415,25.02845191359117,-0.04345322706066133,0.07708410003063924,0.9031426059921062,-0.42012294845945786,645.0,-5511.0,0.0,included,os1_rev7_128ch20hz1024res_rtx
1584,001584,curated_forward_approach,apollo14_cone_crater_blocks_forward_02,243,888100046318,scans/001584.npy,poses/001584.npy,transforms/001584.npz,global_dem,857.7686156006791,-5532.203465987,24.98876780815296,-0.05541136279055157,0.05982026282920281,0.9286816827021885,-0.36180305311339017,645.0,-5511.0,0.0,included,os1_rev7_128ch20hz1024res_rtx
1585,001585,curated_forward_approach,apollo14_cone_crater_blocks_forward_02,244,894166713301,scans/001585.npy,poses/001585.npy,transforms/001585.npz,global_dem,857.0369199218751,-5532.913705708936,24.948754345301474,-0.03407786368177483,0.05348356686275127,0.9056934301379451,-0.4191629968013484,645.0,-5511.0,0.0,included,os1_rev7_128ch20hz1024res_rtx
1586,001586,curated_forward_approach,apollo14_cone_crater_blocks_forward_02,245,898483380192,scans/001586.npy,poses/001586.npy,transforms/001586.npz,global_dem,856.7299812006663,-5533.884977377471,24.980641291399017,0.0040057519723773576,-0.051985069255009175,-0.6794531829747895,0.7318639755249023,645.0,-5511.0,0.0,included,os1_rev7_128ch20hz1024res_rtx
1587,001587,curated_forward_approach,apollo14_cone_crater_blocks_forward_02,246,901566713687,scans/001587.npy,poses/001587.npy,transforms/001587.npz,global_dem,856.8626252664972,-5534.911422091423,25.03979145199919,0.027629634531348472,-0.044055421011664875,-0.6469600070211594,0.7607486263479748,645.0,-5511.0,0.0,included,os1_rev7_128ch20hz1024res_rtx
1588,001588,curated_forward_approach,apollo14_cone_crater_blocks_forward_02,247,905016713866,scans/001588.npy,poses/001588.npy,transforms/001588.npz,global_dem,856.9357342091392,-5535.928642747104,25.04264232080619,0.052791506548722215,-0.039518265511438014,-0.6820535164308337,0.728322980724636,645.0,-5511.0,0.0,included,os1_rev7_128ch20hz1024res_rtx
1589,001589,curated_forward_approach,apollo14_cone_crater_blocks_forward_02,248,914950047718,scans/001589.npy,poses/001589.npy,transforms/001589.npz,global_dem,856.6585744896522,-5536.9009577458055,24.972939853964235,-0.05667111774788201,0.014648092270015695,0.9233153654646095,-0.37955573201179515,645.0,-5511.0,0.0,included,os1_rev7_128ch20hz1024res_rtx
1590,001590,curated_forward_approach,apollo14_cone_crater_blocks_forward_02,249,922266714766,scans/001590.npy,poses/001590.npy,transforms/001590.npz,global_dem,855.785234249897,-5537.392184080715,24.846492835166806,-0.05609124415963393,-0.02818169855953014,0.9888112400646604,-0.13532145327594083,645.0,-5511.0,0.0,included,os1_rev7_128ch20hz1024res_rtx
1591,001591,curated_forward_approach,apollo14_cone_crater_blocks_forward_02,250,940600049056,scans/001591.npy,poses/001591.npy,transforms/001591.npz,global_dem,854.740713167118,-5537.510360269062,24.692827089422074,-0.05237907225615731,-0.07701322516267821,0.9350953199169114,0.34193879365921015,645.0,-5511.0,0.0,included,os1_rev7_128ch20hz1024res_rtx
1592,001592,curated_forward_approach,apollo14_cone_crater_blocks_forward_02,251,959316716698,scans/001592.npy,poses/001592.npy,transforms/001592.npz,global_dem,854.2234913438513,-5538.1802959833,24.581819594861432,0.04445150497083141,-0.005614885985045147,-0.5689434243914862,0.8211552329510495,645.0,-5511.0,0.0,included,os1_rev7_128ch20hz1024res_rtx
1593,001593,curated_forward_approach,apollo14_cone_crater_blocks_forward_02,252,962383383525,scans/001593.npy,poses/001593.npy,transforms/001593.npz,global_dem,854.6638579612129,-5539.075610544716,24.527346350652344,0.04138186582450905,-0.013061200380976001,-0.5285630402975897,0.8477842052414393,645.0,-5511.0,0.0,included,os1_rev7_128ch20hz1024res_rtx
1594,001594,curated_forward_approach,apollo14_cone_crater_blocks_forward_02,253,966050050383,scans/001594.npy,poses/001594.npy,transforms/001594.npz,global_dem,854.9146775041875,-5540.049380571453,24.453467779502297,0.07631541045211893,-0.022407856994368078,-0.6473684697232057,0.7580157719207955,645.0,-5511.0,0.0,included,os1_rev7_128ch20hz1024res_rtx
1595,001595,curated_outer_to_rim,apollo14_outer_to_rim_observation,0,7016667032,scans/001595.npy,poses/001595.npy,transforms/001595.npz,global_dem,712.7918582977619,-5346.996789386893,-0.10602875919084426,-0.0036170081167861226,-0.055354588936773794,0.001960385507890302,0.9984582833672043,713.0,-5347.0,0.0,included,os1_rev7_128ch20hz1024res_rtx
1596,001596,curated_outer_to_rim,apollo14_outer_to_rim_observation,1,13866667389,scans/001596.npy,poses/001596.npy,transforms/001596.npz,global_dem,713.7938315994577,-5347.126591688706,0.005310918364795358,0.005815868451496984,-0.05001105039239168,-0.1530310039814581,0.9869379830228602,713.0,-5347.0,0.0,included,os1_rev7_128ch20hz1024res_rtx
1597,001597,curated_outer_to_rim,apollo14_outer_to_rim_observation,2,16350000852,scans/001597.npy,poses/001597.npy,transforms/001597.npz,global_dem,714.6929520253587,-5347.602656164821,0.10060981470858604,0.00994547920877651,-0.051132017679970804,-0.30356934336847113,0.9513843902325275,713.0,-5347.0,0.0,included,os1_rev7_128ch20hz1024res_rtx
1598,001598,curated_outer_to_rim,apollo14_outer_to_rim_observation,3,18550000967,scans/001598.npy,poses/001598.npy,transforms/001598.npz,global_dem,715.4324174549197,-5348.282932352462,0.1898410777683835,0.008465014885677663,-0.05321142913274281,-0.38094204163299317,0.9230276530251535,713.0,-5347.0,0.0,included,os1_rev7_128ch20hz1024res_rtx
1599,001599,curated_outer_to_rim,apollo14_outer_to_rim_observation,4,20633334409,scans/001599.npy,poses/001599.npy,transforms/001599.npz,global_dem,716.1035503033378,-5349.024423682885,0.2801921655081544,0.009541850113195003,-0.053814051324113134,-0.41496851864505,0.9081927821283519,713.0,-5347.0,0.0,included,os1_rev7_128ch20hz1024res_rtx
1600,001600,curated_outer_to_rim,apollo14_outer_to_rim_observation,5,22733334518,scans/001600.npy,poses/001600.npy,transforms/001600.npz,global_dem,716.7608534451173,-5349.809981646831,0.3700208723746387,0.007904648383873444,-0.0547015637055177,-0.4250221951455303,0.9034939895183439,713.0,-5347.0,0.0,included,os1_rev7_128ch20hz1024res_rtx
1601,001601,curated_outer_to_rim,apollo14_outer_to_rim_observation,6,24833334628,scans/001601.npy,poses/001601.npy,transforms/001601.npz,global_dem,717.4146628654782,-5350.6033119671265,0.4639811203107521,0.009220267973347095,-0.05567598783190033,-0.41568623489006606,0.9077555426216701,713.0,-5347.0,0.0,included,os1_rev7_128ch20hz1024res_rtx
1602,001602,curated_outer_to_rim,apollo14_outer_to_rim_observation,7,26933334738,scans/001602.npy,poses/001602.npy,transforms/001602.npz,global_dem,718.0904163985043,-5351.363582231471,0.5564118241800204,0.004951850879386473,-0.05936824143824118,-0.39350232693079407,0.9173913067941344,713.0,-5347.0,0.0,included,os1_rev7_128ch20hz1024res_rtx
1603,001603,curated_outer_to_rim,apollo14_outer_to_rim_observation,8,29050001515,scans/001603.npy,poses/001603.npy,transforms/001603.npz,global_dem,718.8218581749992,-5352.103121343623,0.650909365282879,0.01012960085145497,-0.05754059844821872,-0.3707737908139439,0.9268836317263721,713.0,-5347.0,0.0,included,os1_rev7_128ch20hz1024res_rtx
1604,001604,curated_outer_to_rim,apollo14_outer_to_rim_observation,9,31150001624,scans/001604.npy,poses/001604.npy,transforms/001604.npz,global_dem,719.5682768663771,-5352.795658595586,0.7519843199457752,0.01051652623691342,-0.06392721605761546,-0.35555169074578513,0.9324085525834932,713.0,-5347.0,0.0,included,os1_rev7_128ch20hz1024res_rtx
1605,001605,curated_outer_to_rim,apollo14_outer_to_rim_observation,10,33266668401,scans/001605.npy,poses/001605.npy,transforms/001605.npz,global_dem,720.3463769093493,-5353.477145304169,0.8615678222367844,0.014967422792102666,-0.06432918094097811,-0.33937744349307175,0.9383286650116431,713.0,-5347.0,0.0,included,os1_rev7_128ch20hz1024res_rtx
1606,001606,curated_outer_to_rim,apollo14_outer_to_rim_observation,11,35383335178,scans/001606.npy,poses/001606.npy,transforms/001606.npz,global_dem,721.1242468613684,-5354.141175691679,0.9779311345987791,0.014017877179375724,-0.07073074482403055,-0.32753476248322577,0.9420836694376348,713.0,-5347.0,0.0,included,os1_rev7_128ch20hz1024res_rtx
1607,001607,curated_outer_to_rim,apollo14_outer_to_rim_observation,12,37500001955,scans/001607.npy,poses/001607.npy,transforms/001607.npz,global_dem,721.9333296622412,-5354.78454964882,1.100934407026579,0.011023329737583762,-0.06882233604064521,-0.3245216684831811,0.9433067682086763,713.0,-5347.0,0.0,included,os1_rev7_128ch20hz1024res_rtx
1608,001608,curated_outer_to_rim,apollo14_outer_to_rim_observation,13,39616668732,scans/001608.npy,poses/001608.npy,transforms/001608.npz,global_dem,722.7336389906873,-5355.429180182792,1.2304023239507949,0.004425876576813922,-0.06772126558284458,-0.3333081613178883,0.94037221960417,713.0,-5347.0,0.0,included,os1_rev7_128ch20hz1024res_rtx
1609,001609,curated_outer_to_rim,apollo14_outer_to_rim_observation,14,41733335509,scans/001609.npy,poses/001609.npy,transforms/001609.npz,global_dem,723.5177032452672,-5356.097256230812,1.3680201072214178,0.010906490436183962,-0.0709133751046494,-0.336201549231388,0.9390531720792211,713.0,-5347.0,0.0,included,os1_rev7_128ch20hz1024res_rtx
1610,001610,curated_outer_to_rim,apollo14_outer_to_rim_observation,15,43850002286,scans/001610.npy,poses/001610.npy,transforms/001610.npz,global_dem,724.2973603066537,-5356.759243865432,1.5046094521908273,0.013676813938679703,-0.0741335849359699,-0.32990115090075656,0.9410007369706914,713.0,-5347.0,0.0,included,os1_rev7_128ch20hz1024res_rtx
1611,001611,curated_outer_to_rim,apollo14_outer_to_rim_observation,16,45966669064,scans/001611.npy,poses/001611.npy,transforms/001611.npz,global_dem,725.0839859950771,-5357.378788123504,1.629417638088601,0.0010135531535271608,-0.06638966704632288,-0.3485014822200542,0.9349535291713212,713.0,-5347.0,0.0,included,os1_rev7_128ch20hz1024res_rtx
1612,001612,curated_outer_to_rim,apollo14_outer_to_rim_observation,17,48083335841,scans/001612.npy,poses/001612.npy,transforms/001612.npz,global_dem,725.8619648674825,-5358.07224498227,1.7491714826678186,0.006488881081148194,-0.060736717386304935,-0.34858301220845506,0.935285426585452,713.0,-5347.0,0.0,included,os1_rev7_128ch20hz1024res_rtx
1613,001613,curated_outer_to_rim,apollo14_outer_to_rim_observation,18,50883335987,scans/001613.npy,poses/001613.npy,transforms/001613.npz,global_dem,726.6350260019241,-5358.737845263991,1.861262637203825,0.0034385941806220678,-0.07024630944283142,-0.3373899712521811,0.9387340621167294,713.0,-5347.0,0.0,included,os1_rev7_128ch20hz1024res_rtx
1614,001614,curated_outer_to_rim,apollo14_outer_to_rim_observation,19,53000002764,scans/001614.npy,poses/001614.npy,transforms/001614.npz,global_dem,727.4497655172053,-5359.353423127991,1.9707847322042622,0.006283918694523741,-0.059658162120282215,-0.29570395529864635,0.9533942452516728,713.0,-5347.0,0.0,included,os1_rev7_128ch20hz1024res_rtx
1615,001615,curated_outer_to_rim,apollo14_outer_to_rim_observation,20,55116669541,scans/001615.npy,poses/001615.npy,transforms/001615.npz,global_dem,728.3097993421565,-5359.885840257844,2.0899554738413166,0.0047810738714605845,-0.0631158587378649,-0.25174587746680405,0.9657212552734284,713.0,-5347.0,0.0,included,os1_rev7_128ch20hz1024res_rtx
1616,001616,curated_outer_to_rim,apollo14_outer_to_rim_observation,21,57216669650,scans/001616.npy,poses/001616.npy,transforms/001616.npz,global_dem,729.2029359147618,-5360.351875572224,2.2150369714750457,0.0014613840467603667,-0.07167348438893441,-0.22215972868708803,0.9723712413177883,713.0,-5347.0,0.0,included,os1_rev7_128ch20hz1024res_rtx
1617,001617,curated_outer_to_rim,apollo14_outer_to_rim_observation,22,59350003095,scans/001617.npy,poses/001617.npy,transforms/001617.npz,global_dem,730.1330960766875,-5360.7822077441515,2.358745203812993,0.0015441476603726017,-0.0760929380986094,-0.20556130441777545,0.9756802911331083,713.0,-5347.0,0.0,included,os1_rev7_128ch20hz1024res_rtx
1618,001618,curated_outer_to_rim,apollo14_outer_to_rim_observation,23,61466669872,scans/001618.npy,poses/001618.npy,transforms/001618.npz,global_dem,731.0603327952318,-5361.1922053472945,2.5141923455164137,0.0026087303074484934,-0.08740578527061253,-0.20249079243330217,0.9753721865047946,713.0,-5347.0,0.0,included,os1_rev7_128ch20hz1024res_rtx
1619,001619,curated_outer_to_rim,apollo14_outer_to_rim_observation,24,63600003316,scans/001619.npy,poses/001619.npy,transforms/001619.npz,global_dem,731.938144494338,-5361.6329993101945,2.7005574730188733,0.027325105611565287,-0.10130869049294698,-0.1685643583184399,0.9800897637148415,713.0,-5347.0,0.0,included,os1_rev7_128ch20hz1024res_rtx
1620,001620,curated_outer_to_rim,apollo14_outer_to_rim_observation,25,65733336761,scans/001620.npy,poses/001620.npy,transforms/001620.npz,global_dem,732.8542149647712,-5361.955354033307,2.8830513096659702,-0.004977024056262377,-0.1238345961209934,-0.17994955941787383,0.9758372702968497,713.0,-5347.0,0.0,included,os1_rev7_128ch20hz1024res_rtx
1621,001621,curated_outer_to_rim,apollo14_outer_to_rim_observation,26,67883336873,scans/001621.npy,poses/001621.npy,transforms/001621.npz,global_dem,733.7752682480852,-5362.341162193716,3.1023204255666537,-0.004310777617845919,-0.1321140190006321,-0.20062785750010387,0.9707088986790778,713.0,-5347.0,0.0,included,os1_rev7_128ch20hz1024res_rtx
1622,001622,curated_outer_to_rim,apollo14_outer_to_rim_observation,27,69950003648,scans/001622.npy,poses/001622.npy,transforms/001622.npz,global_dem,734.6764114761617,-5362.754842631706,3.326645361196127,-0.006352479820236553,-0.11272708139489472,-0.23380275021350874,0.9657062312695937,713.0,-5347.0,0.0,included,os1_rev7_128ch20hz1024res_rtx
1623,001623,curated_outer_to_rim,apollo14_outer_to_rim_observation,28,72116670427,scans/001623.npy,poses/001623.npy,transforms/001623.npz,global_dem,735.5684026155095,-5363.242672924658,3.550567315865646,0.001765639264393084,-0.11215087012233758,-0.227539127616469,0.9672874496509953,713.0,-5347.0,0.0,included,os1_rev7_128ch20hz1024res_rtx
1624,001624,curated_outer_to_rim,apollo14_outer_to_rim_observation,29,74200003869,scans/001624.npy,poses/001624.npy,transforms/001624.npz,global_dem,736.444759836877,-5363.692864021196,3.7676037450881914,-0.0018873582585949272,-0.1184649174735716,-0.23322253574886612,0.9651786104269263,713.0,-5347.0,0.0,included,os1_rev7_128ch20hz1024res_rtx
1625,001625,curated_outer_to_rim,apollo14_outer_to_rim_observation,30,76283337311,scans/001625.npy,poses/001625.npy,transforms/001625.npz,global_dem,737.3275146826841,-5364.157419638635,3.974951243914123,-0.0012225481023741909,-0.10905941070233412,-0.23474869229301065,0.9659180098642527,713.0,-5347.0,0.0,included,os1_rev7_128ch20hz1024res_rtx
1626,001626,curated_outer_to_rim,apollo14_outer_to_rim_observation,31,78466670759,scans/001626.npy,poses/001626.npy,transforms/001626.npz,global_dem,738.2148403744931,-5364.609934337061,4.167129578001378,0.0015332163933338405,-0.09853012316069398,-0.24300454743788938,0.9650068673340808,713.0,-5347.0,0.0,included,os1_rev7_128ch20hz1024res_rtx
1627,001627,curated_outer_to_rim,apollo14_outer_to_rim_observation,32,81316670907,scans/001627.npy,poses/001627.npy,transforms/001627.npz,global_dem,739.1253426710274,-5365.038470397974,4.360703406050134,-0.007738090354009502,-0.09808644272221648,-0.16871100916578105,0.9807424570691524,713.0,-5347.0,0.0,included,os1_rev7_128ch20hz1024res_rtx
1628,001628,curated_outer_to_rim,apollo14_outer_to_rim_observation,33,83566671025,scans/001628.npy,poses/001628.npy,transforms/001628.npz,global_dem,740.1151233801945,-5365.2548649118435,4.549477643707307,-0.02082254801465913,-0.08630196011605747,-0.07074124312348318,0.9935361441314795,713.0,-5347.0,0.0,included,os1_rev7_128ch20hz1024res_rtx
1629,001629,curated_outer_to_rim,apollo14_outer_to_rim_observation,34,85716671137,scans/001629.npy,poses/001629.npy,transforms/001629.npz,global_dem,741.1185968978756,-5365.306712107537,4.7190220419837425,-0.029373949744617316,-0.08107057769922825,-0.008923218145212618,0.9962354684941944,713.0,-5347.0,0.0,included,os1_rev7_128ch20hz1024res_rtx
1630,001630,curated_outer_to_rim,apollo14_outer_to_rim_observation,35,87866671249,scans/001630.npy,poses/001630.npy,transforms/001630.npz,global_dem,742.1172442183529,-5365.308701509465,4.893257319785889,-0.0035474673719845906,-0.08482108704934768,0.030328856627660366,0.9959281897419465,713.0,-5347.0,0.0,included,os1_rev7_128ch20hz1024res_rtx
1631,001631,curated_outer_to_rim,apollo14_outer_to_rim_observation,36,89933338023,scans/001631.npy,poses/001631.npy,transforms/001631.npz,global_dem,743.1218814900557,-5365.183791478539,5.002920519244562,-0.03486695461891189,-0.0659269452166143,0.05393916915536755,0.9957552407097022,713.0,-5347.0,0.0,included,os1_rev7_128ch20hz1024res_rtx
1632,001632,curated_outer_to_rim,apollo14_outer_to_rim_observation,37,92000004798,scans/001632.npy,poses/001632.npy,transforms/001632.npz,global_dem,744.1166918087013,-5365.0591380659835,5.119357979092596,-0.03486749651025911,-0.05950191888255891,0.05648907401108231,0.9960184555788969,713.0,-5347.0,0.0,included,os1_rev7_128ch20hz1024res_rtx
1633,001633,curated_outer_to_rim,apollo14_outer_to_rim_observation,38,94150004910,scans/001633.npy,poses/001633.npy,transforms/001633.npz,global_dem,745.1357601892981,-5364.952461002551,5.242445265839268,-0.02965892194872874,-0.06546958974168139,0.018644226353674104,0.9972394266130717,713.0,-5347.0,0.0,included,os1_rev7_128ch20hz1024res_rtx
1634,001634,curated_outer_to_rim,apollo14_outer_to_rim_observation,39,96250005019,scans/001634.npy,poses/001634.npy,transforms/001634.npz,global_dem,746.1419675560333,-5364.9232979832805,5.374405964431472,-0.027826163809202473,-0.06712495581202677,0.010309170858441958,0.9973031965812144,713.0,-5347.0,0.0,included,os1_rev7_128ch20hz1024res_rtx
1635,001635,curated_outer_to_rim,apollo14_outer_to_rim_observation,40,98416671799,scans/001635.npy,poses/001635.npy,transforms/001635.npz,global_dem,747.1833991662489,-5364.901158870682,5.51560157523002,-0.02046477852833856,-0.06855251746610706,-0.006821754342999806,0.9974142614062268,713.0,-5347.0,0.0,included,os1_rev7_128ch20hz1024res_rtx
1636,001636,curated_outer_to_rim,apollo14_outer_to_rim_observation,41,100483338573,scans/001636.npy,poses/001636.npy,transforms/001636.npz,global_dem,748.196434824955,-5364.9072691537785,5.644009698050274,-0.02451177730884103,-0.06322375553475691,-0.009240950267513126,0.9976555188778321,713.0,-5347.0,0.0,included,os1_rev7_128ch20hz1024res_rtx
1637,001637,curated_outer_to_rim,apollo14_outer_to_rim_observation,42,102550005348,scans/001637.npy,poses/001637.npy,transforms/001637.npz,global_dem,749.2010570154407,-5364.9278080170025,5.770347423328256,-0.023205853257586454,-0.05921122186300706,-0.008970604901873748,0.9979353926120527,713.0,-5347.0,0.0,included,os1_rev7_128ch20hz1024res_rtx
1638,001638,curated_outer_to_rim,apollo14_outer_to_rim_observation,43,104700005460,scans/001638.npy,poses/001638.npy,transforms/001638.npz,global_dem,750.2366704011768,-5364.943152632257,5.898736688595695,-0.023468766166704597,-0.05940346790565841,0.0012173191680353221,0.9979573954580612,713.0,-5347.0,0.0,included,os1_rev7_128ch20hz1024res_rtx
1639,001639,curated_outer_to_rim,apollo14_outer_to_rim_observation,44,106866672240,scans/001639.npy,poses/001639.npy,transforms/001639.npz,global_dem,751.2378158725589,-5364.956729414875,6.031266625907934,-0.019705465542141015,-0.09405242463707271,0.00899279791296211,0.995331585770969,713.0,-5347.0,0.0,included,os1_rev7_128ch20hz1024res_rtx
1640,001640,curated_outer_to_rim,apollo14_outer_to_rim_observation,45,108916672347,scans/001640.npy,poses/001640.npy,transforms/001640.npz,global_dem,752.2576625382274,-5364.936853216271,6.1648570520922625,-0.020851358502199564,-0.07191893083693705,9.482671085629356e-05,0.9971924985898056,713.0,-5347.0,0.0,included,os1_rev7_128ch20hz1024res_rtx
1641,001641,curated_outer_to_rim,apollo14_outer_to_rim_observation,46,110966672454,scans/001641.npy,poses/001641.npy,transforms/001641.npz,global_dem,753.2496977186329,-5364.924116666293,6.310348138861569,-0.03037883600126674,-0.07167752901049297,-0.006179523798310199,0.9969459722792325,713.0,-5347.0,0.0,included,os1_rev7_128ch20hz1024res_rtx
1642,001642,curated_outer_to_rim,apollo14_outer_to_rim_observation,47,113033339228,scans/001642.npy,poses/001642.npy,transforms/001642.npz,global_dem,754.2329572801766,-5364.953534432054,6.460517807428103,-0.01173270973055895,-0.07860476023736648,-0.006232855210326744,0.9968173286547198,713.0,-5347.0,0.0,included,os1_rev7_128ch20hz1024res_rtx
1643,001643,curated_outer_to_rim,apollo14_outer_to_rim_observation,48,115166672673,scans/001643.npy,poses/001643.npy,transforms/001643.npz,global_dem,755.2505463775105,-5364.946984099667,6.6084638900642245,-0.023807393847356518,-0.08398586309945817,0.00045771376267666016,0.9961823996115107,713.0,-5347.0,0.0,included,os1_rev7_128ch20hz1024res_rtx
1644,001644,curated_outer_to_rim,apollo14_outer_to_rim_observation,49,117216672779,scans/001644.npy,poses/001644.npy,transforms/001644.npz,global_dem,756.2545999803016,-5364.934638082087,6.756274512040247,-0.030500293929713075,-0.0746314723058914,-0.009992294325987512,0.9966945517387756,713.0,-5347.0,0.0,included,os1_rev7_128ch20hz1024res_rtx
1645,001645,curated_outer_to_rim,apollo14_outer_to_rim_observation,50,119366672892,scans/001645.npy,poses/001645.npy,transforms/001645.npz,global_dem,757.2558051852968,-5364.931401385263,6.908443763054425,-0.03494913855756996,-0.07611482350453211,0.005308649620140414,0.9964722322253482,713.0,-5347.0,0.0,included,os1_rev7_128ch20hz1024res_rtx
1646,001646,curated_outer_to_rim,apollo14_outer_to_rim_observation,51,121516673004,scans/001646.npy,poses/001646.npy,transforms/001646.npz,global_dem,758.2876472177899,-5364.900932988084,7.067205310280121,-0.036411520022767374,-0.07746830283615919,-0.0115059273184541,0.996263256826156,713.0,-5347.0,0.0,included,os1_rev7_128ch20hz1024res_rtx
1647,001647,curated_outer_to_rim,apollo14_outer_to_rim_observation,52,123566673111,scans/001647.npy,poses/001647.npy,transforms/001647.npz,global_dem,759.2819582168066,-5364.910765645638,7.223018428586881,-0.03941787261509684,-0.07505098377761535,-0.014296688597611901,0.996297739557636,713.0,-5347.0,0.0,included,os1_rev7_128ch20hz1024res_rtx
1648,001648,curated_outer_to_rim,apollo14_outer_to_rim_observation,53,125716673223,scans/001648.npy,poses/001648.npy,transforms/001648.npz,global_dem,760.3094407074141,-5364.926389669355,7.385877790602917,-0.0344237308997563,-0.0842825448227988,-0.013165103632781889,0.9957600812622849,713.0,-5347.0,0.0,included,os1_rev7_128ch20hz1024res_rtx
1649,001649,curated_outer_to_rim,apollo14_outer_to_rim_observation,54,127866673335,scans/001649.npy,poses/001649.npy,transforms/001649.npz,global_dem,761.2821658078332,-5364.908967800914,7.581621269279468,-0.05377883529447101,-0.12529075988285635,-0.006352671765459963,0.9906410580648205,713.0,-5347.0,0.0,included,os1_rev7_128ch20hz1024res_rtx
1650,001650,curated_outer_to_rim,apollo14_outer_to_rim_observation,55,130250006793,scans/001650.npy,poses/001650.npy,transforms/001650.npz,global_dem,762.2769431622023,-5364.914523860142,7.806277710976563,-0.05077968208373306,-0.11040994090449502,-0.024686705884600087,0.9922810264181757,713.0,-5347.0,0.0,included,os1_rev7_128ch20hz1024res_rtx
1651,001651,curated_outer_to_rim,apollo14_outer_to_rim_observation,56,132800006926,scans/001651.npy,poses/001651.npy,transforms/001651.npz,global_dem,763.3069030503509,-5364.92050904937,7.996678503871884,-0.05691801376553686,-0.0825787080106816,-0.0415955023624978,0.9940879794442161,713.0,-5347.0,0.0,included,os1_rev7_128ch20hz1024res_rtx
1652,001652,curated_outer_to_rim,apollo14_outer_to_rim_observation,57,135166673716,scans/001652.npy,poses/001652.npy,transforms/001652.npz,global_dem,764.2830677589321,-5364.958787076056,8.159705033719403,-0.05045475637426212,-0.09403771552178737,-0.016571660024561567,0.9941511986125087,713.0,-5347.0,0.0,included,os1_rev7_128ch20hz1024res_rtx
1653,001653,curated_outer_to_rim,apollo14_outer_to_rim_observation,58,137733340516,scans/001653.npy,poses/001653.npy,transforms/001653.npz,global_dem,765.2770001706107,-5364.9639041481105,8.350762427505563,-0.034870636210662644,-0.13050716880859486,-0.0022605489956755835,0.9908313718984006,713.0,-5347.0,0.0,included,os1_rev7_128ch20hz1024res_rtx
1654,001654,curated_outer_to_rim,apollo14_outer_to_rim_observation,59,140116673974,scans/001654.npy,poses/001654.npy,transforms/001654.npz,global_dem,766.2626363315783,-5364.956029247241,8.565532516758777,-0.026679309443281115,-0.12003836363304357,-0.008340449787846515,0.992375655989841,713.0,-5347.0,0.0,included,os1_rev7_128ch20hz1024res_rtx
1655,001655,curated_outer_to_rim,apollo14_outer_to_rim_observation,60,142700007442,scans/001655.npy,poses/001655.npy,transforms/001655.npz,global_dem,767.2370363390899,-5364.959279137056,8.811110012805361,-0.02789987393011013,-0.1358351728722616,-0.0017515205093936899,0.9903369805381156,713.0,-5347.0,0.0,included,os1_rev7_128ch20hz1024res_rtx
1656,001656,curated_outer_to_rim,apollo14_outer_to_rim_observation,61,144800007551,scans/001656.npy,poses/001656.npy,transforms/001656.npz,global_dem,768.2127146835148,-5364.979304642972,9.072395720750091,-0.022985385210867956,-0.13203194483342948,-0.021685960108734085,0.9907416195680753,713.0,-5347.0,0.0,included,os1_rev7_128ch20hz1024res_rtx
1657,001657,curated_outer_to_rim,apollo14_outer_to_rim_observation,62,147016674334,scans/001657.npy,poses/001657.npy,transforms/001657.npz,global_dem,769.1914421908625,-5365.008494769078,9.33731236180794,-0.039957267193097,-0.14811085639845897,-0.04930166236234763,0.9869325899491229,713.0,-5347.0,0.0,included,os1_rev7_128ch20hz1024res_rtx
1658,001658,curated_outer_to_rim,apollo14_outer_to_rim_observation,63,149133341111,scans/001658.npy,poses/001658.npy,transforms/001658.npz,global_dem,770.1845361191675,-5365.100954636912,9.620999181227171,-0.04265101374204153,-0.1331584428370925,-0.06317503883672358,0.9881592152057054,713.0,-5347.0,0.0,included,os1_rev7_128ch20hz1024res_rtx
1659,001659,curated_outer_to_rim,apollo14_outer_to_rim_observation,64,151333341225,scans/001659.npy,poses/001659.npy,transforms/001659.npz,global_dem,771.1907575793275,-5365.23515265285,9.863579530711334,-0.055983627142082874,-0.09854989543669306,-0.018718362487556848,0.993379773554514,713.0,-5347.0,0.0,included,os1_rev7_128ch20hz1024res_rtx
1660,001660,curated_outer_to_rim,apollo14_outer_to_rim_observation,65,153450008003,scans/001660.npy,poses/001660.npy,transforms/001660.npz,global_dem,772.2447096468484,-5365.255530730177,10.009969964270196,-0.06715681813900443,-0.0641525802773562,-0.03947370197185253,0.9948950874709551,713.0,-5347.0,0.0,included,os1_rev7_128ch20hz1024res_rtx
1661,001661,curated_outer_to_rim,apollo14_outer_to_rim_observation,66,155583341447,scans/001661.npy,poses/001661.npy,transforms/001661.npz,global_dem,773.2264300496793,-5365.314931451454,10.159668986066865,-0.0598815352934316,-0.09625766737477902,-0.06262024363283564,0.9915782209638493,713.0,-5347.0,0.0,included,os1_rev7_128ch20hz1024res_rtx
1662,001662,curated_outer_to_rim,apollo14_outer_to_rim_observation,67,157700008224,scans/001662.npy,poses/001662.npy,transforms/001662.npz,global_dem,774.1781687206525,-5365.413311070408,10.363191579239475,-0.03913353643778963,-0.12895180311320814,-0.09710385002184865,0.9861089397782878,713.0,-5347.0,0.0,included,os1_rev7_128ch20hz1024res_rtx
1663,001663,curated_outer_to_rim,apollo14_outer_to_rim_observation,68,159833341669,scans/001663.npy,poses/001663.npy,transforms/001663.npz,global_dem,775.1727442646982,-5365.567017435994,10.594502475511904,-0.045177678544496995,-0.12416409439303085,-0.09401955341231245,0.9867636893405827,713.0,-5347.0,0.0,included,os1_rev7_128ch20hz1024res_rtx
1664,001664,curated_outer_to_rim,apollo14_outer_to_rim_observation,69,161950008446,scans/001664.npy,poses/001664.npy,transforms/001664.npz,global_dem,776.2104162407056,-5365.723403805067,10.790779741829182,-0.049955260670347675,-0.08770043280606875,-0.07962366468837943,0.9917021619612304,713.0,-5347.0,0.0,included,os1_rev7_128ch20hz1024res_rtx
1665,001665,curated_outer_to_rim,apollo14_outer_to_rim_observation,70,164066675223,scans/001665.npy,poses/001665.npy,transforms/001665.npz,global_dem,777.163385456233,-5365.850580258435,10.957284030986912,-0.048882128936446424,-0.13040726798904306,-0.053695318558486936,0.9887979038666987,713.0,-5347.0,0.0,included,os1_rev7_128ch20hz1024res_rtx
1666,001666,curated_outer_to_rim,apollo14_outer_to_rim_observation,71,166166675332,scans/001666.npy,poses/001666.npy,transforms/001666.npz,global_dem,778.1807899641368,-5365.936406650333,11.125443621533943,-0.04260859800348668,-0.1261656055458829,-0.051292975442261565,0.989765516687512,713.0,-5347.0,0.0,included,os1_rev7_128ch20hz1024res_rtx
1667,001667,curated_outer_to_rim,apollo14_outer_to_rim_observation,72,168250008774,scans/001667.npy,poses/001667.npy,transforms/001667.npz,global_dem,779.1839844002582,-5366.012882432747,11.300806670042366,-0.04316693068310173,-0.11284182375601652,-0.046260654898481704,0.9915963345611862,713.0,-5347.0,0.0,included,os1_rev7_128ch20hz1024res_rtx
1668,001668,curated_outer_to_rim,apollo14_outer_to_rim_observation,73,170333342216,scans/001668.npy,poses/001668.npy,transforms/001668.npz,global_dem,780.2022667848092,-5366.076624495278,11.482378808834376,-0.044089923813651344,-0.09128984759476817,-0.04278621648695463,0.9939273524875759,713.0,-5347.0,0.0,included,os1_rev7_128ch20hz1024res_rtx
1669,001669,curated_outer_to_rim,apollo14_outer_to_rim_observation,74,172400008991,scans/001669.npy,poses/001669.npy,transforms/001669.npz,global_dem,781.1893366876161,-5366.138878941987,11.662945685780617,-0.04507258749304262,-0.09318277096893242,-0.03817513042433587,0.9938954132444311,713.0,-5347.0,0.0,included,os1_rev7_128ch20hz1024res_rtx
1670,001670,curated_outer_to_rim,apollo14_outer_to_rim_observation,75,174566675771,scans/001670.npy,poses/001670.npy,transforms/001670.npz,global_dem,782.2067722669856,-5366.19252551701,11.842680412734769,-0.036992283259016,-0.09523714401654279,-0.055050617782756696,0.9932426122859379,713.0,-5347.0,0.0,included,os1_rev7_128ch20hz1024res_rtx
1671,001671,curated_outer_to_rim,apollo14_outer_to_rim_observation,76,176633342545,scans/001671.npy,poses/001671.npy,transforms/001671.npz,global_dem,783.1888730230111,-5366.296559439211,12.03049134186121,-0.024429287361233246,-0.09262246012839082,-0.0451727193129044,0.9943760431691144,713.0,-5347.0,0.0,included,os1_rev7_128ch20hz1024res_rtx
1672,001672,curated_outer_to_rim,apollo14_outer_to_rim_observation,77,178700009319,scans/001672.npy,poses/001672.npy,transforms/001672.npz,global_dem,784.1607552200851,-5366.3795509608635,12.223304502582137,-0.019562665305169088,-0.1006362546544787,-0.043621032639527206,0.993774044683568,713.0,-5347.0,0.0,included,os1_rev7_128ch20hz1024res_rtx
1673,001673,curated_outer_to_rim,apollo14_outer_to_rim_observation,78,180850009432,scans/001673.npy,poses/001673.npy,transforms/001673.npz,global_dem,785.1848203026775,-5366.470159504216,12.426933106999579,-0.012674942992792905,-0.0997373139327158,-0.04902455624920805,0.9937245125859504,713.0,-5347.0,0.0,included,os1_rev7_128ch20hz1024res_rtx
1674,001674,curated_outer_to_rim,apollo14_outer_to_rim_observation,79,182916676206,scans/001674.npy,poses/001674.npy,transforms/001674.npz,global_dem,786.165146719783,-5366.564124418871,12.625742628076823,-0.008100876913643152,-0.10265243081879828,-0.0487488152935243,0.9934890071096407,713.0,-5347.0,0.0,included,os1_rev7_128ch20hz1024res_rtx
1675,001675,curated_outer_to_rim,apollo14_outer_to_rim_observation,80,185066676318,scans/001675.npy,poses/001675.npy,transforms/001675.npz,global_dem,787.1768282302897,-5366.666715182916,12.832495708664888,-0.009236193284982768,-0.10022428443176049,-0.04169967576282455,0.9940477466324339,713.0,-5347.0,0.0,included,os1_rev7_128ch20hz1024res_rtx
1676,001676,curated_outer_to_rim,apollo14_outer_to_rim_observation,81,187133343093,scans/001676.npy,poses/001676.npy,transforms/001676.npz,global_dem,788.1653163283411,-5366.746033911798,13.031656965645423,-0.006045480603005572,-0.10112573731183075,-0.043263219865684883,0.9939141468075956,713.0,-5347.0,0.0,included,os1_rev7_128ch20hz1024res_rtx
1677,001677,curated_outer_to_rim,apollo14_outer_to_rim_observation,82,189283343205,scans/001677.npy,poses/001677.npy,transforms/001677.npz,global_dem,789.1877290493582,-5366.82777031995,13.234865554375391,-0.009890761477890862,-0.10229889041237152,-0.045071358456171294,0.9936828883022493,713.0,-5347.0,0.0,included,os1_rev7_128ch20hz1024res_rtx
1678,001678,curated_outer_to_rim,apollo14_outer_to_rim_observation,83,191533343322,scans/001678.npy,poses/001678.npy,transforms/001678.npz,global_dem,790.1763963871966,-5366.922296817387,13.431457433123665,-0.014848783197039753,-0.09741285824606463,-0.03680880364182061,0.994452291797026,713.0,-5347.0,0.0,included,os1_rev7_128ch20hz1024res_rtx
1679,001679,curated_outer_to_rim,apollo14_outer_to_rim_observation,84,194366676803,scans/001679.npy,poses/001679.npy,transforms/001679.npz,global_dem,791.1799852897786,-5367.0167388265745,13.630080918880024,-0.013288158516518602,-0.0978267038786168,-0.08388696359900355,0.9915726590571288,713.0,-5347.0,0.0,included,os1_rev7_128ch20hz1024res_rtx
1680,001680,curated_outer_to_rim,apollo14_outer_to_rim_observation,85,196616676921,scans/001680.npy,poses/001680.npy,transforms/001680.npz,global_dem,792.1514360715988,-5367.270551080807,13.828013777245951,-0.013675905819640762,-0.09972109727089748,-0.17541079226548786,0.9793363703630609,713.0,-5347.0,0.0,included,os1_rev7_128ch20hz1024res_rtx
1681,001681,curated_outer_to_rim,apollo14_outer_to_rim_observation,86,198766677033,scans/001681.npy,poses/001681.npy,transforms/001681.npz,global_dem,793.0631519385869,-5367.6625693131455,14.018793918229221,-0.02050573835693415,-0.09340259648679117,-0.21848437908771065,0.971143679255866,713.0,-5347.0,0.0,included,os1_rev7_128ch20hz1024res_rtx
1682,001682,curated_outer_to_rim,apollo14_outer_to_rim_observation,87,200916677145,scans/001682.npy,poses/001682.npy,transforms/001682.npz,global_dem,793.9328729733477,-5368.124751937584,14.215023815234844,-0.024018218416107507,-0.10668453015075076,-0.27577247728072046,0.9549822390940494,713.0,-5347.0,0.0,included,os1_rev7_128ch20hz1024res_rtx
1683,001683,curated_outer_to_rim,apollo14_outer_to_rim_observation,88,203950010636,scans/001683.npy,poses/001683.npy,transforms/001683.npz,global_dem,794.7018561376573,-5368.736045147693,14.435845072522001,-0.018282771934416756,-0.12240078011069007,-0.33168279838055914,0.9352381036597739,713.0,-5347.0,0.0,included,os1_rev7_128ch20hz1024res_rtx
1684,001684,curated_outer_to_rim,apollo14_outer_to_rim_observation,89,206600010775,scans/001684.npy,poses/001684.npy,transforms/001684.npz,global_dem,795.5887705517399,-5369.2110062554375,14.674096761538388,-0.033514666157582064,-0.1178517330974671,-0.14471692383436585,0.9818578044269891,713.0,-5347.0,0.0,included,os1_rev7_128ch20hz1024res_rtx
1685,001685,curated_outer_to_rim,apollo14_outer_to_rim_observation,90,209866677612,scans/001685.npy,poses/001685.npy,transforms/001685.npz,global_dem,796.578088048915,-5369.1504643035405,14.87644674747,-0.04897292751842114,-0.11225256450909184,0.14591740932150513,0.9816868766507516,713.0,-5347.0,0.0,included,os1_rev7_128ch20hz1024res_rtx
1686,001686,curated_outer_to_rim,apollo14_outer_to_rim_observation,91,212033344391,scans/001686.npy,poses/001686.npy,transforms/001686.npz,global_dem,797.5448152796502,-5368.877978476757,15.059694721877275,-0.05061470092474314,-0.11144288167675766,0.06888286122525801,0.9900877676263357,713.0,-5347.0,0.0,included,os1_rev7_128ch20hz1024res_rtx
1687,001687,curated_outer_to_rim,apollo14_outer_to_rim_observation,92,215350011231,scans/001687.npy,poses/001687.npy,transforms/001687.npz,global_dem,798.448529021504,-5368.825766442993,15.304625456628672,-0.03543006553445348,-0.20056095012296332,-0.06251517307646161,0.977042408945087,713.0,-5347.0,0.0,included,os1_rev7_128ch20hz1024res_rtx
1688,001688,curated_outer_to_rim,apollo14_outer_to_rim_observation,93,217716678021,scans/001688.npy,poses/001688.npy,transforms/001688.npz,global_dem,799.3822997529896,-5368.822553537163,15.619404242159053,-0.07965901459331196,-0.2405216883542744,-0.036180553073308634,0.9666926742272031,713.0,-5347.0,0.0,included,os1_rev7_128ch20hz1024res_rtx
1689,001689,curated_outer_to_rim,apollo14_outer_to_rim_observation,94,277166681122,scans/001689.npy,poses/001689.npy,transforms/001689.npz,global_dem,800.4471569483364,-5368.67539228924,15.91622711851041,-0.0929341771795812,-0.13757918721443566,-0.16883904754595627,0.9715598705078056,713.0,-5347.0,0.0,included,os1_rev7_128ch20hz1024res_rtx
1690,001690,curated_outer_to_rim,apollo14_outer_to_rim_observation,95,279766681257,scans/001690.npy,poses/001690.npy,transforms/001690.npz,global_dem,801.447630243412,-5368.874391320177,16.12708185192581,-0.14024952360096538,-0.07788803346184331,-0.11346577905409864,0.9805044835985176,713.0,-5347.0,0.0,included,os1_rev7_128ch20hz1024res_rtx
1691,001691,curated_outer_to_rim,apollo14_outer_to_rim_observation,96,283016681427,scans/001691.npy,poses/001691.npy,transforms/001691.npz,global_dem,802.4190851112844,-5368.880312027627,16.253306020209084,-0.14973713596879917,-0.1077742216698782,-0.023235096657565662,0.9825597373893492,713.0,-5347.0,0.0,included,os1_rev7_128ch20hz1024res_rtx
1692,001692,curated_outer_to_rim,apollo14_outer_to_rim_observation,97,285433348219,scans/001692.npy,poses/001692.npy,transforms/001692.npz,global_dem,803.4317548618932,-5368.830485507899,16.425989903571235,-0.14645996850710488,-0.07744074999669784,-0.01234893332892689,0.98610339808282,713.0,-5347.0,0.0,included,os1_rev7_128ch20hz1024res_rtx
1693,001693,curated_outer_to_rim,apollo14_outer_to_rim_observation,98,288500015046,scans/001693.npy,poses/001693.npy,transforms/001693.npz,global_dem,804.4786692114933,-5368.836409596202,16.553501574199313,-0.13922722725457057,-0.046104786139796544,-0.0393728901043397,0.9884027030572303,713.0,-5347.0,0.0,included,os1_rev7_128ch20hz1024res_rtx
1694,001694,curated_outer_to_rim,apollo14_outer_to_rim_observation,99,290966681841,scans/001694.npy,poses/001694.npy,transforms/001694.npz,global_dem,805.4813619820899,-5368.828241971814,16.625623303354722,-0.09618577700841235,-0.07294396963014901,-0.016153487394219308,0.9925555593723148,713.0,-5347.0,0.0,included,os1_rev7_128ch20hz1024res_rtx
1695,001695,curated_outer_to_rim,apollo14_outer_to_rim_observation,100,294100015338,scans/001695.npy,poses/001695.npy,transforms/001695.npz,global_dem,806.4466452767853,-5368.935479301834,16.75811412156099,-0.028717208350499703,-0.11158129049583385,-0.03568138180967976,0.9926992377089802,713.0,-5347.0,0.0,included,os1_rev7_128ch20hz1024res_rtx
1696,001696,curated_outer_to_rim,apollo14_outer_to_rim_observation,101,296566682133,scans/001696.npy,poses/001696.npy,transforms/001696.npz,global_dem,807.4261718297669,-5369.060554373109,16.982950272278895,0.010989871315146118,-0.14101470174646474,-0.07901250574664875,0.9867882754448737,713.0,-5347.0,0.0,included,os1_rev7_128ch20hz1024res_rtx
1697,001697,curated_outer_to_rim,apollo14_outer_to_rim_observation,102,299050015596,scans/001697.npy,poses/001697.npy,transforms/001697.npz,global_dem,808.3806231296296,-5369.218724923381,17.25864608828253,-0.0017953428481706584,-0.1464359903685642,-0.08009093548339907,0.9859709526767152,713.0,-5347.0,0.0,included,os1_rev7_128ch20hz1024res_rtx
1698,001698,curated_outer_to_rim,apollo14_outer_to_rim_observation,103,301400015719,scans/001698.npy,poses/001698.npy,transforms/001698.npz,global_dem,809.4119848738021,-5369.38777108886,17.485081369321765,-0.023416880534376135,-0.07936788388726872,-0.11450199597878893,0.9899705458397079,713.0,-5347.0,0.0,included,os1_rev7_128ch20hz1024res_rtx
1699,001699,curated_outer_to_rim,apollo14_outer_to_rim_observation,104,303733349174,scans/001699.npy,poses/001699.npy,transforms/001699.npz,global_dem,810.4059734291527,-5369.617801337681,17.62242412342436,-0.030170683746765552,-0.06384011326226528,-0.13960561734575186,0.9876864084244682,713.0,-5347.0,0.0,included,os1_rev7_128ch20hz1024res_rtx
1700,001700,curated_outer_to_rim,apollo14_outer_to_rim_observation,105,306066682629,scans/001700.npy,poses/001700.npy,transforms/001700.npz,global_dem,811.3451281470522,-5369.900596355237,17.770759394742118,-0.02462385157056232,-0.08584675263466714,-0.149649084666435,0.9846974928648957,713.0,-5347.0,0.0,included,os1_rev7_128ch20hz1024res_rtx
1701,001701,curated_outer_to_rim,apollo14_outer_to_rim_observation,106,308400016084,scans/001701.npy,poses/001701.npy,transforms/001701.npz,global_dem,812.272279081466,-5370.174202705916,17.960010871842837,-0.02207873195698268,-0.10496144995594711,-0.14839284547569395,0.9830946989125431,713.0,-5347.0,0.0,included,os1_rev7_128ch20hz1024res_rtx
1702,001702,curated_outer_to_rim,apollo14_outer_to_rim_observation,107,310816682877,scans/001702.npy,poses/001702.npy,transforms/001702.npz,global_dem,813.2470216164152,-5370.4753978324725,18.181801110129232,-0.023422209787306206,-0.10332152086274132,-0.13870381854814665,0.9846508590030542,713.0,-5347.0,0.0,included,os1_rev7_128ch20hz1024res_rtx
1703,001703,curated_outer_to_rim,apollo14_outer_to_rim_observation,108,313333349674,scans/001703.npy,poses/001703.npy,transforms/001703.npz,global_dem,814.190453598237,-5370.748540268225,18.395234051984687,-0.026079949583103012,-0.10443071774460402,-0.1447880185597736,0.9835906115364381,713.0,-5347.0,0.0,included,os1_rev7_128ch20hz1024res_rtx
1704,001704,curated_outer_to_rim,apollo14_outer_to_rim_observation,109,316633349847,scans/001704.npy,poses/001704.npy,transforms/001704.npz,global_dem,815.1422819750944,-5371.063008083467,18.617388173713934,-0.02305326048491162,-0.10691860914344233,-0.20025116403207446,0.9736202696655641,713.0,-5347.0,0.0,included,os1_rev7_128ch20hz1024res_rtx
1705,001705,curated_outer_to_rim,apollo14_outer_to_rim_observation,110,319733350008,scans/001705.npy,poses/001705.npy,transforms/001705.npz,global_dem,815.9468737562863,-5371.651423417682,18.830665176798824,0.005272038335264601,-0.10968589566658964,-0.4097097997927039,0.9055821828290528,713.0,-5347.0,0.0,included,os1_rev7_128ch20hz1024res_rtx
1706,001706,curated_outer_to_rim,apollo14_outer_to_rim_observation,111,323033350180,scans/001706.npy,poses/001706.npy,transforms/001706.npz,global_dem,816.550421348,-5372.468131814929,19.019851024581094,0.0034322564406480795,-0.11349004439606787,-0.4393402533601045,0.8911163623322059,713.0,-5347.0,0.0,included,os1_rev7_128ch20hz1024res_rtx
1707,001707,curated_outer_to_rim,apollo14_outer_to_rim_observation,112,325933350332,scans/001707.npy,poses/001707.npy,transforms/001707.npz,global_dem,817.1763164716316,-5373.246604120375,19.203725176406667,0.005719352586326815,-0.10514811889214952,-0.39336718058765857,0.9133309495117047,713.0,-5347.0,0.0,included,os1_rev7_128ch20hz1024res_rtx
1708,001708,curated_outer_to_rim,apollo14_outer_to_rim_observation,113,328533350467,scans/001708.npy,poses/001708.npy,transforms/001708.npz,global_dem,817.8606864452735,-5373.973917963018,19.39030885261911,0.005327096707987806,-0.10662479399541368,-0.38774955826034857,0.9155616065645195,713.0,-5347.0,0.0,included,os1_rev7_128ch20hz1024res_rtx
1709,001709,curated_outer_to_rim,apollo14_outer_to_rim_observation,114,331700017299,scans/001709.npy,poses/001709.npy,transforms/001709.npz,global_dem,818.5552011668459,-5374.6817613659705,19.58168656267934,0.002288570358432652,-0.11108032276825179,-0.3517948874777245,0.9294602097367862,713.0,-5347.0,0.0,included,os1_rev7_128ch20hz1024res_rtx
1710,001710,curated_outer_to_rim,apollo14_outer_to_rim_observation,115,334100017424,scans/001710.npy,poses/001710.npy,transforms/001710.npz,global_dem,819.2893469521142,-5375.36135176356,19.78655290175719,0.003152572563246332,-0.11703921179055188,-0.35605664126824915,0.9271006161137275,713.0,-5347.0,0.0,included,os1_rev7_128ch20hz1024res_rtx
1711,001711,curated_outer_to_rim,apollo14_outer_to_rim_observation,116,337366684261,scans/001711.npy,poses/001711.npy,transforms/001711.npz,global_dem,819.9983638742989,-5376.048943429258,19.994920945455053,-0.0003093030967972719,-0.13659402341468738,-0.37042387712965874,0.9187644574923508,713.0,-5347.0,0.0,included,os1_rev7_128ch20hz1024res_rtx
1712,001712,curated_outer_to_rim,apollo14_outer_to_rim_observation,117,339683351049,scans/001712.npy,poses/001712.npy,transforms/001712.npz,global_dem,820.7175455031243,-5376.738006619138,20.204984439950437,0.010635015850791784,-0.12223505318617056,-0.3467700621181145,0.9298903226881257,713.0,-5347.0,0.0,included,os1_rev7_128ch20hz1024res_rtx
1713,001713,curated_outer_to_rim,apollo14_outer_to_rim_observation,118,342083351174,scans/001713.npy,poses/001713.npy,transforms/001713.npz,global_dem,821.474422067978,-5377.400111916452,20.424328074961803,0.007463129909957198,-0.13029425147558266,-0.3252967076632142,0.936562737731882,713.0,-5347.0,0.0,included,os1_rev7_128ch20hz1024res_rtx
1714,001714,curated_outer_to_rim,apollo14_outer_to_rim_observation,119,344450017964,scans/001714.npy,poses/001714.npy,transforms/001714.npz,global_dem,822.1481027132588,-5378.0900741229825,20.49694623294159,0.09211567159197431,-0.2285747881958267,-0.32034452689579423,0.9146844556109512,713.0,-5347.0,0.0,included,os1_rev7_128ch20hz1024res_rtx
1715,001715,curated_inner_rim_spiral,apollo14_cone_crater_inner_rim_spiral_04,0,66183336785,scans/001715.npy,poses/001715.npy,transforms/001715.npz,global_dem,712.8281921808091,-5386.858902443531,-0.1152360886028268,-0.08388855242358378,-0.04523301968450508,-0.023103925623681847,0.9951798296404888,713.0,-5387.0,0.0,included,os1_rev7_128ch20hz1024res_rtx
1716,001716,curated_inner_rim_spiral,apollo14_cone_crater_inner_rim_spiral_04,1,161916675111,scans/001716.npy,poses/001716.npy,transforms/001716.npz,global_dem,713.8077461153775,-5387.065052215456,0.008969116762994223,-0.0750847337532342,-0.056514905868395554,-0.143980228957662,0.9851081371307373,713.0,-5387.0,0.0,included,os1_rev7_128ch20hz1024res_rtx
1717,001717,curated_inner_rim_spiral,apollo14_cone_crater_inner_rim_spiral_04,2,164733341924,scans/001717.npy,poses/001717.npy,transforms/001717.npz,global_dem,714.8183537597027,-5387.032141610643,0.08574909765831334,-0.08303660483410594,-0.0350309373620536,0.05255763428369068,0.9945428350572248,713.0,-5387.0,0.0,included,os1_rev7_128ch20hz1024res_rtx
1718,001718,curated_inner_rim_spiral,apollo14_cone_crater_inner_rim_spiral_04,3,167366675395,scans/001718.npy,poses/001718.npy,transforms/001718.npz,global_dem,715.809791868704,-5386.933455886979,0.14788282339838005,-0.0779361676757643,-0.04555670631655592,0.020825717540054755,0.9956991662980059,713.0,-5387.0,0.0,included,os1_rev7_128ch20hz1024res_rtx
1719,001719,curated_inner_rim_spiral,apollo14_cone_crater_inner_rim_spiral_04,4,169983342198,scans/001719.npy,poses/001719.npy,transforms/001719.npz,global_dem,716.8214750014768,-5386.908699026173,0.21373468277168128,-0.07484178422444838,-0.034017893534235864,-0.006845119538064673,0.9965915083885193,713.0,-5387.0,0.0,included,os1_rev7_128ch20hz1024res_rtx
1720,001720,curated_inner_rim_spiral,apollo14_cone_crater_inner_rim_spiral_04,5,172616675669,scans/001720.npy,poses/001720.npy,transforms/001720.npz,global_dem,717.7992683347694,-5386.924307837819,0.28118664562664036,-0.06972609823748491,-0.06360316714830684,-0.011538136624692243,0.9954696277418569,713.0,-5387.0,0.0,included,os1_rev7_128ch20hz1024res_rtx
1721,001721,curated_inner_rim_spiral,apollo14_cone_crater_inner_rim_spiral_04,6,175250009139,scans/001721.npy,poses/001721.npy,transforms/001721.npz,global_dem,718.8542123864328,-5386.931137963586,0.33665762933974724,-0.07512170615798368,-0.024893020450204802,-0.018881124489269523,0.9966847896575928,713.0,-5387.0,0.0,included,os1_rev7_128ch20hz1024res_rtx
1722,001722,curated_inner_rim_spiral,apollo14_cone_crater_inner_rim_spiral_04,7,177900009278,scans/001722.npy,poses/001722.npy,transforms/001722.npz,global_dem,719.8717009371829,-5386.945256778876,0.3851775275093759,-0.06960114547806862,-0.02366038874585946,-0.002767650616242423,0.9972904324531555,713.0,-5387.0,0.0,included,os1_rev7_128ch20hz1024res_rtx
1723,001723,curated_inner_rim_spiral,apollo14_cone_crater_inner_rim_spiral_04,8,180566676083,scans/001723.npy,poses/001723.npy,transforms/001723.npz,global_dem,720.8910342894774,-5386.93844014376,0.4335781979281436,-0.06823389219110493,-0.026457708507423825,-0.0009963598278306186,0.9973179697990417,713.0,-5387.0,0.0,included,os1_rev7_128ch20hz1024res_rtx
1724,001724,curated_inner_rim_spiral,apollo14_cone_crater_inner_rim_spiral_04,9,183200009554,scans/001724.npy,poses/001724.npy,transforms/001724.npz,global_dem,721.8949091910797,-5386.93497707006,0.49034023832431073,-0.06726573580274066,-0.02846323565949556,-0.0030702375394006474,0.9973242896090316,713.0,-5387.0,0.0,included,os1_rev7_128ch20hz1024res_rtx
1725,001725,curated_inner_rim_spiral,apollo14_cone_crater_inner_rim_spiral_04,10,185850009692,scans/001725.npy,poses/001725.npy,transforms/001725.npz,global_dem,722.9031881255034,-5386.937165077338,0.5488139964918153,-0.06563085106918591,-0.035696696466247464,-0.007840430561824306,0.997174440555882,713.0,-5387.0,0.0,included,os1_rev7_128ch20hz1024res_rtx
1726,001726,curated_inner_rim_spiral,apollo14_cone_crater_inner_rim_spiral_04,11,188516676498,scans/001726.npy,poses/001726.npy,transforms/001726.npz,global_dem,723.9328762496364,-5386.937514012558,0.6036825626334938,-0.06538059979735661,-0.028353959517659122,-0.007021824978455341,0.9974327667185297,713.0,-5387.0,0.0,included,os1_rev7_128ch20hz1024res_rtx
1727,001727,curated_inner_rim_spiral,apollo14_cone_crater_inner_rim_spiral_04,12,191166676636,scans/001727.npy,poses/001727.npy,transforms/001727.npz,global_dem,724.9380487254437,-5386.941639521662,0.6606899580947014,-0.062340015259992526,-0.037443898423097026,-0.005246737184197213,0.9973385326543764,713.0,-5387.0,0.0,included,os1_rev7_128ch20hz1024res_rtx
1728,001728,curated_inner_rim_spiral,apollo14_cone_crater_inner_rim_spiral_04,13,193816676774,scans/001728.npy,poses/001728.npy,transforms/001728.npz,global_dem,725.9640504871772,-5386.943075690107,0.7153762555047416,-0.0629963408321671,-0.030111633502923153,-0.003999248480240119,0.9975513804216485,713.0,-5387.0,0.0,included,os1_rev7_128ch20hz1024res_rtx
1729,001729,curated_inner_rim_spiral,apollo14_cone_crater_inner_rim_spiral_04,14,196450010245,scans/001729.npy,poses/001729.npy,transforms/001729.npz,global_dem,726.9688561074418,-5386.936352109797,0.774764472031793,-0.06407736662638637,-0.033263682441233754,-0.006907212406482481,0.9973664867707598,713.0,-5387.0,0.0,included,os1_rev7_128ch20hz1024res_rtx
1730,001730,curated_inner_rim_spiral,apollo14_cone_crater_inner_rim_spiral_04,15,199083343716,scans/001730.npy,poses/001730.npy,transforms/001730.npz,global_dem,727.9771371235952,-5386.938505257375,0.8414158838494159,-0.06544152052583158,-0.03476882480145511,-0.0040775419078513744,0.9972421520699888,713.0,-5387.0,0.0,included,os1_rev7_128ch20hz1024res_rtx
1731,001731,curated_inner_rim_spiral,apollo14_cone_crater_inner_rim_spiral_04,16,201733343854,scans/001731.npy,poses/001731.npy,transforms/001731.npz,global_dem,728.9932807286435,-5386.931624320197,0.9118517447836014,-0.06914246353415214,-0.03399306502074333,-0.007803494607293422,0.9969969391822815,713.0,-5387.0,0.0,included,os1_rev7_128ch20hz1024res_rtx
1732,001732,curated_inner_rim_spiral,apollo14_cone_crater_inner_rim_spiral_04,17,204350010657,scans/001732.npy,poses/001732.npy,transforms/001732.npz,global_dem,729.9926660621195,-5386.936655469915,0.9841173972247607,-0.06757022510092575,-0.03635948271097394,-0.0063202532024247615,0.9970317482890191,713.0,-5387.0,0.0,included,os1_rev7_128ch20hz1024res_rtx
1733,001733,curated_inner_rim_spiral,apollo14_cone_crater_inner_rim_spiral_04,18,206983344128,scans/001733.npy,poses/001733.npy,transforms/001733.npz,global_dem,731.004036771145,-5386.928798598039,1.0554673294283363,-0.06900777206827569,-0.03239202824419956,-0.006451170930132458,0.9970692384654288,713.0,-5387.0,0.0,included,os1_rev7_128ch20hz1024res_rtx
1734,001734,curated_inner_rim_spiral,apollo14_cone_crater_inner_rim_spiral_04,19,210183344295,scans/001734.npy,poses/001734.npy,transforms/001734.npz,global_dem,732.0186857234685,-5386.93553667364,1.1216284577330702,-0.06681899601428132,-0.032464124185926715,-0.005899630244052365,0.9972193824708121,713.0,-5387.0,0.0,included,os1_rev7_128ch20hz1024res_rtx
1735,001735,curated_inner_rim_spiral,apollo14_cone_crater_inner_rim_spiral_04,20,215416677901,scans/001735.npy,poses/001735.npy,transforms/001735.npz,global_dem,733.0414293808326,-5386.993845143583,1.1901702491524042,-0.06263922167222788,-0.03919398609255147,-0.14559020090122568,0.9865818023681641,713.0,-5387.0,0.0,included,os1_rev7_128ch20hz1024res_rtx
1736,001736,curated_inner_rim_spiral,apollo14_cone_crater_inner_rim_spiral_04,21,218500011395,scans/001736.npy,poses/001736.npy,transforms/001736.npz,global_dem,733.8613418158236,-5387.582482237165,1.3176111916620055,-0.04651286035200812,-0.0564423669087035,-0.438022469956083,0.8959838887241167,713.0,-5387.0,0.0,included,os1_rev7_128ch20hz1024res_rtx
1737,001737,curated_inner_rim_spiral,apollo14_cone_crater_inner_rim_spiral_04,22,222283344926,scans/001737.npy,poses/001737.npy,transforms/001737.npz,global_dem,734.4671808957568,-5388.3778164467385,1.464830211810259,-0.04759059161395568,-0.06062236877286456,-0.431037073806066,0.8990367650985718,713.0,-5387.0,0.0,included,os1_rev7_128ch20hz1024res_rtx
1738,001738,curated_inner_rim_spiral,apollo14_cone_crater_inner_rim_spiral_04,23,227433345194,scans/001738.npy,poses/001738.npy,transforms/001738.npz,global_dem,735.2483017442161,-5389.017950789715,1.6117454061084986,-0.05890524555323769,-0.058401427833197225,-0.19972635846385867,0.9763343827849775,713.0,-5387.0,0.0,included,os1_rev7_128ch20hz1024res_rtx
1739,001739,curated_inner_rim_spiral,apollo14_cone_crater_inner_rim_spiral_04,24,231600012078,scans/001739.npy,poses/001739.npy,transforms/001739.npz,global_dem,736.2435661604763,-5389.057120180298,1.7042774859822343,-0.07607656898669106,-0.04304927854997164,0.04603315680955628,0.9951080663634915,713.0,-5387.0,0.0,included,os1_rev7_128ch20hz1024res_rtx
1740,001740,curated_inner_rim_spiral,apollo14_cone_crater_inner_rim_spiral_04,25,236633345674,scans/001740.npy,poses/001740.npy,transforms/001740.npz,global_dem,737.2734081986682,-5388.9885781664925,1.7836821273696017,-0.06410958370193812,-0.054833534555349665,-0.1958076141252044,0.9770069718360901,713.0,-5387.0,0.0,included,os1_rev7_128ch20hz1024res_rtx
1741,001741,curated_inner_rim_spiral,apollo14_cone_crater_inner_rim_spiral_04,26,239733345836,scans/001741.npy,poses/001741.npy,transforms/001741.npz,global_dem,737.9873027916937,-5389.654560366615,1.9457325682724802,-0.049261321076635105,-0.07259480953581016,-0.4508718272787205,0.8882668018341064,713.0,-5387.0,0.0,included,os1_rev7_128ch20hz1024res_rtx
1742,001742,curated_inner_rim_spiral,apollo14_cone_crater_inner_rim_spiral_04,27,244100012730,scans/001742.npy,poses/001742.npy,transforms/001742.npz,global_dem,738.5662450627387,-5390.4532534394275,2.115655687273895,-0.05339149878641264,-0.07217506985659101,-0.44066343799753555,0.8931717872619628,713.0,-5387.0,0.0,included,os1_rev7_128ch20hz1024res_rtx
1743,001743,curated_inner_rim_spiral,apollo14_cone_crater_inner_rim_spiral_04,28,248750012973,scans/001743.npy,poses/001743.npy,transforms/001743.npz,global_dem,739.3686436447653,-5391.035925695666,2.2738608604495822,-0.07465003174414238,-0.05474583822014378,-0.15853055272582137,0.983004745568717,713.0,-5387.0,0.0,included,os1_rev7_128ch20hz1024res_rtx
1744,001744,curated_inner_rim_spiral,apollo14_cone_crater_inner_rim_spiral_04,29,251566679786,scans/001744.npy,poses/001744.npy,transforms/001744.npz,global_dem,740.3613340129373,-5391.038124676917,2.359860487385181,-0.0850736234479043,-0.03989128946741867,0.04917310846941915,0.9943606835658405,713.0,-5387.0,0.0,included,os1_rev7_128ch20hz1024res_rtx
1745,001745,curated_inner_rim_spiral,apollo14_cone_crater_inner_rim_spiral_04,30,254283346595,scans/001745.npy,poses/001745.npy,transforms/001745.npz,global_dem,741.3753406782514,-5390.921105078018,2.439272911700746,-0.0878441034484615,-0.051674089304793856,0.019273855114785462,0.9946063143238487,713.0,-5387.0,0.0,included,os1_rev7_128ch20hz1024res_rtx
1746,001746,curated_inner_rim_spiral,apollo14_cone_crater_inner_rim_spiral_04,31,258833346832,scans/001746.npy,poses/001746.npy,transforms/001746.npz,global_dem,742.3699945949768,-5390.89230102788,2.5442577757194558,-0.0914577856937631,-0.05720449782280858,-0.017154134793591243,0.9940165262832994,713.0,-5387.0,0.0,included,os1_rev7_128ch20hz1024res_rtx
1747,001747,curated_inner_rim_spiral,apollo14_cone_crater_inner_rim_spiral_04,32,263000013716,scans/001747.npy,poses/001747.npy,transforms/001747.npz,global_dem,743.3541004509767,-5391.088626405952,2.688060164091908,-0.07613527335260814,-0.08316091850521319,-0.31159080394168637,0.9435034990310669,713.0,-5387.0,0.0,included,os1_rev7_128ch20hz1024res_rtx
1748,001748,curated_inner_rim_spiral,apollo14_cone_crater_inner_rim_spiral_04,33,265800013862,scans/001748.npy,poses/001748.npy,transforms/001748.npz,global_dem,744.0178989889705,-5391.830565988125,2.898134393873679,-0.05999381226034068,-0.08128603682391762,-0.4455186021438417,0.8895541005760859,713.0,-5387.0,0.0,included,os1_rev7_128ch20hz1024res_rtx
1749,001749,curated_inner_rim_spiral,apollo14_cone_crater_inner_rim_spiral_04,34,271233347479,scans/001749.npy,poses/001749.npy,transforms/001749.npz,global_dem,744.6366018377095,-5392.588631592489,3.0926559020064364,-0.06225946091265688,-0.08401171670158174,-0.4101974727114201,0.9059822428529614,713.0,-5387.0,0.0,included,os1_rev7_128ch20hz1024res_rtx
1750,001750,curated_inner_rim_spiral,apollo14_cone_crater_inner_rim_spiral_04,35,274733347661,scans/001750.npy,poses/001750.npy,transforms/001750.npz,global_dem,745.5406890706872,-5393.027572770891,3.256286057705988,-0.08390252309515805,-0.04919152997232936,-0.08529854773399997,0.99159705412618,713.0,-5387.0,0.0,included,os1_rev7_128ch20hz1024res_rtx
1751,001751,curated_inner_rim_spiral,apollo14_cone_crater_inner_rim_spiral_04,36,280250014616,scans/001751.npy,poses/001751.npy,transforms/001751.npz,global_dem,746.5561818598208,-5392.980112949992,3.33038090211517,-0.0875712516707737,-0.03547031850740496,0.03967203798350056,0.9947357748608587,713.0,-5387.0,0.0,included,os1_rev7_128ch20hz1024res_rtx
1752,001752,curated_inner_rim_spiral,apollo14_cone_crater_inner_rim_spiral_04,37,283733348131,scans/001752.npy,poses/001752.npy,transforms/001752.npz,global_dem,747.5364975441688,-5393.202631438606,3.4421339231889125,-0.06513121905211204,-0.06416575953972141,-0.3310708470761712,0.9391659990777685,713.0,-5387.0,0.0,included,os1_rev7_128ch20hz1024res_rtx
1753,001753,curated_inner_rim_spiral,apollo14_cone_crater_inner_rim_spiral_04,38,286533348277,scans/001753.npy,poses/001753.npy,transforms/001753.npz,global_dem,748.1929442715887,-5393.979561364374,3.622552429152355,-0.055789279222401345,-0.069840590510905,-0.4590785391737336,0.88388729095459,713.0,-5387.0,0.0,included,os1_rev7_128ch20hz1024res_rtx
1754,001754,curated_inner_rim_spiral,apollo14_cone_crater_inner_rim_spiral_04,39,289250015085,scans/001754.npy,poses/001754.npy,transforms/001754.npz,global_dem,748.8251618063916,-5394.767088352699,3.797538725266693,-0.05919483101805727,-0.0636165490664042,-0.4156381476329783,0.9053694477382436,713.0,-5387.0,0.0,included,os1_rev7_128ch20hz1024res_rtx
1755,001755,curated_inner_rim_spiral,apollo14_cone_crater_inner_rim_spiral_04,40,291966681893,scans/001755.npy,poses/001755.npy,transforms/001755.npz,global_dem,749.5284590688227,-5395.503210943106,3.962515192991373,-0.06274444934809036,-0.05628394515079255,-0.3813304196442593,0.9205880526316864,713.0,-5387.0,0.0,included,os1_rev7_128ch20hz1024res_rtx
1756,001756,curated_inner_rim_spiral,apollo14_cone_crater_inner_rim_spiral_04,41,294966682050,scans/001756.npy,poses/001756.npy,transforms/001756.npz,global_dem,750.2356559481866,-5396.193786421387,4.114188212768623,-0.06563028479454641,-0.0551673869755915,-0.3764590590956192,0.9224574797555242,713.0,-5387.0,0.0,included,os1_rev7_128ch20hz1024res_rtx
1757,001757,curated_inner_rim_spiral,apollo14_cone_crater_inner_rim_spiral_04,42,300416682334,scans/001757.npy,poses/001757.npy,transforms/001757.npz,global_dem,751.0125991156864,-5396.859458853168,4.261404637939956,-0.07186975136727002,-0.04528011356666297,-0.25687410419025836,0.962704598903656,713.0,-5387.0,0.0,included,os1_rev7_128ch20hz1024res_rtx
1758,001758,curated_inner_rim_spiral,apollo14_cone_crater_inner_rim_spiral_04,43,303333349153,scans/001758.npy,poses/001758.npy,transforms/001758.npz,global_dem,751.9882962508387,-5397.008863954152,4.330557552425235,-0.08057371347969969,-0.026696626821316613,-0.0033984182987745215,0.9963852756667579,713.0,-5387.0,0.0,included,os1_rev7_128ch20hz1024res_rtx
1759,001759,curated_inner_rim_spiral,apollo14_cone_crater_inner_rim_spiral_04,44,306033349294,scans/001759.npy,poses/001759.npy,transforms/001759.npz,global_dem,753.005663618986,-5396.954395705877,4.383355208746535,-0.08078488294945085,-0.03504665733674798,0.020729875493740783,0.9958994963139495,713.0,-5387.0,0.0,included,os1_rev7_128ch20hz1024res_rtx
1760,001760,curated_inner_rim_spiral,apollo14_cone_crater_inner_rim_spiral_04,45,309216682793,scans/001760.npy,poses/001760.npy,transforms/001760.npz,global_dem,754.0033764938712,-5396.912681535675,4.460933311939232,-0.07907707219953874,-0.047009830368505395,-0.0029333092069885576,0.9957551346581998,713.0,-5387.0,0.0,included,os1_rev7_128ch20hz1024res_rtx
1761,001761,curated_inner_rim_spiral,apollo14_cone_crater_inner_rim_spiral_04,46,314533349737,scans/001761.npy,poses/001761.npy,transforms/001761.npz,global_dem,755.0227241848446,-5396.960917614061,4.569273157858792,-0.07108905659995328,-0.0639682127614795,-0.16893496815361056,0.9809767532020162,713.0,-5387.0,0.0,included,os1_rev7_128ch20hz1024res_rtx
1762,001762,curated_inner_rim_spiral,apollo14_cone_crater_inner_rim_spiral_04,47,317616683231,scans/001762.npy,poses/001762.npy,transforms/001762.npz,global_dem,755.7983491831997,-5397.563733680655,4.745419739885617,-0.04532248342976477,-0.08290224780366853,-0.42419886136122903,0.9006266794986115,713.0,-5387.0,0.0,included,os1_rev7_128ch20hz1024res_rtx
1763,001763,curated_inner_rim_spiral,apollo14_cone_crater_inner_rim_spiral_04,48,321200016751,scans/001763.npy,poses/001763.npy,transforms/001763.npz,global_dem,756.4078467764464,-5398.335914977997,4.932310696275716,-0.043610488521918005,-0.08602759922999074,-0.42670134100916846,0.8992348653397404,713.0,-5387.0,0.0,included,os1_rev7_128ch20hz1024res_rtx
1764,001764,curated_inner_rim_spiral,apollo14_cone_crater_inner_rim_spiral_04,49,326750017041,scans/001764.npy,poses/001764.npy,transforms/001764.npz,global_dem,757.1391994573069,-5399.020325519194,5.1212718619665285,-0.05163598024704158,-0.0748383113079428,-0.2609292402758867,0.9610665347797474,713.0,-5387.0,0.0,included,os1_rev7_128ch20hz1024res_rtx
1765,001765,curated_inner_rim_spiral,apollo14_cone_crater_inner_rim_spiral_04,50,329966683875,scans/001765.npy,poses/001765.npy,transforms/001765.npz,global_dem,758.1384105520317,-5399.135746240638,5.261527888271575,-0.062062778819086485,-0.06031182117207923,0.06315957788147819,0.9942442171991718,713.0,-5387.0,0.0,included,os1_rev7_128ch20hz1024res_rtx
1766,001766,curated_inner_rim_spiral,apollo14_cone_crater_inner_rim_spiral_04,51,332700017351,scans/001766.npy,poses/001766.npy,transforms/001766.npz,global_dem,759.1305240956283,-5398.964538170008,5.379463928649922,-0.06651926260200201,-0.08663653770391945,0.041571495887930535,0.9931470730799156,713.0,-5387.0,0.0,included,os1_rev7_128ch20hz1024res_rtx
1767,001767,curated_inner_rim_spiral,apollo14_cone_crater_inner_rim_spiral_04,52,335366684157,scans/001767.npy,poses/001767.npy,transforms/001767.npz,global_dem,760.1148507951835,-5398.932609764311,5.546023081215885,-0.04565071903694175,-0.09050483577752158,0.002788631201284628,0.994845269420485,713.0,-5387.0,0.0,included,os1_rev7_128ch20hz1024res_rtx
1768,001768,curated_inner_rim_spiral,apollo14_cone_crater_inner_rim_spiral_04,53,338016684295,scans/001768.npy,poses/001768.npy,transforms/001768.npz,global_dem,761.1812839649878,-5398.970897242316,5.688139507626217,-0.01572564721721012,-0.022647322053420085,-0.005763820185925974,0.9996032118797302,713.0,-5387.0,0.0,included,os1_rev7_128ch20hz1024res_rtx
1769,001769,curated_inner_rim_spiral,apollo14_cone_crater_inner_rim_spiral_04,54,340700017768,scans/001769.npy,poses/001769.npy,transforms/001769.npz,global_dem,762.2053784281904,-5398.978693952214,5.712797610007437,-0.012051389877460676,-0.024990006411989632,-0.0017513568738101693,0.9996135234832764,713.0,-5387.0,0.0,included,os1_rev7_128ch20hz1024res_rtx
1770,001770,curated_inner_rim_spiral,apollo14_cone_crater_inner_rim_spiral_04,55,343466684579,scans/001770.npy,poses/001770.npy,transforms/001770.npz,global_dem,763.2058627929523,-5398.98846112062,5.772625310411869,-0.005232895120681656,-0.06626318633904153,0.004684364172659355,0.9977774620009972,713.0,-5387.0,0.0,included,os1_rev7_128ch20hz1024res_rtx
1771,001771,curated_inner_rim_spiral,apollo14_cone_crater_inner_rim_spiral_04,56,346133351385,scans/001771.npy,poses/001771.npy,transforms/001771.npz,global_dem,764.1949331578514,-5398.98287444332,5.922411905555884,-0.01163470161137169,-0.07798524635964516,-0.0054524510080598415,0.9968717098236084,713.0,-5387.0,0.0,included,os1_rev7_128ch20hz1024res_rtx
1772,001772,curated_inner_rim_spiral,apollo14_cone_crater_inner_rim_spiral_04,57,348816684858,scans/001772.npy,poses/001772.npy,transforms/001772.npz,global_dem,765.2475745138736,-5398.979097972823,6.058140735769336,-0.0198629185165907,-0.0431599988250487,-0.0036767181867924867,0.9988639350345973,713.0,-5387.0,0.0,included,os1_rev7_128ch20hz1024res_rtx
1773,001773,curated_inner_rim_spiral,apollo14_cone_crater_inner_rim_spiral_04,58,351466684997,scans/001773.npy,poses/001773.npy,transforms/001773.npz,global_dem,766.2596826677369,-5398.959107154837,6.140413294705024,-0.02094368869684085,-0.036470371952596885,-0.011290295098472368,0.9990514516830444,713.0,-5387.0,0.0,included,os1_rev7_128ch20hz1024res_rtx
1774,001774,curated_inner_rim_spiral,apollo14_cone_crater_inner_rim_spiral_04,59,354133351802,scans/001774.npy,poses/001774.npy,transforms/001774.npz,global_dem,767.2670804229753,-5398.977110864293,6.227575184612162,-0.02195274642091067,-0.04720767657637493,-0.00966915553508547,0.9985970256455193,713.0,-5387.0,0.0,included,os1_rev7_128ch20hz1024res_rtx
1775,001775,curated_inner_rim_spiral,apollo14_cone_crater_inner_rim_spiral_04,60,356783351941,scans/001775.npy,poses/001775.npy,transforms/001775.npz,global_dem,768.2743082403883,-5398.983018985994,6.3290160470550765,-0.0222667733331707,-0.04776001834142925,-0.0030488542123250223,0.9986059663057034,713.0,-5387.0,0.0,included,os1_rev7_128ch20hz1024res_rtx
1776,001776,curated_inner_rim_spiral,apollo14_cone_crater_inner_rim_spiral_04,61,359450018746,scans/001776.npy,poses/001776.npy,transforms/001776.npz,global_dem,769.2984248775667,-5398.976672499329,6.422276992901608,-0.02809745208138642,-0.04132801412266422,-0.0019086450690424853,0.9987486598284934,713.0,-5387.0,0.0,included,os1_rev7_128ch20hz1024res_rtx
1777,001777,curated_inner_rim_spiral,apollo14_cone_crater_inner_rim_spiral_04,62,362100018884,scans/001777.npy,poses/001777.npy,transforms/001777.npz,global_dem,770.3068279221014,-5398.966637619598,6.499304864346966,-0.034907424120375716,-0.041348887150610476,-0.006839494487252831,0.9985113732891805,713.0,-5387.0,0.0,included,os1_rev7_128ch20hz1024res_rtx
1778,001778,curated_inner_rim_spiral,apollo14_cone_crater_inner_rim_spiral_04,63,364733352355,scans/001778.npy,poses/001778.npy,transforms/001778.npz,global_dem,771.3060684154475,-5398.959037860852,6.5758463622324905,-0.042944600868441554,-0.04535821783981687,-0.0005950133367627368,0.9980471127606027,713.0,-5387.0,0.0,included,os1_rev7_128ch20hz1024res_rtx
1779,001779,curated_inner_rim_spiral,apollo14_cone_crater_inner_rim_spiral_04,64,367366685826,scans/001779.npy,poses/001779.npy,transforms/001779.npz,global_dem,772.3208168343175,-5398.946602855327,6.6527523953738275,-0.05299986446978163,-0.03949020353863469,-0.005110819871834056,0.9978002894922909,713.0,-5387.0,0.0,included,os1_rev7_128ch20hz1024res_rtx
1780,001780,curated_inner_rim_spiral,apollo14_cone_crater_inner_rim_spiral_04,65,369983352629,scans/001780.npy,poses/001780.npy,transforms/001780.npz,global_dem,773.3287873436037,-5398.938449028753,6.728741881669038,-0.06102937490901922,-0.030899048366118568,-0.010153525097651427,0.9976059192568848,713.0,-5387.0,0.0,included,os1_rev7_128ch20hz1024res_rtx
1781,001781,curated_inner_rim_spiral,apollo14_cone_crater_inner_rim_spiral_04,66,372683352770,scans/001781.npy,poses/001781.npy,transforms/001781.npz,global_dem,774.3374895813143,-5398.957871084701,6.790323947959026,-0.05418610364863707,-0.033190658385895,0.009710458393501795,0.9979318380355835,713.0,-5387.0,0.0,included,os1_rev7_128ch20hz1024res_rtx
1782,001782,curated_inner_rim_spiral,apollo14_cone_crater_inner_rim_spiral_04,67,375300019573,scans/001782.npy,poses/001782.npy,transforms/001782.npz,global_dem,775.331385957408,-5398.934461688182,6.861553442109918,-0.05397214476390137,-0.039422647281649514,-0.007765437385103337,0.9977337121963501,713.0,-5387.0,0.0,included,os1_rev7_128ch20hz1024res_rtx
1783,001783,curated_inner_rim_spiral,apollo14_cone_crater_inner_rim_spiral_04,68,378000019714,scans/001783.npy,poses/001783.npy,transforms/001783.npz,global_dem,776.3549101331782,-5398.945176484715,6.9502376436328275,-0.05094169789994861,-0.043500496590099295,-0.011148851036706913,0.9976915121078491,713.0,-5387.0,0.0,included,os1_rev7_128ch20hz1024res_rtx
1784,001784,curated_inner_rim_spiral,apollo14_cone_crater_inner_rim_spiral_04,69,380700019855,scans/001784.npy,poses/001784.npy,transforms/001784.npz,global_dem,777.3677344949733,-5398.941457108956,7.031475776973867,-0.05610095063589871,-0.03859223574466997,-0.01887105273071309,0.997500479221344,713.0,-5387.0,0.0,included,os1_rev7_128ch20hz1024res_rtx
1785,001785,curated_inner_rim_spiral,apollo14_cone_crater_inner_rim_spiral_04,70,383400019995,scans/001785.npy,poses/001785.npy,transforms/001785.npz,global_dem,778.4064392222894,-5398.938918760299,7.107772982638197,-0.06672488722707583,-0.03234508966589835,-0.014641558346413864,0.9971395134925842,713.0,-5387.0,0.0,included,os1_rev7_128ch20hz1024res_rtx
1786,001786,curated_inner_rim_spiral,apollo14_cone_crater_inner_rim_spiral_04,71,386083353469,scans/001786.npy,poses/001786.npy,transforms/001786.npz,global_dem,779.4223724244382,-5398.94178525417,7.1781491790432055,-0.07003930453947049,-0.036530127313660836,-0.0009475991418771227,0.9968746900558472,713.0,-5387.0,0.0,included,os1_rev7_128ch20hz1024res_rtx
1787,001787,curated_inner_rim_spiral,apollo14_cone_crater_inner_rim_spiral_04,72,388783353609,scans/001787.npy,poses/001787.npy,transforms/001787.npz,global_dem,780.4540502044343,-5398.928180872556,7.246693368837305,-0.07289353255096732,-0.03715500199680313,-0.00751774023903101,0.9966190457344055,713.0,-5387.0,0.0,included,os1_rev7_128ch20hz1024res_rtx
1788,001788,curated_inner_rim_spiral,apollo14_cone_crater_inner_rim_spiral_04,73,391466687083,scans/001788.npy,poses/001788.npy,transforms/001788.npz,global_dem,781.4216352512758,-5398.93058360156,7.320565081584235,-0.06634591499663543,-0.0867332122415091,-0.008187146841150253,0.993986187069081,713.0,-5387.0,0.0,included,os1_rev7_128ch20hz1024res_rtx
1789,001789,curated_inner_rim_spiral,apollo14_cone_crater_inner_rim_spiral_04,74,394066687218,scans/001789.npy,poses/001789.npy,transforms/001789.npz,global_dem,782.4759020850514,-5398.960253415462,7.3863936110249995,-0.05145440106618573,-0.03691799426490569,-0.002710489179992739,0.9979890578351958,713.0,-5387.0,0.0,included,os1_rev7_128ch20hz1024res_rtx
1790,001790,curated_inner_rim_spiral,apollo14_cone_crater_inner_rim_spiral_04,75,396716687357,scans/001790.npy,poses/001790.npy,transforms/001790.npz,global_dem,783.5356636549961,-5398.944445410302,7.429910027988648,-0.05999581995547147,0.004997100197116992,-0.003965528468185092,0.998178243181777,713.0,-5387.0,0.0,included,os1_rev7_128ch20hz1024res_rtx
1791,001791,curated_inner_rim_spiral,apollo14_cone_crater_inner_rim_spiral_04,76,402050020968,scans/001791.npy,poses/001791.npy,transforms/001791.npz,global_dem,784.496636055904,-5398.935727864994,7.442984819406784,-0.06979096470850443,-0.04937537674337334,-0.006635452659987661,0.9963168492926853,713.0,-5387.0,0.0,included,os1_rev7_128ch20hz1024res_rtx
1792,001792,curated_inner_rim_spiral,apollo14_cone_crater_inner_rim_spiral_04,77,405566687818,scans/001792.npy,poses/001792.npy,transforms/001792.npz,global_dem,785.3724449821892,-5399.2360462854585,7.639653008415545,-0.05771204043465438,-0.15652508237939194,-0.3241256232639498,0.9311883801459023,713.0,-5387.0,0.0,included,os1_rev7_128ch20hz1024res_rtx
1793,001793,curated_inner_rim_spiral,apollo14_cone_crater_inner_rim_spiral_04,78,408566687975,scans/001793.npy,poses/001793.npy,transforms/001793.npz,global_dem,786.0105713345415,-5399.942433381674,7.966869624626922,-0.04819010792340181,-0.16579028130119847,-0.3978521452774025,0.9010576932819391,713.0,-5387.0,0.0,included,os1_rev7_128ch20hz1024res_rtx
1794,001794,curated_inner_rim_spiral,apollo14_cone_crater_inner_rim_spiral_04,79,411350021453,scans/001794.npy,poses/001794.npy,transforms/001794.npz,global_dem,786.6791381103072,-5400.687879879412,8.285014576648527,-0.03919437927030311,-0.13995467024819702,-0.38961246006869577,0.9094386300727241,713.0,-5387.0,0.0,included,os1_rev7_128ch20hz1024res_rtx
1795,001795,curated_inner_rim_spiral,apollo14_cone_crater_inner_rim_spiral_04,80,414066688261,scans/001795.npy,poses/001795.npy,transforms/001795.npz,global_dem,787.3774257552778,-5401.3508926473005,8.54936297039325,-0.07661243839105232,-0.12911996774051515,-0.3804692586514571,0.9125249100357076,713.0,-5387.0,0.0,included,os1_rev7_128ch20hz1024res_rtx
1796,001796,curated_inner_rim_spiral,apollo14_cone_crater_inner_rim_spiral_04,81,416750021735,scans/001796.npy,poses/001796.npy,transforms/001796.npz,global_dem,788.0871982873581,-5402.040177971241,8.831941918425555,-0.07804874599240792,-0.11236460768338632,-0.38579445333385126,0.9123843641612926,713.0,-5387.0,0.0,included,os1_rev7_128ch20hz1024res_rtx
1797,001797,curated_inner_rim_spiral,apollo14_cone_crater_inner_rim_spiral_04,82,419416688540,scans/001797.npy,poses/001797.npy,transforms/001797.npz,global_dem,788.8178813235456,-5402.767627099683,9.067438981464278,-0.06211246433989523,-0.06640465585685293,-0.38937913321268125,0.9165786131438477,713.0,-5387.0,0.0,included,os1_rev7_128ch20hz1024res_rtx
1798,001798,curated_inner_rim_spiral,apollo14_cone_crater_inner_rim_spiral_04,83,422100022014,scans/001798.npy,poses/001798.npy,transforms/001798.npz,global_dem,789.5341229249713,-5403.530285038569,9.20188042416791,-0.02359931296147624,-0.050314786696446345,-0.38859024061579217,0.9197331784629704,713.0,-5387.0,0.0,included,os1_rev7_128ch20hz1024res_rtx
1799,001799,curated_inner_rim_spiral,apollo14_cone_crater_inner_rim_spiral_04,84,425200022175,scans/001799.npy,poses/001799.npy,transforms/001799.npz,global_dem,790.2398399531025,-5404.2508492578745,9.308084511641026,-0.019087323541311686,-0.05913035217958142,-0.3839718178175662,0.9212518215195136,713.0,-5387.0,0.0,included,os1_rev7_128ch20hz1024res_rtx
1800,001800,curated_inner_rim_spiral,apollo14_cone_crater_inner_rim_spiral_04,85,430483355784,scans/001800.npy,poses/001800.npy,transforms/001800.npz,global_dem,791.0218878970528,-5404.904479216777,9.429173891100762,-0.031703489505657455,-0.04036858139653399,-0.24095749751430337,0.9691773577528732,713.0,-5387.0,0.0,included,os1_rev7_128ch20hz1024res_rtx
1801,001801,curated_inner_rim_spiral,apollo14_cone_crater_inner_rim_spiral_04,86,433283355930,scans/001801.npy,poses/001801.npy,transforms/001801.npz,global_dem,792.0265006779362,-5405.0503196217105,9.490329144497156,-0.038443022883943204,-0.021548077259593762,0.010993582864499278,0.9989679451783028,713.0,-5387.0,0.0,included,os1_rev7_128ch20hz1024res_rtx
1802,001802,curated_inner_rim_spiral,apollo14_cone_crater_inner_rim_spiral_04,87,435950022736,scans/001802.npy,poses/001802.npy,transforms/001802.npz,global_dem,793.0248251838452,-5404.9831623894925,9.534706125206624,-0.04231652007660635,-0.03889073373414263,0.024416495461089687,0.9980484245304057,713.0,-5387.0,0.0,included,os1_rev7_128ch20hz1024res_rtx
1803,001803,curated_inner_rim_spiral,apollo14_cone_crater_inner_rim_spiral_04,88,438600022874,scans/001803.npy,poses/001803.npy,transforms/001803.npz,global_dem,793.9964637132512,-5404.948047871678,9.618826997662135,-0.043983229600955756,-0.07310914790435007,-0.0005806878233954972,0.9963534467287306,713.0,-5387.0,0.0,included,os1_rev7_128ch20hz1024res_rtx
1804,001804,curated_inner_rim_spiral,apollo14_cone_crater_inner_rim_spiral_04,89,441233356345,scans/001804.npy,poses/001804.npy,transforms/001804.npz,global_dem,794.9979629934987,-5404.935584730219,9.724969501510216,-0.0514439451411098,-0.07276349464831401,-0.012861624580978094,0.9959385387502692,713.0,-5387.0,0.0,included,os1_rev7_128ch20hz1024res_rtx
1805,001805,curated_inner_rim_spiral,apollo14_cone_crater_inner_rim_spiral_04,90,444116689829,scans/001805.npy,poses/001805.npy,transforms/001805.npz,global_dem,795.9274930531216,-5404.978191049179,9.84287958871123,-0.005517515123357801,-0.19739184138912608,-0.04436793275467206,0.9793046025231121,713.0,-5387.0,0.0,included,os1_rev7_128ch20hz1024res_rtx
1806,001806,curated_inner_rim_spiral,apollo14_cone_crater_inner_rim_spiral_04,91,446950023310,scans/001806.npy,poses/001806.npy,transforms/001806.npz,global_dem,797.0253812066778,-5405.003474611399,10.022882422075545,-0.05907843211330827,-0.06745897948135057,-0.0017995586343545452,0.9959697718982687,713.0,-5387.0,0.0,included,os1_rev7_128ch20hz1024res_rtx
1807,001807,curated_inner_rim_spiral,apollo14_cone_crater_inner_rim_spiral_04,92,449583356780,scans/001807.npy,poses/001807.npy,transforms/001807.npz,global_dem,798.0299344583389,-5404.952718510302,10.140069847492832,-0.06970053228869215,-0.05582415465272596,0.006771293157423767,0.9959817514116199,713.0,-5387.0,0.0,included,os1_rev7_128ch20hz1024res_rtx
1808,001808,curated_inner_rim_spiral,apollo14_cone_crater_inner_rim_spiral_04,93,452200023584,scans/001808.npy,poses/001808.npy,transforms/001808.npz,global_dem,799.0282676855128,-5404.923926930143,10.249262856821884,-0.0747880546140556,-0.05132588527176055,-0.004168533540429726,0.9958689791916593,713.0,-5387.0,0.0,included,os1_rev7_128ch20hz1024res_rtx
1809,001809,curated_inner_rim_spiral,apollo14_cone_crater_inner_rim_spiral_04,94,454900023724,scans/001809.npy,poses/001809.npy,transforms/001809.npz,global_dem,800.0510940460632,-5404.9201380598015,10.354425885512011,-0.07482296153151807,-0.05220516292425352,-0.015999633312598342,0.995700837162231,713.0,-5387.0,0.0,included,os1_rev7_128ch20hz1024res_rtx
1810,001810,curated_inner_rim_spiral,apollo14_cone_crater_inner_rim_spiral_04,95,457700023870,scans/001810.npy,poses/001810.npy,transforms/001810.npz,global_dem,801.0745513983675,-5404.934816197401,10.464170108702234,-0.07179147478379326,-0.06144296551977701,-0.01152909509897005,0.9954586008984515,713.0,-5387.0,0.0,included,os1_rev7_128ch20hz1024res_rtx
1811,001811,curated_inner_rim_spiral,apollo14_cone_crater_inner_rim_spiral_04,96,460400024011,scans/001811.npy,poses/001811.npy,transforms/001811.npz,global_dem,802.0893266562782,-5404.926189225252,10.587890421870284,-0.07124771581584888,-0.06718539624229605,-0.012713510501183937,0.9951121806979986,713.0,-5387.0,0.0,included,os1_rev7_128ch20hz1024res_rtx
1812,001812,curated_inner_rim_spiral,apollo14_cone_crater_inner_rim_spiral_04,97,463016690814,scans/001812.npy,poses/001812.npy,transforms/001812.npz,global_dem,803.0918613471434,-5404.932722873764,10.707393576405044,-0.07184772231287179,-0.05897780505222405,-0.009591993140871894,0.9956241846084595,713.0,-5387.0,0.0,included,os1_rev7_128ch20hz1024res_rtx
1813,001813,curated_inner_rim_spiral,apollo14_cone_crater_inner_rim_spiral_04,98,465716690955,scans/001813.npy,poses/001813.npy,transforms/001813.npz,global_dem,804.1208770722191,-5404.933997730108,10.820061718810376,-0.06935918892115578,-0.05497053948004411,-0.00962018415492649,0.9960296154022217,713.0,-5387.0,0.0,included,os1_rev7_128ch20hz1024res_rtx
1814,001814,curated_inner_rim_spiral,apollo14_cone_crater_inner_rim_spiral_04,99,468416691096,scans/001814.npy,poses/001814.npy,transforms/001814.npz,global_dem,805.153315377825,-5404.93069197032,10.9259550625167,-0.06755919007104404,-0.05037277039849495,-0.012520705988955267,0.996364176273346,713.0,-5387.0,0.0,included,os1_rev7_128ch20hz1024res_rtx
1815,001815,curated_inner_rim_spiral,apollo14_cone_crater_inner_rim_spiral_04,100,471033357899,scans/001815.npy,poses/001815.npy,transforms/001815.npz,global_dem,806.1532088539047,-5404.938626482148,11.022997311163419,-0.06371225093887257,-0.045792552937971485,-0.0062074980172141135,0.996897817303304,713.0,-5387.0,0.0,included,os1_rev7_128ch20hz1024res_rtx
1816,001816,curated_inner_rim_spiral,apollo14_cone_crater_inner_rim_spiral_04,101,473733358040,scans/001816.npy,poses/001816.npy,transforms/001816.npz,global_dem,807.1886208952167,-5404.93793105857,11.118392580731943,-0.06047126978211677,-0.04057885616194799,-0.008828424473463364,0.9973056907913656,713.0,-5387.0,0.0,included,os1_rev7_128ch20hz1024res_rtx
1817,001817,curated_inner_rim_spiral,apollo14_cone_crater_inner_rim_spiral_04,102,477416691565,scans/001817.npy,poses/001817.npy,transforms/001817.npz,global_dem,808.1952989460765,-5404.943616418111,11.203780920656925,-0.06052240949262937,-0.040944493810868884,-0.004345270308657546,0.9973172539376439,713.0,-5387.0,0.0,included,os1_rev7_128ch20hz1024res_rtx
1818,001818,curated_inner_rim_spiral,apollo14_cone_crater_inner_rim_spiral_04,103,482350025156,scans/001818.npy,poses/001818.npy,transforms/001818.npz,global_dem,809.1907173064599,-5405.090592142422,11.314014920414301,-0.04848839563859143,-0.06528335936488507,-0.2291216852731777,0.9699949545312129,713.0,-5387.0,0.0,included,os1_rev7_128ch20hz1024res_rtx
1819,001819,curated_inner_rim_spiral,apollo14_cone_crater_inner_rim_spiral_04,104,485150025302,scans/001819.npy,poses/001819.npy,transforms/001819.npz,global_dem,809.9054505235254,-5405.77212487561,11.467333415346099,-0.026672365962836023,-0.07351268583213336,-0.41770724079444554,0.9052099927108526,713.0,-5387.0,0.0,included,os1_rev7_128ch20hz1024res_rtx
1820,001820,curated_inner_rim_spiral,apollo14_cone_crater_inner_rim_spiral_04,105,487866692110,scans/001820.npy,poses/001820.npy,transforms/001820.npz,global_dem,810.5759060967434,-5406.540941995864,11.629624202628918,-0.03429359787751701,-0.06719095547797271,-0.4127360573597443,0.9077214724802461,713.0,-5387.0,0.0,included,os1_rev7_128ch20hz1024res_rtx
1821,001821,curated_inner_rim_spiral,apollo14_cone_crater_inner_rim_spiral_04,106,490566692251,scans/001821.npy,poses/001821.npy,transforms/001821.npz,global_dem,811.2662417446403,-5407.269853099787,11.784840082696855,-0.03919141931854067,-0.07152528666638346,-0.38913317443421913,0.9175639152526855,713.0,-5387.0,0.0,included,os1_rev7_128ch20hz1024res_rtx
1822,001822,curated_inner_rim_spiral,apollo14_cone_crater_inner_rim_spiral_04,107,493266692392,scans/001822.npy,poses/001822.npy,transforms/001822.npz,global_dem,811.9610871626434,-5407.960840469707,11.9456779778271,-0.04403742855226427,-0.08667026669147168,-0.3580046325555135,0.9286450628883595,713.0,-5387.0,0.0,included,os1_rev7_128ch20hz1024res_rtx
1823,001823,curated_inner_rim_spiral,apollo14_cone_crater_inner_rim_spiral_04,108,495966692533,scans/001823.npy,poses/001823.npy,transforms/001823.npz,global_dem,812.6960415988993,-5408.6648896531915,12.105220323861168,-0.043369268938445664,-0.08152537350966384,-0.3840341262942574,0.9186895611833525,713.0,-5387.0,0.0,included,os1_rev7_128ch20hz1024res_rtx
1824,001824,curated_inner_rim_spiral,apollo14_cone_crater_inner_rim_spiral_04,109,498666692674,scans/001824.npy,poses/001824.npy,transforms/001824.npz,global_dem,813.3970181688804,-5409.3840275006405,12.29773201883003,-0.04376968657733015,-0.09201098019485833,-0.3848530845051612,0.9173365235328674,713.0,-5387.0,0.0,included,os1_rev7_128ch20hz1024res_rtx
1825,001825,curated_inner_rim_spiral,apollo14_cone_crater_inner_rim_spiral_04,110,501366692814,scans/001825.npy,poses/001825.npy,transforms/001825.npz,global_dem,814.103665342602,-5410.09303796367,12.50568373207985,-0.047831448499018075,-0.0970118466650814,-0.3783120263650579,0.9193371877873103,713.0,-5387.0,0.0,included,os1_rev7_128ch20hz1024res_rtx
1826,001826,curated_inner_rim_spiral,apollo14_cone_crater_inner_rim_spiral_04,111,504066692955,scans/001826.npy,poses/001826.npy,transforms/001826.npz,global_dem,814.8154367449303,-5410.802065486358,12.719182718296059,-0.04840197558065592,-0.093873303850339,-0.3843595112151036,0.9171220298971114,713.0,-5387.0,0.0,included,os1_rev7_128ch20hz1024res_rtx
1827,001827,curated_inner_rim_spiral,apollo14_cone_crater_inner_rim_spiral_04,112,506766693096,scans/001827.npy,poses/001827.npy,transforms/001827.npz,global_dem,815.5226346195084,-5411.512133805104,12.933664062375282,-0.055072219875817,-0.09585930535736494,-0.379640796111161,0.9185047142516128,713.0,-5387.0,0.0,included,os1_rev7_128ch20hz1024res_rtx
1828,001828,curated_inner_rim_spiral,apollo14_cone_crater_inner_rim_spiral_04,113,509466693237,scans/001828.npy,poses/001828.npy,transforms/001828.npz,global_dem,816.2285581620677,-5412.216652532886,13.151929681572469,-0.056515525914548496,-0.10058956385528706,-0.37867874635568005,0.9183083044558051,713.0,-5387.0,0.0,included,os1_rev7_128ch20hz1024res_rtx
1829,001829,curated_inner_rim_spiral,apollo14_cone_crater_inner_rim_spiral_04,114,512083360040,scans/001829.npy,poses/001829.npy,transforms/001829.npz,global_dem,816.9405133739492,-5412.9252395732765,13.34991108507479,-0.04606239364171715,-0.08122461141188028,-0.38301358907803534,0.9190111038363717,713.0,-5387.0,0.0,included,os1_rev7_128ch20hz1024res_rtx
1830,001830,curated_inner_rim_spiral,apollo14_cone_crater_inner_rim_spiral_04,115,514783360181,scans/001830.npy,poses/001830.npy,transforms/001830.npz,global_dem,817.6506574211157,-5413.645998403458,13.532282077355237,-0.03665509417429502,-0.0823381097364974,-0.38886756925237015,0.9168745025028492,713.0,-5387.0,0.0,included,os1_rev7_128ch20hz1024res_rtx
1831,001831,curated_inner_rim_spiral,apollo14_cone_crater_inner_rim_spiral_04,116,517483360322,scans/001831.npy,poses/001831.npy,transforms/001831.npz,global_dem,818.3525120695033,-5414.357271045578,13.71680011644162,-0.04100907302675832,-0.09432365075319943,-0.38503989822566087,0.9171507954597473,713.0,-5387.0,0.0,included,os1_rev7_128ch20hz1024res_rtx
1832,001832,curated_inner_rim_spiral,apollo14_cone_crater_inner_rim_spiral_04,117,520183360463,scans/001832.npy,poses/001832.npy,transforms/001832.npz,global_dem,819.0821747403643,-5415.062687279021,13.907900104022849,-0.054884519424664595,-0.08487279606303398,-0.38547788589061704,0.9171647057673266,713.0,-5387.0,0.0,included,os1_rev7_128ch20hz1024res_rtx
1833,001833,curated_inner_rim_spiral,apollo14_cone_crater_inner_rim_spiral_04,118,522883360603,scans/001833.npy,poses/001833.npy,transforms/001833.npz,global_dem,819.816829652117,-5415.772173992134,14.089172210999024,-0.06594518047737999,-0.07265712258850489,-0.3857941408646673,0.9173521987674407,713.0,-5387.0,0.0,included,os1_rev7_128ch20hz1024res_rtx
1834,001834,curated_inner_rim_spiral,apollo14_cone_crater_inner_rim_spiral_04,119,525483360739,scans/001834.npy,poses/001834.npy,transforms/001834.npz,global_dem,820.5244609513862,-5416.478490181355,14.24236288130266,-0.06349744091352351,-0.05925240220987705,-0.38607593968128534,0.9183695316314697,713.0,-5387.0,0.0,included,os1_rev7_128ch20hz1024res_rtx
1835,001835,curated_inner_rim_spiral,apollo14_cone_crater_inner_rim_spiral_04,120,528183360880,scans/001835.npy,poses/001835.npy,transforms/001835.npz,global_dem,821.2311948788274,-5417.182656357675,14.40844756046828,-0.07266747860771745,-0.06698213434029011,-0.3780562830449253,0.9204924106597902,713.0,-5387.0,0.0,included,os1_rev7_128ch20hz1024res_rtx
1836,001836,curated_inner_rim_spiral,apollo14_cone_crater_inner_rim_spiral_04,121,530883361021,scans/001836.npy,poses/001836.npy,transforms/001836.npz,global_dem,821.955434922282,-5417.868937400318,14.59107072387738,-0.08301002928576058,-0.06733032033114307,-0.39100070145237414,0.9141632318496704,713.0,-5387.0,0.0,included,os1_rev7_128ch20hz1024res_rtx
1837,001837,curated_inner_rim_spiral,apollo14_cone_crater_inner_rim_spiral_04,122,533600027829,scans/001837.npy,poses/001837.npy,transforms/001837.npz,global_dem,822.6771716269009,-5418.588414672119,14.783213645116764,-0.09252096319522038,-0.06325696665294701,-0.39061507566648224,0.9137058006827827,713.0,-5387.0,0.0,included,os1_rev7_128ch20hz1024res_rtx
1838,001838,curated_inner_rim_spiral,apollo14_cone_crater_inner_rim_spiral_04,123,536233361300,scans/001838.npy,poses/001838.npy,transforms/001838.npz,global_dem,823.3939553998702,-5419.280419824638,14.963514792904991,-0.10548631169039574,-0.049223830339206576,-0.39489458833721625,0.9113220707711814,713.0,-5387.0,0.0,included,os1_rev7_128ch20hz1024res_rtx
1839,001839,curated_inner_rim_spiral,apollo14_cone_crater_inner_rim_spiral_04,124,538900028105,scans/001839.npy,poses/001839.npy,transforms/001839.npz,global_dem,824.0708868954844,-5419.990707555836,15.096211293780785,-0.09559572762427043,-0.07774921483806686,-0.38402403221165526,0.915063964505188,713.0,-5387.0,0.0,included,os1_rev7_128ch20hz1024res_rtx
1840,001840,curated_inner_rim_spiral,apollo14_cone_crater_inner_rim_spiral_04,125,541650028249,scans/001840.npy,poses/001840.npy,transforms/001840.npz,global_dem,824.7608450872838,-5420.686842667963,15.274780622707617,-0.11207421611360076,-0.11870698960673873,-0.3864115138400965,0.9077632745781428,713.0,-5387.0,0.0,included,os1_rev7_128ch20hz1024res_rtx
1841,001841,curated_inner_rim_spiral,apollo14_cone_crater_inner_rim_spiral_04,126,544483361730,scans/001841.npy,poses/001841.npy,transforms/001841.npz,global_dem,825.3483078695848,-5421.342952477393,15.583279196609903,-0.10464175869218272,-0.23876758099294448,-0.3701377836874754,0.8916491270065308,713.0,-5387.0,0.0,included,os1_rev7_128ch20hz1024res_rtx
1842,001842,curated_inner_rim_spiral,apollo14_cone_crater_inner_rim_spiral_04,127,547616695227,scans/001842.npy,poses/001842.npy,transforms/001842.npz,global_dem,826.0559918050138,-5422.025560072756,16.00431936797907,-0.06557497305027747,-0.1877372784158202,-0.37243630664216415,0.9065019772163876,713.0,-5387.0,0.0,included,os1_rev7_128ch20hz1024res_rtx
1843,001843,curated_inner_rim_spiral,apollo14_cone_crater_inner_rim_spiral_04,128,553533362202,scans/001843.npy,poses/001843.npy,transforms/001843.npz,global_dem,826.7736501797978,-5422.687209547618,16.37089898922529,-0.07017195403934029,-0.1357484613655377,-0.3647974546653545,0.9184612507737431,713.0,-5387.0,0.0,included,os1_rev7_128ch20hz1024res_rtx
1844,001844,curated_inner_rim_spiral,apollo14_cone_crater_inner_rim_spiral_04,129,556900029044,scans/001844.npy,poses/001844.npy,transforms/001844.npz,global_dem,827.7273825408193,-5422.9905432853075,16.609824148689054,-0.09734620927819046,-0.07901635119119498,-0.03467916233342014,0.9915026411883373,713.0,-5387.0,0.0,included,os1_rev7_128ch20hz1024res_rtx
1845,001845,curated_inner_rim_spiral,apollo14_cone_crater_inner_rim_spiral_04,130,562300029326,scans/001845.npy,poses/001845.npy,transforms/001845.npz,global_dem,828.7742055297546,-5422.934279634297,16.727535553113935,-0.08426384798782896,-0.03800027269384587,-0.03168784465210489,0.995214280292833,713.0,-5387.0,0.0,included,os1_rev7_128ch20hz1024res_rtx
1846,001846,curated_inner_rim_spiral,apollo14_cone_crater_inner_rim_spiral_04,131,565700029503,scans/001846.npy,poses/001846.npy,transforms/001846.npz,global_dem,829.7581376544257,-5423.277072815589,16.817120342712787,-0.06264363681848506,-0.025837676543815573,-0.39119347918946684,0.9178103568148549,713.0,-5387.0,0.0,included,os1_rev7_128ch20hz1024res_rtx
1847,001847,curated_inner_rim_spiral,apollo14_cone_crater_inner_rim_spiral_04,132,568516696317,scans/001847.npy,poses/001847.npy,transforms/001847.npz,global_dem,830.3370462410808,-5424.090592360084,16.939202226750133,-0.0631197160659745,-0.06196925703081494,-0.4784789316980779,0.8736324310302735,713.0,-5387.0,0.0,included,os1_rev7_128ch20hz1024res_rtx
1848,001848,curated_inner_rim_spiral,apollo14_cone_crater_inner_rim_spiral_04,133,571266696460,scans/001848.npy,poses/001848.npy,transforms/001848.npz,global_dem,830.9172639628621,-5424.85813211049,17.132349910117508,-0.07863676249476297,-0.1028938085656576,-0.4112272693214604,0.902286682108082,713.0,-5387.0,0.0,included,os1_rev7_128ch20hz1024res_rtx
1849,001849,curated_inner_rim_spiral,apollo14_cone_crater_inner_rim_spiral_04,134,574033363271,scans/001849.npy,poses/001849.npy,transforms/001849.npz,global_dem,831.5874226727212,-5425.551224039883,17.40025188721455,-0.08789880896934424,-0.11946069103334524,-0.38220478931680535,0.9120978246344538,713.0,-5387.0,0.0,included,os1_rev7_128ch20hz1024res_rtx
1850,001850,curated_inner_rim_spiral,apollo14_cone_crater_inner_rim_spiral_04,135,576683363409,scans/001850.npy,poses/001850.npy,transforms/001850.npz,global_dem,832.2916921438149,-5426.244000299681,17.669518608319873,-0.08143015129741217,-0.09826014390674455,-0.38470595880827624,0.9141747096898445,713.0,-5387.0,0.0,included,os1_rev7_128ch20hz1024res_rtx
1851,001851,curated_inner_rim_spiral,apollo14_cone_crater_inner_rim_spiral_04,136,579333363547,scans/001851.npy,poses/001851.npy,transforms/001851.npz,global_dem,832.9876822860003,-5426.946688881922,17.902298511152765,-0.07438429803118253,-0.09211083171412372,-0.382016012030144,0.916540417788504,713.0,-5387.0,0.0,included,os1_rev7_128ch20hz1024res_rtx
1852,001852,curated_inner_rim_spiral,apollo14_cone_crater_inner_rim_spiral_04,137,582066697023,scans/001852.npy,poses/001852.npy,transforms/001852.npz,global_dem,833.7004403385097,-5427.651458333169,18.130391719182125,-0.0773781825355203,-0.0968310045419885,-0.379297763139389,0.9169348833501456,713.0,-5387.0,0.0,included,os1_rev7_128ch20hz1024res_rtx
1853,001853,curated_inner_rim_spiral,apollo14_cone_crater_inner_rim_spiral_04,138,584716697162,scans/001853.npy,poses/001853.npy,transforms/001853.npz,global_dem,834.3945181707052,-5428.358276660004,18.35340415382279,-0.06430094542667363,-0.09197597176869124,-0.3820922327236085,0.9172847620704973,713.0,-5387.0,0.0,included,os1_rev7_128ch20hz1024res_rtx
1854,001854,curated_inner_rim_spiral,apollo14_cone_crater_inner_rim_spiral_04,139,587383363967,scans/001854.npy,poses/001854.npy,transforms/001854.npz,global_dem,835.1011007544398,-5429.079261147046,18.562623547069652,-0.05267387081933297,-0.0853949595331499,-0.38478182648477655,0.9175380701781695,713.0,-5387.0,0.0,included,os1_rev7_128ch20hz1024res_rtx
1855,001855,curated_inner_rim_spiral,apollo14_cone_crater_inner_rim_spiral_04,140,590066697441,scans/001855.npy,poses/001855.npy,transforms/001855.npz,global_dem,835.8047163290819,-5429.795102330321,18.760373052417762,-0.04501161930134561,-0.08284253946411319,-0.38531072918103787,0.917957901954651,713.0,-5387.0,0.0,included,os1_rev7_128ch20hz1024res_rtx
1856,001856,curated_inner_rim_spiral,apollo14_cone_crater_inner_rim_spiral_04,141,592733364246,scans/001856.npy,poses/001856.npy,transforms/001856.npz,global_dem,836.5142620522231,-5430.502720738869,18.93597183356002,-0.044810078995893884,-0.08377622149181294,-0.3813708865821916,0.9195269699146674,713.0,-5387.0,0.0,included,os1_rev7_128ch20hz1024res_rtx
1857,001857,curated_inner_rim_spiral,apollo14_cone_crater_inner_rim_spiral_04,142,595416697720,scans/001857.npy,poses/001857.npy,transforms/001857.npz,global_dem,837.2110851319568,-5431.196652090575,19.119147038826974,-0.049679739259129135,-0.09479675912951803,-0.3782556542773212,0.9194934246490949,713.0,-5387.0,0.0,included,os1_rev7_128ch20hz1024res_rtx
1858,001858,curated_inner_rim_spiral,apollo14_cone_crater_inner_rim_spiral_04,143,598300031203,scans/001858.npy,poses/001858.npy,transforms/001858.npz,global_dem,837.9485423577256,-5431.8645519631455,19.3240471585859,-0.05940866668113956,-0.09651919152501279,-0.3338684872102336,0.9357812186822716,713.0,-5387.0,0.0,included,os1_rev7_128ch20hz1024res_rtx
1859,001859,curated_inner_rim_spiral,apollo14_cone_crater_inner_rim_spiral_04,144,601066698014,scans/001859.npy,poses/001859.npy,transforms/001859.npz,global_dem,838.6615565447729,-5432.542956966015,19.55757518518708,-0.06641521179502999,-0.10260966606008047,-0.39969820376797494,0.9084611284903248,713.0,-5387.0,0.0,included,os1_rev7_128ch20hz1024res_rtx
1860,001860,curated_inner_rim_spiral,apollo14_cone_crater_inner_rim_spiral_04,145,603733364820,scans/001860.npy,poses/001860.npy,transforms/001860.npz,global_dem,839.3649445979612,-5433.2779852962885,19.777829806476177,-0.07335318947109425,-0.060346377691119335,-0.40247729756727474,0.9104886870449967,713.0,-5387.0,0.0,included,os1_rev7_128ch20hz1024res_rtx
1861,001861,curated_inner_rim_spiral,apollo14_cone_crater_inner_rim_spiral_04,146,606516698298,scans/001861.npy,poses/001861.npy,transforms/001861.npz,global_dem,840.111836960547,-5434.020996781033,19.90800484386778,-0.07242184420526593,-0.014612603549816593,-0.3976164769921823,0.9145724058398709,713.0,-5387.0,0.0,included,os1_rev7_128ch20hz1024res_rtx
1862,001862,curated_inner_rim_spiral,apollo14_cone_crater_inner_rim_spiral_04,147,612050031920,scans/001862.npy,poses/001862.npy,transforms/001862.npz,global_dem,840.8199461825493,-5434.725091752644,19.996514443132867,-0.08354508831133074,-0.029363419957643456,-0.35286598307615774,0.9314738889389975,713.0,-5387.0,0.0,included,os1_rev7_128ch20hz1024res_rtx
1863,001863,curated_inner_rim_spiral,apollo14_cone_crater_inner_rim_spiral_04,148,615416698763,scans/001863.npy,poses/001863.npy,transforms/001863.npz,global_dem,841.7590935513689,-5435.0020316942555,20.060130260565444,-0.10813032916870748,-0.028212320821570297,-0.026602710636958248,0.9933801853542752,713.0,-5387.0,0.0,included,os1_rev7_128ch20hz1024res_rtx
1864,001864,curated_inner_rim_spiral,apollo14_cone_crater_inner_rim_spiral_04,149,621016699055,scans/001864.npy,poses/001864.npy,transforms/001864.npz,global_dem,842.7023881644287,-5434.903468568106,20.11620692799236,-0.11974745742003053,-0.10514011473858112,-0.02982222139731497,0.9867708638914738,713.0,-5387.0,0.0,included,os1_rev7_128ch20hz1024res_rtx
1865,001865,curated_inner_rim_spiral,apollo14_cone_crater_inner_rim_spiral_04,150,625900032643,scans/001865.npy,poses/001865.npy,transforms/001865.npz,global_dem,843.5283257745439,-5435.173384186455,20.44316218858716,-0.09355128356980766,-0.21860870477884997,-0.21126674895888337,0.9480636857942083,713.0,-5387.0,0.0,included,os1_rev7_128ch20hz1024res_rtx
1866,001866,curated_inner_rim_spiral,apollo14_cone_crater_inner_rim_spiral_04,151,1314666735231,scans/001866.npy,poses/001866.npy,transforms/001866.npz,global_dem,842.9427309549711,-5434.517337871874,20.07912519871473,-0.05738673425788816,-0.17269857111547374,-0.5256039887768639,0.8310369505910905,713.0,-5387.0,0.0,included,os1_rev7_128ch20hz1024res_rtx
1867,001867,curated_inner_rim_spiral,apollo14_cone_crater_inner_rim_spiral_04,152,1375716738415,scans/001867.npy,poses/001867.npy,transforms/001867.npz,global_dem,843.3261034779919,-5435.348426056402,20.418263578803785,-0.05928935988111534,-0.23239459967186954,-0.43733233645941044,0.8667283019119615,713.0,-5387.0,0.0,included,os1_rev7_128ch20hz1024res_rtx
1868,001868,curated_inner_rim_spiral,apollo14_cone_crater_inner_rim_spiral_04,153,1380000071972,scans/001868.npy,poses/001868.npy,transforms/001868.npz,global_dem,843.86967697996,-5436.078015000076,20.87334971440939,-0.05773419533050921,-0.23746099728684303,-0.4001505052603396,0.8832658776364971,713.0,-5387.0,0.0,included,os1_rev7_128ch20hz1024res_rtx
1869,001869,curated_inner_rim_spiral,apollo14_cone_crater_inner_rim_spiral_04,154,1383750072168,scans/001869.npy,poses/001869.npy,transforms/001869.npz,global_dem,844.5439451359337,-5436.794507159894,21.292848587939137,-0.062286680106885574,-0.15234081711540995,-0.3871459536707303,0.9072103700235423,713.0,-5387.0,0.0,included,os1_rev7_128ch20hz1024res_rtx
1870,001870,curated_inner_rim_spiral,apollo14_cone_crater_inner_rim_spiral_04,155,1386483405644,scans/001870.npy,poses/001870.npy,transforms/001870.npz,global_dem,845.4301361741723,-5437.461959017217,21.498573919872335,-0.05802240225780225,-0.012883661321701288,-0.3257607819383419,0.9435821771621704,713.0,-5387.0,0.0,included,os1_rev7_128ch20hz1024res_rtx
1871,001871,curated_inner_rim_spiral,apollo14_cone_crater_inner_rim_spiral_04,156,1389266739122,scans/001871.npy,poses/001871.npy,transforms/001871.npz,global_dem,846.2245433266655,-5438.111123966325,21.522438497068507,-0.05690576215743183,0.014893901276038861,-0.37656943743874693,0.9245189910029578,713.0,-5387.0,0.0,included,os1_rev7_128ch20hz1024res_rtx
1872,001872,curated_inner_rim_spiral,apollo14_cone_crater_inner_rim_spiral_04,157,1394766739409,scans/001872.npy,poses/001872.npy,transforms/001872.npz,global_dem,846.9085997995542,-5438.855850518975,21.55747138252415,-0.052646061165499324,-0.018393988917738753,-0.46883771931171614,0.8815221190452576,713.0,-5387.0,0.0,included,os1_rev7_128ch20hz1024res_rtx
1873,001873,curated_inner_rim_spiral,apollo14_cone_crater_inner_rim_spiral_04,158,1398150072919,scans/001873.npy,poses/001873.npy,transforms/001873.npz,global_dem,847.1306766828162,-5439.833239177632,21.646212363753943,-0.01670002685296577,-0.04102596106519462,-0.7092165071662354,0.7035978436470031,713.0,-5387.0,0.0,included,os1_rev7_128ch20hz1024res_rtx
1874,001874,curated_inner_rim_spiral,apollo14_cone_crater_inner_rim_spiral_04,159,1403716739876,scans/001874.npy,poses/001874.npy,transforms/001874.npz,global_dem,847.04857791567,-5440.813280751372,21.739791001438945,-0.04077065651635541,-0.05966518323260203,-0.6860167838147271,0.7239881157875061,713.0,-5387.0,0.0,included,os1_rev7_128ch20hz1024res_rtx
1875,001875,curated_inner_rim_spiral,apollo14_cone_crater_inner_rim_spiral_04,160,1407033406715,scans/001875.npy,poses/001875.npy,transforms/001875.npz,global_dem,847.4991086577655,-5441.697635346546,21.882315796543214,-0.061019195748315117,-0.060219603279371356,-0.3824400945756894,0.9199944734573364,713.0,-5387.0,0.0,included,os1_rev7_128ch20hz1024res_rtx
1876,001876,curated_inner_rim_spiral,apollo14_cone_crater_inner_rim_spiral_04,161,1409750073524,scans/001876.npy,poses/001876.npy,transforms/001876.npz,global_dem,848.2403438430308,-5442.299411157126,22.053309699639534,-0.0712110902228877,-0.1086425660662156,-0.3413631950529497,0.9309118876301117,713.0,-5387.0,0.0,included,os1_rev7_128ch20hz1024res_rtx
1877,001877,curated_inner_rim_spiral,apollo14_cone_crater_inner_rim_spiral_04,162,1412583407005,scans/001877.npy,poses/001877.npy,transforms/001877.npz,global_dem,848.9617919169706,-5442.94630795688,22.32928382134872,-0.07398898993434486,-0.14450022796605771,-0.3635824002710804,0.9173075556755066,713.0,-5387.0,0.0,included,os1_rev7_128ch20hz1024res_rtx
1878,001878,curated_inner_rim_spiral,apollo14_cone_crater_inner_rim_spiral_04,163,1415366740483,scans/001878.npy,poses/001878.npy,transforms/001878.npz,global_dem,849.6395147265112,-5443.634930707388,22.650394871734868,-0.05321804564186374,-0.15777611598333222,-0.37778019411824443,0.9108000119539175,713.0,-5387.0,0.0,included,os1_rev7_128ch20hz1024res_rtx
1879,001879,curated_inner_rim_spiral,apollo14_cone_crater_inner_rim_spiral_04,164,1418133407294,scans/001879.npy,poses/001879.npy,transforms/001879.npz,global_dem,850.3102321135684,-5444.365172922563,22.970879091424887,-0.024380739157041757,-0.1550023187644108,-0.3735592257448743,0.914239227771759,713.0,-5387.0,0.0,included,os1_rev7_128ch20hz1024res_rtx
1880,001880,curated_inner_rim_spiral,apollo14_cone_crater_inner_rim_spiral_04,165,1420883407438,scans/001880.npy,poses/001880.npy,transforms/001880.npz,global_dem,850.9630099282372,-5445.09150141723,23.251121392318673,0.00649031152518802,-0.18115188424082862,-0.35684693828863384,0.9164071875134608,713.0,-5387.0,0.0,included,os1_rev7_128ch20hz1024res_rtx
1881,001881,curated_inner_rim_spiral,apollo14_cone_crater_inner_rim_spiral_04,166,1423616740914,scans/001881.npy,poses/001881.npy,transforms/001881.npz,global_dem,851.626054107816,-5445.836638340887,23.518621706032565,0.06597812910914826,-0.2019783962130571,-0.33969685500904195,0.9162192208415101,713.0,-5387.0,0.0,included,os1_rev7_128ch20hz1024res_rtx
1882,001882,curated_inner_rim_spiral,apollo14_cone_crater_inner_rim_spiral_04,167,1426383407725,scans/001882.npy,poses/001882.npy,transforms/001882.npz,global_dem,852.2913198426799,-5446.51145130058,23.809623532441368,0.025972134444132672,-0.2015103911347023,-0.3330772514719324,0.9207489098820907,713.0,-5387.0,0.0,included,os1_rev7_128ch20hz1024res_rtx
1883,001883,curated_inner_rim_spiral,apollo14_cone_crater_inner_rim_spiral_04,168,1429033407863,scans/001883.npy,poses/001883.npy,transforms/001883.npz,global_dem,853.1038938902225,-5447.1043861045155,24.09048690579793,-0.05892069593534606,-0.12357412583823467,-0.3666361109029766,0.9202367897425917,713.0,-5387.0,0.0,included,os1_rev7_128ch20hz1024res_rtx
1884,001884,curated_inner_rim_spiral,apollo14_cone_crater_inner_rim_spiral_04,169,1431683408001,scans/001884.npy,poses/001884.npy,transforms/001884.npz,global_dem,853.8932104621872,-5447.77385005672,24.294696925389182,-0.10576371602811394,-0.06163730069425836,-0.39339369499707466,0.911183999130581,713.0,-5387.0,0.0,included,os1_rev7_128ch20hz1024res_rtx
1885,001885,curated_inner_rim_spiral,apollo14_cone_crater_inner_rim_spiral_04,170,1434350074807,scans/001885.npy,poses/001885.npy,transforms/001885.npz,global_dem,854.5935627762096,-5448.476406171703,24.473352788029246,-0.11103904738829831,-0.06543390791542632,-0.3941162161662474,0.9099786490928314,713.0,-5387.0,0.0,included,os1_rev7_128ch20hz1024res_rtx
1886,001886,curated_inner_rim_spiral,apollo14_cone_crater_inner_rim_spiral_04,171,1436983408277,scans/001886.npy,poses/001886.npy,transforms/001886.npz,global_dem,855.274203329638,-5449.213834031179,24.643803497714533,-0.08007548038992679,-0.06754908445435165,-0.39160988814007336,0.9141480920182575,713.0,-5387.0,0.0,included,os1_rev7_128ch20hz1024res_rtx
1887,001887,curated_inner_rim_spiral,apollo14_cone_crater_inner_rim_spiral_04,172,1439716741753,scans/001887.npy,poses/001887.npy,transforms/001887.npz,global_dem,855.9845067345495,-5449.943445913363,24.82421977066794,-0.06841634225816987,-0.07263631508260904,-0.3807272521770908,0.9192877293279372,713.0,-5387.0,0.0,included,os1_rev7_128ch20hz1024res_rtx
1888,001888,curated_inner_rim_spiral,apollo14_cone_crater_inner_rim_spiral_04,173,1442433408562,scans/001888.npy,poses/001888.npy,transforms/001888.npz,global_dem,856.7123543085074,-5450.649367467774,25.00860589792498,-0.06896964606942743,-0.07038082143458169,-0.3913281807550462,0.9149600990437765,713.0,-5387.0,0.0,included,os1_rev7_128ch20hz1024res_rtx
1889,001889,curated_inner_rim_spiral,apollo14_cone_crater_inner_rim_spiral_04,174,1445133408702,scans/001889.npy,poses/001889.npy,transforms/001889.npz,global_dem,857.4261351130644,-5451.366397197833,25.18127067566269,-0.06927693890285694,-0.062125428073083154,-0.38479141817592494,0.918300986289978,713.0,-5387.0,0.0,included,os1_rev7_128ch20hz1024res_rtx
1890,001890,curated_inner_rim_spiral,apollo14_cone_crater_inner_rim_spiral_04,175,1447833408843,scans/001890.npy,poses/001890.npy,transforms/001890.npz,global_dem,858.1461545834945,-5452.080781526338,25.351865297012928,-0.07011560740475649,-0.0639805735674181,-0.39024101729769395,0.9158068771431601,713.0,-5387.0,0.0,included,os1_rev7_128ch20hz1024res_rtx
1891,001891,curated_inner_rim_spiral,apollo14_cone_crater_inner_rim_spiral_04,176,1450516742317,scans/001891.npy,poses/001891.npy,transforms/001891.npz,global_dem,858.8533976517169,-5452.791659383395,25.522582090982166,-0.07242790113280158,-0.06473531130406936,-0.3930563955374954,0.914368748664856,713.0,-5387.0,0.0,included,os1_rev7_128ch20hz1024res_rtx
1892,001892,curated_inner_rim_spiral,apollo14_cone_crater_inner_rim_spiral_04,177,1453200075790,scans/001892.npy,poses/001892.npy,transforms/001892.npz,global_dem,859.5539145647793,-5453.496132230522,25.702825544804536,-0.07868627518663676,-0.07117396152273113,-0.3820372656024162,0.9180360913327116,713.0,-5387.0,0.0,included,os1_rev7_128ch20hz1024res_rtx
1893,001893,curated_inner_rim_spiral,apollo14_cone_crater_inner_rim_spiral_04,178,1455883409263,scans/001893.npy,poses/001893.npy,transforms/001893.npz,global_dem,860.2650077039802,-5454.19814882004,25.897835661571257,-0.08141011440817911,-0.07376040102903009,-0.3862171735838339,0.9158428311347961,713.0,-5387.0,0.0,included,os1_rev7_128ch20hz1024res_rtx
1894,001894,curated_inner_rim_spiral,apollo14_cone_crater_inner_rim_spiral_04,179,1458566742736,scans/001894.npy,poses/001894.npy,transforms/001894.npz,global_dem,860.9701831291084,-5454.897897974174,26.099317479821043,-0.08557749790284695,-0.07760694289950547,-0.38833626404418187,0.9142475596328866,713.0,-5387.0,0.0,included,os1_rev7_128ch20hz1024res_rtx
1895,001895,curated_inner_rim_spiral,apollo14_cone_crater_inner_rim_spiral_04,180,1461266742877,scans/001895.npy,poses/001895.npy,transforms/001895.npz,global_dem,861.6703889842488,-5455.59963736384,26.311968967347635,-0.08957705832897915,-0.08191137378890137,-0.38348164947703967,0.9155371658100563,713.0,-5387.0,0.0,included,os1_rev7_128ch20hz1024res_rtx
1896,001896,curated_inner_rim_spiral,apollo14_cone_crater_inner_rim_spiral_04,181,1463950076350,scans/001896.npy,poses/001896.npy,transforms/001896.npz,global_dem,862.3725804179849,-5456.30164288291,26.53144942980218,-0.08439001721229572,-0.08408880051888762,-0.38812206398700216,0.9138756272429376,713.0,-5387.0,0.0,included,os1_rev7_128ch20hz1024res_rtx
1897,001897,curated_inner_rim_spiral,apollo14_cone_crater_inner_rim_spiral_04,182,1466650076491,scans/001897.npy,poses/001897.npy,transforms/001897.npz,global_dem,863.0806401443913,-5457.005767291309,26.746659897609018,-0.0832260588410893,-0.08614694682051123,-0.39334581079481595,0.9115542769432068,713.0,-5387.0,0.0,included,os1_rev7_128ch20hz1024res_rtx
1898,001898,curated_inner_rim_spiral,apollo14_cone_crater_inner_rim_spiral_04,183,1469350076632,scans/001898.npy,poses/001898.npy,transforms/001898.npz,global_dem,863.764319080259,-5457.714176195985,26.968337983032068,-0.08083161489148248,-0.08589331615881422,-0.37860211197139193,0.9180136322975159,713.0,-5387.0,0.0,included,os1_rev7_128ch20hz1024res_rtx
1899,001899,curated_inner_rim_spiral,apollo14_cone_crater_inner_rim_spiral_04,184,1472166743446,scans/001899.npy,poses/001899.npy,transforms/001899.npz,global_dem,864.4897123736196,-5458.410541678324,27.190747662412477,-0.08013526499858727,-0.08237210259429993,-0.3759286989340947,0.919494855524227,713.0,-5387.0,0.0,included,os1_rev7_128ch20hz1024res_rtx
1900,001900,curated_inner_rim_spiral,apollo14_cone_crater_inner_rim_spiral_04,185,1474866743586,scans/001900.npy,poses/001900.npy,transforms/001900.npz,global_dem,865.2041102373521,-5459.129710669152,27.400517204372363,-0.06900875933835407,-0.07856774237248215,-0.3928471459195468,0.9136388897895813,713.0,-5387.0,0.0,included,os1_rev7_128ch20hz1024res_rtx
1901,001901,curated_inner_rim_spiral,apollo14_cone_crater_inner_rim_spiral_04,186,1477666743732,scans/001901.npy,poses/001901.npy,transforms/001901.npz,global_dem,865.911206257219,-5459.867095021139,27.598266475274258,-0.06662011633712153,-0.07217019758045452,-0.3756411148381651,0.9215459703799735,713.0,-5387.0,0.0,included,os1_rev7_128ch20hz1024res_rtx
1902,001902,curated_inner_rim_spiral,apollo14_cone_crater_inner_rim_spiral_04,187,1480350077206,scans/001902.npy,poses/001902.npy,transforms/001902.npz,global_dem,866.6259462456574,-5460.5713817896785,27.78014928148008,-0.06237691995407888,-0.07200591303434,-0.3822821553589836,0.919121657909998,713.0,-5387.0,0.0,included,os1_rev7_128ch20hz1024res_rtx
1903,001903,curated_inner_rim_spiral,apollo14_cone_crater_inner_rim_spiral_04,188,1483050077347,scans/001903.npy,poses/001903.npy,transforms/001903.npz,global_dem,867.3228039107273,-5461.274939687516,27.964598790188134,-0.06045462436521188,-0.07626098428848091,-0.3747035647977318,0.9220231771469116,713.0,-5387.0,0.0,included,os1_rev7_128ch20hz1024res_rtx
1904,001904,curated_inner_rim_spiral,apollo14_cone_crater_inner_rim_spiral_04,189,1485750077487,scans/001904.npy,poses/001904.npy,transforms/001904.npz,global_dem,868.0511486034572,-5461.987554368722,28.143000201043726,-0.06069342886868142,-0.06748883730818904,-0.3877899471461461,0.9172679659855894,713.0,-5387.0,0.0,included,os1_rev7_128ch20hz1024res_rtx
1905,001905,curated_inner_rim_spiral,apollo14_cone_crater_inner_rim_spiral_04,190,1488433410961,scans/001905.npy,poses/001905.npy,transforms/001905.npz,global_dem,868.7526877256632,-5462.69428534185,28.316768244675032,-0.06601921074362865,-0.06463121837695597,-0.37981157772914,0.9204387186808257,713.0,-5387.0,0.0,included,os1_rev7_128ch20hz1024res_rtx
1906,001906,curated_inner_rim_spiral,apollo14_cone_crater_inner_rim_spiral_04,191,1491133411101,scans/001906.npy,poses/001906.npy,transforms/001906.npz,global_dem,869.445772523198,-5463.3763993502225,28.49244017136936,-0.07140487466715184,-0.08301203545752843,-0.3983989908755574,0.9106528372065306,713.0,-5387.0,0.0,included,os1_rev7_128ch20hz1024res_rtx
1907,001907,curated_inner_rim_spiral,apollo14_cone_crater_inner_rim_spiral_04,192,1493833411242,scans/001907.npy,poses/001907.npy,transforms/001907.npz,global_dem,870.1720456475133,-5464.1081992587115,28.65856915484205,-0.07404481029138171,-0.06432315248610246,-0.3865007265594016,0.9170589329439072,713.0,-5387.0,0.0,included,os1_rev7_128ch20hz1024res_rtx
1908,001908,curated_inner_rim_spiral,apollo14_cone_crater_inner_rim_spiral_04,193,1496533411383,scans/001908.npy,poses/001908.npy,transforms/001908.npz,global_dem,870.8920348451496,-5464.82351006233,28.832395515101716,-0.07356509863697962,-0.06086642915772954,-0.3900326265385596,0.9158373241463524,713.0,-5387.0,0.0,included,os1_rev7_128ch20hz1024res_rtx
1909,001909,curated_inner_rim_spiral,apollo14_cone_crater_inner_rim_spiral_04,194,1499250078191,scans/001909.npy,poses/001909.npy,transforms/001909.npz,global_dem,871.605290330095,-5465.541681898939,29.00677693972442,-0.07630824372499852,-0.06643969211367769,-0.3914071646645556,0.9146383168776058,713.0,-5387.0,0.0,included,os1_rev7_128ch20hz1024res_rtx
1910,001910,curated_inner_rim_spiral,apollo14_cone_crater_inner_rim_spiral_04,195,1501950078332,scans/001910.npy,poses/001910.npy,transforms/001910.npz,global_dem,872.3271856022993,-5466.2667726109985,29.17523050861301,-0.07418785702261028,-0.06117518346825957,-0.38869075288002924,0.9163368689644511,713.0,-5387.0,0.0,included,os1_rev7_128ch20hz1024res_rtx
1911,001911,curated_inner_rim_spiral,apollo14_cone_crater_inner_rim_spiral_04,196,1504650078473,scans/001911.npy,poses/001911.npy,transforms/001911.npz,global_dem,873.0323787425193,-5466.97791298301,29.34631008797017,-0.06733490757912897,-0.06473385225816851,-0.3828978400755155,0.9190564632592672,713.0,-5387.0,0.0,included,os1_rev7_128ch20hz1024res_rtx
1912,001912,curated_inner_rim_spiral,apollo14_cone_crater_inner_rim_spiral_04,197,1507350078614,scans/001912.npy,poses/001912.npy,transforms/001912.npz,global_dem,873.7526891998579,-5467.6864986621495,29.522094090303685,-0.06984606516882459,-0.06774134112475239,-0.3893771654119326,0.9159247026578226,713.0,-5387.0,0.0,included,os1_rev7_128ch20hz1024res_rtx
1913,001913,curated_inner_rim_spiral,apollo14_cone_crater_inner_rim_spiral_04,198,1510050078755,scans/001913.npy,poses/001913.npy,transforms/001913.npz,global_dem,874.4692983162914,-5468.41091070083,29.699459343718978,-0.06665131148195985,-0.06500646390818363,-0.3900286696067667,0.9160837293679353,713.0,-5387.0,0.0,included,os1_rev7_128ch20hz1024res_rtx
1914,001914,curated_inner_rim_spiral,apollo14_cone_crater_inner_rim_spiral_04,199,1512750078896,scans/001914.npy,poses/001914.npy,transforms/001914.npz,global_dem,875.1615828546089,-5469.1253577689195,29.869441795792195,-0.06836824448952628,-0.06222964973914022,-0.37575233988927736,0.9220973012141925,713.0,-5387.0,0.0,included,os1_rev7_128ch20hz1024res_rtx
1915,001915,curated_inner_rim_spiral,apollo14_cone_crater_inner_rim_spiral_04,200,1515450079036,scans/001915.npy,poses/001915.npy,transforms/001915.npz,global_dem,875.8953525732516,-5469.836758970567,30.034479090367913,-0.07010255051610116,-0.056096525929610244,-0.3838813283244104,0.9190070391208396,713.0,-5387.0,0.0,included,os1_rev7_128ch20hz1024res_rtx
1916,001916,curated_inner_rim_spiral,apollo14_cone_crater_inner_rim_spiral_04,201,1518150079177,scans/001916.npy,poses/001916.npy,transforms/001916.npz,global_dem,876.6152876768883,-5470.547259702095,30.195794312421366,-0.0699492691396251,-0.05483747100561348,-0.38748113381961974,0.9175828695297241,713.0,-5387.0,0.0,included,os1_rev7_128ch20hz1024res_rtx
1917,001917,curated_inner_rim_spiral,apollo14_cone_crater_inner_rim_spiral_04,202,1520866745986,scans/001917.npy,poses/001917.npy,transforms/001917.npz,global_dem,877.337124035646,-5471.271913864049,30.352530619809883,-0.06886558922880186,-0.051121530575126056,-0.3887965471654963,0.9173229336738586,713.0,-5387.0,0.0,included,os1_rev7_128ch20hz1024res_rtx
1918,001918,curated_inner_rim_spiral,apollo14_cone_crater_inner_rim_spiral_04,203,1523616746129,scans/001918.npy,poses/001918.npy,transforms/001918.npz,global_dem,878.0233138006054,-5471.921123432435,30.532166095048424,-0.12282354261130488,-0.1078407352933426,-0.38721107134079846,0.9073876456195066,713.0,-5387.0,0.0,included,os1_rev7_128ch20hz1024res_rtx
1919,001919,curated_inner_rim_spiral,apollo14_cone_crater_inner_rim_spiral_04,204,1526166746262,scans/001919.npy,poses/001919.npy,transforms/001919.npz,global_dem,878.6054274136161,-5472.969696504958,30.530656209154827,0.20816616349908224,-0.06885533324131549,-0.35512242090156676,0.9087430096739734,713.0,-5387.0,0.0,included,os1_rev7_128ch20hz1024res_rtx
1920,001920,curated_inner_polygon,apollo14_cone_inner245_craters_3km_polygon_01,0,23333334550,scans/001920.npy,poses/001920.npy,transforms/001920.npz,global_dem,947.3745569762232,-5698.519795998717,-0.0798606336793023,-0.00969309744198696,0.04123460570134564,-0.8041607379420278,0.5929007157249584,947.294665,-5698.631068,253.0,included,os1_rev7_128ch20hz1024res_rtx
1921,001921,curated_inner_polygon,apollo14_cone_inner245_craters_3km_polygon_01,1,31716668320,scans/001921.npy,poses/001921.npy,transforms/001921.npz,global_dem,947.0992099331588,-5699.486228583609,-0.09265666456286009,-0.027404498481860794,0.03274685320636138,-0.8018160158908145,0.5960433824219675,947.294665,-5698.631068,253.0,included,os1_rev7_128ch20hz1024res_rtx
1922,001922,curated_inner_polygon,apollo14_cone_inner245_craters_3km_polygon_01,2,33850001765,scans/001922.npy,poses/001922.npy,transforms/001922.npz,global_dem,946.7922928280077,-5700.5028029337755,-0.09709827562242002,-0.01804873051824311,0.03432887200190006,-0.8098314029522705,0.5853792537031992,947.294665,-5698.631068,253.0,included,os1_rev7_128ch20hz1024res_rtx
1923,001923,curated_inner_polygon,apollo14_cone_inner245_craters_3km_polygon_01,3,35966668542,scans/001923.npy,poses/001923.npy,transforms/001923.npz,global_dem,946.4392420065332,-5701.496031829,-0.11784726375641413,-0.0030281493634350437,0.022497592480745326,-0.8157723772818217,0.5779274323891956,947.294665,-5698.631068,253.0,included,os1_rev7_128ch20hz1024res_rtx
1924,001924,curated_inner_polygon,apollo14_cone_inner245_craters_3km_polygon_01,4,38050001984,scans/001924.npy,poses/001924.npy,transforms/001924.npz,global_dem,946.0753060890527,-5702.491099057148,-0.1644491897441232,0.024689128169904758,0.023711694913292523,-0.8162663710157565,0.5766605708935859,947.294665,-5698.631068,253.0,included,os1_rev7_128ch20hz1024res_rtx
1925,001925,curated_inner_polygon,apollo14_cone_inner245_craters_3km_polygon_01,5,40100002091,scans/001925.npy,poses/001925.npy,transforms/001925.npz,global_dem,945.7372462051129,-5703.445025422003,-0.23720809833544104,0.020635932726806323,0.02697534405086163,-0.8189715108070674,0.5728282059921821,947.294665,-5698.631068,253.0,included,os1_rev7_128ch20hz1024res_rtx
1926,001926,curated_inner_polygon,apollo14_cone_inner245_craters_3km_polygon_01,6,42150002198,scans/001926.npy,poses/001926.npy,transforms/001926.npz,global_dem,945.4161623193837,-5704.388234724598,-0.3053012356470643,-0.0012338891405542242,0.03621585567462965,-0.8170774712313565,0.5753879520128267,947.294665,-5698.631068,253.0,included,os1_rev7_128ch20hz1024res_rtx
1927,001927,curated_inner_polygon,apollo14_cone_inner245_craters_3km_polygon_01,7,44200002305,scans/001927.npy,poses/001927.npy,transforms/001927.npz,global_dem,945.0764126699866,-5705.351001121801,-0.3488683202636537,0.005588038391161316,0.04122622142807013,-0.8208132093608438,0.5696796010324173,947.294665,-5698.631068,253.0,included,os1_rev7_128ch20hz1024res_rtx
1928,001928,curated_inner_polygon,apollo14_cone_inner245_craters_3km_polygon_01,8,46233335744,scans/001928.npy,poses/001928.npy,transforms/001928.npz,global_dem,944.7202820927597,-5706.2828620681885,-0.40784592886071436,0.004759787082173912,0.030468306109422756,-0.8248432677601121,0.5645198051269548,947.294665,-5698.631068,253.0,included,os1_rev7_128ch20hz1024res_rtx
1929,001929,curated_inner_polygon,apollo14_cone_inner245_craters_3km_polygon_01,9,48316669186,scans/001929.npy,poses/001929.npy,transforms/001929.npz,global_dem,944.3281437917606,-5707.197703867816,-0.45048011636058444,-0.004284047663697432,-0.015151478219554442,-0.8290595371536741,0.5589386044083136,947.294665,-5698.631068,253.0,included,os1_rev7_128ch20hz1024res_rtx
1930,001930,curated_inner_polygon,apollo14_cone_inner245_craters_3km_polygon_01,10,50400002628,scans/001930.npy,poses/001930.npy,transforms/001930.npz,global_dem,943.9313582528727,-5708.1289939778335,-0.4236037884950326,-0.006710050776605269,-0.03726736745206998,-0.8287053089778103,0.5584027483938093,947.294665,-5698.631068,253.0,included,os1_rev7_128ch20hz1024res_rtx
1931,001931,curated_inner_polygon,apollo14_cone_inner245_craters_3km_polygon_01,11,52466669403,scans/001931.npy,poses/001931.npy,transforms/001931.npz,global_dem,943.5431020940833,-5709.082563736662,-0.3812671022368218,-0.0017184429781216732,-0.027362123082770334,-0.828435636524948,0.5594128683804465,947.294665,-5698.631068,253.0,included,os1_rev7_128ch20hz1024res_rtx
1932,001932,curated_inner_polygon,apollo14_cone_inner245_craters_3km_polygon_01,12,54533336177,scans/001932.npy,poses/001932.npy,transforms/001932.npz,global_dem,943.1638112948209,-5710.030456527002,-0.3483243954507154,-0.0018732278305813631,-0.024913767742492956,-0.8243600333555079,0.5655142178588208,947.294665,-5698.631068,253.0,included,os1_rev7_128ch20hz1024res_rtx
1933,001933,curated_inner_polygon,apollo14_cone_inner245_craters_3km_polygon_01,13,56600002951,scans/001933.npy,poses/001933.npy,transforms/001933.npz,global_dem,942.7994952165319,-5710.987146370865,-0.31928309404108607,0.00010584467562769516,-0.021976352028217776,-0.8193288944487245,0.5729024275300878,947.294665,-5698.631068,253.0,included,os1_rev7_128ch20hz1024res_rtx
1934,001934,curated_inner_polygon,apollo14_cone_inner245_craters_3km_polygon_01,14,58666669726,scans/001934.npy,poses/001934.npy,transforms/001934.npz,global_dem,942.4477050801504,-5711.952977445255,-0.29563620540605606,0.0037639485472492147,-0.017043881385553822,-0.8189614106714087,0.5735830773564935,947.294665,-5698.631068,253.0,included,os1_rev7_128ch20hz1024res_rtx
1935,001935,curated_inner_polygon,apollo14_cone_inner245_craters_3km_polygon_01,15,60733336500,scans/001935.npy,poses/001935.npy,transforms/001935.npz,global_dem,942.0929719325263,-5712.919249322589,-0.2841968709474285,0.009000071060205431,-0.013473832625959485,-0.8185226687857877,0.5742456749850804,947.294665,-5698.631068,253.0,included,os1_rev7_128ch20hz1024res_rtx
1936,001936,curated_inner_polygon,apollo14_cone_inner245_craters_3km_polygon_01,16,62800003275,scans/001936.npy,poses/001936.npy,transforms/001936.npz,global_dem,941.7479251729603,-5713.890937008934,-0.28958530811482375,0.014691026703476873,-0.006694524906687398,-0.8173921972248219,0.5758553229645875,947.294665,-5698.631068,253.0,included,os1_rev7_128ch20hz1024res_rtx
1937,001937,curated_inner_polygon,apollo14_cone_inner245_craters_3km_polygon_01,17,64850003382,scans/001937.npy,poses/001937.npy,transforms/001937.npz,global_dem,941.4076099156357,-5714.840845229989,-0.30188843804780807,0.012032204936640563,-0.008999168343824688,-0.8179178916281509,0.575138734192058,947.294665,-5698.631068,253.0,included,os1_rev7_128ch20hz1024res_rtx
1938,001938,curated_inner_polygon,apollo14_cone_inner245_craters_3km_polygon_01,18,66900003489,scans/001938.npy,poses/001938.npy,transforms/001938.npz,global_dem,941.0665131781999,-5715.793527086268,-0.3135562751609071,0.011017092692238878,-0.009271968449646714,-0.8179431287886204,0.5751188506188628,947.294665,-5698.631068,253.0,included,os1_rev7_128ch20hz1024res_rtx
1939,001939,curated_inner_polygon,apollo14_cone_inner245_craters_3km_polygon_01,19,68933336928,scans/001939.npy,poses/001939.npy,transforms/001939.npz,global_dem,940.7298150046454,-5716.734640101495,-0.31852874672738973,0.007134016328092079,-0.011343591538533144,-0.8188080922271586,0.5739109136837863,947.294665,-5698.631068,253.0,included,os1_rev7_128ch20hz1024res_rtx
1940,001940,curated_inner_polygon,apollo14_cone_inner245_craters_3km_polygon_01,20,71066670373,scans/001940.npy,poses/001940.npy,transforms/001940.npz,global_dem,940.3696325829362,-5717.717300400267,-0.31326629415534263,0.0025345970048821515,-0.01620643803179141,-0.819544987784659,0.5727800102843916,947.294665,-5698.631068,253.0,included,os1_rev7_128ch20hz1024res_rtx
1941,001941,curated_inner_polygon,apollo14_cone_inner245_craters_3km_polygon_01,21,73300003822,scans/001941.npy,poses/001941.npy,transforms/001941.npz,global_dem,940.0119740701997,-5718.689241821154,-0.29786034615415397,-0.000619692817700342,-0.01846276926791574,-0.8196286459030082,0.5725972624340538,947.294665,-5698.631068,253.0,included,os1_rev7_128ch20hz1024res_rtx
1942,001942,curated_inner_polygon,apollo14_cone_inner245_craters_3km_polygon_01,22,76583337327,scans/001942.npy,poses/001942.npy,transforms/001942.npz,global_dem,939.6654507923746,-5719.627831115417,-0.27266171950379237,-0.002740003321258254,-0.021397226467028026,-0.8182041610478643,0.5745229342030472,947.294665,-5698.631068,253.0,included,os1_rev7_128ch20hz1024res_rtx
1943,001943,curated_inner_polygon,apollo14_cone_inner245_craters_3km_polygon_01,23,80400004193,scans/001943.npy,poses/001943.npy,transforms/001943.npz,global_dem,939.3303067335053,-5720.574831442943,-0.2407545957480412,-0.006211213247357753,-0.023226712645836853,-0.8167979684885759,0.576422604798423,947.294665,-5698.631068,253.0,included,os1_rev7_128ch20hz1024res_rtx
1944,001944,curated_inner_polygon,apollo14_cone_inner245_craters_3km_polygon_01,24,82516670970,scans/001944.npy,poses/001944.npy,transforms/001944.npz,global_dem,938.9797592550041,-5721.549786272912,-0.2012170703346573,-0.008422793731498547,-0.023657751127237833,-0.8223566973924854,0.5684178301312183,947.294665,-5698.631068,253.0,included,os1_rev7_128ch20hz1024res_rtx
1945,001945,curated_inner_polygon,apollo14_cone_inner245_craters_3km_polygon_01,25,84633337747,scans/001945.npy,poses/001945.npy,transforms/001945.npz,global_dem,938.61023470226,-5722.5172316576445,-0.15513210982514408,-0.01199816305114616,-0.02323485903676567,-0.8254779686982845,0.5638282616211198,947.294665,-5698.631068,253.0,included,os1_rev7_128ch20hz1024res_rtx
1946,001946,curated_inner_polygon,apollo14_cone_inner245_craters_3km_polygon_01,26,86733337856,scans/001946.npy,poses/001946.npy,transforms/001946.npz,global_dem,938.2272468103854,-5723.466482256487,-0.10372636776940886,-0.01457436896692288,-0.02703656665819825,-0.8279800086854581,0.5599158124662865,947.294665,-5698.631068,253.0,included,os1_rev7_128ch20hz1024res_rtx
1947,001947,curated_inner_polygon,apollo14_cone_inner245_craters_3km_polygon_01,27,88866671301,scans/001947.npy,poses/001947.npy,transforms/001947.npz,global_dem,937.8331441845191,-5724.432610643642,-0.04499078917325505,-0.016363746255166872,-0.025851976409994277,-0.8328557093355808,0.5526438912639133,947.294665,-5698.631068,253.0,included,os1_rev7_128ch20hz1024res_rtx
1948,001948,curated_inner_polygon,apollo14_cone_inner245_craters_3km_polygon_01,28,90983338078,scans/001948.npy,poses/001948.npy,transforms/001948.npz,global_dem,937.4278130511165,-5725.379223277078,0.016398069390680503,-0.018856509831894745,-0.02985428606292571,-0.8362703416710642,0.5471791930272882,947.294665,-5698.631068,253.0,included,os1_rev7_128ch20hz1024res_rtx
1949,001949,curated_inner_polygon,apollo14_cone_inner245_craters_3km_polygon_01,29,93100004855,scans/001949.npy,poses/001949.npy,transforms/001949.npz,global_dem,937.0074914731929,-5726.328626356222,0.0823753074940552,-0.021362352514384404,-0.028759381540422804,-0.8403618797225647,0.5408405115906364,947.294665,-5698.631068,253.0,included,os1_rev7_128ch20hz1024res_rtx
1950,001950,curated_inner_polygon,apollo14_cone_inner245_craters_3km_polygon_01,30,95250004967,scans/001950.npy,poses/001950.npy,transforms/001950.npz,global_dem,936.56578840757,-5727.278105802339,0.15234004872966916,-0.02511902984937122,-0.03258060111073532,-0.8446850381451346,0.5336803585522351,947.294665,-5698.631068,253.0,included,os1_rev7_128ch20hz1024res_rtx
1951,001951,curated_inner_polygon,apollo14_cone_inner245_craters_3km_polygon_01,31,97383338412,scans/001951.npy,poses/001951.npy,transforms/001951.npz,global_dem,936.1162978125058,-5728.2212189736965,0.22761271399673144,-0.02559273233668686,-0.03198761478574931,-0.8484021931126771,0.527764647616209,947.294665,-5698.631068,253.0,included,os1_rev7_128ch20hz1024res_rtx
1952,001952,curated_inner_polygon,apollo14_cone_inner245_craters_3km_polygon_01,32,99433338519,scans/001952.npy,poses/001952.npy,transforms/001952.npz,global_dem,935.6677060565015,-5729.120698538852,0.3011360568245188,-0.026029388149033775,-0.0326026670460333,-0.848468152657375,0.5275995934231319,947.294665,-5698.631068,253.0,included,os1_rev7_128ch20hz1024res_rtx
1953,001953,curated_inner_polygon,apollo14_cone_inner245_craters_3km_polygon_01,33,101500005293,scans/001953.npy,poses/001953.npy,transforms/001953.npz,global_dem,935.2183299440477,-5730.032820855576,0.3758492065668726,-0.025929828832942498,-0.030562695160417788,-0.8495365771663467,0.5260049141383698,947.294665,-5698.631068,253.0,included,os1_rev7_128ch20hz1024res_rtx
1954,001954,curated_inner_polygon,apollo14_cone_inner245_craters_3km_polygon_01,34,103566672068,scans/001954.npy,poses/001954.npy,transforms/001954.npz,global_dem,934.7610415070321,-5730.938213339907,0.4530526844810727,-0.026974254354224972,-0.030145994790592146,-0.8511863180927753,0.5233024560345421,947.294665,-5698.631068,253.0,included,os1_rev7_128ch20hz1024res_rtx
1955,001955,curated_inner_polygon,apollo14_cone_inner245_craters_3km_polygon_01,35,105650005510,scans/001955.npy,poses/001955.npy,transforms/001955.npz,global_dem,934.3039051379415,-5731.845993035198,0.5325309274273328,-0.029680678232341974,-0.02857812791306682,-0.853929764953387,0.5187545705546177,947.294665,-5698.631068,253.0,included,os1_rev7_128ch20hz1024res_rtx
1956,001956,curated_inner_polygon,apollo14_cone_inner245_craters_3km_polygon_01,36,107750005619,scans/001956.npy,poses/001956.npy,transforms/001956.npz,global_dem,933.8296341767709,-5732.757450193778,0.61869657008512,-0.03162839630180478,-0.029466672641770282,-0.8549301941309115,0.5169387999696682,947.294665,-5698.631068,253.0,included,os1_rev7_128ch20hz1024res_rtx
1957,001957,curated_inner_polygon,apollo14_cone_inner245_craters_3km_polygon_01,37,109850005729,scans/001957.npy,poses/001957.npy,transforms/001957.npz,global_dem,933.3467541497529,-5733.666188263817,0.7100308037330068,-0.029049872083243174,-0.03410265113596034,-0.8553912618753232,0.5160415712176574,947.294665,-5698.631068,253.0,included,os1_rev7_128ch20hz1024res_rtx
1958,001958,curated_inner_polygon,apollo14_cone_inner245_craters_3km_polygon_01,38,111966672506,scans/001958.npy,poses/001958.npy,transforms/001958.npz,global_dem,932.8558163256699,-5734.593662832735,0.7933857814885773,-0.015871056047772652,-0.03186073587599968,-0.8586354513336685,0.5113493569003443,947.294665,-5698.631068,253.0,included,os1_rev7_128ch20hz1024res_rtx
1959,001959,curated_inner_polygon,apollo14_cone_inner245_craters_3km_polygon_01,39,114066672615,scans/001959.npy,poses/001959.npy,transforms/001959.npz,global_dem,932.3446582597197,-5735.50866870922,0.8418498217875774,0.0004739468888284017,-0.029035828163578466,-0.8571125704361614,0.5143099626271284,947.294665,-5698.631068,253.0,included,os1_rev7_128ch20hz1024res_rtx
1960,001960,curated_inner_polygon,apollo14_cone_inner245_craters_3km_polygon_01,40,116166672725,scans/001960.npy,poses/001960.npy,transforms/001960.npz,global_dem,931.8556425946011,-5736.426166668631,0.8659443539236797,0.0034662010418999136,-0.027921629937705385,-0.8552811221761272,0.5173998164679843,947.294665,-5698.631068,253.0,included,os1_rev7_128ch20hz1024res_rtx
1961,001961,curated_inner_polygon,apollo14_cone_inner245_craters_3km_polygon_01,41,118283339502,scans/001961.npy,poses/001961.npy,transforms/001961.npz,global_dem,931.3792011219274,-5737.350172128963,0.8849509555333892,-0.0015825889857747533,-0.023021282472415663,-0.8538871872374663,0.5199463313046028,947.294665,-5698.631068,253.0,included,os1_rev7_128ch20hz1024res_rtx
1962,001962,curated_inner_polygon,apollo14_cone_inner245_craters_3km_polygon_01,42,120400006279,scans/001962.npy,poses/001962.npy,transforms/001962.npz,global_dem,930.9051225905438,-5738.274299100864,0.9102648148407109,-0.002646240474452447,-0.02188342384052064,-0.8498571350525064,0.5265519567646801,947.294665,-5698.631068,253.0,included,os1_rev7_128ch20hz1024res_rtx
1963,001963,curated_inner_polygon,apollo14_cone_inner245_craters_3km_polygon_01,43,122516673056,scans/001963.npy,poses/001963.npy,transforms/001963.npz,global_dem,930.439174425456,-5739.217369115228,0.9294564625943365,0.002096408197773426,-0.01831940829320727,-0.8485776618483315,0.5287494266327615,947.294665,-5698.631068,253.0,included,os1_rev7_128ch20hz1024res_rtx
1964,001964,curated_inner_polygon,apollo14_cone_inner245_craters_3km_polygon_01,44,124633339833,scans/001964.npy,poses/001964.npy,transforms/001964.npz,global_dem,929.9989620936814,-5740.133297912006,0.9410272979628276,0.0011187271072645812,-0.015033351163967767,-0.8482176047991938,0.5294333213079424,947.294665,-5698.631068,253.0,included,os1_rev7_128ch20hz1024res_rtx
1965,001965,curated_inner_polygon,apollo14_cone_inner245_craters_3km_polygon_01,45,127633339989,scans/001965.npy,poses/001965.npy,transforms/001965.npz,global_dem,929.5649078234144,-5741.035762673795,0.9594358355239451,-0.0044789057314783805,-0.018912259344733017,-0.8431337729081932,0.5373524977438194,947.294665,-5698.631068,253.0,included,os1_rev7_128ch20hz1024res_rtx
1966,001966,curated_inner_polygon,apollo14_cone_inner245_craters_3km_polygon_01,46,131866673544,scans/001966.npy,poses/001966.npy,transforms/001966.npz,global_dem,929.151145268149,-5741.976356608959,0.990159646635977,-0.008267847193165619,-0.019802469644215323,-0.8341969249828091,0.5510489953243778,947.294665,-5698.631068,253.0,included,os1_rev7_128ch20hz1024res_rtx
1967,001967,curated_inner_polygon,apollo14_cone_inner245_craters_3km_polygon_01,47,133966673653,scans/001967.npy,poses/001967.npy,transforms/001967.npz,global_dem,928.7447161980263,-5742.92005278629,1.02643574310843,-0.0058566173786150965,-0.021434878110775196,-0.8422579728426757,0.5386165177714135,947.294665,-5698.631068,253.0,included,os1_rev7_128ch20hz1024res_rtx
1968,001968,curated_inner_polygon,apollo14_cone_inner245_craters_3km_polygon_01,48,136066673763,scans/001968.npy,poses/001968.npy,transforms/001968.npz,global_dem,928.3031962696266,-5743.851712378419,1.0626999028574349,-0.004347932821379614,-0.021928172642394973,-0.8471241281310842,0.5309246295500866,947.294665,-5698.631068,253.0,included,os1_rev7_128ch20hz1024res_rtx
1969,001969,curated_inner_polygon,apollo14_cone_inner245_craters_3km_polygon_01,49,138166673872,scans/001969.npy,poses/001969.npy,transforms/001969.npz,global_dem,927.8479887705907,-5744.774352596836,1.0959587901487458,-0.0032822793023827616,-0.020589261424788518,-0.8514035978019122,0.5240965775565825,947.294665,-5698.631068,253.0,included,os1_rev7_128ch20hz1024res_rtx
1970,001970,curated_inner_polygon,apollo14_cone_inner245_craters_3km_polygon_01,50,140266673982,scans/001970.npy,poses/001970.npy,transforms/001970.npz,global_dem,927.3784049811323,-5745.686980251774,1.1252076260159678,-0.005145078890145249,-0.021191797361423143,-0.855459747917931,0.5174099492472064,947.294665,-5698.631068,253.0,included,os1_rev7_128ch20hz1024res_rtx
1971,001971,curated_inner_polygon,apollo14_cone_inner245_craters_3km_polygon_01,51,142366674091,scans/001971.npy,poses/001971.npy,transforms/001971.npz,global_dem,926.8930391461105,-5746.593356142138,1.1541629150679844,-0.0043755428568959314,-0.01992744586196722,-0.8594670124568251,0.5107839132399,947.294665,-5698.631068,253.0,included,os1_rev7_128ch20hz1024res_rtx
1972,001972,curated_inner_polygon,apollo14_cone_inner245_craters_3km_polygon_01,52,144466674201,scans/001972.npy,poses/001972.npy,transforms/001972.npz,global_dem,926.392363766405,-5747.497548408534,1.1792045091787742,-0.0036803791051716697,-0.017134223339817577,-0.8647399317641934,0.5019140599870079,947.294665,-5698.631068,253.0,included,os1_rev7_128ch20hz1024res_rtx
1973,001973,curated_inner_polygon,apollo14_cone_inner245_craters_3km_polygon_01,53,146550007643,scans/001973.npy,poses/001973.npy,transforms/001973.npz,global_dem,925.8794450048464,-5748.384050725548,1.2006806968917487,0.004181211094432949,0.017833173126570366,0.8677460684888154,-0.4966701682527607,947.294665,-5698.631068,253.0,included,os1_rev7_128ch20hz1024res_rtx
1974,001974,curated_inner_polygon,apollo14_cone_inner245_craters_3km_polygon_01,54,148650007752,scans/001974.npy,poses/001974.npy,transforms/001974.npz,global_dem,925.3536318327535,-5749.277840729706,1.2203251307530876,0.004061266781937424,0.012582353652544636,0.869868780638636,-0.49310596727168177,947.294665,-5698.631068,253.0,included,os1_rev7_128ch20hz1024res_rtx
1975,001975,curated_inner_polygon,apollo14_cone_inner245_craters_3km_polygon_01,55,150750007862,scans/001975.npy,poses/001975.npy,transforms/001975.npz,global_dem,924.8176353364862,-5750.168901401508,1.2358190876548907,0.0035428214014780308,0.008925036955665707,0.8719648402320009,-0.48947431958279314,947.294665,-5698.631068,253.0,included,os1_rev7_128ch20hz1024res_rtx
1976,001976,curated_inner_polygon,apollo14_cone_inner245_craters_3km_polygon_01,56,152850007971,scans/001976.npy,poses/001976.npy,transforms/001976.npz,global_dem,924.2688338148263,-5751.0546925090985,1.248214194995906,-0.0002805595289091467,0.008134285544299113,0.8744366757842988,-0.4850713913727954,947.294665,-5698.631068,253.0,included,os1_rev7_128ch20hz1024res_rtx
1977,001977,curated_inner_polygon,apollo14_cone_inner245_craters_3km_polygon_01,57,154950008081,scans/001977.npy,poses/001977.npy,transforms/001977.npz,global_dem,923.7176724901922,-5751.932733985511,1.2559539737165228,-0.0018645802402483982,0.00502814709826396,0.8764714657735088,-0.48142394078620865,947.294665,-5698.631068,253.0,included,os1_rev7_128ch20hz1024res_rtx
1978,001978,curated_inner_polygon,apollo14_cone_inner245_craters_3km_polygon_01,58,157066674858,scans/001978.npy,poses/001978.npy,transforms/001978.npz,global_dem,923.125299764599,-5752.693251475808,1.2270775813496821,0.029836797959655836,0.10900192887462626,0.8763820514480446,-0.4681696753195818,947.294665,-5698.631068,253.0,included,os1_rev7_128ch20hz1024res_rtx
1979,001979,curated_inner_polygon,apollo14_cone_inner245_craters_3km_polygon_01,59,159083341630,scans/001979.npy,poses/001979.npy,transforms/001979.npz,global_dem,922.5622270288865,-5753.6209927078,1.248941160431384,-0.009172469449450727,0.007313016146872227,0.8878195980054218,-0.4600421143727232,947.294665,-5698.631068,253.0,included,os1_rev7_128ch20hz1024res_rtx
1980,001980,curated_inner_polygon,apollo14_cone_inner245_craters_3km_polygon_01,60,161183341739,scans/001980.npy,poses/001980.npy,transforms/001980.npz,global_dem,921.9603092985993,-5754.476201745506,1.2315977566265475,-0.017654351667016968,0.006961444780927018,0.8868847251371912,-0.4616008518970781,947.294665,-5698.631068,253.0,included,os1_rev7_128ch20hz1024res_rtx
1981,001981,curated_inner_polygon,apollo14_cone_inner245_craters_3km_polygon_01,61,163250008514,scans/001981.npy,poses/001981.npy,transforms/001981.npz,global_dem,921.3746973125185,-5755.318715295326,1.202010668017431,-0.022756759019343074,0.006807686956495031,0.8841780586135759,-0.4665457597959347,947.294665,-5698.631068,253.0,included,os1_rev7_128ch20hz1024res_rtx
1982,001982,curated_inner_polygon,apollo14_cone_inner245_craters_3km_polygon_01,62,165333341956,scans/001982.npy,poses/001982.npy,transforms/001982.npz,global_dem,920.7940131001878,-5756.1758539838365,1.1610633124407723,-0.02819639163497166,0.005969232814433099,0.8821825087942277,-0.4700248428922633,947.294665,-5698.631068,253.0,included,os1_rev7_128ch20hz1024res_rtx
1983,001983,curated_inner_polygon,apollo14_cone_inner245_craters_3km_polygon_01,63,167400008730,scans/001983.npy,poses/001983.npy,transforms/001983.npz,global_dem,920.2239368731069,-5757.026361237049,1.1111542871684268,-0.030819338286701907,0.00846832779622878,0.8807842816603519,-0.47243783188051675,947.294665,-5698.631068,253.0,included,os1_rev7_128ch20hz1024res_rtx
1984,001984,curated_inner_polygon,apollo14_cone_inner245_craters_3km_polygon_01,64,169433342169,scans/001984.npy,poses/001984.npy,transforms/001984.npz,global_dem,919.6715248292948,-5757.867708592975,1.05942021538334,-0.03170970134677667,0.00865046857879881,0.8787915499691376,-0.47607255322766334,947.294665,-5698.631068,253.0,included,os1_rev7_128ch20hz1024res_rtx
1985,001985,curated_inner_polygon,apollo14_cone_inner245_craters_3km_polygon_01,65,171466675609,scans/001985.npy,poses/001985.npy,transforms/001985.npz,global_dem,919.1226579625122,-5758.7110630647785,1.0100029212092934,-0.031241803812813627,0.006233031916538988,0.8759095404047469,-0.4814224506975078,947.294665,-5698.631068,253.0,included,os1_rev7_128ch20hz1024res_rtx
1986,001986,curated_inner_polygon,apollo14_cone_inner245_craters_3km_polygon_01,66,173600009053,scans/001986.npy,poses/001986.npy,transforms/001986.npz,global_dem,918.5671517010675,-5759.604643964048,0.9612886249286461,-0.02799436465501707,0.005573850748826226,0.8722739930159451,-0.4881837039920635,947.294665,-5698.631068,253.0,included,os1_rev7_128ch20hz1024res_rtx
1987,001987,curated_inner_polygon,apollo14_cone_inner245_craters_3km_polygon_01,67,175733342498,scans/001987.npy,poses/001987.npy,transforms/001987.npz,global_dem,918.0250927471178,-5760.470343888868,0.9476669903658479,-0.010838754173377018,0.02807630876657298,0.8680144836978217,-0.4956259662132495,947.294665,-5698.631068,253.0,included,os1_rev7_128ch20hz1024res_rtx
1988,001988,curated_inner_polygon,apollo14_cone_inner245_craters_3km_polygon_01,68,178500009309,scans/001988.npy,poses/001988.npy,transforms/001988.npz,global_dem,917.7612783926556,-5761.400841442727,0.8346048893617544,-0.18783763267677736,0.11402194156562337,-0.8340032016711683,0.5061172593324894,947.294665,-5698.631068,253.0,included,os1_rev7_128ch20hz1024res_rtx
1989,001989,curated_inner_polygon,apollo14_cone_inner245_craters_3km_polygon_01,69,182833342868,scans/001989.npy,poses/001989.npy,transforms/001989.npz,global_dem,917.0518974554782,-5762.273736325252,0.9029813663865605,0.029392577018411692,-0.03898844064314908,-0.8415688635829571,0.537938496261536,947.294665,-5698.631068,253.0,included,os1_rev7_128ch20hz1024res_rtx
1990,001990,curated_inner_polygon,apollo14_cone_inner245_craters_3km_polygon_01,70,184916676310,scans/001990.npy,poses/001990.npy,transforms/001990.npz,global_dem,916.6668210228474,-5763.198690273302,0.8783865553847499,0.0006537174354397562,-0.00799987391057507,-0.8478420057120745,0.5301881817063224,947.294665,-5698.631068,253.0,included,os1_rev7_128ch20hz1024res_rtx
1991,001991,curated_inner_polygon,apollo14_cone_inner245_craters_3km_polygon_01,71,187000009752,scans/001991.npy,poses/001991.npy,transforms/001991.npz,global_dem,916.2191719998517,-5764.09034978382,0.8873119621477965,-0.007151433059168797,-0.010267804796744622,-0.8551227471684012,0.5182745570303667,947.294665,-5698.631068,253.0,included,os1_rev7_128ch20hz1024res_rtx
1992,001992,curated_inner_polygon,apollo14_cone_inner245_craters_3km_polygon_01,72,189083343194,scans/001992.npy,poses/001992.npy,transforms/001992.npz,global_dem,915.7457333267421,-5764.978391354676,0.902431533606744,-0.008455715854270128,-0.005491592884275782,-0.8618973323816072,0.5069825753519097,947.294665,-5698.631068,253.0,included,os1_rev7_128ch20hz1024res_rtx
1993,001993,curated_inner_polygon,apollo14_cone_inner245_craters_3km_polygon_01,73,191166676636,scans/001993.npy,poses/001993.npy,transforms/001993.npz,global_dem,915.2491696430942,-5765.857327729423,0.9173059833149102,0.009439387970767306,0.0006049336717964269,0.8686196076152107,-0.4953892502632525,947.294665,-5698.631068,253.0,included,os1_rev7_128ch20hz1024res_rtx
1994,001994,curated_inner_polygon,apollo14_cone_inner245_craters_3km_polygon_01,74,193266676746,scans/001994.npy,poses/001994.npy,transforms/001994.npz,global_dem,914.7236756931721,-5766.728007647938,0.9311753303653367,0.01147697410544445,-0.0035256302811257707,0.8755728837234312,-0.48293682224980367,947.294665,-5698.631068,253.0,included,os1_rev7_128ch20hz1024res_rtx
1995,001995,curated_inner_polygon,apollo14_cone_inner245_craters_3km_polygon_01,75,195350010188,scans/001995.npy,poses/001995.npy,transforms/001995.npz,global_dem,914.1752622648963,-5767.585453350104,0.9449581844647988,0.010095315829682797,-0.010631940549693238,0.882061723122859,-0.47090568380513276,947.294665,-5698.631068,253.0,included,os1_rev7_128ch20hz1024res_rtx
1996,001996,curated_inner_polygon,apollo14_cone_inner245_craters_3km_polygon_01,76,197450010297,scans/001996.npy,poses/001996.npy,transforms/001996.npz,global_dem,913.5960776408049,-5768.430339028273,0.953659816694391,0.010812540613217632,-0.013526859347983552,0.8884165913247972,-0.4587113180427268,947.294665,-5698.631068,253.0,included,os1_rev7_128ch20hz1024res_rtx
1997,001997,curated_inner_polygon,apollo14_cone_inner245_craters_3km_polygon_01,77,199550010407,scans/001997.npy,poses/001997.npy,transforms/001997.npz,global_dem,912.9903463681736,-5769.263428019077,0.9617411883672426,0.007890485173451027,-0.01363369167336829,0.8938977593087712,-0.44799403857399844,947.294665,-5698.631068,253.0,included,os1_rev7_128ch20hz1024res_rtx
1998,001998,curated_inner_polygon,apollo14_cone_inner245_craters_3km_polygon_01,78,201650010516,scans/001998.npy,poses/001998.npy,transforms/001998.npz,global_dem,912.3668339408451,-5770.085673561312,0.9635956013749104,0.006351347935344648,-0.013827717837543175,0.8994947114610106,-0.436666598965942,947.294665,-5698.631068,253.0,included,os1_rev7_128ch20hz1024res_rtx
1999,001999,curated_inner_polygon,apollo14_cone_inner245_craters_3km_polygon_01,79,203766677293,scans/001999.npy,poses/001999.npy,transforms/001999.npz,global_dem,911.7155082245329,-5770.892910300684,0.9654513430675257,0.006146365586246785,-0.0051199331988940255,0.905694578450477,-0.4238553279593546,947.294665,-5698.631068,253.0,included,os1_rev7_128ch20hz1024res_rtx
2000,002000,curated_inner_polygon,apollo14_cone_inner245_craters_3km_polygon_01,80,205866677403,scans/002000.npy,poses/002000.npy,transforms/002000.npz,global_dem,911.0461955398299,-5771.682046506049,0.9741540020513888,0.004544539629633744,0.0003785586821930393,0.9090342131207547,-0.41669653613728197,947.294665,-5698.631068,253.0,included,os1_rev7_128ch20hz1024res_rtx
2001,002001,curated_inner_polygon,apollo14_cone_inner245_craters_3km_polygon_01,81,207983344180,scans/002001.npy,poses/002001.npy,transforms/002001.npz,global_dem,910.3610650466561,-5772.467287340309,0.9835199816309547,0.0042053581919823,0.008794506498320942,0.9113878617468565,-0.41143302866738973,947.294665,-5698.631068,253.0,included,os1_rev7_128ch20hz1024res_rtx
2002,002002,curated_inner_polygon,apollo14_cone_inner245_craters_3km_polygon_01,82,210100010957,scans/002002.npy,poses/002002.npy,transforms/002002.npz,global_dem,909.6648442447663,-5773.244713378568,1.0009832937892444,0.0015748948328680654,0.019586856573367933,0.9117032635864306,-0.4103791343644206,947.294665,-5698.631068,253.0,included,os1_rev7_128ch20hz1024res_rtx
2003,002003,curated_inner_polygon,apollo14_cone_inner245_craters_3km_polygon_01,83,212133344396,scans/002003.npy,poses/002003.npy,transforms/002003.npz,global_dem,908.9989455229208,-5773.993421677554,1.020359871164569,0.002411078486309594,0.023796538281494722,0.9111656102710566,-0.4113455264442817,947.294665,-5698.631068,253.0,included,os1_rev7_128ch20hz1024res_rtx
2004,002004,curated_inner_polygon,apollo14_cone_inner245_craters_3km_polygon_01,84,214150011168,scans/002004.npy,poses/002004.npy,transforms/002004.npz,global_dem,908.3339846535309,-5774.746227363726,1.0390523202271937,-0.003281992713891406,0.023078573644476266,0.9101835406776886,-0.41354870359099055,947.294665,-5698.631068,253.0,included,os1_rev7_128ch20hz1024res_rtx
2005,002005,curated_inner_polygon,apollo14_cone_inner245_craters_3km_polygon_01,85,216200011275,scans/002005.npy,poses/002005.npy,transforms/002005.npz,global_dem,907.6622691493087,-5775.506650482054,1.0490514719835595,-0.0038033678715753178,0.02419263735673641,0.9089430053704924,-0.41620050898409033,947.294665,-5698.631068,253.0,included,os1_rev7_128ch20hz1024res_rtx
2006,002006,curated_inner_polygon,apollo14_cone_inner245_craters_3km_polygon_01,86,218233344715,scans/002006.npy,poses/002006.npy,transforms/002006.npz,global_dem,906.9975327343498,-5776.272503652972,1.0551515421487496,-0.010836229960294905,0.02262969472426584,0.9068509645039005,-0.4207039353456059,947.294665,-5698.631068,253.0,included,os1_rev7_128ch20hz1024res_rtx
2007,002007,curated_inner_polygon,apollo14_cone_inner245_craters_3km_polygon_01,87,220283344822,scans/002007.npy,poses/002007.npy,transforms/002007.npz,global_dem,906.3403646350514,-5777.048712502405,1.054634407588411,-0.012964053139351632,0.0218728702406185,0.9059337886184001,-0.4226552750329152,947.294665,-5698.631068,253.0,included,os1_rev7_128ch20hz1024res_rtx
2008,002008,curated_inner_polygon,apollo14_cone_inner245_craters_3km_polygon_01,88,222333344928,scans/002008.npy,poses/002008.npy,transforms/002008.npz,global_dem,905.6897097179282,-5777.824343406904,1.0515670777834651,-0.012990224450337942,0.023469432739065536,0.9046222792919372,-0.42536921797927113,947.294665,-5698.631068,253.0,included,os1_rev7_128ch20hz1024res_rtx
2009,002009,curated_inner_polygon,apollo14_cone_inner245_craters_3km_polygon_01,89,224383345035,scans/002009.npy,poses/002009.npy,transforms/002009.npz,global_dem,905.0531316977479,-5778.600802141898,1.052497098482878,-0.006100264770647853,0.025072122367163278,0.9029482188545723,-0.42897399631806277,947.294665,-5698.631068,253.0,included,os1_rev7_128ch20hz1024res_rtx
2010,002010,curated_inner_polygon,apollo14_cone_inner245_craters_3km_polygon_01,90,226416678475,scans/002010.npy,poses/002010.npy,transforms/002010.npz,global_dem,904.4292694161169,-5779.377890537238,1.0644963294973873,-0.0021009684156265713,0.029408753965822165,0.8985916770242302,-0.43779414009860385,947.294665,-5698.631068,253.0,included,os1_rev7_128ch20hz1024res_rtx
2011,002011,curated_inner_polygon,apollo14_cone_inner245_craters_3km_polygon_01,91,228666678592,scans/002011.npy,poses/002011.npy,transforms/002011.npz,global_dem,903.8056247722315,-5780.192203030672,1.0838455598348025,-0.0016286974628749995,0.02912548347933978,0.8937727822099814,-0.4475704048943566,947.294665,-5698.631068,253.0,included,os1_rev7_128ch20hz1024res_rtx
2012,002012,curated_inner_polygon,apollo14_cone_inner245_craters_3km_polygon_01,92,232100012104,scans/002012.npy,poses/002012.npy,transforms/002012.npz,global_dem,903.2110440876478,-5781.00827777462,1.099527549924949,-0.006117872313637953,0.024745593049201122,0.8876922274207436,-0.45973115691651373,947.294665,-5698.631068,253.0,included,os1_rev7_128ch20hz1024res_rtx
2013,002013,curated_inner_polygon,apollo14_cone_inner245_craters_3km_polygon_01,93,235733345627,scans/002013.npy,poses/002013.npy,transforms/002013.npz,global_dem,902.6286232109787,-5781.862503314808,1.1063880449986359,-0.010929919103127387,0.023249011826867224,0.8835903693912294,-0.4675554292664605,947.294665,-5698.631068,253.0,included,os1_rev7_128ch20hz1024res_rtx
2014,002014,curated_inner_polygon,apollo14_cone_inner245_craters_3km_polygon_01,94,237766679067,scans/002014.npy,poses/002014.npy,transforms/002014.npz,global_dem,902.0571916063724,-5782.687991178736,1.1046347772726948,-0.01187169979615031,0.018318549872551156,0.8872708262810515,-0.4607319983515984,947.294665,-5698.631068,253.0,included,os1_rev7_128ch20hz1024res_rtx
2015,002015,curated_inner_polygon,apollo14_cone_inner245_craters_3km_polygon_01,95,239800012506,scans/002015.npy,poses/002015.npy,transforms/002015.npz,global_dem,901.466511115741,-5783.502164270687,1.0958701473896035,-0.016546876003535563,0.013162027894302238,0.8914742732293053,-0.4525777083402533,947.294665,-5698.631068,253.0,included,os1_rev7_128ch20hz1024res_rtx
2016,002016,curated_inner_polygon,apollo14_cone_inner245_craters_3km_polygon_01,96,241933345951,scans/002016.npy,poses/002016.npy,transforms/002016.npz,global_dem,900.8391652969448,-5784.3385103985465,1.080314518914114,-0.016259538346027645,0.011237264747106495,0.8965937414251215,-0.4424127192238938,947.294665,-5698.631068,253.0,included,os1_rev7_128ch20hz1024res_rtx
2017,002017,curated_inner_polygon,apollo14_cone_inner245_craters_3km_polygon_01,97,244066679395,scans/002017.npy,poses/002017.npy,transforms/002017.npz,global_dem,900.192087114822,-5785.163110502203,1.063521908361555,-0.016509334147277087,0.011127998204307628,0.9006610069564375,-0.43406607802291414,947.294665,-5698.631068,253.0,included,os1_rev7_128ch20hz1024res_rtx
2018,002018,curated_inner_polygon,apollo14_cone_inner245_craters_3km_polygon_01,98,246200012840,scans/002018.npy,poses/002018.npy,transforms/002018.npz,global_dem,899.5386407038233,-5785.969165385258,1.0446359768682132,-0.014652040582514887,0.013778024877204014,0.9044550508445893,-0.4260945255914031,947.294665,-5698.631068,253.0,included,os1_rev7_128ch20hz1024res_rtx
2019,002019,curated_inner_polygon,apollo14_cone_inner245_craters_3km_polygon_01,99,248333346284,scans/002019.npy,poses/002019.npy,transforms/002019.npz,global_dem,898.8699174784697,-5786.77318805749,1.0283959549828485,-0.011603675827547847,0.014063789172152405,0.9077745037111721,-0.4190620657532078,947.294665,-5698.631068,253.0,included,os1_rev7_128ch20hz1024res_rtx
2020,002020,curated_inner_polygon,apollo14_cone_inner245_craters_3km_polygon_01,100,250466679729,scans/002020.npy,poses/002020.npy,transforms/002020.npz,global_dem,898.1852776837534,-5787.563804487192,1.0198872652543325,-0.008519152358193123,0.017277627590516015,0.9118133896093992,-0.4101527156523037,947.294665,-5698.631068,253.0,included,os1_rev7_128ch20hz1024res_rtx
2021,002021,curated_inner_polygon,apollo14_cone_inner245_craters_3km_polygon_01,101,252600013174,scans/002021.npy,poses/002021.npy,transforms/002021.npz,global_dem,897.5003594398265,-5788.334472369869,1.0184569720610364,0.008114279801424411,0.025827521932840342,0.9135101014895325,-0.40591426687257126,947.294665,-5698.631068,253.0,included,os1_rev7_128ch20hz1024res_rtx
2022,002022,curated_inner_polygon,apollo14_cone_inner245_craters_3km_polygon_01,102,254616679945,scans/002022.npy,poses/002022.npy,transforms/002022.npz,global_dem,896.8207429025845,-5789.082192204544,1.0134427850816787,0.0004015230218084451,0.014474799142347413,0.9158976003486121,-0.40115072559414094,947.294665,-5698.631068,253.0,included,os1_rev7_128ch20hz1024res_rtx
2023,002023,curated_inner_polygon,apollo14_cone_inner245_craters_3km_polygon_01,103,256650013385,scans/002023.npy,poses/002023.npy,transforms/002023.npz,global_dem,896.1311023703853,-5789.81952055433,1.0082895459165644,-0.00328245538317618,0.014247902500667022,0.9176100307403438,-0.3972128576036965,947.294665,-5698.631068,253.0,included,os1_rev7_128ch20hz1024res_rtx
2024,002024,curated_inner_polygon,apollo14_cone_inner245_craters_3km_polygon_01,104,258666680157,scans/002024.npy,poses/002024.npy,transforms/002024.npz,global_dem,895.4385818757354,-5790.542398075882,1.0117185150433043,-0.0023167527373827708,0.011212397869051708,0.9191786618525793,-0.3936743608436822,947.294665,-5698.631068,253.0,included,os1_rev7_128ch20hz1024res_rtx
2025,002025,curated_inner_polygon,apollo14_cone_inner245_craters_3km_polygon_01,105,260700013596,scans/002025.npy,poses/002025.npy,transforms/002025.npz,global_dem,894.734434161801,-5791.272960950286,1.0054696491398962,-0.01165334041213089,0.010617029218271857,0.9225198973572456,-0.38562743331847443,947.294665,-5698.631068,253.0,included,os1_rev7_128ch20hz1024res_rtx
2026,002026,curated_inner_polygon,apollo14_cone_inner245_craters_3km_polygon_01,106,262716680368,scans/002026.npy,poses/002026.npy,transforms/002026.npz,global_dem,894.0268222620658,-5791.992777584287,0.9930933011701111,-0.019505233293412076,0.006103832634534954,0.9224843443718067,-0.3854930913651464,947.294665,-5698.631068,253.0,included,os1_rev7_128ch20hz1024res_rtx
2027,002027,curated_inner_polygon,apollo14_cone_inner245_craters_3km_polygon_01,107,264833347145,scans/002027.npy,poses/002027.npy,transforms/002027.npz,global_dem,893.2889377863713,-5792.729055796354,0.9612608796052761,-0.016562435291288407,0.012354310657607418,0.9213398799553013,-0.3882085552243127,947.294665,-5698.631068,253.0,included,os1_rev7_128ch20hz1024res_rtx
2028,002028,curated_inner_polygon,apollo14_cone_inner245_craters_3km_polygon_01,108,266966680590,scans/002028.npy,poses/002028.npy,transforms/002028.npz,global_dem,892.5479752820314,-5793.474913783541,0.9279820041585045,-0.021396609148064096,0.01457710542043936,0.9163552965272775,-0.39952805113149664,947.294665,-5698.631068,253.0,included,os1_rev7_128ch20hz1024res_rtx
2029,002029,curated_inner_polygon,apollo14_cone_inner245_craters_3km_polygon_01,109,269083347367,scans/002029.npy,poses/002029.npy,transforms/002029.npz,global_dem,891.8364193445932,-5794.227105695485,0.8911848861979539,-0.011429085876660432,0.019595945279575203,0.9160166722520424,-0.40049822856152334,947.294665,-5698.631068,253.0,included,os1_rev7_128ch20hz1024res_rtx
2030,002030,curated_inner_polygon,apollo14_cone_inner245_craters_3km_polygon_01,110,271116680806,scans/002030.npy,poses/002030.npy,transforms/002030.npz,global_dem,891.1415465733974,-5794.971240708927,0.8513512055501923,-0.02320739217192679,0.01936228039060273,0.9158576620137974,-0.4003639119317261,947.294665,-5698.631068,253.0,included,os1_rev7_128ch20hz1024res_rtx
2031,002031,curated_inner_polygon,apollo14_cone_inner245_craters_3km_polygon_01,111,273133347578,scans/002031.npy,poses/002031.npy,transforms/002031.npz,global_dem,890.4660527160515,-5795.705560595972,0.8197189980236996,-0.01963255409774793,0.01684477349224015,0.9163266067577507,-0.39959525294154913,947.294665,-5698.631068,253.0,included,os1_rev7_128ch20hz1024res_rtx
2032,002032,curated_inner_polygon,apollo14_cone_inner245_craters_3km_polygon_01,112,275250014355,scans/002032.npy,poses/002032.npy,transforms/002032.npz,global_dem,889.7535282875815,-5796.469299847101,0.7930275255433804,-0.021052085428598277,0.021830910240680863,0.9163647494516018,-0.39919402177346464,947.294665,-5698.631068,253.0,included,os1_rev7_128ch20hz1024res_rtx
2033,002033,curated_inner_polygon,apollo14_cone_inner245_craters_3km_polygon_01,113,277283347794,scans/002033.npy,poses/002033.npy,transforms/002033.npz,global_dem,889.0640724000319,-5797.200872391986,0.7730054188177246,-0.01833235399308532,0.0237190379843095,0.9168281130084196,-0.39815517481453344,947.294665,-5698.631068,253.0,included,os1_rev7_128ch20hz1024res_rtx
2034,002034,curated_inner_polygon,apollo14_cone_inner245_craters_3km_polygon_01,114,279416681239,scans/002034.npy,poses/002034.npy,transforms/002034.npz,global_dem,888.3611248933254,-5797.9304250600435,0.7621620382597101,0.0019163065971789294,0.036339236475247644,0.9197148072529651,-0.3908969953594719,947.294665,-5698.631068,253.0,included,os1_rev7_128ch20hz1024res_rtx
2035,002035,curated_inner_polygon,apollo14_cone_inner245_craters_3km_polygon_01,115,282416681395,scans/002035.npy,poses/002035.npy,transforms/002035.npz,global_dem,887.6503715453825,-5798.687002908254,0.7486421239335581,-0.013342258583240105,0.027278573948587962,0.9082982283466102,-0.4172195967612722,947.294665,-5698.631068,253.0,included,os1_rev7_128ch20hz1024res_rtx
2036,002036,curated_inner_polygon,apollo14_cone_inner245_craters_3km_polygon_01,116,286683348285,scans/002036.npy,poses/002036.npy,transforms/002036.npz,global_dem,886.9664615528319,-5799.465731374871,0.7526221025900781,-0.007963614438835928,0.03030061754255409,0.9117233160097228,-0.40960840868547194,947.294665,-5698.631068,253.0,included,os1_rev7_128ch20hz1024res_rtx
2037,002037,curated_inner_polygon,apollo14_cone_inner245_craters_3km_polygon_01,117,288716681724,scans/002037.npy,poses/002037.npy,transforms/002037.npz,global_dem,886.2936272635202,-5800.200985388712,0.7659838590433163,-0.004975582470621523,0.03383833676368626,0.9148928990416181,-0.4022451911799185,947.294665,-5698.631068,253.0,included,os1_rev7_128ch20hz1024res_rtx
2038,002038,curated_inner_polygon,apollo14_cone_inner245_craters_3km_polygon_01,118,290866681836,scans/002038.npy,poses/002038.npy,transforms/002038.npz,global_dem,885.579932827525,-5800.962871572507,0.7859426093215526,7.538751460215244e-05,0.036908803099585545,0.9179858654731272,-0.39489199202064384,947.294665,-5698.631068,253.0,included,os1_rev7_128ch20hz1024res_rtx
2039,002039,curated_inner_polygon,apollo14_cone_inner245_craters_3km_polygon_01,119,292916681943,scans/002039.npy,poses/002039.npy,transforms/002039.npz,global_dem,884.8773670089938,-5801.692124715507,0.802350790767919,-0.004088964322038017,0.035736331751773064,0.9222235815961083,-0.38498033782486424,947.294665,-5698.631068,253.0,included,os1_rev7_128ch20hz1024res_rtx
2040,002040,curated_inner_polygon,apollo14_cone_inner245_craters_3km_polygon_01,120,294966682050,scans/002040.npy,poses/002040.npy,transforms/002040.npz,global_dem,884.161857962199,-5802.403770896146,0.8203388852901863,-0.0054835907508953355,0.03710467972543311,0.9243000790519809,-0.379819084353922,947.294665,-5698.631068,253.0,included,os1_rev7_128ch20hz1024res_rtx
2041,002041,curated_inner_polygon,apollo14_cone_inner245_craters_3km_polygon_01,121,297000015489,scans/002041.npy,poses/002041.npy,transforms/002041.npz,global_dem,883.4392240795836,-5803.107869923326,0.8285560014979056,-0.010161608850871522,0.0323405951398472,0.9263881906404636,-0.3750409948971583,947.294665,-5698.631068,253.0,included,os1_rev7_128ch20hz1024res_rtx
2042,002042,curated_inner_polygon,apollo14_cone_inner245_craters_3km_polygon_01,122,299050015596,scans/002042.npy,poses/002042.npy,transforms/002042.npz,global_dem,882.7029969330258,-5803.810749276877,0.829078406653676,-0.01515464061215544,0.02917435670846842,0.9280069893213261,-0.3711094468608036,947.294665,-5698.631068,253.0,included,os1_rev7_128ch20hz1024res_rtx
2043,002043,curated_inner_polygon,apollo14_cone_inner245_craters_3km_polygon_01,123,301116682371,scans/002043.npy,poses/002043.npy,transforms/002043.npz,global_dem,881.9572500882233,-5804.512016980395,0.8166771033026431,-0.016984999378625226,0.0239776536791153,0.9308972571934019,-0.3640973475184266,947.294665,-5698.631068,253.0,included,os1_rev7_128ch20hz1024res_rtx
2044,002044,curated_inner_polygon,apollo14_cone_inner245_craters_3km_polygon_01,124,303166682478,scans/002044.npy,poses/002044.npy,transforms/002044.npz,global_dem,881.2009267832577,-5805.189899588363,0.7970384488679896,-0.017770866774092484,0.020795463292854442,0.9337474078550299,-0.356885868765556,947.294665,-5698.631068,253.0,included,os1_rev7_128ch20hz1024res_rtx
2045,002045,curated_inner_polygon,apollo14_cone_inner245_craters_3km_polygon_01,125,305233349252,scans/002045.npy,poses/002045.npy,transforms/002045.npz,global_dem,880.4311085986868,-5805.865560190947,0.7747964975683383,-0.018844679217207946,0.01996695942392529,0.9356738030981167,-0.35179643658296295,947.294665,-5698.631068,253.0,included,os1_rev7_128ch20hz1024res_rtx
2046,002046,curated_inner_polygon,apollo14_cone_inner245_craters_3km_polygon_01,126,307283349359,scans/002046.npy,poses/002046.npy,transforms/002046.npz,global_dem,879.6614650700225,-5806.529306936043,0.7540380507859139,-0.020251630050247653,0.018674447703512304,0.9374145433093821,-0.34712405631897547,947.294665,-5698.631068,253.0,included,os1_rev7_128ch20hz1024res_rtx
2047,002047,curated_inner_polygon,apollo14_cone_inner245_craters_3km_polygon_01,127,309350016133,scans/002047.npy,poses/002047.npy,transforms/002047.npz,global_dem,878.8755110171256,-5807.188320699861,0.7256874694141782,-0.023186361536380866,0.022946086123439225,0.9382277175586143,-0.3444773138757806,947.294665,-5698.631068,253.0,included,os1_rev7_128ch20hz1024res_rtx
2048,002048,curated_inner_polygon,apollo14_cone_inner245_craters_3km_polygon_01,128,311416682908,scans/002048.npy,poses/002048.npy,transforms/002048.npz,global_dem,878.0857787111701,-5807.8451710110585,0.6930859126432344,-0.026839664690873392,0.02530815923013282,0.9405252123372819,-0.3377150491665637,947.294665,-5698.631068,253.0,included,os1_rev7_128ch20hz1024res_rtx
2049,002049,curated_inner_polygon,apollo14_cone_inner245_craters_3km_polygon_01,129,313483349682,scans/002049.npy,poses/002049.npy,transforms/002049.npz,global_dem,877.3020241656862,-5808.49533485401,0.6624960009118402,-0.02161279821464351,0.02903188741586439,0.9407271332892685,-0.3372276636928837,947.294665,-5698.631068,253.0,included,os1_rev7_128ch20hz1024res_rtx
2050,002050,curated_inner_polygon,apollo14_cone_inner245_craters_3km_polygon_01,130,315550016457,scans/002050.npy,poses/002050.npy,transforms/002050.npz,global_dem,876.5165285172194,-5809.146408488942,0.6413575137629438,-0.016824590351088083,0.029824934253459827,0.940321653601942,-0.3385595874046462,947.294665,-5698.631068,253.0,included,os1_rev7_128ch20hz1024res_rtx
2051,002051,curated_inner_polygon,apollo14_cone_inner245_craters_3km_polygon_01,131,317633349899,scans/002051.npy,poses/002051.npy,transforms/002051.npz,global_dem,875.7250185071367,-5809.803839918314,0.6333569167039942,-0.01438595697440681,0.029876410290357213,0.9403640207250281,-0.33854977902215744,947.294665,-5698.631068,253.0,included,os1_rev7_128ch20hz1024res_rtx
2052,002052,curated_inner_polygon,apollo14_cone_inner245_craters_3km_polygon_01,132,319700016673,scans/002052.npy,poses/002052.npy,transforms/002052.npz,global_dem,874.9333839356293,-5810.454216042596,0.6258155162785951,-0.014729211963872514,0.029882587024996958,0.939724258529384,-0.3403063314706564,947.294665,-5698.631068,253.0,included,os1_rev7_128ch20hz1024res_rtx
2053,002053,curated_inner_polygon,apollo14_cone_inner245_craters_3km_polygon_01,133,321783350115,scans/002053.npy,poses/002053.npy,transforms/002053.npz,global_dem,874.1372051641792,-5811.111852779912,0.6094223602581719,-0.014085635533227543,0.027518987427281996,0.9390897440204604,-0.34227876486599096,947.294665,-5698.631068,253.0,included,os1_rev7_128ch20hz1024res_rtx
2054,002054,curated_inner_polygon,apollo14_cone_inner245_craters_3km_polygon_01,134,323883350225,scans/002054.npy,poses/002054.npy,transforms/002054.npz,global_dem,873.3410956998861,-5811.778164058504,0.5969972554195335,-0.01381852644688082,0.028283297394385738,0.9379028544323078,-0.3454668422049604,947.294665,-5698.631068,253.0,included,os1_rev7_128ch20hz1024res_rtx
2055,002055,curated_inner_polygon,apollo14_cone_inner245_craters_3km_polygon_01,135,325966683667,scans/002055.npy,poses/002055.npy,transforms/002055.npz,global_dem,872.549071864667,-5812.4473037712505,0.5834806611252189,-0.018200800662617853,0.02813904157188234,0.9367001669111856,-0.3485250672522892,947.294665,-5698.631068,253.0,included,os1_rev7_128ch20hz1024res_rtx
2056,002056,curated_inner_polygon,apollo14_cone_inner245_craters_3km_polygon_01,136,328066683776,scans/002056.npy,poses/002056.npy,transforms/002056.npz,global_dem,871.756537580634,-5813.124421157995,0.566019966986716,-0.020827962858408128,0.03129733475468646,0.9354455257966372,-0.35146598849316124,947.294665,-5698.631068,253.0,included,os1_rev7_128ch20hz1024res_rtx
2057,002057,curated_inner_polygon,apollo14_cone_inner245_craters_3km_polygon_01,137,330183350553,scans/002057.npy,poses/002057.npy,transforms/002057.npz,global_dem,870.9630046319685,-5813.8135097953555,0.54507385289743,-0.02491667478763552,0.0334746411706989,0.9345022979944287,-0.3535025640064754,947.294665,-5698.631068,253.0,included,os1_rev7_128ch20hz1024res_rtx
2058,002058,curated_inner_polygon,apollo14_cone_inner245_craters_3km_polygon_01,138,332750017354,scans/002058.npy,poses/002058.npy,transforms/002058.npz,global_dem,870.2011313537516,-5814.487220508339,0.5201849904077172,-0.026369899683780056,0.03951223976474088,0.9313856216800724,-0.3609213695904773,947.294665,-5698.631068,253.0,included,os1_rev7_128ch20hz1024res_rtx
2059,002059,curated_inner_polygon,apollo14_cone_inner245_craters_3km_polygon_01,139,337250017588,scans/002059.npy,poses/002059.npy,transforms/002059.npz,global_dem,869.472973030559,-5815.168948428845,0.4976005061832446,-0.022819258143351024,0.04323466167649139,0.9227727709884639,-0.3822308969847658,947.294665,-5698.631068,253.0,included,os1_rev7_128ch20hz1024res_rtx
2060,002060,curated_inner_polygon,apollo14_cone_inner245_craters_3km_polygon_01,140,339483351038,scans/002060.npy,poses/002060.npy,transforms/002060.npz,global_dem,868.7306280472704,-5815.893324423344,0.4824772100685454,-0.023409827416556495,0.036589688130712686,0.9267916626175411,-0.37305547684686025,947.294665,-5698.631068,253.0,included,os1_rev7_128ch20hz1024res_rtx
2061,002061,curated_inner_polygon,apollo14_cone_inner245_craters_3km_polygon_01,141,341516684478,scans/002061.npy,poses/002061.npy,transforms/002061.npz,global_dem,867.9929165396238,-5816.579014271221,0.45828559995189433,-0.025997931481188133,0.03555693490095156,0.9313536332077719,-0.3614418651039642,947.294665,-5698.631068,253.0,included,os1_rev7_128ch20hz1024res_rtx
2062,002062,curated_inner_polygon,apollo14_cone_inner245_craters_3km_polygon_01,142,343650017922,scans/002062.npy,poses/002062.npy,transforms/002062.npz,global_dem,867.2116710983486,-5817.2798181176995,0.43272871997992973,-0.020924942883652885,0.03364462459775272,0.9345871874377845,-0.3535208269368634,947.294665,-5698.631068,253.0,included,os1_rev7_128ch20hz1024res_rtx
2063,002063,curated_inner_polygon,apollo14_cone_inner245_craters_3km_polygon_01,143,345683351362,scans/002063.npy,poses/002063.npy,transforms/002063.npz,global_dem,866.4551066481553,-5817.935949699141,0.41452307147088857,-0.01769685670100199,0.02891292921665113,0.9385119801919094,-0.34357841437331055,947.294665,-5698.631068,253.0,included,os1_rev7_128ch20hz1024res_rtx
2064,002064,curated_inner_polygon,apollo14_cone_inner245_craters_3km_polygon_01,144,347816684806,scans/002064.npy,poses/002064.npy,transforms/002064.npz,global_dem,865.6322210600952,-5818.6142297417655,0.3894361619471262,-0.027980626426105642,0.024792742637168127,0.9407065581460692,-0.33715512144754106,947.294665,-5698.631068,253.0,included,os1_rev7_128ch20hz1024res_rtx
2065,002065,curated_inner_polygon,apollo14_cone_inner245_craters_3km_polygon_01,145,349933351583,scans/002065.npy,poses/002065.npy,transforms/002065.npz,global_dem,864.8156723014697,-5819.277878096066,0.34828766595344934,-0.03156151394328825,0.01903997140445386,0.9431199070128597,-0.33040307402108127,947.294665,-5698.631068,253.0,included,os1_rev7_128ch20hz1024res_rtx
2066,002066,curated_inner_polygon,apollo14_cone_inner245_craters_3km_polygon_01,146,352050018360,scans/002066.npy,poses/002066.npy,transforms/002066.npz,global_dem,863.9849221046647,-5819.917852251571,0.2951580854346362,-0.03343253753466086,0.019615019157032176,0.9457142041382107,-0.3226796562361711,947.294665,-5698.631068,253.0,included,os1_rev7_128ch20hz1024res_rtx
2067,002067,curated_inner_polygon,apollo14_cone_inner245_craters_3km_polygon_01,147,354166685137,scans/002067.npy,poses/002067.npy,transforms/002067.npz,global_dem,863.1518004378404,-5820.549924649988,0.24151058526328648,-0.0318068141336247,0.019887836031848516,0.9484463637523636,-0.3147098594540036,947.294665,-5698.631068,253.0,included,os1_rev7_128ch20hz1024res_rtx
2068,002068,curated_inner_polygon,apollo14_cone_inner245_craters_3km_polygon_01,148,356283351914,scans/002068.npy,poses/002068.npy,transforms/002068.npz,global_dem,862.3084113094437,-5821.176270674077,0.1809112266208214,-0.03419509040870345,0.014860553849979521,0.9512885490091826,-0.3060391417044831,947.294665,-5698.631068,253.0,included,os1_rev7_128ch20hz1024res_rtx
2069,002069,curated_inner_polygon,apollo14_cone_inner245_craters_3km_polygon_01,149,358383352024,scans/002069.npy,poses/002069.npy,transforms/002069.npz,global_dem,861.4619775926669,-5821.783142200074,0.11290884844227855,-0.03410135720978414,0.014633654058192993,0.9525208859970876,-0.3022034337076254,947.294665,-5698.631068,253.0,included,os1_rev7_128ch20hz1024res_rtx
2070,002070,curated_inner_polygon,apollo14_cone_inner245_craters_3km_polygon_01,150,360483352134,scans/002070.npy,poses/002070.npy,transforms/002070.npz,global_dem,860.6160626147451,-5822.392347126578,0.04847006835531764,-0.03321237087833311,0.010871134754276684,0.9529828784770491,-0.3010023092592354,947.294665,-5698.631068,253.0,included,os1_rev7_128ch20hz1024res_rtx
2071,002071,curated_inner_polygon,apollo14_cone_inner245_craters_3km_polygon_01,151,362583352243,scans/002071.npy,poses/002071.npy,transforms/002071.npz,global_dem,859.7667724963594,-5822.991652001712,-0.01245327190706208,-0.029653272762666272,0.011146039795859795,0.9522647342216527,-0.3036253039012021,947.294665,-5698.631068,253.0,included,os1_rev7_128ch20hz1024res_rtx
2072,002072,curated_inner_polygon,apollo14_cone_inner245_craters_3km_polygon_01,152,364666685685,scans/002072.npy,poses/002072.npy,transforms/002072.npz,global_dem,858.9265766816717,-5823.597892079768,-0.07403028148112062,-0.029934471131398778,0.0061377787535915815,0.9520345667570916,-0.3044608986548066,947.294665,-5698.631068,253.0,included,os1_rev7_128ch20hz1024res_rtx
2073,002073,curated_inner_polygon,apollo14_cone_inner245_craters_3km_polygon_01,153,366766685795,scans/002073.npy,poses/002073.npy,transforms/002073.npz,global_dem,858.0799870914625,-5824.20304141114,-0.1307294070506641,-0.02866377947462875,0.003027040648166433,0.951772093187373,-0.30544902586335215,947.294665,-5698.631068,253.0,included,os1_rev7_128ch20hz1024res_rtx
2074,002074,curated_inner_polygon,apollo14_cone_inner245_craters_3km_polygon_01,154,368850019237,scans/002074.npy,poses/002074.npy,transforms/002074.npz,global_dem,857.2361137569151,-5824.806135443834,-0.18707399635401883,-0.02977160795232957,0.0007071454479656617,0.951336562682871,-0.30671142105892985,947.294665,-5698.631068,253.0,included,os1_rev7_128ch20hz1024res_rtx
2075,002075,curated_inner_polygon,apollo14_cone_inner245_craters_3km_polygon_01,155,370950019346,scans/002075.npy,poses/002075.npy,transforms/002075.npz,global_dem,856.3921721218173,-5825.417128449157,-0.24804658368092186,-0.0272029694378178,-0.004597609164550362,0.9510830982586446,-0.3077008297851547,947.294665,-5698.631068,253.0,included,os1_rev7_128ch20hz1024res_rtx
2076,002076,curated_inner_polygon,apollo14_cone_inner245_craters_3km_polygon_01,156,373033352788,scans/002076.npy,poses/002076.npy,transforms/002076.npz,global_dem,855.5487225884558,-5826.024187435163,-0.3129803870959149,-0.03161162300165607,-0.007194472812819652,0.9504958113063792,-0.3090415142681886,947.294665,-5698.631068,253.0,included,os1_rev7_128ch20hz1024res_rtx
2077,002077,curated_inner_polygon,apollo14_cone_inner245_craters_3km_polygon_01,157,375116686230,scans/002077.npy,poses/002077.npy,transforms/002077.npz,global_dem,854.7072069712326,-5826.635254109384,-0.3867062657106828,-0.03534241567859414,-0.008727677423326361,0.9500877171997526,-0.30985169182523237,947.294665,-5698.631068,253.0,included,os1_rev7_128ch20hz1024res_rtx
2078,002078,curated_inner_polygon,apollo14_cone_inner245_craters_3km_polygon_01,158,377200019672,scans/002078.npy,poses/002078.npy,transforms/002078.npz,global_dem,853.8691784621697,-5827.252879894197,-0.46369828031033367,-0.03915411362962888,-0.012907525861923072,0.9491598038701495,-0.3120833508522705,947.294665,-5698.631068,253.0,included,os1_rev7_128ch20hz1024res_rtx
2079,002079,curated_inner_polygon,apollo14_cone_inner245_craters_3km_polygon_01,159,379283353114,scans/002079.npy,poses/002079.npy,transforms/002079.npz,global_dem,853.0412363664209,-5827.86403862498,-0.5483788539883439,-0.03578298413899696,-0.009718093062988088,0.9495656162759651,-0.3113683945100624,947.294665,-5698.631068,253.0,included,os1_rev7_128ch20hz1024res_rtx
2080,002080,curated_inner_polygon,apollo14_cone_inner245_craters_3km_polygon_01,160,381366686556,scans/002080.npy,poses/002080.npy,transforms/002080.npz,global_dem,852.2119651449811,-5828.483676379908,-0.6361378354258654,-0.036090336658513064,-0.013066522715818813,0.9502797420773149,-0.30902292047915175,947.294665,-5698.631068,253.0,included,os1_rev7_128ch20hz1024res_rtx
2081,002081,curated_inner_polygon,apollo14_cone_inner245_craters_3km_polygon_01,161,383883353354,scans/002081.npy,poses/002081.npy,transforms/002081.npz,global_dem,851.3869033581849,-5829.095965196979,-0.723878081624287,-0.04212883345422856,-0.017182213495137284,0.9501462830736462,-0.3084671355145114,947.294665,-5698.631068,253.0,included,os1_rev7_128ch20hz1024res_rtx
2082,002082,curated_inner_polygon,apollo14_cone_inner245_craters_3km_polygon_01,162,388250020248,scans/002082.npy,poses/002082.npy,transforms/002082.npz,global_dem,850.5776084065167,-5829.684600441928,-0.8209580726561844,-0.04536892041167784,-0.01877717043798604,0.9496488988827789,-0.3094447410794813,947.294665,-5698.631068,253.0,included,os1_rev7_128ch20hz1024res_rtx
2083,002083,curated_inner_polygon,apollo14_cone_inner245_craters_3km_polygon_01,163,390650020373,scans/002083.npy,poses/002083.npy,transforms/002083.npz,global_dem,849.7370282549159,-5830.298483046006,-0.9210341930311643,-0.04737530072677551,-0.012743903287168444,0.9509976172225161,-0.3052813552235901,947.294665,-5698.631068,253.0,included,os1_rev7_128ch20hz1024res_rtx
2084,002084,curated_inner_polygon,apollo14_cone_inner245_craters_3km_polygon_01,164,392700020480,scans/002084.npy,poses/002084.npy,transforms/002084.npz,global_dem,848.9239170504318,-5830.887780697388,-1.0125936137204394,-0.03968909151185011,-0.00922299480681293,0.9522782855981573,-0.30249922175105176,947.294665,-5698.631068,253.0,included,os1_rev7_128ch20hz1024res_rtx
2085,002085,curated_inner_polygon,apollo14_cone_inner245_craters_3km_polygon_01,165,394733353920,scans/002085.npy,poses/002085.npy,transforms/002085.npz,global_dem,848.1067191198707,-5831.455170252252,-1.0986430933072318,-0.03746893397792253,-0.007755530493778247,0.9538914503373095,-0.297702925257214,947.294665,-5698.631068,253.0,included,os1_rev7_128ch20hz1024res_rtx
2086,002086,curated_inner_polygon,apollo14_cone_inner245_craters_3km_polygon_01,166,396783354027,scans/002086.npy,poses/002086.npy,transforms/002086.npz,global_dem,847.2659151800232,-5832.020368710896,-1.1847764353986516,-0.03988605596927236,-0.00413046827595261,0.9569269863905198,-0.28754614323373495,947.294665,-5698.631068,253.0,included,os1_rev7_128ch20hz1024res_rtx
2087,002087,curated_inner_polygon,apollo14_cone_inner245_craters_3km_polygon_01,167,398816687466,scans/002087.npy,poses/002087.npy,transforms/002087.npz,global_dem,846.4292055182175,-5832.56321932626,-1.2599993431339187,-0.03319470938896149,-0.0024311763848208798,0.9598470571400403,-0.2785423263160784,947.294665,-5698.631068,253.0,included,os1_rev7_128ch20hz1024res_rtx
2088,002088,curated_inner_polygon,apollo14_cone_inner245_craters_3km_polygon_01,168,400850020905,scans/002088.npy,poses/002088.npy,transforms/002088.npz,global_dem,845.5781697750303,-5833.088919315835,-1.3259480090128664,-0.030294764839992206,0.004097511143037205,0.9623424794888086,-0.270115511951932,947.294665,-5698.631068,253.0,included,os1_rev7_128ch20hz1024res_rtx
2089,002089,curated_inner_polygon,apollo14_cone_inner245_craters_3km_polygon_01,169,402883354345,scans/002089.npy,poses/002089.npy,transforms/002089.npz,global_dem,844.7103020411547,-5833.603430000473,-1.3849770601345321,-0.03170048595465111,0.005195222022593067,0.9652019439247826,-0.2595251361664139,947.294665,-5698.631068,253.0,included,os1_rev7_128ch20hz1024res_rtx
2090,002090,curated_inner_polygon,apollo14_cone_inner245_craters_3km_polygon_01,170,404900021117,scans/002090.npy,poses/002090.npy,transforms/002090.npz,global_dem,843.833306589421,-5834.100182799345,-1.441155277866085,-0.03537914650933169,0.0012248205439458523,0.9654252127163321,-0.25826531795525975,947.294665,-5698.631068,253.0,included,os1_rev7_128ch20hz1024res_rtx
2091,002091,curated_inner_polygon,apollo14_cone_inner245_craters_3km_polygon_01,171,406950021224,scans/002091.npy,poses/002091.npy,transforms/002091.npz,global_dem,842.9395578424982,-5834.612114902339,-1.515335399446245,-0.04609525815679986,0.008932200348360168,0.9647356775340735,-0.2589990646030735,947.294665,-5698.631068,253.0,included,os1_rev7_128ch20hz1024res_rtx
2092,002092,curated_inner_polygon,apollo14_cone_inner245_craters_3km_polygon_01,172,408966687995,scans/002092.npy,poses/002092.npy,transforms/002092.npz,global_dem,842.0757563090356,-5835.11705050393,-1.5974641085810108,-0.047282607179047656,0.007827475818522599,0.9652701295092463,-0.25682029272988766,947.294665,-5698.631068,253.0,included,os1_rev7_128ch20hz1024res_rtx
2093,002093,curated_inner_polygon,apollo14_cone_inner245_craters_3km_polygon_01,173,410983354767,scans/002093.npy,poses/002093.npy,transforms/002093.npz,global_dem,841.2058397746675,-5835.612672145992,-1.6894147780450488,-0.04790669647232075,0.006009243514981203,0.966538932489861,-0.2519351690551494,947.294665,-5698.631068,253.0,included,os1_rev7_128ch20hz1024res_rtx
2094,002094,curated_inner_polygon,apollo14_cone_inner245_craters_3km_polygon_01,174,413100021544,scans/002094.npy,poses/002094.npy,transforms/002094.npz,global_dem,840.2818318085821,-5836.125287877438,-1.7918328134863792,-0.053052557724417665,0.0060517608367511785,0.965791688469628,-0.2537621263952859,947.294665,-5698.631068,253.0,included,os1_rev7_128ch20hz1024res_rtx
2095,002095,curated_inner_polygon,apollo14_cone_inner245_craters_3km_polygon_01,175,415216688321,scans/002095.npy,poses/002095.npy,transforms/002095.npz,global_dem,839.3695616048627,-5836.641435046352,-1.9003911983804989,-0.04983736826623267,0.004680610984587445,0.9658951964668577,-0.25404881036398747,947.294665,-5698.631068,253.0,included,os1_rev7_128ch20hz1024res_rtx
2096,002096,curated_inner_polygon,apollo14_cone_inner245_craters_3km_polygon_01,176,417316688431,scans/002096.npy,poses/002096.npy,transforms/002096.npz,global_dem,838.4871706453793,-5837.137023647953,-1.9962750809234184,-0.024543784714156282,0.008848879093231767,0.9674989309873051,-0.251525582216045,947.294665,-5698.631068,253.0,included,os1_rev7_128ch20hz1024res_rtx
2097,002097,curated_inner_polygon,apollo14_cone_inner245_craters_3km_polygon_01,177,419316688535,scans/002097.npy,poses/002097.npy,transforms/002097.npz,global_dem,837.5727489187044,-5837.64333002048,-2.0767189625703986,-0.0646657798181996,0.0008666301698237405,0.9679558529370325,-0.24265006210094986,947.294665,-5698.631068,253.0,included,os1_rev7_128ch20hz1024res_rtx
2098,002098,curated_inner_polygon,apollo14_cone_inner245_craters_3km_polygon_01,178,421416688645,scans/002098.npy,poses/002098.npy,transforms/002098.npz,global_dem,836.680299988579,-5838.124284287503,-2.1758477892871744,-0.03725659493498948,0.003477426120483149,0.9689764448217179,-0.24430411994498005,947.294665,-5698.631068,253.0,included,os1_rev7_128ch20hz1024res_rtx
2099,002099,curated_inner_polygon,apollo14_cone_inner245_craters_3km_polygon_01,179,423533355422,scans/002099.npy,poses/002099.npy,transforms/002099.npz,global_dem,835.7691258962292,-5838.6258730291875,-2.245399632336108,-0.031027374949927463,0.00820805755834775,0.9693601744674148,-0.24353805031522005,947.294665,-5698.631068,253.0,included,os1_rev7_128ch20hz1024res_rtx
2100,002100,curated_inner_polygon,apollo14_cone_inner245_craters_3km_polygon_01,180,425633355531,scans/002100.npy,poses/002100.npy,transforms/002100.npz,global_dem,834.8500296061169,-5839.122565788749,-2.307668021473306,-0.033274339168608995,0.007547281039729849,0.9689950125928498,-0.24471314323505908,947.294665,-5698.631068,253.0,included,os1_rev7_128ch20hz1024res_rtx
2101,002101,curated_inner_polygon,apollo14_cone_inner245_craters_3km_polygon_01,181,427733355641,scans/002101.npy,poses/002101.npy,transforms/002101.npz,global_dem,833.9383468767139,-5839.619775700794,-2.3710647348574505,-0.03152995786782262,0.006265889232895463,0.9681327259604611,-0.24836591012725817,947.294665,-5698.631068,253.0,included,os1_rev7_128ch20hz1024res_rtx
2102,002102,curated_inner_polygon,apollo14_cone_inner245_craters_3km_polygon_01,182,429850022418,scans/002102.npy,poses/002102.npy,transforms/002102.npz,global_dem,833.0317843294813,-5840.133660727284,-2.4274073868217996,-0.026436578216267968,0.0031344449920260023,0.9665603801623202,-0.2550535514108331,947.294665,-5698.631068,253.0,included,os1_rev7_128ch20hz1024res_rtx
2103,002103,curated_inner_polygon,apollo14_cone_inner245_craters_3km_polygon_01,183,431883355857,scans/002103.npy,poses/002103.npy,transforms/002103.npz,global_dem,832.1613005931938,-5840.632561047686,-2.4696637559262933,-0.02658196230248556,0.00879027525149981,0.9637244866422204,-0.26542653256097215,947.294665,-5698.631068,253.0,included,os1_rev7_128ch20hz1024res_rtx
2104,002104,curated_inner_polygon,apollo14_cone_inner245_craters_3km_polygon_01,184,434133355975,scans/002104.npy,poses/002104.npy,transforms/002104.npz,global_dem,831.2824672701635,-5841.174316338334,-2.527095107612646,-0.02518461016485839,-0.0027042972988776176,0.9617763391046286,-0.2726622374394044,947.294665,-5698.631068,253.0,included,os1_rev7_128ch20hz1024res_rtx
2105,002105,curated_inner_polygon,apollo14_cone_inner245_craters_3km_polygon_01,185,437550022820,scans/002105.npy,poses/002105.npy,transforms/002105.npz,global_dem,830.4255242036807,-5841.711408050527,-2.584880761594657,-0.028819908193885243,-0.00177234989328866,0.9583836764467123,-0.28401936622004365,947.294665,-5698.631068,253.0,included,os1_rev7_128ch20hz1024res_rtx
2106,002106,curated_inner_polygon,apollo14_cone_inner245_craters_3km_polygon_01,186,441100023005,scans/002106.npy,poses/002106.npy,transforms/002106.npz,global_dem,829.5893095347518,-5842.26110297443,-2.643776684908699,-0.032731523452503276,0.00150709676545221,0.9590245204414086,-0.2814220055787111,947.294665,-5698.631068,253.0,included,os1_rev7_128ch20hz1024res_rtx
2107,002107,curated_inner_polygon,apollo14_cone_inner245_craters_3km_polygon_01,187,443133356444,scans/002107.npy,poses/002107.npy,transforms/002107.npz,global_dem,828.7475270929799,-5842.787206857127,-2.7002824333319375,-0.027662319876569773,0.011722523383020307,0.9600040793326519,-0.27836944187401114,947.294665,-5698.631068,253.0,included,os1_rev7_128ch20hz1024res_rtx
2108,002108,curated_inner_polygon,apollo14_cone_inner245_craters_3km_polygon_01,188,445200023218,scans/002108.npy,poses/002108.npy,transforms/002108.npz,global_dem,827.8922259303805,-5843.310714406095,-2.7404509688402876,-0.014463134543246384,0.022899878821578352,0.9625215465186956,-0.26984937609043946,947.294665,-5698.631068,253.0,included,os1_rev7_128ch20hz1024res_rtx
2109,002109,curated_inner_polygon,apollo14_cone_inner245_craters_3km_polygon_01,189,447283356660,scans/002109.npy,poses/002109.npy,transforms/002109.npz,global_dem,827.0139454755218,-5843.85011671677,-2.770284498357359,-0.016883494800009922,0.014742672712476123,0.9642460195714182,-0.2640591125966062,947.294665,-5698.631068,253.0,included,os1_rev7_128ch20hz1024res_rtx
2110,002110,curated_inner_polygon,apollo14_cone_inner245_craters_3km_polygon_01,190,449383356770,scans/002110.npy,poses/002110.npy,transforms/002110.npz,global_dem,826.1201084550271,-5844.374948300474,-2.7995715770868888,-0.018518969119568286,0.011544592566606806,0.9658054243738555,-0.2583479289935503,947.294665,-5698.631068,253.0,included,os1_rev7_128ch20hz1024res_rtx
2111,002111,curated_inner_polygon,apollo14_cone_inner245_craters_3km_polygon_01,191,451516690215,scans/002111.npy,poses/002111.npy,transforms/002111.npz,global_dem,825.2054010660858,-5844.895990583911,-2.83463231735725,-0.020544800965280764,0.004502738700063523,0.9687825200720283,-0.24701835012886417,947.294665,-5698.631068,253.0,included,os1_rev7_128ch20hz1024res_rtx
2112,002112,curated_inner_polygon,apollo14_cone_inner245_craters_3km_polygon_01,192,453550023654,scans/002112.npy,poses/002112.npy,transforms/002112.npz,global_dem,824.3189415574587,-5845.37179516084,-2.876707160709337,-0.027172157827728017,0.0014759874623019823,0.9695594744322311,-0.24333910667768133,947.294665,-5698.631068,253.0,included,os1_rev7_128ch20hz1024res_rtx
2113,002113,curated_inner_polygon,apollo14_cone_inner245_craters_3km_polygon_01,193,455583357093,scans/002113.npy,poses/002113.npy,transforms/002113.npz,global_dem,823.429092061848,-5845.849871158703,-2.9351937318612187,-0.03138672733521427,-0.011621730026403146,0.971421493853192,-0.23498955299845004,947.294665,-5698.631068,253.0,included,os1_rev7_128ch20hz1024res_rtx
2114,002114,curated_inner_polygon,apollo14_cone_inner245_craters_3km_polygon_01,194,457633357200,scans/002114.npy,poses/002114.npy,transforms/002114.npz,global_dem,822.5223922250632,-5846.316974718937,-3.0092745964750054,-0.03504473643259964,-0.024715766193132465,0.9724552856642248,-0.22911070410080578,947.294665,-5698.631068,253.0,included,os1_rev7_128ch20hz1024res_rtx
2115,002115,curated_inner_polygon,apollo14_cone_inner245_craters_3km_polygon_01,195,459683357307,scans/002115.npy,poses/002115.npy,transforms/002115.npz,global_dem,821.5948828377662,-5846.791450629742,-3.1183769193156534,-0.05816087903129575,-0.04244181453433711,0.9730055964078835,-0.21926265958497987,947.294665,-5698.631068,253.0,included,os1_rev7_128ch20hz1024res_rtx
2116,002116,curated_inner_polygon,apollo14_cone_inner245_craters_3km_polygon_01,196,461733357414,scans/002116.npy,poses/002116.npy,transforms/002116.npz,global_dem,820.6509578730986,-5847.215796834867,-3.271034427852738,-0.07651947779660924,-0.03795869794119125,0.9735245282170253,-0.2120233471298905,947.294665,-5698.631068,253.0,included,os1_rev7_128ch20hz1024res_rtx
2117,002117,curated_inner_polygon,apollo14_cone_inner245_craters_3km_polygon_01,197,463750024186,scans/002117.npy,poses/002117.npy,transforms/002117.npz,global_dem,819.7293150029236,-5847.620651965498,-3.446427446750737,-0.0799834685579622,-0.03014563897372984,0.9758208483598395,-0.20116549682931756,947.294665,-5698.631068,253.0,included,os1_rev7_128ch20hz1024res_rtx
2118,002118,curated_inner_polygon,apollo14_cone_inner245_craters_3km_polygon_01,198,465833357628,scans/002118.npy,poses/002118.npy,transforms/002118.npz,global_dem,818.7949278014879,-5848.021310287083,-3.6121783280679973,-0.0696030247758261,-0.020926314018219386,0.9768886489873865,-0.20101262597972638,947.294665,-5698.631068,253.0,included,os1_rev7_128ch20hz1024res_rtx
2119,002119,curated_inner_polygon,apollo14_cone_inner245_craters_3km_polygon_01,199,467883357735,scans/002119.npy,poses/002119.npy,transforms/002119.npz,global_dem,817.8604700447071,-5848.431356150572,-3.7616714935574587,-0.07790161389181861,-0.03026747157553233,0.9758717720853394,-0.201716392899769,947.294665,-5698.631068,253.0,included,os1_rev7_128ch20hz1024res_rtx
2120,002120,curated_inner_polygon,apollo14_cone_inner245_craters_3km_polygon_01,200,469916691174,scans/002120.npy,poses/002120.npy,transforms/002120.npz,global_dem,816.9546972695836,-5848.856454916386,-3.9242105477696647,-0.06595847586229284,-0.04500366584824932,0.9747268696731849,-0.20864246705610176,947.294665,-5698.631068,253.0,included,os1_rev7_128ch20hz1024res_rtx
2121,002121,curated_inner_polygon,apollo14_cone_inner245_craters_3km_polygon_01,201,471950024614,scans/002121.npy,poses/002121.npy,transforms/002121.npz,global_dem,816.0418673504427,-5849.274864911928,-4.075404537617122,-0.059867150273400845,-0.05651339297696448,0.9750092881284561,-0.20634691370508673,947.294665,-5698.631068,253.0,included,os1_rev7_128ch20hz1024res_rtx
2122,002122,curated_inner_polygon,apollo14_cone_inner245_craters_3km_polygon_01,202,473983358053,scans/002122.npy,poses/002122.npy,transforms/002122.npz,global_dem,815.1183511518809,-5849.671004176383,-4.228367808483663,-0.05952997406008551,-0.04553075788398687,0.9758847220780298,-0.20501741752739458,947.294665,-5698.631068,253.0,included,os1_rev7_128ch20hz1024res_rtx
2123,002123,curated_inner_polygon,apollo14_cone_inner245_craters_3km_polygon_01,203,476016691492,scans/002123.npy,poses/002123.npy,transforms/002123.npz,global_dem,814.1835347333479,-5850.044538812434,-4.3913481353417065,-0.06517918110096575,-0.015745720253205475,0.9777969374995706,-0.19853688740678935,947.294665,-5698.631068,253.0,included,os1_rev7_128ch20hz1024res_rtx
2124,002124,curated_inner_polygon,apollo14_cone_inner245_craters_3km_polygon_01,204,478066691599,scans/002124.npy,poses/002124.npy,transforms/002124.npz,global_dem,813.2855113711471,-5850.406393932399,-4.5166583937777345,-0.0322176020593626,0.002923365104470843,0.9797441956560412,-0.19762285073418878,947.294665,-5698.631068,253.0,included,os1_rev7_128ch20hz1024res_rtx
2125,002125,curated_inner_polygon,apollo14_cone_inner245_craters_3km_polygon_01,205,480150025041,scans/002125.npy,poses/002125.npy,transforms/002125.npz,global_dem,812.3293173746918,-5850.8473325590185,-4.580732841492256,-0.0354295076424122,-0.04053040253634797,0.9812188554866131,-0.18523389024689535,947.294665,-5698.631068,253.0,included,os1_rev7_128ch20hz1024res_rtx
2126,002126,curated_inner_polygon,apollo14_cone_inner245_craters_3km_polygon_01,206,482200025148,scans/002126.npy,poses/002126.npy,transforms/002126.npz,global_dem,811.3657891256921,-5851.249283692006,-4.676520988456669,-0.061083644579713235,-0.048671494701114405,0.9789457866746903,-0.18858690495442793,947.294665,-5698.631068,253.0,included,os1_rev7_128ch20hz1024res_rtx
2127,002127,curated_inner_polygon,apollo14_cone_inner245_craters_3km_polygon_01,207,484166691917,scans/002127.npy,poses/002127.npy,transforms/002127.npz,global_dem,810.3967280112898,-5851.595461475682,-4.8388858586905314,-0.11087088063582606,-0.024082691520974666,0.9766667966729633,-0.18234483834952556,947.294665,-5698.631068,253.0,included,os1_rev7_128ch20hz1024res_rtx
2128,002128,curated_inner_polygon,apollo14_cone_inner245_craters_3km_polygon_01,208,486766692053,scans/002128.npy,poses/002128.npy,transforms/002128.npz,global_dem,809.4816233587374,-5851.952535752639,-5.052228444523559,-0.08353811310596633,-0.021024818831706534,0.9790556035113016,-0.18447077244081164,947.294665,-5698.631068,253.0,included,os1_rev7_128ch20hz1024res_rtx
2129,002129,curated_inner_polygon,apollo14_cone_inner245_craters_3km_polygon_01,209,491366692293,scans/002129.npy,poses/002129.npy,transforms/002129.npz,global_dem,808.583525542508,-5852.337632066856,-5.1959273651841125,-0.04888687104555158,-0.022805736470306995,0.9755502004730098,-0.21305346413633613,947.294665,-5698.631068,253.0,included,os1_rev7_128ch20hz1024res_rtx
2130,002130,curated_inner_polygon,apollo14_cone_inner245_craters_3km_polygon_01,210,493483359070,scans/002130.npy,poses/002130.npy,transforms/002130.npz,global_dem,807.6510246830628,-5852.794306425716,-5.31936629985083,-0.055768227689255864,-0.045401427728826875,0.9732981164748131,-0.21798943003541374,947.294665,-5698.631068,253.0,included,os1_rev7_128ch20hz1024res_rtx
2131,002131,curated_inner_polygon,apollo14_cone_inner245_craters_3km_polygon_01,211,495483359174,scans/002131.npy,poses/002131.npy,transforms/002131.npz,global_dem,806.7184453820507,-5853.220491693616,-5.46477630346477,-0.08208754390211227,-0.04599467157647927,0.9725586502358581,-0.21278110154357338,947.294665,-5698.631068,253.0,included,os1_rev7_128ch20hz1024res_rtx
2132,002132,curated_inner_polygon,apollo14_cone_inner245_craters_3km_polygon_01,212,497566692616,scans/002132.npy,poses/002132.npy,transforms/002132.npz,global_dem,805.7857615841547,-5853.641255143939,-5.645041527082976,-0.07619107581578922,-0.03556324392183893,0.9736267736897014,-0.21208743763450832,947.294665,-5698.631068,253.0,included,os1_rev7_128ch20hz1024res_rtx
2133,002133,curated_inner_polygon,apollo14_cone_inner245_craters_3km_polygon_01,213,499650026058,scans/002133.npy,poses/002133.npy,transforms/002133.npz,global_dem,804.8416401053862,-5854.0866124614,-5.828411751808503,-0.08653984464039681,-0.04192600246191926,0.974500695839172,-0.20273494867967087,947.294665,-5698.631068,253.0,included,os1_rev7_128ch20hz1024res_rtx
2134,002134,curated_inner_polygon,apollo14_cone_inner245_craters_3km_polygon_01,214,501716692833,scans/002134.npy,poses/002134.npy,transforms/002134.npz,global_dem,803.8993987550743,-5854.476065720229,-6.017215020012811,-0.0853723097222156,-0.028612740884092165,0.9768412604212606,-0.19409799517356405,947.294665,-5698.631068,253.0,included,os1_rev7_128ch20hz1024res_rtx
2135,002135,curated_inner_polygon,apollo14_cone_inner245_craters_3km_polygon_01,215,503766692940,scans/002135.npy,poses/002135.npy,transforms/002135.npz,global_dem,802.9679432503016,-5854.873293416354,-6.206030580516326,-0.08309959589774003,-0.035184755916938884,0.977346594701663,-0.1914422208859927,947.294665,-5698.631068,253.0,included,os1_rev7_128ch20hz1024res_rtx
2136,002136,curated_inner_polygon,apollo14_cone_inner245_craters_3km_polygon_01,216,505816693047,scans/002136.npy,poses/002136.npy,transforms/002136.npz,global_dem,802.0356080542675,-5855.236906883113,-6.372076451990234,-0.07787666270850366,-0.021258850728142997,0.9778610217331464,-0.19305726830687217,947.294665,-5698.631068,253.0,included,os1_rev7_128ch20hz1024res_rtx
2137,002137,curated_inner_polygon,apollo14_cone_inner245_craters_3km_polygon_01,217,507850026486,scans/002137.npy,poses/002137.npy,transforms/002137.npz,global_dem,801.1206653729332,-5855.62990186813,-6.539771035586731,-0.06899587510685201,-0.03329844208273112,0.978412583244402,-0.19193644761253395,947.294665,-5698.631068,253.0,included,os1_rev7_128ch20hz1024res_rtx
2138,002138,curated_inner_polygon,apollo14_cone_inner245_craters_3km_polygon_01,218,509883359925,scans/002138.npy,poses/002138.npy,transforms/002138.npz,global_dem,800.2074076735151,-5856.007081705498,-6.681056781646739,-0.05778160290324327,-0.031414874697078245,0.9789263453432969,-0.19333287978643243,947.294665,-5698.631068,253.0,included,os1_rev7_128ch20hz1024res_rtx
2139,002139,curated_inner_polygon,apollo14_cone_inner245_craters_3km_polygon_01,219,511900026697,scans/002139.npy,poses/002139.npy,transforms/002139.npz,global_dem,799.2801334119913,-5856.37460864726,-6.8144045278155785,-0.05916905722886116,-0.03430997523447885,0.9811950867472488,-0.18049390573954602,947.294665,-5698.631068,253.0,included,os1_rev7_128ch20hz1024res_rtx
2140,002140,curated_inner_polygon,apollo14_cone_inner245_craters_3km_polygon_01,220,513916693469,scans/002140.npy,poses/002140.npy,transforms/002140.npz,global_dem,798.3538986230523,-5856.723874082968,-6.944176477621399,-0.05612060753777929,-0.035654945373799034,0.9832270215487734,-0.16983470309777657,947.294665,-5698.631068,253.0,included,os1_rev7_128ch20hz1024res_rtx
2141,002141,curated_inner_polygon,apollo14_cone_inner245_craters_3km_polygon_01,221,515950026908,scans/002141.npy,poses/002141.npy,transforms/002141.npz,global_dem,797.3973024617903,-5857.058841591486,-7.073443069888542,-0.06135180123438477,-0.03833203301230789,0.9837827913484045,-0.1641280938084077,947.294665,-5698.631068,253.0,included,os1_rev7_128ch20hz1024res_rtx
2142,002142,curated_inner_polygon,apollo14_cone_inner245_craters_3km_polygon_01,222,517966693680,scans/002142.npy,poses/002142.npy,transforms/002142.npz,global_dem,796.4575494843594,-5857.382549735871,-7.207749958817981,-0.058675015711614854,-0.04007616031164958,0.9850112021388252,-0.1571753020259328,947.294665,-5698.631068,253.0,included,os1_rev7_128ch20hz1024res_rtx
2143,002143,curated_inner_polygon,apollo14_cone_inner245_craters_3km_polygon_01,223,520000027120,scans/002143.npy,poses/002143.npy,transforms/002143.npz,global_dem,795.4986197921494,-5857.696472486268,-7.3534227848041045,-0.058298230046481346,-0.03962711697148058,0.986169157485529,-0.15000466925485373,947.294665,-5698.631068,253.0,included,os1_rev7_128ch20hz1024res_rtx
2144,002144,curated_inner_polygon,apollo14_cone_inner245_craters_3km_polygon_01,224,522016693891,scans/002144.npy,poses/002144.npy,transforms/002144.npz,global_dem,794.5519554025699,-5858.003046367587,-7.4862938230441785,-0.05348608060541324,-0.0439890567680933,0.9851543744469001,-0.1570829735339312,947.294665,-5698.631068,253.0,included,os1_rev7_128ch20hz1024res_rtx
2145,002145,curated_inner_polygon,apollo14_cone_inner245_craters_3km_polygon_01,225,524050027331,scans/002145.npy,poses/002145.npy,transforms/002145.npz,global_dem,793.6010140415958,-5858.319007734217,-7.600847208576473,-0.04757161923270038,-0.04553787352176272,0.9854810510900134,-0.15649390103520763,947.294665,-5698.631068,253.0,included,os1_rev7_128ch20hz1024res_rtx
2146,002146,curated_inner_polygon,apollo14_cone_inner245_craters_3km_polygon_01,226,526083360770,scans/002146.npy,poses/002146.npy,transforms/002146.npz,global_dem,792.6433931399455,-5858.637621508779,-7.715731060551619,-0.04863955730486987,-0.04432799830454221,0.985458131338794,-0.15665724818772697,947.294665,-5698.631068,253.0,included,os1_rev7_128ch20hz1024res_rtx
2147,002147,curated_inner_polygon,apollo14_cone_inner245_craters_3km_polygon_01,227,528100027542,scans/002147.npy,poses/002147.npy,transforms/002147.npz,global_dem,791.6853021660886,-5858.944163600999,-7.831157665211323,-0.0553380326893071,-0.041150331567990805,0.9847598164300637,-0.15966357222155883,947.294665,-5698.631068,253.0,included,os1_rev7_128ch20hz1024res_rtx
2148,002148,curated_inner_polygon,apollo14_cone_inner245_craters_3km_polygon_01,228,530116694314,scans/002148.npy,poses/002148.npy,transforms/002148.npz,global_dem,790.735352195298,-5859.261948188479,-7.958664750560436,-0.05804901173905485,-0.04188957039521214,0.9842134644924434,-0.16186238735421377,947.294665,-5698.631068,253.0,included,os1_rev7_128ch20hz1024res_rtx
2149,002149,curated_inner_polygon,apollo14_cone_inner245_craters_3km_polygon_01,229,532116694418,scans/002149.npy,poses/002149.npy,transforms/002149.npz,global_dem,789.7899036105441,-5859.582861146765,-8.097720654498719,-0.060177996783198094,-0.03705247585846902,0.9837265644376412,-0.16519010005334556,947.294665,-5698.631068,253.0,included,os1_rev7_128ch20hz1024res_rtx
2150,002150,curated_inner_polygon,apollo14_cone_inner245_craters_3km_polygon_01,230,534133361190,scans/002150.npy,poses/002150.npy,transforms/002150.npz,global_dem,788.8471052433649,-5859.908950281218,-8.23468010319009,-0.05881481662741574,-0.03630626450226535,0.9835939589228905,-0.16663011874619296,947.294665,-5698.631068,253.0,included,os1_rev7_128ch20hz1024res_rtx
2151,002151,curated_inner_polygon,apollo14_cone_inner245_craters_3km_polygon_01,231,536233361300,scans/002151.npy,poses/002151.npy,transforms/002151.npz,global_dem,787.8941517174733,-5860.250936513667,-8.372412166083219,-0.0597350958764716,-0.03893738835532723,0.9847379077253435,-0.15876665644085367,947.294665,-5698.631068,253.0,included,os1_rev7_128ch20hz1024res_rtx
2152,002152,curated_inner_polygon,apollo14_cone_inner245_craters_3km_polygon_01,232,539233361456,scans/002152.npy,poses/002152.npy,transforms/002152.npz,global_dem,786.9293580022766,-5860.566911638248,-8.513311959297038,-0.06469688570428744,-0.04194323116067135,0.9847374516106355,-0.15603598859032536,947.294665,-5698.631068,253.0,included,os1_rev7_128ch20hz1024res_rtx
2153,002153,curated_inner_polygon,apollo14_cone_inner245_craters_3km_polygon_01,233,543333361670,scans/002153.npy,poses/002153.npy,transforms/002153.npz,global_dem,785.9554953707507,-5860.887165713678,-8.656412941057706,-0.0761585813523238,-0.043903418137267974,0.9829784270727591,-0.1613250515940726,947.294665,-5698.631068,253.0,included,os1_rev7_128ch20hz1024res_rtx
2154,002154,curated_inner_polygon,apollo14_cone_inner245_craters_3km_polygon_01,234,545333361774,scans/002154.npy,poses/002154.npy,transforms/002154.npz,global_dem,785.0178284144847,-5861.208991273591,-8.809239416750273,-0.0700386203597099,-0.04121601828534284,0.9827430574755248,-0.1661683317556872,947.294665,-5698.631068,253.0,included,os1_rev7_128ch20hz1024res_rtx
2155,002155,curated_inner_polygon,apollo14_cone_inner245_craters_3km_polygon_01,235,547416695216,scans/002155.npy,poses/002155.npy,transforms/002155.npz,global_dem,784.0537451924964,-5861.548050487089,-8.964888119703964,-0.06262155546569553,-0.04238659692732234,0.983307234509821,-0.1654956185299941,947.294665,-5698.631068,253.0,included,os1_rev7_128ch20hz1024res_rtx
2156,002156,curated_inner_polygon,apollo14_cone_inner245_craters_3km_polygon_01,236,549500028658,scans/002156.npy,poses/002156.npy,transforms/002156.npz,global_dem,783.072387241338,-5861.86966284007,-9.112309017709974,-0.06923795626685014,-0.039443261516102425,0.9849471927013436,-0.1533928359562616,947.294665,-5698.631068,253.0,included,os1_rev7_128ch20hz1024res_rtx
2157,002157,curated_inner_polygon,apollo14_cone_inner245_craters_3km_polygon_01,237,551583362100,scans/002157.npy,poses/002157.npy,transforms/002157.npz,global_dem,782.0902935466358,-5862.159440202342,-9.265103511682502,-0.06282159207946231,-0.03237793707067546,0.9878620268190424,-0.1383247365029931,947.294665,-5698.631068,253.0,included,os1_rev7_128ch20hz1024res_rtx
2158,002158,curated_inner_polygon,apollo14_cone_inner245_craters_3km_polygon_01,238,553666695542,scans/002158.npy,poses/002158.npy,transforms/002158.npz,global_dem,781.1019860368408,-5862.4333221954885,-9.403698973051313,-0.05811097698328926,-0.028801364156311453,0.9887686672494558,-0.13464812825478945,947.294665,-5698.631068,253.0,included,os1_rev7_128ch20hz1024res_rtx
2159,002159,curated_inner_polygon,apollo14_cone_inner245_craters_3km_polygon_01,239,555750028984,scans/002159.npy,poses/002159.npy,transforms/002159.npz,global_dem,780.111658367362,-5862.701134819731,-9.5273066388888,-0.0531945935678417,-0.024551459224453714,0.989809994251124,-0.12978342091997722,947.294665,-5698.631068,253.0,included,os1_rev7_128ch20hz1024res_rtx
2160,002160,curated_inner_polygon,apollo14_cone_inner245_craters_3km_polygon_01,240,557833362426,scans/002160.npy,poses/002160.npy,transforms/002160.npz,global_dem,779.1108499603079,-5862.954943137283,-9.644606407501426,-0.05284996528229162,-0.020190498818715208,0.9907292418977118,-0.12351029987777265,947.294665,-5698.631068,253.0,included,os1_rev7_128ch20hz1024res_rtx
2161,002161,curated_inner_polygon,apollo14_cone_inner245_craters_3km_polygon_01,241,559916695868,scans/002161.npy,poses/002161.npy,transforms/002161.npz,global_dem,778.1226961168223,-5863.195337394389,-9.759251999954515,-0.05261342895467071,-0.014951872967209196,0.989596960937383,-0.13306435845822803,947.294665,-5698.631068,253.0,included,os1_rev7_128ch20hz1024res_rtx
2162,002162,curated_inner_polygon,apollo14_cone_inner245_craters_3km_polygon_01,242,562000029310,scans/002162.npy,poses/002162.npy,transforms/002162.npz,global_dem,777.128181939449,-5863.461750244417,-9.872710631747763,-0.05289791822048196,-0.014620168545707852,0.9901398939884235,-0.12888386730785142,947.294665,-5698.631068,253.0,included,os1_rev7_128ch20hz1024res_rtx
2163,002163,curated_inner_polygon,apollo14_cone_inner245_craters_3km_polygon_01,243,564083362752,scans/002163.npy,poses/002163.npy,transforms/002163.npz,global_dem,776.1356057827235,-5863.722182824015,-9.975987888185406,-0.04929911753148718,-0.011262537202738426,0.9908362013371745,-0.12524525694049915,947.294665,-5698.631068,253.0,included,os1_rev7_128ch20hz1024res_rtx
2164,002164,curated_inner_polygon,apollo14_cone_inner245_craters_3km_polygon_01,244,566183362862,scans/002164.npy,poses/002164.npy,transforms/002164.npz,global_dem,775.1372637169975,-5863.981133104899,-10.072536770946092,-0.04137070439305691,-0.011663520847308277,0.9914198377554493,-0.12344688090197119,947.294665,-5698.631068,253.0,included,os1_rev7_128ch20hz1024res_rtx
2165,002165,curated_inner_polygon,apollo14_cone_inner245_craters_3km_polygon_01,245,568316696306,scans/002165.npy,poses/002165.npy,transforms/002165.npz,global_dem,774.1234039153501,-5864.236674519532,-10.150280558958128,-0.03411388330805177,-0.00853462600613635,0.991591932714003,-0.12453450164949535,947.294665,-5698.631068,253.0,included,os1_rev7_128ch20hz1024res_rtx
2166,002166,curated_inner_polygon,apollo14_cone_inner245_craters_3km_polygon_01,246,570433363083,scans/002166.npy,poses/002166.npy,transforms/002166.npz,global_dem,773.1164584287269,-5864.4933950315035,-10.217543009991708,-0.025758507825431327,-0.012415851437114853,0.9922923338686402,-0.12057474882091081,947.294665,-5698.631068,253.0,included,os1_rev7_128ch20hz1024res_rtx
2167,002167,curated_inner_polygon,apollo14_cone_inner245_craters_3km_polygon_01,247,572483363190,scans/002167.npy,poses/002167.npy,transforms/002167.npz,global_dem,772.1365684940012,-5864.736044523797,-10.274765912050057,-0.019655851455238595,-0.016783926406279192,0.9927363653492438,-0.11750087757600323,947.294665,-5698.631068,253.0,included,os1_rev7_128ch20hz1024res_rtx
2168,002168,curated_inner_polygon,apollo14_cone_inner245_craters_3km_polygon_01,248,574550029965,scans/002168.npy,poses/002168.npy,transforms/002168.npz,global_dem,771.1292125723178,-5864.988230834022,-10.326420898208468,-0.03161971766812335,-0.03267308899847643,0.9930723544843241,-0.108351102757872,947.294665,-5698.631068,253.0,included,os1_rev7_128ch20hz1024res_rtx
2169,002169,curated_inner_polygon,apollo14_cone_inner245_craters_3km_polygon_01,249,576583363404,scans/002169.npy,poses/002169.npy,transforms/002169.npz,global_dem,770.1330282370359,-5865.1953741449,-10.416381629082647,-0.039687439512854444,-0.02307916926387069,0.9932823112902505,-0.10621915631796915,947.294665,-5698.631068,253.0,included,os1_rev7_128ch20hz1024res_rtx
2170,002170,curated_inner_polygon,apollo14_cone_inner245_craters_3km_polygon_01,250,578633363511,scans/002170.npy,poses/002170.npy,transforms/002170.npz,global_dem,769.1349049803829,-5865.417221144447,-10.516846939110021,-0.04785420701334323,-0.027293055420430153,0.9921488357783991,-0.11227533861230987,947.294665,-5698.631068,253.0,included,os1_rev7_128ch20hz1024res_rtx
2171,002171,curated_inner_polygon,apollo14_cone_inner245_craters_3km_polygon_01,251,580666696950,scans/002171.npy,poses/002171.npy,transforms/002171.npz,global_dem,768.1489812228867,-5865.651416632123,-10.633006481214585,-0.05460038362914122,-0.03512295594145785,0.9916151860510617,-0.11173405419299633,947.294665,-5698.631068,253.0,included,os1_rev7_128ch20hz1024res_rtx
2172,002172,curated_inner_polygon,apollo14_cone_inner245_craters_3km_polygon_01,252,582700030390,scans/002172.npy,poses/002172.npy,transforms/002172.npz,global_dem,767.1613360552673,-5865.892484923953,-10.763310615876453,-0.06189612549319258,-0.04493954978111951,0.9910015691374455,-0.10984168826780707,947.294665,-5698.631068,253.0,included,os1_rev7_128ch20hz1024res_rtx
2173,002173,curated_inner_polygon,apollo14_cone_inner245_craters_3km_polygon_01,253,584750030497,scans/002173.npy,poses/002173.npy,transforms/002173.npz,global_dem,766.1703865811044,-5866.140186097206,-10.903038789709809,-0.06607330312338668,-0.05304632511849595,0.9898253122813128,-0.11430773015413126,947.294665,-5698.631068,253.0,included,os1_rev7_128ch20hz1024res_rtx
2174,002174,curated_inner_polygon,apollo14_cone_inner245_craters_3km_polygon_01,254,586783363936,scans/002174.npy,poses/002174.npy,transforms/002174.npz,global_dem,765.1745868031486,-5866.371800473168,-11.035235242677961,-0.07753543426627911,-0.05130273224630173,0.9895997313995615,-0.10976637787191328,947.294665,-5698.631068,253.0,included,os1_rev7_128ch20hz1024res_rtx
2175,002175,curated_inner_polygon,apollo14_cone_inner245_craters_3km_polygon_01,255,589166697394,scans/002175.npy,poses/002175.npy,transforms/002175.npz,global_dem,764.1807509913224,-5866.671934988694,-11.223610801799358,-0.12885936912805812,-0.1077707523365006,0.9765162320744993,-0.13489542773484256,947.294665,-5698.631068,253.0,included,os1_rev7_128ch20hz1024res_rtx
2176,002176,curated_inner_polygon,apollo14_cone_inner245_craters_3km_polygon_01,256,593583364291,scans/002176.npy,poses/002176.npy,transforms/002176.npz,global_dem,763.2448457750627,-5866.902355601266,-11.343777354316028,-0.08591794318510883,-0.06352632776993315,0.9864054892274194,-0.12484680028307774,947.294665,-5698.631068,253.0,included,os1_rev7_128ch20hz1024res_rtx
2177,002177,curated_inner_polygon,apollo14_cone_inner245_craters_3km_polygon_01,257,595716697735,scans/002177.npy,poses/002177.npy,transforms/002177.npz,global_dem,762.2934051632872,-5867.137024748867,-11.51503496839041,-0.060439295179124566,-0.06263165731147681,0.9900222658828108,-0.11081642548347001,947.294665,-5698.631068,253.0,included,os1_rev7_128ch20hz1024res_rtx
2178,002178,curated_inner_polygon,apollo14_cone_inner245_craters_3km_polygon_01,258,597733364507,scans/002178.npy,poses/002178.npy,transforms/002178.npz,global_dem,761.3224083400166,-5867.353213785039,-11.66788537123478,-0.06155730701547326,-0.06423684925575751,0.9902576267703288,-0.10711749518118917,947.294665,-5698.631068,253.0,included,os1_rev7_128ch20hz1024res_rtx
2179,002179,curated_inner_polygon,apollo14_cone_inner245_craters_3km_polygon_01,259,599833364617,scans/002179.npy,poses/002179.npy,transforms/002179.npz,global_dem,760.3264427419365,-5867.570258342182,-11.802748137227358,-0.04817648099914774,-0.06486703919713915,0.9914411370358782,-0.1025464075301547,947.294665,-5698.631068,253.0,included,os1_rev7_128ch20hz1024res_rtx
2180,002180,curated_inner_polygon,apollo14_cone_inner245_craters_3km_polygon_01,260,601933364726,scans/002180.npy,poses/002180.npy,transforms/002180.npz,global_dem,759.3128996336521,-5867.8023427309745,-11.924412004985989,-0.05381273070325908,-0.06596715687375868,0.9924271430095365,-0.08854880036556408,947.294665,-5698.631068,253.0,included,os1_rev7_128ch20hz1024res_rtx
2181,002181,curated_inner_polygon,apollo14_cone_inner245_craters_3km_polygon_01,261,604016698168,scans/002181.npy,poses/002181.npy,transforms/002181.npz,global_dem,758.2945325502591,-5867.987322620202,-12.052270767428046,-0.06481526532484382,-0.06190389870062238,0.9918845951341908,-0.09017670786858231,947.294665,-5698.631068,253.0,included,os1_rev7_128ch20hz1024res_rtx
2182,002182,curated_inner_polygon,apollo14_cone_inner245_craters_3km_polygon_01,262,606116698278,scans/002182.npy,poses/002182.npy,transforms/002182.npz,global_dem,757.2925580032519,-5868.1718215868195,-12.184029805067933,-0.05025091707188008,-0.0605412601839031,0.9935719595565051,-0.08139018572178425,947.294665,-5698.631068,253.0,included,os1_rev7_128ch20hz1024res_rtx
2183,002183,curated_inner_polygon,apollo14_cone_inner245_craters_3km_polygon_01,263,608200031720,scans/002183.npy,poses/002183.npy,transforms/002183.npz,global_dem,756.295065308092,-5868.34525833514,-12.285584496803061,-0.03473912048986274,-0.06564211760058064,0.9946136064403671,-0.07230546167606523,947.294665,-5698.631068,253.0,included,os1_rev7_128ch20hz1024res_rtx
2184,002184,curated_inner_polygon,apollo14_cone_inner245_craters_3km_polygon_01,264,610300031829,scans/002184.npy,poses/002184.npy,transforms/002184.npz,global_dem,755.2653727647576,-5868.487398503781,-12.374946746230481,-0.03693384304999813,-0.050761536136373596,0.995910463888433,-0.06497311447175791,947.294665,-5698.631068,253.0,included,os1_rev7_128ch20hz1024res_rtx
2185,002185,curated_inner_polygon,apollo14_cone_inner245_craters_3km_polygon_01,265,612416698606,scans/002185.npy,poses/002185.npy,transforms/002185.npz,global_dem,754.2335159239632,-5868.622295517709,-12.45979351525724,-0.03125194554360558,-0.05054945864891071,0.9962987627643517,-0.062103489791344425,947.294665,-5698.631068,253.0,included,os1_rev7_128ch20hz1024res_rtx
2186,002186,curated_inner_polygon,apollo14_cone_inner245_craters_3km_polygon_01,266,614533365383,scans/002186.npy,poses/002186.npy,transforms/002186.npz,global_dem,753.1955240237672,-5868.755878104251,-12.541363033285307,-0.03182812790817367,-0.041674252280158336,0.9968564715304262,-0.05939193664681458,947.294665,-5698.631068,253.0,included,os1_rev7_128ch20hz1024res_rtx
2187,002187,curated_inner_polygon,apollo14_cone_inner245_craters_3km_polygon_01,267,616633365493,scans/002187.npy,poses/002187.npy,transforms/002187.npz,global_dem,752.1675688041036,-5868.882337599045,-12.618919455429694,-0.028341143928527414,-0.041112004098190914,0.9972347121648181,-0.05504099865923001,947.294665,-5698.631068,253.0,included,os1_rev7_128ch20hz1024res_rtx
2188,002188,curated_inner_polygon,apollo14_cone_inner245_craters_3km_polygon_01,268,618650032265,scans/002188.npy,poses/002188.npy,transforms/002188.npz,global_dem,751.1711698134238,-5868.990887072271,-12.68778625497241,-0.030574393528208843,-0.03699941311339702,0.9973924712039396,-0.05389349010172778,947.294665,-5698.631068,253.0,included,os1_rev7_128ch20hz1024res_rtx
2189,002189,curated_inner_polygon,apollo14_cone_inner245_craters_3km_polygon_01,269,620666699036,scans/002189.npy,poses/002189.npy,transforms/002189.npz,global_dem,750.1763683917072,-5869.100971037669,-12.756748697179514,-0.031582404465399165,-0.033153416149834004,0.9975613309331175,-0.05267631111540727,947.294665,-5698.631068,253.0,included,os1_rev7_128ch20hz1024res_rtx
2190,002190,curated_inner_polygon,apollo14_cone_inner245_craters_3km_polygon_01,270,622700032476,scans/002190.npy,poses/002190.npy,transforms/002190.npz,global_dem,749.1701456373847,-5869.208384138186,-12.825662713048951,-0.033527198088180214,-0.03180841693018445,0.9974095276463256,-0.05512155441463159,947.294665,-5698.631068,253.0,included,os1_rev7_128ch20hz1024res_rtx
2191,002191,curated_inner_polygon,apollo14_cone_inner245_craters_3km_polygon_01,271,624733365915,scans/002191.npy,poses/002191.npy,transforms/002191.npz,global_dem,748.173076752753,-5869.316330244436,-12.888777624029235,-0.03776138423852608,-0.024025444285835133,0.9967612046466495,-0.06681284905329772,947.294665,-5698.631068,253.0,included,os1_rev7_128ch20hz1024res_rtx
2192,002192,curated_inner_polygon,apollo14_cone_inner245_craters_3km_polygon_01,272,626766699355,scans/002192.npy,poses/002192.npy,transforms/002192.npz,global_dem,747.1787769851447,-5869.461864481352,-12.953117297517537,-0.03559141267255264,-0.030035640019552837,0.996697649603313,-0.06651997405155567,947.294665,-5698.631068,253.0,included,os1_rev7_128ch20hz1024res_rtx
2193,002193,curated_inner_polygon,apollo14_cone_inner245_craters_3km_polygon_01,273,628816699462,scans/002193.npy,poses/002193.npy,transforms/002193.npz,global_dem,746.177198970925,-5869.600558929641,-13.028463392155619,-0.029951437267244956,-0.021354399851275404,0.9967665146347763,-0.0714381992736273,947.294665,-5698.631068,253.0,included,os1_rev7_128ch20hz1024res_rtx
2194,002194,curated_inner_polygon,apollo14_cone_inner245_craters_3km_polygon_01,274,630866699568,scans/002194.npy,poses/002194.npy,transforms/002194.npz,global_dem,745.1728024926587,-5869.742741274623,-13.09853043650084,-0.029924409726179466,-0.018003446293238242,0.9969108241203071,-0.070350652988274,947.294665,-5698.631068,253.0,included,os1_rev7_128ch20hz1024res_rtx
2195,002195,curated_inner_polygon,apollo14_cone_inner245_craters_3km_polygon_01,275,632916699675,scans/002195.npy,poses/002195.npy,transforms/002195.npz,global_dem,744.1658744636138,-5869.877756191241,-13.174572561533516,-0.03177932688126041,-0.01421761331948951,0.996920960832245,-0.07026045621674308,947.294665,-5698.631068,253.0,included,os1_rev7_128ch20hz1024res_rtx
2196,002196,curated_inner_polygon,apollo14_cone_inner245_craters_3km_polygon_01,276,634983366450,scans/002196.npy,poses/002196.npy,transforms/002196.npz,global_dem,743.1547994192359,-5870.021535959014,-13.251427721925054,-0.029400806325902737,-0.01551728205688838,0.9969913233725451,-0.07002219408740984,947.294665,-5698.631068,253.0,included,os1_rev7_128ch20hz1024res_rtx
2197,002197,curated_inner_polygon,apollo14_cone_inner245_craters_3km_polygon_01,277,637033366557,scans/002197.npy,poses/002197.npy,transforms/002197.npz,global_dem,742.1486819725724,-5870.166329638895,-13.317575335576556,-0.029630904449228914,-0.015733734093051472,0.9970686221289482,-0.06876497566996355,947.294665,-5698.631068,253.0,included,os1_rev7_128ch20hz1024res_rtx
2198,002198,curated_inner_polygon,apollo14_cone_inner245_craters_3km_polygon_01,278,639200033336,scans/002198.npy,poses/002198.npy,transforms/002198.npz,global_dem,741.1516200694762,-5870.310063733183,-13.380971287436013,-0.03216326884722281,-0.01418681861034804,0.996970153593441,-0.0693885520720037,947.294665,-5698.631068,253.0,included,os1_rev7_128ch20hz1024res_rtx
2199,002199,curated_inner_polygon,apollo14_cone_inner245_craters_3km_polygon_01,279,642516700176,scans/002199.npy,poses/002199.npy,transforms/002199.npz,global_dem,740.1528797069857,-5870.456108263579,-13.449707643943624,-0.03745252502189404,-0.01703854372331946,0.996568110746958,-0.07182615846272185,947.294665,-5698.631068,253.0,included,os1_rev7_128ch20hz1024res_rtx
2200,002200,curated_inner_polygon,apollo14_cone_inner245_craters_3km_polygon_01,280,646233367037,scans/002200.npy,poses/002200.npy,transforms/002200.npz,global_dem,739.1632594307266,-5870.60319587317,-13.520317994491007,-0.03683058764629696,-0.021781057692540098,0.9967060853068003,-0.06889174734187097,947.294665,-5698.631068,253.0,included,os1_rev7_128ch20hz1024res_rtx
2201,002201,curated_inner_polygon,apollo14_cone_inner245_craters_3km_polygon_01,281,648300033811,scans/002201.npy,poses/002201.npy,transforms/002201.npz,global_dem,738.1382302556362,-5870.746787824562,-13.581889601652778,-0.04868075619957251,-0.027354786572619985,0.9964908135003249,-0.0623534941832851,947.294665,-5698.631068,253.0,included,os1_rev7_128ch20hz1024res_rtx
2202,002202,curated_inner_polygon,apollo14_cone_inner245_craters_3km_polygon_01,282,650366700585,scans/002202.npy,poses/002202.npy,transforms/002202.npz,global_dem,737.1422874934283,-5870.873652635459,-13.663299982260224,-0.032996945795503475,-0.03107982921698736,0.9972342405188002,-0.05889919626704134,947.294665,-5698.631068,253.0,included,os1_rev7_128ch20hz1024res_rtx
2203,002203,curated_inner_polygon,apollo14_cone_inner245_craters_3km_polygon_01,283,652416700692,scans/002203.npy,poses/002203.npy,transforms/002203.npz,global_dem,736.1392161879746,-5871.010972455936,-13.738785488294557,-0.0326559378709362,-0.03525655637397653,0.997175330236379,-0.05772283536336804,947.294665,-5698.631068,253.0,included,os1_rev7_128ch20hz1024res_rtx
2204,002204,curated_inner_polygon,apollo14_cone_inner245_craters_3km_polygon_01,284,654483367467,scans/002204.npy,poses/002204.npy,transforms/002204.npz,global_dem,735.1371259844227,-5871.138243853209,-13.811762757981707,-0.02476965799782743,-0.039836039528891275,0.9973192974318674,-0.056158463007188075,947.294665,-5698.631068,253.0,included,os1_rev7_128ch20hz1024res_rtx
2205,002205,curated_inner_polygon,apollo14_cone_inner245_craters_3km_polygon_01,285,656550034241,scans/002205.npy,poses/002205.npy,transforms/002205.npz,global_dem,734.1319856475811,-5871.256722182224,-13.869867195651752,-0.01968307465127829,-0.04278011717612601,0.9976033911664042,-0.050694300270933544,947.294665,-5698.631068,253.0,included,os1_rev7_128ch20hz1024res_rtx
2206,002206,curated_inner_polygon,apollo14_cone_inner245_craters_3km_polygon_01,286,658616701016,scans/002206.npy,poses/002206.npy,transforms/002206.npz,global_dem,733.1166864875448,-5871.3533581688525,-13.92100986302129,-0.023465781108005037,-0.041755758803268976,0.9977788304925965,-0.04629491488901139,947.294665,-5698.631068,253.0,included,os1_rev7_128ch20hz1024res_rtx
2207,002207,curated_inner_polygon,apollo14_cone_inner245_craters_3km_polygon_01,287,660683367790,scans/002207.npy,poses/002207.npy,transforms/002207.npz,global_dem,732.096072934096,-5871.446575416775,-13.979484162481652,-0.02931181660143817,-0.041766571237974226,0.9979351048944224,-0.039011502840895884,947.294665,-5698.631068,253.0,included,os1_rev7_128ch20hz1024res_rtx
2208,002208,curated_inner_polygon,apollo14_cone_inner245_craters_3km_polygon_01,288,662750034565,scans/002208.npy,poses/002208.npy,transforms/002208.npz,global_dem,731.080325406185,-5871.526414821263,-14.040303616114773,-0.031761368842304384,-0.04100497252480824,0.9981255290330365,-0.032484395792807076,947.294665,-5698.631068,253.0,included,os1_rev7_128ch20hz1024res_rtx
2209,002209,curated_inner_polygon,apollo14_cone_inner245_craters_3km_polygon_01,289,664833368007,scans/002209.npy,poses/002209.npy,transforms/002209.npz,global_dem,730.056034304142,-5871.584339088881,-14.097626388207738,-0.03164671847883421,-0.039487217294030263,0.9984126122250806,-0.02472853877175781,947.294665,-5698.631068,253.0,included,os1_rev7_128ch20hz1024res_rtx
2210,002210,curated_inner_polygon,apollo14_cone_inner245_craters_3km_polygon_01,290,666900034781,scans/002210.npy,poses/002210.npy,transforms/002210.npz,global_dem,729.0367266781678,-5871.6355635084665,-14.153547903038834,-0.03349790849778884,-0.041356012919956046,0.9984314548775343,-0.01738390729290886,947.294665,-5698.631068,253.0,included,os1_rev7_128ch20hz1024res_rtx
2211,002211,curated_inner_polygon,apollo14_cone_inner245_craters_3km_polygon_01,291,668966701555,scans/002211.npy,poses/002211.npy,transforms/002211.npz,global_dem,728.0202737714856,-5871.663663054365,-14.218041890385619,-0.029753714450725728,-0.03368621711341687,0.9989435847338264,-0.009574433252429633,947.294665,-5698.631068,253.0,included,os1_rev7_128ch20hz1024res_rtx
2212,002212,curated_inner_polygon,apollo14_cone_inner245_craters_3km_polygon_01,292,671050034997,scans/002212.npy,poses/002212.npy,transforms/002212.npz,global_dem,726.9999517587321,-5871.674775437538,-14.278629796959502,-0.024597459369508884,-0.02945619281652038,0.9991888464061217,-0.012204380972631343,947.294665,-5698.631068,253.0,included,os1_rev7_128ch20hz1024res_rtx
2213,002213,curated_inner_polygon,apollo14_cone_inner245_craters_3km_polygon_01,293,673150035107,scans/002213.npy,poses/002213.npy,transforms/002213.npz,global_dem,725.960503060621,-5871.697185960104,-14.338702143540871,-0.02488465704083565,-0.025138421298617316,0.9993539308995482,-0.006366664291010391,947.294665,-5698.631068,253.0,included,os1_rev7_128ch20hz1024res_rtx
2214,002214,curated_inner_polygon,apollo14_cone_inner245_craters_3km_polygon_01,294,675250035217,scans/002214.npy,poses/002214.npy,transforms/002214.npz,global_dem,724.9190086292313,-5871.705735875616,-14.400649147723705,-0.025423294995815804,-0.02134925394030514,0.999446584022572,-0.0020954983560266724,947.294665,-5698.631068,253.0,included,os1_rev7_128ch20hz1024res_rtx
2215,002215,curated_inner_polygon,apollo14_cone_inner245_craters_3km_polygon_01,295,677266701988,scans/002215.npy,poses/002215.npy,transforms/002215.npz,global_dem,723.9125958394214,-5871.699098076773,-14.46868932435727,-0.03252410590910018,-0.013273841029867312,0.9993803179047994,0.0022288704828958665,947.294665,-5698.631068,253.0,included,os1_rev7_128ch20hz1024res_rtx
2216,002216,curated_inner_polygon,apollo14_cone_inner245_craters_3km_polygon_01,296,679283368760,scans/002216.npy,poses/002216.npy,transforms/002216.npz,global_dem,722.9149646750188,-5871.689268297508,-14.53810287048513,-0.03075832682287332,-0.01000343294758166,0.9994714296378309,0.0032738353701978504,947.294665,-5698.631068,253.0,included,os1_rev7_128ch20hz1024res_rtx
2217,002217,curated_inner_polygon,apollo14_cone_inner245_craters_3km_polygon_01,297,681316702200,scans/002217.npy,poses/002217.npy,transforms/002217.npz,global_dem,721.9008907297564,-5871.678910390883,-14.60809112032,-0.03818165973381357,-0.0024315320458295165,0.9992636209812692,0.002909346195254804,947.294665,-5698.631068,253.0,included,os1_rev7_128ch20hz1024res_rtx
2218,002218,curated_inner_polygon,apollo14_cone_inner245_craters_3km_polygon_01,298,683366702307,scans/002218.npy,poses/002218.npy,transforms/002218.npz,global_dem,720.8857896999966,-5871.66355769337,-14.680263586587081,-0.04001073917464744,0.005387780635345235,0.9991818559244035,0.002394026313262834,947.294665,-5698.631068,253.0,included,os1_rev7_128ch20hz1024res_rtx
2219,002219,curated_inner_polygon,apollo14_cone_inner245_craters_3km_polygon_01,299,685416702413,scans/002219.npy,poses/002219.npy,transforms/002219.npz,global_dem,719.870688532853,-5871.6525015287125,-14.758242410455372,-0.04268663081389498,0.013754418442518433,0.9989893034955822,0.0030064970443895753,947.294665,-5698.631068,253.0,included,os1_rev7_128ch20hz1024res_rtx
2220,002220,curated_inner_polygon,apollo14_cone_inner245_craters_3km_polygon_01,300,687466702520,scans/002220.npy,poses/002220.npy,transforms/002220.npz,global_dem,718.8467298902378,-5871.646544677302,-14.849579397297452,-0.05379530325422965,0.019194016491802877,0.9983523505615305,-0.00549901872744288,947.294665,-5698.631068,253.0,included,os1_rev7_128ch20hz1024res_rtx
2221,002221,curated_inner_polygon,apollo14_cone_inner245_craters_3km_polygon_01,301,689500035960,scans/002221.npy,poses/002221.npy,transforms/002221.npz,global_dem,717.8382271444344,-5871.680780822589,-14.965823201835313,-0.059295829799953195,0.008713823379545281,0.9980866496095585,-0.015202424859591307,947.294665,-5698.631068,253.0,included,os1_rev7_128ch20hz1024res_rtx
2222,002222,curated_inner_polygon,apollo14_cone_inner245_craters_3km_polygon_01,302,692050036093,scans/002222.npy,poses/002222.npy,transforms/002222.npz,global_dem,716.8533203214586,-5871.726517155617,-15.085289734731274,-0.0477714021211353,0.0002541795997391919,0.9985504795259236,-0.02479452299722801,947.294665,-5698.631068,253.0,included,os1_rev7_128ch20hz1024res_rtx
2223,002223,curated_inner_polygon,apollo14_cone_inner245_craters_3km_polygon_01,303,696566702995,scans/002223.npy,poses/002223.npy,transforms/002223.npz,global_dem,715.8580591925806,-5871.792067825721,-15.188830818892008,-0.04592603217890308,-0.0029786717484276593,0.9981204506560162,-0.040465949453196995,947.294665,-5698.631068,253.0,included,os1_rev7_128ch20hz1024res_rtx
2224,002224,curated_inner_polygon,apollo14_cone_inner245_craters_3km_polygon_01,304,698750036442,scans/002224.npy,poses/002224.npy,transforms/002224.npz,global_dem,714.8257830358518,-5871.87391323697,-15.297569528676322,-0.05225851275960908,-0.005834798499682285,0.9980481728214218,-0.03368750062624721,947.294665,-5698.631068,253.0,included,os1_rev7_128ch20hz1024res_rtx
2225,002225,curated_inner_polygon,apollo14_cone_inner245_craters_3km_polygon_01,305,700850036552,scans/002225.npy,poses/002225.npy,transforms/002225.npz,global_dem,713.7882709438358,-5871.940287789609,-15.414920080375055,-0.05632129850150227,-0.0038958202635553086,0.9980083960628823,-0.02814205585191031,947.294665,-5698.631068,253.0,included,os1_rev7_128ch20hz1024res_rtx
2226,002226,curated_inner_polygon,apollo14_cone_inner245_craters_3km_polygon_01,306,703033369999,scans/002226.npy,poses/002226.npy,transforms/002226.npz,global_dem,712.7094218986102,-5871.996510902546,-15.543427795428407,-0.06105936197636762,-0.004685230372410354,0.9978470073305304,-0.023476645690998957,947.294665,-5698.631068,253.0,included,os1_rev7_128ch20hz1024res_rtx
2227,002227,curated_inner_polygon,apollo14_cone_inner245_craters_3km_polygon_01,307,705133370108,scans/002227.npy,poses/002227.npy,transforms/002227.npz,global_dem,711.6718068559607,-5872.0456450609,-15.68177696757765,-0.06856515477504382,-0.011267554979336658,0.9973937130888414,-0.019433034922928506,947.294665,-5698.631068,253.0,included,os1_rev7_128ch20hz1024res_rtx
2228,002228,curated_inner_polygon,apollo14_cone_inner245_craters_3km_polygon_01,308,707200036883,scans/002228.npy,poses/002228.npy,transforms/002228.npz,global_dem,710.6629580858238,-5872.080669193442,-15.814241706183353,-0.06425275644280531,-0.01736329302703777,0.9977441984011068,-0.008752936746698596,947.294665,-5698.631068,253.0,included,os1_rev7_128ch20hz1024res_rtx
2229,002229,curated_inner_polygon,apollo14_cone_inner245_craters_3km_polygon_01,309,709283370325,scans/002229.npy,poses/002229.npy,transforms/002229.npz,global_dem,709.6395965220745,-5872.095370973594,-15.939445784467557,-0.06619379798991475,-0.021063281469222952,0.997567668123732,-0.0057850493168550565,947.294665,-5698.631068,253.0,included,os1_rev7_128ch20hz1024res_rtx
2230,002230,curated_inner_polygon,apollo14_cone_inner245_craters_3km_polygon_01,310,711350037099,scans/002230.npy,poses/002230.npy,transforms/002230.npz,global_dem,708.6347426960701,-5872.099267958183,-16.061873981542035,-0.05667021990429152,-0.018947060545772196,0.9982120495974124,0.0014829400552400745,947.294665,-5698.631068,253.0,included,os1_rev7_128ch20hz1024res_rtx
2231,002231,curated_inner_polygon,apollo14_cone_inner245_craters_3km_polygon_01,311,713416703874,scans/002231.npy,poses/002231.npy,transforms/002231.npz,global_dem,707.6253260821935,-5872.093042011538,-16.172018167386017,-0.05138010892388337,-0.020183664726877677,0.9984304096786711,0.009456273792769358,947.294665,-5698.631068,253.0,included,os1_rev7_128ch20hz1024res_rtx
2232,002232,curated_inner_polygon,apollo14_cone_inner245_craters_3km_polygon_01,312,715483370648,scans/002232.npy,poses/002232.npy,transforms/002232.npz,global_dem,706.6113885960644,-5872.067649114433,-16.282084599544543,-0.050946498491971824,-0.020644202157375117,0.9984111511230016,0.012387272578573357,947.294665,-5698.631068,253.0,included,os1_rev7_128ch20hz1024res_rtx
2233,002233,curated_inner_polygon,apollo14_cone_inner245_craters_3km_polygon_01,313,717550037423,scans/002233.npy,poses/002233.npy,transforms/002233.npz,global_dem,705.5899726803473,-5872.042457748149,-16.397060980617912,-0.05076457033090927,-0.025541926845356822,0.9980811018096218,0.024590294480463824,947.294665,-5698.631068,253.0,included,os1_rev7_128ch20hz1024res_rtx
2234,002234,curated_inner_polygon,apollo14_cone_inner245_craters_3km_polygon_01,314,719616704197,scans/002234.npy,poses/002234.npy,transforms/002234.npz,global_dem,704.5760488843174,-5871.986033761411,-16.50124303635472,-0.04627965873855081,-0.028973660646492903,0.9980375838005175,0.030654551006500094,947.294665,-5698.631068,253.0,included,os1_rev7_128ch20hz1024res_rtx
2235,002235,curated_inner_polygon,apollo14_cone_inner245_craters_3km_polygon_01,315,721666704304,scans/002235.npy,poses/002235.npy,transforms/002235.npz,global_dem,703.5707592097374,-5871.922209200774,-16.59456041589697,-0.04068735232560201,-0.03257185903368603,0.9979492475676167,0.037160632920467236,947.294665,-5698.631068,253.0,included,os1_rev7_128ch20hz1024res_rtx
2236,002236,curated_inner_polygon,apollo14_cone_inner245_craters_3km_polygon_01,316,723733371078,scans/002236.npy,poses/002236.npy,transforms/002236.npz,global_dem,702.5588144383814,-5871.843600033233,-16.66937724898078,-0.03411795095432484,-0.032753291947259476,0.9980692862749172,0.04026024197608877,947.294665,-5698.631068,253.0,included,os1_rev7_128ch20hz1024res_rtx
2237,002237,curated_inner_polygon,apollo14_cone_inner245_craters_3km_polygon_01,317,725783371185,scans/002237.npy,poses/002237.npy,transforms/002237.npz,global_dem,701.5500839638646,-5871.765964818647,-16.728772927041344,-0.031490510440147924,-0.034105284999626034,0.9979774098601323,0.04343117194107145,947.294665,-5698.631068,253.0,included,os1_rev7_128ch20hz1024res_rtx
2238,002238,curated_inner_polygon,apollo14_cone_inner245_craters_3km_polygon_01,318,727850037960,scans/002238.npy,poses/002238.npy,transforms/002238.npz,global_dem,700.531354640646,-5871.682052457428,-16.785581285121616,-0.03231200161287796,-0.031116476266197096,0.9980830098512238,0.04263806870469857,947.294665,-5698.631068,253.0,included,os1_rev7_128ch20hz1024res_rtx
2239,002239,curated_inner_polygon,apollo14_cone_inner245_craters_3km_polygon_01,319,729916704734,scans/002239.npy,poses/002239.npy,transforms/002239.npz,global_dem,699.513326228705,-5871.598374340313,-16.84151017178898,-0.03024160039299445,-0.032723984812724836,0.9981251290749854,0.04196204395272877,947.294665,-5698.631068,253.0,included,os1_rev7_128ch20hz1024res_rtx
2240,002240,curated_inner_polygon,apollo14_cone_inner245_craters_3km_polygon_01,320,731983371509,scans/002240.npy,poses/002240.npy,transforms/002240.npz,global_dem,698.5092342948768,-5871.5275022553715,-16.884971030678482,-0.02178349235419204,-0.037943180767550704,0.9981754329587795,0.04161249249502862,947.294665,-5698.631068,253.0,included,os1_rev7_128ch20hz1024res_rtx
2241,002241,curated_inner_polygon,apollo14_cone_inner245_craters_3km_polygon_01,321,734066704951,scans/002241.npy,poses/002241.npy,transforms/002241.npz,global_dem,697.4845561234159,-5871.436277011822,-16.928423222004298,-0.019183554946592796,-0.023547555178200757,0.9987657670807081,0.03929944493787924,947.294665,-5698.631068,253.0,included,os1_rev7_128ch20hz1024res_rtx
2242,002242,curated_inner_polygon,apollo14_cone_inner245_craters_3km_polygon_01,322,736133371725,scans/002242.npy,poses/002242.npy,transforms/002242.npz,global_dem,696.4629213673161,-5871.373558395466,-16.978601034162867,-0.01854589593592561,-0.029695060318544735,0.9987506908283291,0.03565544427639544,947.294665,-5698.631068,253.0,included,os1_rev7_128ch20hz1024res_rtx
2243,002243,curated_inner_polygon,apollo14_cone_inner245_craters_3km_polygon_01,323,738216705167,scans/002243.npy,poses/002243.npy,transforms/002243.npz,global_dem,695.4234847904469,-5871.305646830444,-17.030772815800653,-0.024219910750379575,-0.02670367984349536,0.9986716437831485,0.036813819545436194,947.294665,-5698.631068,253.0,included,os1_rev7_128ch20hz1024res_rtx
2244,002244,curated_inner_polygon,apollo14_cone_inner245_craters_3km_polygon_01,324,740300038609,scans/002244.npy,poses/002244.npy,transforms/002244.npz,global_dem,694.389577809862,-5871.230610579586,-17.086910358428323,-0.028337883653939994,-0.025412590907806662,0.9986245546382483,0.03605777928448649,947.294665,-5698.631068,253.0,included,os1_rev7_128ch20hz1024res_rtx
2245,002245,curated_inner_polygon,apollo14_cone_inner245_craters_3km_polygon_01,325,742600038729,scans/002245.npy,poses/002245.npy,transforms/002245.npz,global_dem,693.3590339522701,-5871.153834779249,-17.148919366182724,-0.03266133359375109,-0.02357259865968226,0.9985916414885784,0.03452974702273172,947.294665,-5698.631068,253.0,included,os1_rev7_128ch20hz1024res_rtx
2246,002246,curated_inner_polygon,apollo14_cone_inner245_craters_3km_polygon_01,326,746233372252,scans/002246.npy,poses/002246.npy,transforms/002246.npz,global_dem,692.3496106948335,-5871.085798978525,-17.21461441298596,-0.038536708435733466,-0.02229094217350428,0.9985494999990575,0.03028088591156225,947.294665,-5698.631068,253.0,included,os1_rev7_128ch20hz1024res_rtx
2247,002247,curated_inner_polygon,apollo14_cone_inner245_craters_3km_polygon_01,327,749566705759,scans/002247.npy,poses/002247.npy,transforms/002247.npz,global_dem,691.3230973216997,-5871.031729395351,-17.28759281431875,-0.041394632581149525,-0.022508514060365428,0.9984462505447289,0.029747873225467514,947.294665,-5698.631068,253.0,included,os1_rev7_128ch20hz1024res_rtx
2248,002248,curated_inner_polygon,apollo14_cone_inner245_craters_3km_polygon_01,328,751650039201,scans/002248.npy,poses/002248.npy,transforms/002248.npz,global_dem,690.2920737935028,-5870.96401043023,-17.36806470712255,-0.0450091056377283,-0.019866699923302287,0.998051594231804,0.03837329664237618,947.294665,-5698.631068,253.0,included,os1_rev7_128ch20hz1024res_rtx
2249,002249,curated_inner_polygon,apollo14_cone_inner245_craters_3km_polygon_01,329,753733372643,scans/002249.npy,poses/002249.npy,transforms/002249.npz,global_dem,689.2611897994921,-5870.884216997445,-17.456548459750255,-0.04881136115418883,-0.01958071886575432,0.9976612071434607,0.0436596178639759,947.294665,-5698.631068,253.0,included,os1_rev7_128ch20hz1024res_rtx
2250,002250,curated_inner_polygon,apollo14_cone_inner245_craters_3km_polygon_01,330,755816706085,scans/002250.npy,poses/002250.npy,transforms/002250.npz,global_dem,688.228831741611,-5870.796471564934,-17.553744381694766,-0.05455586906136331,-0.02034378166871997,0.9969518402600651,0.05193087617636148,947.294665,-5698.631068,253.0,included,os1_rev7_128ch20hz1024res_rtx
2251,002251,curated_inner_polygon,apollo14_cone_inner245_craters_3km_polygon_01,331,757916706195,scans/002251.npy,poses/002251.npy,transforms/002251.npz,global_dem,687.2056962968632,-5870.686482754287,-17.662676479635483,-0.0487101627078718,-0.018210317739793074,0.9968745400185993,0.05947147080318844,947.294665,-5698.631068,253.0,included,os1_rev7_128ch20hz1024res_rtx
2252,002252,curated_inner_polygon,apollo14_cone_inner245_craters_3km_polygon_01,332,760000039637,scans/002252.npy,poses/002252.npy,transforms/002252.npz,global_dem,686.1771309780083,-5870.5644504418015,-17.775395884484446,-0.053940848281826506,-0.020743279830081684,0.9963086905055816,0.06347514829900963,947.294665,-5698.631068,253.0,included,os1_rev7_128ch20hz1024res_rtx
2253,002253,curated_inner_polygon,apollo14_cone_inner245_craters_3km_polygon_01,333,762066706411,scans/002253.npy,poses/002253.npy,transforms/002253.npz,global_dem,685.1726099265155,-5870.441628055436,-17.88750021750052,-0.045492266088706775,-0.020152126357481853,0.9965364159681097,0.06662970192655071,947.294665,-5698.631068,253.0,included,os1_rev7_128ch20hz1024res_rtx
2254,002254,curated_inner_polygon,apollo14_cone_inner245_craters_3km_polygon_01,334,764150039853,scans/002254.npy,poses/002254.npy,transforms/002254.npz,global_dem,684.1549837143446,-5870.304835007701,-17.984173434627014,-0.04192506255734851,-0.019192322496038295,0.9965076588052745,0.06961630433455358,947.294665,-5698.631068,253.0,included,os1_rev7_128ch20hz1024res_rtx
2255,002255,curated_inner_polygon,apollo14_cone_inner245_craters_3km_polygon_01,335,766216706627,scans/002255.npy,poses/002255.npy,transforms/002255.npz,global_dem,683.1586158242058,-5870.160089547894,-18.06525327041652,-0.023934429192433663,-0.021394745149598698,0.9967278423124111,0.0741823182332668,947.294665,-5698.631068,253.0,included,os1_rev7_128ch20hz1024res_rtx
2256,002256,curated_inner_polygon,apollo14_cone_inner245_craters_3km_polygon_01,336,768266706734,scans/002256.npy,poses/002256.npy,transforms/002256.npz,global_dem,682.1340322505541,-5870.00972350702,-18.145871163633004,-0.03882855132746038,-0.01721997088977248,0.9964319614958916,0.07293258746141051,947.294665,-5698.631068,253.0,included,os1_rev7_128ch20hz1024res_rtx
2257,002257,curated_inner_polygon,apollo14_cone_inner245_craters_3km_polygon_01,337,770316706841,scans/002257.npy,poses/002257.npy,transforms/002257.npz,global_dem,681.1291810019043,-5869.866930026755,-18.21028477703087,-0.03767638471978356,-0.01599693011195293,0.9960227909364584,0.07914030702864559,947.294665,-5698.631068,253.0,included,os1_rev7_128ch20hz1024res_rtx
2258,002258,curated_inner_polygon,apollo14_cone_inner245_craters_3km_polygon_01,338,772350040281,scans/002258.npy,poses/002258.npy,transforms/002258.npz,global_dem,680.1441518903678,-5869.690543884869,-18.277175805887932,-0.027725319721416352,0.003124923646706628,0.9963332420973627,0.08088023361925613,947.294665,-5698.631068,253.0,included,os1_rev7_128ch20hz1024res_rtx
2259,002259,curated_inner_polygon,apollo14_cone_inner245_craters_3km_polygon_01,339,774400040388,scans/002259.npy,poses/002259.npy,transforms/002259.npz,global_dem,679.1287245296862,-5869.499443484634,-18.345211912105192,-0.04185936501170091,0.027435395183712356,0.9954048282095369,0.08163529034108455,947.294665,-5698.631068,253.0,included,os1_rev7_128ch20hz1024res_rtx
2260,002260,curated_inner_polygon,apollo14_cone_inner245_craters_3km_polygon_01,340,776433373827,scans/002260.npy,poses/002260.npy,transforms/002260.npz,global_dem,678.1206488750206,-5869.330974604764,-18.457919766395253,-0.05189362782070812,0.026182867733024525,0.9948026391220133,0.08360154319603376,947.294665,-5698.631068,253.0,included,os1_rev7_128ch20hz1024res_rtx
2261,002261,curated_inner_polygon,apollo14_cone_inner245_craters_3km_polygon_01,341,778550040604,scans/002261.npy,poses/002261.npy,transforms/002261.npz,global_dem,677.2227331916904,-5869.158668716783,-18.51289174796891,0.06563910867708506,0.02613043873430977,0.9938570591077905,0.08518716831333342,947.294665,-5698.631068,253.0,included,os1_rev7_128ch20hz1024res_rtx
2262,002262,curated_inner_polygon,apollo14_cone_inner245_craters_3km_polygon_01,342,780700040716,scans/002262.npy,poses/002262.npy,transforms/002262.npz,global_dem,676.3307081385776,-5868.9715459406325,-18.33158112374382,0.16246443105229824,0.038449697722021725,0.9815986025774764,0.09268825603000487,947.294665,-5698.631068,253.0,included,os1_rev7_128ch20hz1024res_rtx
2263,002263,curated_inner_polygon,apollo14_cone_inner245_craters_3km_polygon_01,343,782733374156,scans/002263.npy,poses/002263.npy,transforms/002263.npz,global_dem,675.2533445205081,-5868.733066207759,-18.08039029820913,0.020768269565800846,0.06048291663926789,0.9940665608496979,0.08798959242151058,947.294665,-5698.631068,253.0,included,os1_rev7_128ch20hz1024res_rtx
2264,002264,curated_inner_polygon,apollo14_cone_inner245_craters_3km_polygon_01,344,784683374257,scans/002264.npy,poses/002264.npy,transforms/002264.npz,global_dem,674.0715504277068,-5868.461524601736,-18.242762814297954,-0.17781888229798187,0.1216255381882838,0.9725225311008748,0.08824737990362568,947.294665,-5698.631068,253.0,included,os1_rev7_128ch20hz1024res_rtx
2265,002265,curated_inner_polygon,apollo14_cone_inner245_craters_3km_polygon_01,345,786600041024,scans/002265.npy,poses/002265.npy,transforms/002265.npz,global_dem,673.1456957248317,-5868.156351064451,-18.625221436910987,-0.14307059691971102,0.20744522785394118,0.9636317284819614,0.08894477837698729,947.294665,-5698.631068,253.0,included,os1_rev7_128ch20hz1024res_rtx
2266,002266,curated_inner_polygon,apollo14_cone_inner245_craters_3km_polygon_01,346,788666707798,scans/002266.npy,poses/002266.npy,transforms/002266.npz,global_dem,672.288797751532,-5867.9207405877205,-18.85706471598508,-0.02999500335342647,0.21984901632137857,0.9706198855593738,0.09307925414966653,947.294665,-5698.631068,253.0,included,os1_rev7_128ch20hz1024res_rtx
2267,002267,curated_inner_polygon,apollo14_cone_inner245_craters_3km_polygon_01,347,790766707908,scans/002267.npy,poses/002267.npy,transforms/002267.npz,global_dem,671.2672926043795,-5867.679268472145,-18.981561710106487,-0.04108129999446108,0.21614975858528782,0.97291556150326,0.07090076754932487,947.294665,-5698.631068,253.0,included,os1_rev7_128ch20hz1024res_rtx
2268,002268,curated_inner_polygon,apollo14_cone_inner245_craters_3km_polygon_01,348,792783374680,scans/002268.npy,poses/002268.npy,transforms/002268.npz,global_dem,670.228830886927,-5867.565557939417,-19.163687468516816,-0.08455376457853249,0.1863475242758415,0.9779119558482815,0.042584829468384634,947.294665,-5698.631068,253.0,included,os1_rev7_128ch20hz1024res_rtx
2269,002269,curated_inner_polygon,apollo14_cone_inner245_craters_3km_polygon_01,349,795533374823,scans/002269.npy,poses/002269.npy,transforms/002269.npz,global_dem,669.3057949790093,-5867.5152376013175,-19.32502503374954,0.005018467705961261,0.1400924439107265,0.9888317287003736,0.05060370002712281,947.294665,-5698.631068,253.0,included,os1_rev7_128ch20hz1024res_rtx
2270,002270,curated_inner_polygon,apollo14_cone_inner245_craters_3km_polygon_01,350,800516708416,scans/002270.npy,poses/002270.npy,transforms/002270.npz,global_dem,668.4119130083857,-5867.481418116602,-19.241852910302924,0.15517663848847377,0.08566890447057343,0.9840184680238341,0.016991299604676536,947.294665,-5698.631068,253.0,included,os1_rev7_128ch20hz1024res_rtx
2271,002271,curated_inner_polygon,apollo14_cone_inner245_craters_3km_polygon_01,351,802550041856,scans/002271.npy,poses/002271.npy,transforms/002271.npz,global_dem,667.3738651426847,-5867.454954451054,-18.99665197393205,0.08174259436943372,0.03810318586363204,0.9953554820417759,0.033671350762626194,947.294665,-5698.631068,253.0,included,os1_rev7_128ch20hz1024res_rtx
2272,002272,curated_inner_polygon,apollo14_cone_inner245_craters_3km_polygon_01,352,804566708628,scans/002272.npy,poses/002272.npy,transforms/002272.npz,global_dem,666.2671841379417,-5867.378556192302,-18.952215197110338,-0.03013106414480778,0.02879315100256799,0.9981493890192603,0.04428171890658937,947.294665,-5698.631068,253.0,included,os1_rev7_128ch20hz1024res_rtx
2273,002273,curated_inner_polygon,apollo14_cone_inner245_craters_3km_polygon_01,353,806633375402,scans/002273.npy,poses/002273.npy,transforms/002273.npz,global_dem,665.2162647858929,-5867.271530287459,-19.063698678725473,-0.07110516093054914,0.0336236343255423,0.9952570218593065,0.05724480538465402,947.294665,-5698.631068,253.0,included,os1_rev7_128ch20hz1024res_rtx
2274,002274,curated_inner_polygon,apollo14_cone_inner245_craters_3km_polygon_01,354,808633375506,scans/002274.npy,poses/002274.npy,transforms/002274.npz,global_dem,664.1926751764869,-5867.15070023821,-19.250363603136325,-0.1120071573391324,0.018688178760812354,0.9910370797732004,0.07036089250441668,947.294665,-5698.631068,253.0,included,os1_rev7_128ch20hz1024res_rtx
2275,002275,curated_inner_polygon,apollo14_cone_inner245_craters_3km_polygon_01,355,810683375613,scans/002275.npy,poses/002275.npy,transforms/002275.npz,global_dem,663.2157755035182,-5867.034480424105,-19.479667087280056,-0.1056768421327863,-0.005160435947077378,0.9915423733530655,0.07516313446795798,947.294665,-5698.631068,253.0,included,os1_rev7_128ch20hz1024res_rtx
2276,002276,curated_inner_polygon,apollo14_cone_inner245_craters_3km_polygon_01,356,812766709055,scans/002276.npy,poses/002276.npy,transforms/002276.npz,global_dem,662.2439858137811,-5866.8886064281505,-19.655987555086615,-0.07815451454344195,-0.010635011800658643,0.9935333707472884,0.08167135110924734,947.294665,-5698.631068,253.0,included,os1_rev7_128ch20hz1024res_rtx
2277,002277,curated_inner_polygon,apollo14_cone_inner245_craters_3km_polygon_01,357,814800042495,scans/002277.npy,poses/002277.npy,transforms/002277.npz,global_dem,661.2643317692387,-5866.723626530487,-19.804939983375274,-0.07987948860567254,-0.013580064065087787,0.9926750700304467,0.08961615088884436,947.294665,-5698.631068,253.0,included,os1_rev7_128ch20hz1024res_rtx
2278,002278,curated_inner_polygon,apollo14_cone_inner245_craters_3km_polygon_01,358,816816709266,scans/002278.npy,poses/002278.npy,transforms/002278.npz,global_dem,660.2723930098027,-5866.551169456169,-19.98065367446616,-0.09328538227045192,-0.01860363982378954,0.9903531437242173,0.1007590827445451,947.294665,-5698.631068,253.0,included,os1_rev7_128ch20hz1024res_rtx
2279,002279,curated_inner_polygon,apollo14_cone_inner245_craters_3km_polygon_01,359,818850042706,scans/002279.npy,poses/002279.npy,transforms/002279.npz,global_dem,659.3024374477043,-5866.353035102303,-20.169153163702354,-0.0871970654905406,-0.023601116388822677,0.9904865859388166,0.10380742820389592,947.294665,-5698.631068,253.0,included,os1_rev7_128ch20hz1024res_rtx
2280,002280,curated_inner_polygon,apollo14_cone_inner245_craters_3km_polygon_01,360,820950042815,scans/002280.npy,poses/002280.npy,transforms/002280.npz,global_dem,658.3126165333015,-5866.132451757654,-20.338112421718442,-0.07482724127519123,-0.023224607778774414,0.9907868783509218,0.11046657070943287,947.294665,-5698.631068,253.0,included,os1_rev7_128ch20hz1024res_rtx
2281,002281,curated_inner_polygon,apollo14_cone_inner245_craters_3km_polygon_01,361,823066709592,scans/002281.npy,poses/002281.npy,transforms/002281.npz,global_dem,657.3040545949691,-5865.897219503082,-20.492444934462682,-0.0719211105196581,-0.024874254108943717,0.9900591808493363,0.11828543342307184,947.294665,-5698.631068,253.0,included,os1_rev7_128ch20hz1024res_rtx
2282,002282,curated_inner_polygon,apollo14_cone_inner245_craters_3km_polygon_01,362,825066709697,scans/002282.npy,poses/002282.npy,transforms/002282.npz,global_dem,656.3362213522162,-5865.656014461399,-20.63313773055182,-0.07518547806534429,-0.02130679034557115,0.9876304726578508,0.13593827294358998,947.294665,-5698.631068,253.0,included,os1_rev7_128ch20hz1024res_rtx
2283,002283,curated_inner_polygon,apollo14_cone_inner245_craters_3km_polygon_01,363,827150043139,scans/002283.npy,poses/002283.npy,transforms/002283.npz,global_dem,655.349690308168,-5865.3876596994405,-20.772937790890165,-0.06936268299865517,-0.027564786117681563,0.9865314372397372,0.1455497307150142,947.294665,-5698.631068,253.0,included,os1_rev7_128ch20hz1024res_rtx
2284,002284,curated_inner_polygon,apollo14_cone_inner245_craters_3km_polygon_01,364,829250043248,scans/002284.npy,poses/002284.npy,transforms/002284.npz,global_dem,654.3544418197923,-5865.077332199528,-20.907941274031867,-0.07021466375947605,-0.02249747953163572,0.9860135512613424,0.14946919795350322,947.294665,-5698.631068,253.0,included,os1_rev7_128ch20hz1024res_rtx
2285,002285,curated_inner_polygon,apollo14_cone_inner245_craters_3km_polygon_01,365,831350043358,scans/002285.npy,poses/002285.npy,transforms/002285.npz,global_dem,653.3509543869627,-5864.772045420825,-21.03945573559575,-0.07457192471038426,-0.024295509232498073,0.9851653026130133,0.15263709510971563,947.294665,-5698.631068,253.0,included,os1_rev7_128ch20hz1024res_rtx
2286,002286,curated_inner_polygon,apollo14_cone_inner245_craters_3km_polygon_01,366,833433376800,scans/002286.npy,poses/002286.npy,transforms/002286.npz,global_dem,652.3672504080403,-5864.454876596918,-21.179143841339005,-0.07399135391187595,-0.021977293656379234,0.9850076297952135,0.1542797697530188,947.294665,-5698.631068,253.0,included,os1_rev7_128ch20hz1024res_rtx
2287,002287,curated_inner_polygon,apollo14_cone_inner245_craters_3km_polygon_01,367,835533376909,scans/002287.npy,poses/002287.npy,transforms/002287.npz,global_dem,651.381028287783,-5864.139215309911,-21.328073108372255,-0.07191035746671687,-0.025192644577545963,0.9849868710751138,0.15490350208389572,947.294665,-5698.631068,253.0,included,os1_rev7_128ch20hz1024res_rtx
2288,002288,curated_inner_polygon,apollo14_cone_inner245_craters_3km_polygon_01,368,837616710351,scans/002288.npy,poses/002288.npy,transforms/002288.npz,global_dem,650.4076451186759,-5863.840353034383,-21.460850103521583,-0.06124912757477987,-0.024503098269055938,0.9858854495267702,0.15387664851413901,947.294665,-5698.631068,253.0,included,os1_rev7_128ch20hz1024res_rtx
2289,002289,curated_inner_polygon,apollo14_cone_inner245_craters_3km_polygon_01,369,839733377128,scans/002289.npy,poses/002289.npy,transforms/002289.npz,global_dem,649.4087624860194,-5863.5180846650055,-21.586602385904232,-0.0609360517308212,-0.025234527733708545,0.9853788919762386,0.15709377918044914,947.294665,-5698.631068,253.0,included,os1_rev7_128ch20hz1024res_rtx
2290,002290,curated_inner_polygon,apollo14_cone_inner245_craters_3km_polygon_01,370,841833377238,scans/002290.npy,poses/002290.npy,transforms/002290.npz,global_dem,648.4103930554138,-5863.207789983072,-21.717804468508902,-0.06751057198893697,-0.022990509014080632,0.9860742017497085,0.15023790403448525,947.294665,-5698.631068,253.0,included,os1_rev7_128ch20hz1024res_rtx
2291,002291,curated_inner_polygon,apollo14_cone_inner245_craters_3km_polygon_01,371,843933377347,scans/002291.npy,poses/002291.npy,transforms/002291.npz,global_dem,647.4150031201596,-5862.909951477585,-21.857026898221033,-0.06952265242882884,-0.02455751131193153,0.9868013710702157,0.14417553014075313,947.294665,-5698.631068,253.0,included,os1_rev7_128ch20hz1024res_rtx
2292,002292,curated_inner_polygon,apollo14_cone_inner245_craters_3km_polygon_01,372,846250044135,scans/002292.npy,poses/002292.npy,transforms/002292.npz,global_dem,646.4365026759206,-5862.624599492401,-21.990224920440035,-0.06348051729084252,-0.02212961493320086,0.988153354683843,0.13796177620798614,947.294665,-5698.631068,253.0,included,os1_rev7_128ch20hz1024res_rtx
2293,002293,curated_inner_polygon,apollo14_cone_inner245_craters_3km_polygon_01,373,849950044328,scans/002293.npy,poses/002293.npy,transforms/002293.npz,global_dem,645.4643017567116,-5862.362317681552,-22.108795288850605,-0.06620776597174939,-0.026003083396595197,0.9893679343300491,0.12685212610907054,947.294665,-5698.631068,253.0,included,os1_rev7_128ch20hz1024res_rtx
2294,002294,curated_inner_polygon,apollo14_cone_inner245_craters_3km_polygon_01,374,853133377827,scans/002294.npy,poses/002294.npy,transforms/002294.npz,global_dem,644.4941739889279,-5862.126607521421,-22.232028249496896,-0.07161690203323563,-0.029664821286543255,0.9900567157875673,0.117382780871539,947.294665,-5698.631068,253.0,included,os1_rev7_128ch20hz1024res_rtx
2295,002295,curated_inner_polygon,apollo14_cone_inner245_craters_3km_polygon_01,375,855250044604,scans/002295.npy,poses/002295.npy,transforms/002295.npz,global_dem,643.4789421738744,-5861.878327603145,-22.36741875675654,-0.07206269246050986,-0.029079931519541583,0.9894027986872682,0.12265165260999027,947.294665,-5698.631068,253.0,included,os1_rev7_128ch20hz1024res_rtx
2296,002296,curated_inner_polygon,apollo14_cone_inner245_craters_3km_polygon_01,376,857266711376,scans/002296.npy,poses/002296.npy,transforms/002296.npz,global_dem,642.5138565018561,-5861.629989239788,-22.493551419302232,-0.07340772722829411,-0.03312297601308329,0.9879818915576232,0.13193163380112463,947.294665,-5698.631068,253.0,included,os1_rev7_128ch20hz1024res_rtx
2297,002297,curated_inner_polygon,apollo14_cone_inner245_craters_3km_polygon_01,377,859283378148,scans/002297.npy,poses/002297.npy,transforms/002297.npz,global_dem,641.5567972109523,-5861.370205472868,-22.623593380643147,-0.06764383515848413,-0.03286064419067801,0.9878388185197349,0.13608437916954252,947.294665,-5698.631068,253.0,included,os1_rev7_128ch20hz1024res_rtx
2298,002298,curated_inner_polygon,apollo14_cone_inner245_craters_3km_polygon_01,378,861300044920,scans/002298.npy,poses/002298.npy,transforms/002298.npz,global_dem,640.5982139946569,-5861.0956993274585,-22.754377204885465,-0.06936661239839118,-0.031141647338977493,0.9876481725428338,0.13700203705853026,947.294665,-5698.631068,253.0,included,os1_rev7_128ch20hz1024res_rtx
2299,002299,curated_inner_polygon,apollo14_cone_inner245_craters_3km_polygon_01,379,863316711692,scans/002299.npy,poses/002299.npy,transforms/002299.npz,global_dem,639.642756739895,-5860.830705437649,-22.89187366789273,-0.06810549538528796,-0.02947513783552449,0.986911091273431,0.14317596051497944,947.294665,-5698.631068,253.0,included,os1_rev7_128ch20hz1024res_rtx
2300,002300,curated_inner_polygon,apollo14_cone_inner245_craters_3km_polygon_01,380,865350045131,scans/002300.npy,poses/002300.npy,transforms/002300.npz,global_dem,638.6819736077234,-5860.537516669929,-23.023652885750415,-0.0675437926138094,-0.02448589832524454,0.9858109014764569,0.15170742695307993,947.294665,-5698.631068,253.0,included,os1_rev7_128ch20hz1024res_rtx
2301,002301,curated_inner_polygon,apollo14_cone_inner245_craters_3km_polygon_01,381,867383378570,scans/002301.npy,poses/002301.npy,transforms/002301.npz,global_dem,637.7176190791988,-5860.240774976158,-23.159046906676366,-0.06733474722808175,-0.02705986987864972,0.9835268778843638,0.16555565752011203,947.294665,-5698.631068,253.0,included,os1_rev7_128ch20hz1024res_rtx
2302,002302,curated_inner_polygon,apollo14_cone_inner245_craters_3km_polygon_01,382,869400045342,scans/002302.npy,poses/002302.npy,transforms/002302.npz,global_dem,636.7747310653014,-5859.907588710835,-23.277999890708568,-0.07060681624131568,-0.025935641422901452,0.982280710406491,0.17165845731442206,947.294665,-5698.631068,253.0,included,os1_rev7_128ch20hz1024res_rtx
2303,002303,curated_inner_polygon,apollo14_cone_inner245_craters_3km_polygon_01,383,871433378782,scans/002303.npy,poses/002303.npy,transforms/002303.npz,global_dem,635.8261352956515,-5859.569448167774,-23.405097457344706,-0.06814748182234937,-0.01737051440901616,0.9830876130624387,0.16909444400581458,947.294665,-5698.631068,253.0,included,os1_rev7_128ch20hz1024res_rtx
2304,002304,curated_inner_polygon,apollo14_cone_inner245_craters_3km_polygon_01,384,873466712221,scans/002304.npy,poses/002304.npy,transforms/002304.npz,global_dem,634.8781039903408,-5859.217509517643,-23.527552955362008,-0.06894024141022385,-0.005682445374441271,0.9823944647605658,0.17353981830308582,947.294665,-5698.631068,253.0,included,os1_rev7_128ch20hz1024res_rtx
2305,002305,curated_inner_polygon,apollo14_cone_inner245_craters_3km_polygon_01,385,875500045660,scans/002305.npy,poses/002305.npy,transforms/002305.npz,global_dem,633.9184375290827,-5858.8780975306545,-23.678850274623795,-0.07880618514725285,-0.014807209938868955,0.9805025418255633,0.17940205458682143,947.294665,-5698.631068,253.0,included,os1_rev7_128ch20hz1024res_rtx
2306,002306,curated_inner_polygon,apollo14_cone_inner245_craters_3km_polygon_01,386,877533379100,scans/002306.npy,poses/002306.npy,transforms/002306.npz,global_dem,632.9864459521422,-5858.519788422374,-23.82862833517167,-0.07433858723985409,-0.010253756767821332,0.9807988008238325,0.18000651994264308,947.294665,-5698.631068,253.0,included,os1_rev7_128ch20hz1024res_rtx
2307,002307,curated_inner_polygon,apollo14_cone_inner245_craters_3km_polygon_01,387,879566712539,scans/002307.npy,poses/002307.npy,transforms/002307.npz,global_dem,632.0440304734823,-5858.154719999484,-23.981290086465428,-0.0750120292576145,-0.0066275226953675815,0.9801870504618486,0.1832010303368371,947.294665,-5698.631068,253.0,included,os1_rev7_128ch20hz1024res_rtx
2308,002308,curated_inner_polygon,apollo14_cone_inner245_craters_3km_polygon_01,388,881600045979,scans/002308.npy,poses/002308.npy,transforms/002308.npz,global_dem,631.1089504134521,-5857.792548444045,-24.133388812664336,-0.07187992388269875,-0.009418608458832326,0.9789967106808528,0.19055184815001752,947.294665,-5698.631068,253.0,included,os1_rev7_128ch20hz1024res_rtx
2309,002309,curated_inner_polygon,apollo14_cone_inner245_craters_3km_polygon_01,389,883633379418,scans/002309.npy,poses/002309.npy,transforms/002309.npz,global_dem,630.1659452696945,-5857.406791006324,-24.29483718211914,-0.079558483525527,-0.00905332377192274,0.9782732561066709,0.1912326368961404,947.294665,-5698.631068,253.0,included,os1_rev7_128ch20hz1024res_rtx
2310,002310,curated_inner_polygon,apollo14_cone_inner245_craters_3km_polygon_01,390,885650046190,scans/002310.npy,poses/002310.npy,transforms/002310.npz,global_dem,629.2361517109505,-5857.038200710558,-24.45183769533488,-0.08578605675820737,-0.012085792414850915,0.9777402457008781,0.1910986604462979,947.294665,-5698.631068,253.0,included,os1_rev7_128ch20hz1024res_rtx
2311,002311,curated_inner_polygon,apollo14_cone_inner245_craters_3km_polygon_01,391,887666712962,scans/002311.npy,poses/002311.npy,transforms/002311.npz,global_dem,628.3021514064301,-5856.672684511684,-24.62039297071584,-0.09393204236873585,-0.015997930561537737,0.9779250119757532,0.18596641789960164,947.294665,-5698.631068,253.0,included,os1_rev7_128ch20hz1024res_rtx
2312,002312,curated_inner_polygon,apollo14_cone_inner245_craters_3km_polygon_01,392,889683379733,scans/002312.npy,poses/002312.npy,transforms/002312.npz,global_dem,627.3825579910483,-5856.3121873960345,-24.79006485294289,-0.08510966093908465,-0.01091788036824227,0.9795497530885173,0.181987435630385,947.294665,-5698.631068,253.0,included,os1_rev7_128ch20hz1024res_rtx
2313,002313,curated_inner_polygon,apollo14_cone_inner245_craters_3km_polygon_01,393,891783379843,scans/002313.npy,poses/002313.npy,transforms/002313.npz,global_dem,626.4299034609483,-5855.951126993652,-24.954037831186135,-0.06958646631059226,-0.015312587272591749,0.981315219924701,0.17872797073082816,947.294665,-5698.631068,253.0,included,os1_rev7_128ch20hz1024res_rtx
2314,002314,curated_inner_polygon,apollo14_cone_inner245_craters_3km_polygon_01,394,893883379952,scans/002314.npy,poses/002314.npy,transforms/002314.npz,global_dem,625.4553381613598,-5855.588930336764,-25.09808654137862,-0.07187187914504398,-0.01808263801333841,0.9809086463906084,0.17979343321373922,947.294665,-5698.631068,253.0,included,os1_rev7_128ch20hz1024res_rtx
2315,002315,curated_inner_polygon,apollo14_cone_inner245_craters_3km_polygon_01,395,895983380062,scans/002315.npy,poses/002315.npy,transforms/002315.npz,global_dem,624.4818620173749,-5855.226520557005,-25.244247951744057,-0.07326028670930877,-0.018280821458819808,0.9813716697008255,0.17665895920296468,947.294665,-5698.631068,253.0,included,os1_rev7_128ch20hz1024res_rtx
2316,002316,curated_inner_polygon,apollo14_cone_inner245_craters_3km_polygon_01,396,898616713533,scans/002316.npy,poses/002316.npy,transforms/002316.npz,global_dem,623.5296483457636,-5854.879358050718,-25.391517548927286,-0.06853526455048696,-0.01912088446605231,0.9829783770567195,0.1693836459908941,947.294665,-5698.631068,253.0,included,os1_rev7_128ch20hz1024res_rtx
2317,002317,curated_inner_polygon,apollo14_cone_inner245_craters_3km_polygon_01,397,903150047102,scans/002317.npy,poses/002317.npy,transforms/002317.npz,global_dem,622.5910394840203,-5854.55789044935,-25.527123062917163,-0.0644793213710872,-0.01889676840832437,0.9856984439525966,0.15454419060151012,947.294665,-5698.631068,253.0,included,os1_rev7_128ch20hz1024res_rtx
2318,002318,curated_inner_polygon,apollo14_cone_inner245_craters_3km_polygon_01,398,905250047212,scans/002318.npy,poses/002318.npy,transforms/002318.npz,global_dem,621.6145469932026,-5854.244525343551,-25.658973793840516,-0.06751698803856827,-0.02018974726772688,0.9837276930705161,0.16526843714885703,947.294665,-5698.631068,253.0,included,os1_rev7_128ch20hz1024res_rtx
2319,002319,curated_inner_polygon,apollo14_cone_inner245_craters_3km_polygon_01,399,907366713989,scans/002319.npy,poses/002319.npy,transforms/002319.npz,global_dem,620.6191191923338,-5853.910764252368,-25.797605818852944,-0.06965336696929726,-0.017246788083750443,0.982651482565767,0.17101760313469186,947.294665,-5698.631068,253.0,included,os1_rev7_128ch20hz1024res_rtx
2320,002320,curated_inner_polygon,apollo14_cone_inner245_craters_3km_polygon_01,400,909466714099,scans/002320.npy,poses/002320.npy,transforms/002320.npz,global_dem,619.6321192269131,-5853.561096616562,-25.937982553158847,-0.07563456523956416,-0.016794275133514943,0.9816931384666363,0.1739998469863912,947.294665,-5698.631068,253.0,included,os1_rev7_128ch20hz1024res_rtx
2321,002321,curated_inner_polygon,apollo14_cone_inner245_craters_3km_polygon_01,401,911566714208,scans/002321.npy,poses/002321.npy,transforms/002321.npz,global_dem,618.6506484050799,-5853.198264041416,-26.08991233848861,-0.08712872347000382,-0.018057600504773594,0.9801895996807053,0.1769487419799205,947.294665,-5698.631068,253.0,included,os1_rev7_128ch20hz1024res_rtx
2322,002322,curated_inner_polygon,apollo14_cone_inner245_craters_3km_polygon_01,402,913650047650,scans/002322.npy,poses/002322.npy,transforms/002322.npz,global_dem,617.6881273818417,-5852.828064808151,-26.258476597470377,-0.08948793237870581,-0.015067203152231133,0.9782985083559206,0.18627108711857132,947.294665,-5698.631068,253.0,included,os1_rev7_128ch20hz1024res_rtx
2323,002323,curated_inner_polygon,apollo14_cone_inner245_craters_3km_polygon_01,403,915750047760,scans/002323.npy,poses/002323.npy,transforms/002323.npz,global_dem,616.7430954772012,-5852.441876185518,-26.423867084798403,-0.07875695644365521,-0.012720687769999883,0.9779879103493089,0.19280864380256044,947.294665,-5698.631068,253.0,included,os1_rev7_128ch20hz1024res_rtx
2324,002324,curated_inner_polygon,apollo14_cone_inner245_craters_3km_polygon_01,404,917850047869,scans/002324.npy,poses/002324.npy,transforms/002324.npz,global_dem,615.7903015401605,-5852.048140513035,-26.580015005910926,-0.07529882560627332,-0.015385220876700273,0.9767719293693549,0.20002494803638665,947.294665,-5698.631068,253.0,included,os1_rev7_128ch20hz1024res_rtx
2325,002325,curated_inner_polygon,apollo14_cone_inner245_craters_3km_polygon_01,405,919950047979,scans/002325.npy,poses/002325.npy,transforms/002325.npz,global_dem,614.8474958278719,-5851.638616091489,-26.72547343407743,-0.06978363352633642,-0.01886066039285324,0.9755274871534367,0.20765510297006615,947.294665,-5698.631068,253.0,included,os1_rev7_128ch20hz1024res_rtx
2326,002326,curated_inner_polygon,apollo14_cone_inner245_craters_3km_polygon_01,406,922050048088,scans/002326.npy,poses/002326.npy,transforms/002326.npz,global_dem,613.90293935589,-5851.213827169922,-26.861263345516402,-0.06508842070751418,-0.01459355551116979,0.9750988800378428,0.2115010632982461,947.294665,-5698.631068,253.0,included,os1_rev7_128ch20hz1024res_rtx
2327,002327,curated_inner_polygon,apollo14_cone_inner245_craters_3km_polygon_01,407,924050048192,scans/002327.npy,poses/002327.npy,transforms/002327.npz,global_dem,612.9950799767823,-5850.816605480839,-26.991132824549336,-0.06487700031083055,-0.022632180198310457,0.9733082585719699,0.2189744118515658,947.294665,-5698.631068,253.0,included,os1_rev7_128ch20hz1024res_rtx
2328,002328,curated_inner_polygon,apollo14_cone_inner245_craters_3km_polygon_01,408,926050048297,scans/002328.npy,poses/002328.npy,transforms/002328.npz,global_dem,612.0975398058984,-5850.376694013944,-27.116046154031753,-0.07152801845528507,-0.014821399552957993,0.9714493511515342,0.22572156928041984,947.294665,-5698.631068,253.0,included,os1_rev7_128ch20hz1024res_rtx
2329,002329,curated_inner_polygon,apollo14_cone_inner245_craters_3km_polygon_01,409,928066715069,scans/002329.npy,poses/002329.npy,transforms/002329.npz,global_dem,611.2041775406815,-5849.934163512098,-27.24593407623787,-0.0717596579141795,-0.01739233405781656,0.9705500634657243,0.22930467182057152,947.294665,-5698.631068,253.0,included,os1_rev7_128ch20hz1024res_rtx
2330,002330,curated_inner_polygon,apollo14_cone_inner245_craters_3km_polygon_01,410,930083381840,scans/002330.npy,poses/002330.npy,transforms/002330.npz,global_dem,610.3063643014535,-5849.488088957496,-27.3826525856515,-0.07427493260409691,-0.012596267496876154,0.9705383378097366,0.22886656215646178,947.294665,-5698.631068,253.0,included,os1_rev7_128ch20hz1024res_rtx
2331,002331,curated_inner_polygon,apollo14_cone_inner245_craters_3km_polygon_01,411,932100048612,scans/002331.npy,poses/002331.npy,transforms/002331.npz,global_dem,609.4099020516535,-5849.03812564379,-27.5224462757946,-0.07234639654441093,-0.007414343189914101,0.9692047294828484,0.2352726477306271,947.294665,-5698.631068,253.0,included,os1_rev7_128ch20hz1024res_rtx
2332,002332,curated_inner_polygon,apollo14_cone_inner245_craters_3km_polygon_01,412,934150048719,scans/002332.npy,poses/002332.npy,transforms/002332.npz,global_dem,608.5203760141056,-5848.570144868401,-27.656891378892432,-0.05699865905475143,-0.0044175940093178516,0.9694086818345978,0.23870158213308196,947.294665,-5698.631068,253.0,included,os1_rev7_128ch20hz1024res_rtx
2333,002333,curated_inner_polygon,apollo14_cone_inner245_craters_3km_polygon_01,413,936233382161,scans/002333.npy,poses/002333.npy,transforms/002333.npz,global_dem,607.6005647062759,-5848.089463092114,-27.771781187590587,-0.06064282201134522,-0.009862072875247986,0.9688893188874567,0.23974710718359898,947.294665,-5698.631068,253.0,included,os1_rev7_128ch20hz1024res_rtx
2334,002334,curated_inner_polygon,apollo14_cone_inner245_craters_3km_polygon_01,414,938283382268,scans/002334.npy,poses/002334.npy,transforms/002334.npz,global_dem,606.6362450796269,-5847.595446337052,-27.941127661868542,-0.12352416005358051,0.00046432313301642556,0.9657627340573767,0.22813133891051948,947.294665,-5698.631068,253.0,included,os1_rev7_128ch20hz1024res_rtx
2335,002335,curated_inner_polygon,apollo14_cone_inner245_craters_3km_polygon_01,415,940283382372,scans/002335.npy,poses/002335.npy,transforms/002335.npz,global_dem,605.7058055210441,-5847.160011592635,-28.23738705205603,-0.1527560965437044,-0.013831523551032497,0.960010883190272,0.2342079590475565,947.294665,-5698.631068,253.0,included,os1_rev7_128ch20hz1024res_rtx
2336,002336,curated_inner_polygon,apollo14_cone_inner245_craters_3km_polygon_01,416,942316715812,scans/002336.npy,poses/002336.npy,transforms/002336.npz,global_dem,604.8588216034987,-5846.706157554183,-28.51702341185816,-0.12747757891148132,-0.025461414862019353,0.9631014274609998,0.2356625206745355,947.294665,-5698.631068,253.0,included,os1_rev7_128ch20hz1024res_rtx
2337,002337,curated_inner_polygon,apollo14_cone_inner245_craters_3km_polygon_01,417,944400049254,scans/002337.npy,poses/002337.npy,transforms/002337.npz,global_dem,603.940296510945,-5846.196037895256,-28.788133204784437,-0.1545410661012468,-0.0021330669584767497,0.9602842248748972,0.23230737476468286,947.294665,-5698.631068,253.0,included,os1_rev7_128ch20hz1024res_rtx
2338,002338,curated_inner_polygon,apollo14_cone_inner245_craters_3km_polygon_01,418,946316716020,scans/002338.npy,poses/002338.npy,transforms/002338.npz,global_dem,603.0855015867587,-5845.730725007527,-29.10094689565769,-0.16981866187314026,0.008876162978045807,0.9552641919496425,0.24197760100720048,947.294665,-5698.631068,253.0,included,os1_rev7_128ch20hz1024res_rtx
2339,002339,curated_inner_polygon,apollo14_cone_inner245_craters_3km_polygon_01,419,948416716130,scans/002339.npy,poses/002339.npy,transforms/002339.npz,global_dem,602.2162287386222,-5845.303321301176,-29.416441126543365,-0.15941681163945742,-0.02218093434551208,0.9607687544057142,0.22587095181975578,947.294665,-5698.631068,253.0,included,os1_rev7_128ch20hz1024res_rtx
2340,002340,curated_inner_polygon,apollo14_cone_inner245_craters_3km_polygon_01,420,951766716305,scans/002340.npy,poses/002340.npy,transforms/002340.npz,global_dem,601.3811879549648,-5844.899739620067,-29.64399316615563,-0.0783066253535653,-0.04029540168361197,0.9738498594801722,0.2094297118828691,947.294665,-5698.631068,253.0,included,os1_rev7_128ch20hz1024res_rtx
2341,002341,curated_inner_polygon,apollo14_cone_inner245_craters_3km_polygon_01,421,955716716511,scans/002341.npy,poses/002341.npy,transforms/002341.npz,global_dem,600.489993453117,-5844.53116259485,-29.737643777634627,-0.016794338681450485,-0.0587219644360856,0.9796367581271053,0.1912629164454925,947.294665,-5698.631068,253.0,included,os1_rev7_128ch20hz1024res_rtx
2342,002342,curated_inner_polygon,apollo14_cone_inner245_craters_3km_polygon_01,422,957800049953,scans/002342.npy,poses/002342.npy,transforms/002342.npz,global_dem,599.542266721337,-5844.139074020855,-29.746844236473123,-0.004649736024233057,-0.04493933572700968,0.9793688595042989,0.19696566475548244,947.294665,-5698.631068,253.0,included,os1_rev7_128ch20hz1024res_rtx
2343,002343,curated_inner_polygon,apollo14_cone_inner245_craters_3km_polygon_01,423,959866716727,scans/002343.npy,poses/002343.npy,transforms/002343.npz,global_dem,598.5342532611794,-5843.727666947912,-29.813920007740517,-0.06774045727473024,-0.0428284198115769,0.9746181424779929,0.20903691840773142,947.294665,-5698.631068,253.0,included,os1_rev7_128ch20hz1024res_rtx
2344,002344,curated_inner_polygon,apollo14_cone_inner245_craters_3km_polygon_01,424,961833383496,scans/002344.npy,poses/002344.npy,transforms/002344.npz,global_dem,597.6022054550633,-5843.280961180416,-29.994216049294263,-0.12006954910828015,-0.01320190304516854,0.9660271940746877,0.22847422927128122,947.294665,-5698.631068,253.0,included,os1_rev7_128ch20hz1024res_rtx
2345,002345,curated_inner_polygon,apollo14_cone_inner245_craters_3km_polygon_01,425,963833383601,scans/002345.npy,poses/002345.npy,transforms/002345.npz,global_dem,596.7116600786627,-5842.837899159253,-30.233772924405407,-0.12996260988365083,-0.012740699354604684,0.9629352690147398,0.2360149620250723,947.294665,-5698.631068,253.0,included,os1_rev7_128ch20hz1024res_rtx
2346,002346,curated_inner_polygon,apollo14_cone_inner245_craters_3km_polygon_01,426,965866717040,scans/002346.npy,poses/002346.npy,transforms/002346.npz,global_dem,595.835003735158,-5842.374477754995,-30.4830269146848,-0.12084742216537318,-0.01884906090226933,0.9642632721857055,0.23502543558688,947.294665,-5698.631068,253.0,included,os1_rev7_128ch20hz1024res_rtx
2347,002347,curated_inner_polygon,apollo14_cone_inner245_craters_3km_polygon_01,427,967983383817,scans/002347.npy,poses/002347.npy,transforms/002347.npz,global_dem,594.9815744368386,-5841.899437804214,-30.685191965241742,-0.062201595184159277,-0.014169845150391882,0.9672188938300282,0.2458003019997666,947.294665,-5698.631068,253.0,included,os1_rev7_128ch20hz1024res_rtx
2348,002348,curated_inner_polygon,apollo14_cone_inner245_craters_3km_polygon_01,428,970050050592,scans/002348.npy,poses/002348.npy,transforms/002348.npz,global_dem,594.1419611869006,-5841.410149182397,-30.769656551186543,-0.0170413842956944,-0.00773479910543057,0.9663023352123213,0.25672857469962246,947.294665,-5698.631068,253.0,included,os1_rev7_128ch20hz1024res_rtx
2349,002349,curated_inner_polygon,apollo14_cone_inner245_craters_3km_polygon_01,429,972066717363,scans/002349.npy,poses/002349.npy,transforms/002349.npz,global_dem,593.2562303527438,-5840.920662955457,-30.812891829044233,-0.032967689122508255,-0.012778703902418125,0.9653983007565397,0.2583717420634113,947.294665,-5698.631068,253.0,included,os1_rev7_128ch20hz1024res_rtx
2350,002350,curated_inner_polygon,apollo14_cone_inner245_craters_3km_polygon_01,430,974066717468,scans/002350.npy,poses/002350.npy,transforms/002350.npz,global_dem,592.3464620186776,-5840.412085129872,-30.938162724483412,-0.08563219695506537,-0.028104593201789263,0.961857040075065,0.2582794864940801,947.294665,-5698.631068,253.0,included,os1_rev7_128ch20hz1024res_rtx
2351,002351,curated_inner_polygon,apollo14_cone_inner245_craters_3km_polygon_01,431,976166717577,scans/002351.npy,poses/002351.npy,transforms/002351.npz,global_dem,591.4499986923449,-5839.908385580577,-31.109689011042292,-0.0845191166554309,-0.03782112274138589,0.9591999135046188,0.26713593454849693,947.294665,-5698.631068,253.0,included,os1_rev7_128ch20hz1024res_rtx
2352,002352,curated_inner_polygon,apollo14_cone_inner245_craters_3km_polygon_01,432,978266717687,scans/002352.npy,poses/002352.npy,transforms/002352.npz,global_dem,590.581812365423,-5839.381303093807,-31.246984549866806,-0.06579985824731002,-0.042225203782782925,0.9594309875959283,0.2708866753106143,947.294665,-5698.631068,253.0,included,os1_rev7_128ch20hz1024res_rtx
2353,002353,curated_inner_polygon,apollo14_cone_inner245_craters_3km_polygon_01,433,980283384459,scans/002353.npy,poses/002353.npy,transforms/002353.npz,global_dem,589.7286478513848,-5838.855362225649,-31.35809506666203,-0.06286824239059952,-0.04206743092374219,0.9521384034001826,0.29615937622291166,947.294665,-5698.631068,253.0,included,os1_rev7_128ch20hz1024res_rtx
2354,002354,curated_inner_polygon,apollo14_cone_inner245_craters_3km_polygon_01,434,982300051230,scans/002354.npy,poses/002354.npy,transforms/002354.npz,global_dem,588.8892878995622,-5838.293572638639,-31.46126488945478,-0.0696942926867669,-0.047663540770409296,0.9501783236021885,0.300053404920947,947.294665,-5698.631068,253.0,included,os1_rev7_128ch20hz1024res_rtx
2355,002355,curated_inner_polygon,apollo14_cone_inner245_craters_3km_polygon_01,435,984333384670,scans/002355.npy,poses/002355.npy,transforms/002355.npz,global_dem,588.0562746908314,-5837.712954736935,-31.57248449316423,-0.07454675952629311,-0.045280279773340676,0.9500205888402397,0.2997554965091075,947.294665,-5698.631068,253.0,included,os1_rev7_128ch20hz1024res_rtx
2356,002356,curated_inner_polygon,apollo14_cone_inner245_craters_3km_polygon_01,436,986350051442,scans/002356.npy,poses/002356.npy,transforms/002356.npz,global_dem,587.2358009404211,-5837.152104314643,-31.68853473518793,-0.0748154532844317,-0.04123471184088351,0.9545232121572504,0.28563575396341606,947.294665,-5698.631068,253.0,included,os1_rev7_128ch20hz1024res_rtx
2357,002357,curated_inner_polygon,apollo14_cone_inner245_craters_3km_polygon_01,437,988400051549,scans/002357.npy,poses/002357.npy,transforms/002357.npz,global_dem,586.3951011580045,-5836.594418463938,-31.798372795431614,-0.06541154459572786,-0.034289475094410486,0.9572554751154655,0.27965606929372294,947.294665,-5698.631068,253.0,included,os1_rev7_128ch20hz1024res_rtx
2358,002358,curated_inner_polygon,apollo14_cone_inner245_craters_3km_polygon_01,438,990433384988,scans/002358.npy,poses/002358.npy,transforms/002358.npz,global_dem,585.5340228888122,-5836.049773214812,-31.91629967125833,-0.06942051528156977,-0.03640586805784264,0.956627087589266,0.28057088252253715,947.294665,-5698.631068,253.0,included,os1_rev7_128ch20hz1024res_rtx
2359,002359,curated_inner_polygon,apollo14_cone_inner245_craters_3km_polygon_01,439,992500051762,scans/002359.npy,poses/002359.npy,transforms/002359.npz,global_dem,584.6798667300259,-5835.491784739422,-32.028198185960456,-0.059167522862322304,-0.030104203514888645,0.9562370266945921,0.2849626114902738,947.294665,-5698.631068,253.0,included,os1_rev7_128ch20hz1024res_rtx
2360,002360,curated_inner_polygon,apollo14_cone_inner245_craters_3km_polygon_01,440,994566718537,scans/002360.npy,poses/002360.npy,transforms/002360.npz,global_dem,583.8222745611686,-5834.939447516697,-32.12708886629717,-0.05536536104854162,-0.02591827164390646,0.9586169550196464,0.2780583635494871,947.294665,-5698.631068,253.0,included,os1_rev7_128ch20hz1024res_rtx
2361,002361,curated_inner_polygon,apollo14_cone_inner245_craters_3km_polygon_01,441,996650051979,scans/002361.npy,poses/002361.npy,transforms/002361.npz,global_dem,582.9340783029267,-5834.396177101218,-32.23232025216334,-0.06582973989397481,-0.02672588007428142,0.961072418917585,0.26700557723697244,947.294665,-5698.631068,253.0,included,os1_rev7_128ch20hz1024res_rtx
2362,002362,curated_inner_polygon,apollo14_cone_inner245_craters_3km_polygon_01,442,998750052088,scans/002362.npy,poses/002362.npy,transforms/002362.npz,global_dem,582.0370763598692,-5833.897917267151,-32.35496579668949,-0.061484130151830345,-0.034804260166964,0.9605184571202193,0.2690960028411729,947.294665,-5698.631068,253.0,included,os1_rev7_128ch20hz1024res_rtx
2363,002363,curated_inner_polygon,apollo14_cone_inner245_craters_3km_polygon_01,443,1001183385549,scans/002363.npy,poses/002363.npy,transforms/002363.npz,global_dem,581.1760141289019,-5833.379603020095,-32.47583817299466,-0.07342786816272989,-0.03096830689056709,0.9606168675526043,0.2662039554905799,947.294665,-5698.631068,253.0,included,os1_rev7_128ch20hz1024res_rtx
2364,002364,curated_inner_polygon,apollo14_cone_inner245_craters_3km_polygon_01,444,1005416719103,scans/002364.npy,poses/002364.npy,transforms/002364.npz,global_dem,580.3142247748139,-5832.871670957071,-32.60705129888317,-0.08074085881265926,-0.0292962213385359,0.9625378139072953,0.2571839845947699,947.294665,-5698.631068,253.0,included,os1_rev7_128ch20hz1024res_rtx
2365,002365,curated_inner_polygon,apollo14_cone_inner245_craters_3km_polygon_01,445,1007950052568,scans/002365.npy,poses/002365.npy,transforms/002365.npz,global_dem,579.401882408348,-5832.365612647572,-32.75515739877269,-0.08486528949908634,-0.025253888708161375,0.9632255396888704,0.2536861908627205,947.294665,-5698.631068,253.0,included,os1_rev7_128ch20hz1024res_rtx
2366,002366,curated_inner_polygon,apollo14_cone_inner245_craters_3km_polygon_01,446,1009966719340,scans/002366.npy,poses/002366.npy,transforms/002366.npz,global_dem,578.5481986995591,-5831.870179257263,-32.896150558694124,-0.07959418241776976,-0.021665974941936495,0.9624141250177402,0.25875549003141923,947.294665,-5698.631068,253.0,included,os1_rev7_128ch20hz1024res_rtx
2367,002367,curated_inner_polygon,apollo14_cone_inner245_craters_3km_polygon_01,447,1012000052779,scans/002367.npy,poses/002367.npy,transforms/002367.npz,global_dem,577.6764213384597,-5831.371167569825,-33.03516317212448,-0.08140051491756423,-0.023531492713344853,0.9615321553219331,0.26129703271142424,947.294665,-5698.631068,253.0,included,os1_rev7_128ch20hz1024res_rtx
2368,002368,curated_inner_polygon,apollo14_cone_inner245_craters_3km_polygon_01,448,1014033386219,scans/002368.npy,poses/002368.npy,transforms/002368.npz,global_dem,576.8213048739989,-5830.861602420149,-33.18148282003377,-0.08039556381320503,-0.024908807415201246,0.9541250103009143,0.28733529081995746,947.294665,-5698.631068,253.0,included,os1_rev7_128ch20hz1024res_rtx
2369,002369,curated_inner_polygon,apollo14_cone_inner245_craters_3km_polygon_01,449,1016066719658,scans/002369.npy,poses/002369.npy,transforms/002369.npz,global_dem,575.971520232463,-5830.305098727346,-33.312051101973054,-0.09011811971443692,-0.024421759677471323,0.9540204817387613,0.28482840900502226,947.294665,-5698.631068,253.0,included,os1_rev7_128ch20hz1024res_rtx
2370,002370,curated_inner_polygon,apollo14_cone_inner245_craters_3km_polygon_01,450,1018083386430,scans/002370.npy,poses/002370.npy,transforms/002370.npz,global_dem,575.1236627799536,-5829.758243440446,-33.50101808400252,-0.09286366106834948,-0.02903567677874614,0.9540293328212804,0.283480690777283,947.294665,-5698.631068,253.0,included,os1_rev7_128ch20hz1024res_rtx
2371,002371,curated_inner_polygon,apollo14_cone_inner245_craters_3km_polygon_01,451,1020100053202,scans/002371.npy,poses/002371.npy,transforms/002371.npz,global_dem,574.2879526927386,-5829.208319838833,-33.67617659985984,-0.10227554074311958,-0.03144943194414013,0.9505213560459514,0.29165013063027945,947.294665,-5698.631068,253.0,included,os1_rev7_128ch20hz1024res_rtx
2372,002372,curated_inner_polygon,apollo14_cone_inner245_craters_3km_polygon_01,452,1022100053306,scans/002372.npy,poses/002372.npy,transforms/002372.npz,global_dem,573.471794401863,-5828.649432025139,-33.855231811908624,-0.10652825113493783,-0.02536913308265561,0.949017955085719,0.29558934304485096,947.294665,-5698.631068,253.0,included,os1_rev7_128ch20hz1024res_rtx
2373,002373,curated_inner_polygon,apollo14_cone_inner245_craters_3km_polygon_01,453,1024100053410,scans/002373.npy,poses/002373.npy,transforms/002373.npz,global_dem,572.6416904114446,-5828.112835410645,-34.02982674690417,-0.10705116122993795,-0.0400955904839251,0.946192076452415,0.30274237721490954,947.294665,-5698.631068,253.0,included,os1_rev7_128ch20hz1024res_rtx
2374,002374,curated_inner_polygon,apollo14_cone_inner245_craters_3km_polygon_01,454,1026183386852,scans/002374.npy,poses/002374.npy,transforms/002374.npz,global_dem,571.8162732069397,-5827.510110883058,-34.21102782980862,-0.09601983517563224,-0.033352527215488696,0.9431148072253779,0.3165474065182387,947.294665,-5698.631068,253.0,included,os1_rev7_128ch20hz1024res_rtx
2375,002375,curated_inner_polygon,apollo14_cone_inner245_craters_3km_polygon_01,455,1028166720289,scans/002375.npy,poses/002375.npy,transforms/002375.npz,global_dem,571.0280869863634,-5826.91080576451,-34.372799816426834,-0.09297414738907388,-0.03477845739385528,0.940953156652197,0.32365633595658916,947.294665,-5698.631068,253.0,included,os1_rev7_128ch20hz1024res_rtx
2376,002376,curated_inner_polygon,apollo14_cone_inner245_craters_3km_polygon_01,456,1030233387064,scans/002376.npy,poses/002376.npy,transforms/002376.npz,global_dem,570.2160055568022,-5826.279742953862,-34.54016145039345,-0.09532196280594532,-0.03774393666634551,0.9427775517330301,0.3172689814652902,947.294665,-5698.631068,253.0,included,os1_rev7_128ch20hz1024res_rtx
2377,002377,curated_inner_polygon,apollo14_cone_inner245_craters_3km_polygon_01,457,1032216720500,scans/002377.npy,poses/002377.npy,transforms/002377.npz,global_dem,569.3886547419208,-5825.724084798131,-34.69843437558801,-0.10572434998450174,-0.050705060420930086,0.9390686242227544,0.3231121750544971,947.294665,-5698.631068,253.0,included,os1_rev7_128ch20hz1024res_rtx
2378,002378,curated_inner_polygon,apollo14_cone_inner245_craters_3km_polygon_01,458,1034283387275,scans/002378.npy,poses/002378.npy,transforms/002378.npz,global_dem,568.5865436229162,-5825.08630906346,-34.872446612108554,-0.09338677149079097,-0.041382969710789926,0.9343364457376976,0.34144072237313644,947.294665,-5698.631068,253.0,included,os1_rev7_128ch20hz1024res_rtx
2379,002379,curated_inner_polygon,apollo14_cone_inner245_craters_3km_polygon_01,459,1036350054049,scans/002379.npy,poses/002379.npy,transforms/002379.npz,global_dem,567.7967318666496,-5824.4387042053195,-35.02998356576117,-0.09274014609282163,-0.04372650747641588,0.9345782283176436,0.3406622858510339,947.294665,-5698.631068,253.0,included,os1_rev7_128ch20hz1024res_rtx
2380,002380,curated_inner_polygon,apollo14_cone_inner245_craters_3km_polygon_01,460,1038433387491,scans/002380.npy,poses/002380.npy,transforms/002380.npz,global_dem,566.995575930986,-5823.775997993265,-35.189017645104485,-0.098914946694792,-0.038100001228387456,0.9345095450102296,0.33978836576836635,947.294665,-5698.631068,253.0,included,os1_rev7_128ch20hz1024res_rtx
2381,002381,curated_inner_polygon,apollo14_cone_inner245_craters_3km_polygon_01,461,1040500054266,scans/002381.npy,poses/002381.npy,transforms/002381.npz,global_dem,566.2198837211331,-5823.12501163363,-35.35823522254359,-0.08994881582027496,-0.039605890447807525,0.9360839925355123,0.3377681792193303,947.294665,-5698.631068,253.0,included,os1_rev7_128ch20hz1024res_rtx
2382,002382,curated_inner_polygon,apollo14_cone_inner245_craters_3km_polygon_01,462,1042583387708,scans/002382.npy,poses/002382.npy,transforms/002382.npz,global_dem,565.4327716130324,-5822.478525488212,-35.51673690248617,-0.07432591380074857,-0.041228584489024445,0.9364982535247371,0.34021593658121374,947.294665,-5698.631068,253.0,included,os1_rev7_128ch20hz1024res_rtx
2383,002383,curated_inner_polygon,apollo14_cone_inner245_craters_3km_polygon_01,463,1044666721150,scans/002383.npy,poses/002383.npy,transforms/002383.npz,global_dem,564.6288316965179,-5821.802854447321,-35.681904041458594,-0.09020182585652613,-0.03077454240976775,0.9365582173296508,0.33730589040798686,947.294665,-5698.631068,253.0,included,os1_rev7_128ch20hz1024res_rtx
2384,002384,curated_inner_polygon,apollo14_cone_inner245_craters_3km_polygon_01,464,1046733387924,scans/002384.npy,poses/002384.npy,transforms/002384.npz,global_dem,563.8376731897288,-5821.166896003492,-35.831581511858715,-0.08557253387197457,-0.0334487067200893,0.9375096707218522,0.3356101052836275,947.294665,-5698.631068,253.0,included,os1_rev7_128ch20hz1024res_rtx
2385,002385,curated_inner_polygon,apollo14_cone_inner245_craters_3km_polygon_01,465,1048816721366,scans/002385.npy,poses/002385.npy,transforms/002385.npz,global_dem,563.0386427902371,-5820.526589234836,-35.973506558785665,-0.08054043205654084,-0.03691330358549452,0.9406541865424496,0.3275978451740996,947.294665,-5698.631068,253.0,included,os1_rev7_128ch20hz1024res_rtx
2386,002386,curated_inner_polygon,apollo14_cone_inner245_craters_3km_polygon_01,466,1050916721476,scans/002386.npy,poses/002386.npy,transforms/002386.npz,global_dem,562.2413984419554,-5819.910897561416,-36.105008068959506,-0.07698644349035963,-0.0393661692235088,0.9429823218910786,0.32141520318784256,947.294665,-5698.631068,253.0,included,os1_rev7_128ch20hz1024res_rtx
2387,002387,curated_inner_polygon,apollo14_cone_inner245_craters_3km_polygon_01,467,1053850054962,scans/002387.npy,poses/002387.npy,transforms/002387.npz,global_dem,561.4442696491712,-5819.312225956663,-36.23066419258512,-0.0759092117192216,-0.04015299874194318,0.9450774783317167,0.31536342244838655,947.294665,-5698.631068,253.0,included,os1_rev7_128ch20hz1024res_rtx
2388,002388,curated_inner_polygon,apollo14_cone_inner245_craters_3km_polygon_01,468,1058050055181,scans/002388.npy,poses/002388.npy,transforms/002388.npz,global_dem,560.6176299741119,-5818.719918568969,-36.3677067924491,-0.08425044657639819,-0.04048860830582538,0.9495415994977879,0.29938818559241354,947.294665,-5698.631068,253.0,included,os1_rev7_128ch20hz1024res_rtx
2389,002389,curated_inner_polygon,apollo14_cone_inner245_craters_3km_polygon_01,469,1060150055291,scans/002389.npy,poses/002389.npy,transforms/002389.npz,global_dem,559.7714840768874,-5818.121975730479,-36.51481442038514,-0.08555247774602821,-0.04330022104177933,0.9469584244213388,0.3067174706903799,947.294665,-5698.631068,253.0,included,os1_rev7_128ch20hz1024res_rtx
2390,002390,curated_inner_polygon,apollo14_cone_inner245_craters_3km_polygon_01,470,1062266722068,scans/002390.npy,poses/002390.npy,transforms/002390.npz,global_dem,558.9262090276839,-5817.484265015044,-36.65984879930178,-0.09566148055560729,-0.025510818712369418,0.9510180871566486,0.2928526543629798,947.294665,-5698.631068,253.0,included,os1_rev7_128ch20hz1024res_rtx
2391,002391,curated_inner_polygon,apollo14_cone_inner245_craters_3km_polygon_01,471,1064366722177,scans/002391.npy,poses/002391.npy,transforms/002391.npz,global_dem,558.0765656115232,-5816.908320682695,-36.82316577375531,-0.09146281917180847,-0.02462770490409446,0.95265475121469,0.288923785535873,947.294665,-5698.631068,253.0,included,os1_rev7_128ch20hz1024res_rtx
2392,002392,curated_inner_polygon,apollo14_cone_inner245_craters_3km_polygon_01,472,1066383388949,scans/002392.npy,poses/002392.npy,transforms/002392.npz,global_dem,557.2481655777805,-5816.362621344095,-36.98512296554401,-0.09598915534606298,-0.024526181807898523,0.950191245273727,0.2955015158455866,947.294665,-5698.631068,253.0,included,os1_rev7_128ch20hz1024res_rtx
2393,002393,curated_inner_polygon,apollo14_cone_inner245_craters_3km_polygon_01,473,1068500055726,scans/002393.npy,poses/002393.npy,transforms/002393.npz,global_dem,556.4183324159175,-5815.772194489584,-37.15300787448201,-0.07816121931423968,-0.02709696971104737,0.9483954518274882,0.306108877657484,947.294665,-5698.631068,253.0,included,os1_rev7_128ch20hz1024res_rtx
2394,002394,curated_inner_polygon,apollo14_cone_inner245_craters_3km_polygon_01,474,1070516722498,scans/002394.npy,poses/002394.npy,transforms/002394.npz,global_dem,555.6092015911374,-5815.1737357234915,-37.32592943734133,-0.09672197150764722,-0.0236665654345389,0.9437144974652019,0.3154167103724979,947.294665,-5698.631068,253.0,included,os1_rev7_128ch20hz1024res_rtx
2395,002395,curated_inner_polygon,apollo14_cone_inner245_craters_3km_polygon_01,475,1072616722607,scans/002395.npy,poses/002395.npy,transforms/002395.npz,global_dem,554.8078778571714,-5814.527435467999,-37.50765809918398,-0.10401065179519929,-0.015615751273754462,0.946680304392545,0.3045231253953177,947.294665,-5698.631068,253.0,included,os1_rev7_128ch20hz1024res_rtx
2396,002396,curated_inner_polygon,apollo14_cone_inner245_craters_3km_polygon_01,476,1074733389385,scans/002396.npy,poses/002396.npy,transforms/002396.npz,global_dem,553.9693949611665,-5813.928499653646,-37.73157157775607,-0.11630829502349499,-0.03367341451224614,0.940408969176593,0.31775690764487236,947.294665,-5698.631068,253.0,included,os1_rev7_128ch20hz1024res_rtx
2397,002397,curated_inner_polygon,apollo14_cone_inner245_craters_3km_polygon_01,477,1076833389494,scans/002397.npy,poses/002397.npy,transforms/002397.npz,global_dem,553.1827085034068,-5813.3176575170955,-37.92067662484195,-0.09415526039598703,-0.041140204730079594,0.9369858265067713,0.33391590471247956,947.294665,-5698.631068,253.0,included,os1_rev7_128ch20hz1024res_rtx
2398,002398,curated_inner_polygon,apollo14_cone_inner245_craters_3km_polygon_01,478,1078950056271,scans/002398.npy,poses/002398.npy,transforms/002398.npz,global_dem,552.3962657168047,-5812.656717034769,-38.08037128814346,-0.08374946285762327,-0.032054835943164356,0.9312058688861339,0.35329045375687285,947.294665,-5698.631068,253.0,included,os1_rev7_128ch20hz1024res_rtx
2399,002399,curated_inner_polygon,apollo14_cone_inner245_craters_3km_polygon_01,479,1081050056381,scans/002399.npy,poses/002399.npy,transforms/002399.npz,global_dem,551.6378251213753,-5811.986597829209,-38.21497592719858,-0.08033132111058676,-0.03383001853220084,0.9362981933446934,0.34021772710163395,947.294665,-5698.631068,253.0,included,os1_rev7_128ch20hz1024res_rtx
2400,002400,curated_inner_polygon,apollo14_cone_inner245_craters_3km_polygon_01,480,1083166723158,scans/002400.npy,poses/002400.npy,transforms/002400.npz,global_dem,550.8520414958457,-5811.328520222954,-38.34573490071316,-0.07326203243353645,-0.042142262638673704,0.9323574654386606,0.3515199296543474,947.294665,-5698.631068,253.0,included,os1_rev7_128ch20hz1024res_rtx
2401,002401,curated_inner_polygon,apollo14_cone_inner245_craters_3km_polygon_01,481,1085300056602,scans/002401.npy,poses/002401.npy,transforms/002401.npz,global_dem,550.0437472820121,-5810.732133686959,-38.52626307780447,-0.057158438792657994,-0.11242538510612253,0.9307860262865152,0.34311924884547745,947.294665,-5698.631068,253.0,included,os1_rev7_128ch20hz1024res_rtx
2402,002402,curated_inner_polygon,apollo14_cone_inner245_craters_3km_polygon_01,482,1087433390047,scans/002402.npy,poses/002402.npy,transforms/002402.npz,global_dem,549.2454724565946,-5810.025314936302,-38.669006276285586,-0.07244130445625108,-0.05114773889298829,0.9370852110595337,0.33764992733350424,947.294665,-5698.631068,253.0,included,os1_rev7_128ch20hz1024res_rtx
2403,002403,curated_inner_polygon,apollo14_cone_inner245_craters_3km_polygon_01,483,1089516723489,scans/002403.npy,poses/002403.npy,transforms/002403.npz,global_dem,548.5151778163923,-5809.379356433753,-38.75035041416589,-0.029020510730985983,-0.033655258525372544,0.9343803716290041,0.3534946317059811,947.294665,-5698.631068,253.0,included,os1_rev7_128ch20hz1024res_rtx
2404,002404,curated_inner_polygon,apollo14_cone_inner245_craters_3km_polygon_01,484,1091650056933,scans/002404.npy,poses/002404.npy,transforms/002404.npz,global_dem,547.7332259160925,-5808.64434948148,-38.79463255614945,-0.04552736643770397,-0.010094693225074062,0.9282633480634109,0.36898849943601975,947.294665,-5698.631068,253.0,included,os1_rev7_128ch20hz1024res_rtx
2405,002405,curated_inner_polygon,apollo14_cone_inner245_craters_3km_polygon_01,485,1093683390373,scans/002405.npy,poses/002405.npy,transforms/002405.npz,global_dem,546.9858203765623,-5807.939280380291,-38.918732749919855,-0.08399645778163768,-0.019442424341900057,0.9269433750228245,0.3651610147827152,947.294665,-5698.631068,253.0,included,os1_rev7_128ch20hz1024res_rtx
2406,002406,curated_inner_polygon,apollo14_cone_inner245_craters_3km_polygon_01,486,1095700057145,scans/002406.npy,poses/002406.npy,transforms/002406.npz,global_dem,546.2713347867157,-5807.277179642301,-39.059842496549614,-0.06471935487261161,-0.030066920139797886,0.9277988935450696,0.36619202415498464,947.294665,-5698.631068,253.0,included,os1_rev7_128ch20hz1024res_rtx
2407,002407,curated_inner_polygon,apollo14_cone_inner245_craters_3km_polygon_01,487,1097750057252,scans/002407.npy,poses/002407.npy,transforms/002407.npz,global_dem,545.5233691964461,-5806.566311279615,-39.175174666534375,-0.08109440139468631,-0.023672093335320027,0.9224066009822776,0.376867871440221,947.294665,-5698.631068,253.0,included,os1_rev7_128ch20hz1024res_rtx
2408,002408,curated_inner_polygon,apollo14_cone_inner245_craters_3km_polygon_01,488,1099800057359,scans/002408.npy,poses/002408.npy,transforms/002408.npz,global_dem,544.775847251135,-5805.819951847655,-39.36100300317722,-0.11633981781793278,-0.013246010156933895,0.917291789180886,0.38061182785922654,947.294665,-5698.631068,253.0,included,os1_rev7_128ch20hz1024res_rtx
2409,002409,curated_inner_polygon,apollo14_cone_inner245_craters_3km_polygon_01,489,1101850057465,scans/002409.npy,poses/002409.npy,transforms/002409.npz,global_dem,544.0669636580246,-5805.130598702143,-39.54617183159596,-0.10028828196539419,-0.03620535479958193,0.9158624670686905,0.3870754115144979,947.294665,-5698.631068,253.0,included,os1_rev7_128ch20hz1024res_rtx
2410,002410,curated_inner_polygon,apollo14_cone_inner245_craters_3km_polygon_01,490,1104233390923,scans/002410.npy,poses/002410.npy,transforms/002410.npz,global_dem,543.3436852757504,-5804.416002736199,-39.70504268701489,-0.10378820343386692,-0.06040173155265836,0.9082115560004307,0.40091321903959143,947.294665,-5698.631068,253.0,included,os1_rev7_128ch20hz1024res_rtx
2411,002411,curated_inner_polygon,apollo14_cone_inner245_craters_3km_polygon_01,491,1108050057789,scans/002411.npy,poses/002411.npy,transforms/002411.npz,global_dem,542.5995158512317,-5803.685678630184,-39.90617349952363,-0.18621750102303963,-0.09479685643808199,0.8851398443816823,0.4157692319185768,947.294665,-5698.631068,253.0,included,os1_rev7_128ch20hz1024res_rtx
2412,002412,curated_inner_polygon,apollo14_cone_inner245_craters_3km_polygon_01,492,1110900057937,scans/002412.npy,poses/002412.npy,transforms/002412.npz,global_dem,541.9311499987673,-5802.942323141246,-40.207200738322385,-0.2233924970309437,-0.09456234954185552,0.8808879200682996,0.40643600553734016,947.294665,-5698.631068,253.0,included,os1_rev7_128ch20hz1024res_rtx
2413,002413,curated_inner_polygon,apollo14_cone_inner245_craters_3km_polygon_01,493,1112750058034,scans/002413.npy,poses/002413.npy,transforms/002413.npz,global_dem,541.326176037506,-5802.214956135577,-40.549248830153715,-0.2174616038592588,-0.09237704407466982,0.8745192987391257,0.4235480240867773,947.294665,-5698.631068,253.0,included,os1_rev7_128ch20hz1024res_rtx
2414,002414,curated_inner_polygon,apollo14_cone_inner245_craters_3km_polygon_01,494,1114783391473,scans/002414.npy,poses/002414.npy,transforms/002414.npz,global_dem,540.7978892474156,-5801.480567488126,-40.837557095610684,-0.10733814421526683,-0.08173226913492881,0.8965498441153766,0.4218965939601458,947.294665,-5698.631068,253.0,included,os1_rev7_128ch20hz1024res_rtx
2415,002415,curated_inner_polygon,apollo14_cone_inner245_craters_3km_polygon_01,495,1116783391578,scans/002415.npy,poses/002415.npy,transforms/002415.npz,global_dem,540.0388293986284,-5800.652985351275,-41.05592922349383,-0.2226345841862207,-0.07894920884826079,0.8807273705043261,0.4105120743546989,947.294665,-5698.631068,253.0,included,os1_rev7_128ch20hz1024res_rtx
2416,002416,curated_inner_polygon,apollo14_cone_inner245_craters_3km_polygon_01,496,1118616725007,scans/002416.npy,poses/002416.npy,transforms/002416.npz,global_dem,539.2800711685582,-5800.320308186553,-41.51929075410225,-0.08332876323524194,-0.222033995733656,0.837872151518453,0.49165788884759143,947.294665,-5698.631068,253.0,included,os1_rev7_128ch20hz1024res_rtx
2417,002417,curated_inner_polygon,apollo14_cone_inner245_craters_3km_polygon_01,497,7896533745169,scans/002417.npy,poses/002417.npy,transforms/002417.npz,global_dem,538.6881219840811,-5799.576712351482,-41.35531517364088,0.03449625467162085,-0.18212043017757482,0.7984410349208522,0.5728298797025907,947.294665,-5698.631068,253.0,included,os1_rev7_128ch20hz1024res_rtx
2418,002418,curated_inner_polygon,apollo14_cone_inner245_craters_3km_polygon_01,498,7898783745286,scans/002418.npy,poses/002418.npy,transforms/002418.npz,global_dem,538.2649889122275,-5798.496238590257,-41.344831720410845,-0.08126256247226034,-0.06750422557374014,0.8251623604457977,0.5549294138659898,947.294665,-5698.631068,253.0,included,os1_rev7_128ch20hz1024res_rtx
2419,002419,curated_inner_polygon,apollo14_cone_inner245_craters_3km_polygon_01,499,7900983745401,scans/002419.npy,poses/002419.npy,transforms/002419.npz,global_dem,537.8377194489559,-5797.586033818407,-41.41829703050998,-0.08002788048647629,-0.07115814283422656,0.8433127856358135,0.5266456138964708,947.294665,-5698.631068,253.0,included,os1_rev7_128ch20hz1024res_rtx
2420,002420,curated_inner_polygon,apollo14_cone_inner245_craters_3km_polygon_01,500,7903183745516,scans/002420.npy,poses/002420.npy,transforms/002420.npz,global_dem,537.3532096680137,-5796.6988691638235,-41.49533916152026,-0.07810211542319434,-0.06479858109362846,0.8597601665315616,0.5005133959249203,947.294665,-5698.631068,253.0,included,os1_rev7_128ch20hz1024res_rtx
2421,002421,curated_inner_polygon,apollo14_cone_inner245_craters_3km_polygon_01,501,7905400412298,scans/002421.npy,poses/002421.npy,transforms/002421.npz,global_dem,536.8034925213308,-5795.8404591198,-41.58584200202689,-0.07945859504117661,-0.06045259886895164,0.8727382273403862,0.4778700675945632,947.294665,-5698.631068,253.0,included,os1_rev7_128ch20hz1024res_rtx
2422,002422,curated_inner_polygon,apollo14_cone_inner245_craters_3km_polygon_01,502,7907633745748,scans/002422.npy,poses/002422.npy,transforms/002422.npz,global_dem,536.2043650778904,-5794.99132756989,-41.68357353911803,-0.075460934045933,-0.05322383419853336,0.8830304713277756,0.46014134525466094,947.294665,-5698.631068,253.0,included,os1_rev7_128ch20hz1024res_rtx
2423,002423,curated_inner_polygon,apollo14_cone_inner245_craters_3km_polygon_01,503,7909783745860,scans/002423.npy,poses/002423.npy,transforms/002423.npz,global_dem,535.5974357656946,-5794.195768494188,-41.77578027445422,-0.07383804687000624,-0.05124662165882818,0.8940132725478,0.4389327911097014,947.294665,-5698.631068,253.0,included,os1_rev7_128ch20hz1024res_rtx
2424,002424,curated_inner_polygon,apollo14_cone_inner245_craters_3km_polygon_01,504,7911983745975,scans/002424.npy,poses/002424.npy,transforms/002424.npz,global_dem,534.9541291954822,-5793.404246683319,-41.860679808394515,-0.055074232500415495,-0.041794422697990864,0.9042943543782621,0.4212739913470022,947.294665,-5698.631068,253.0,included,os1_rev7_128ch20hz1024res_rtx
2425,002425,curated_inner_polygon,apollo14_cone_inner245_craters_3km_polygon_01,505,7914067079417,scans/002425.npy,poses/002425.npy,transforms/002425.npz,global_dem,534.3123991634864,-5792.63075165406,-41.92609279070516,-0.04663781878691913,-0.008102778993394393,0.9164941672518027,0.3972375866214167,947.294665,-5698.631068,253.0,included,os1_rev7_128ch20hz1024res_rtx
2426,002426,curated_inner_polygon,apollo14_cone_inner245_craters_3km_polygon_01,506,7916183746194,scans/002426.npy,poses/002426.npy,transforms/002426.npz,global_dem,533.5804601769502,-5791.865725890818,-42.01991361893695,-0.07580277595718347,0.005486743671732428,0.9197593807388502,0.3850539135549107,947.294665,-5698.631068,253.0,included,os1_rev7_128ch20hz1024res_rtx
2427,002427,curated_inner_polygon,apollo14_cone_inner245_craters_3km_polygon_01,507,7918167079631,scans/002427.npy,poses/002427.npy,transforms/002427.npz,global_dem,532.8008928950392,-5791.181994475448,-42.24320497502743,-0.1545077764130011,-0.023843225524005952,0.9181934677294347,0.36397747656073065,947.294665,-5698.631068,253.0,included,os1_rev7_128ch20hz1024res_rtx
2428,002428,curated_inner_polygon,apollo14_cone_inner245_craters_3km_polygon_01,508,7920083746397,scans/002428.npy,poses/002428.npy,transforms/002428.npz,global_dem,532.0361275440924,-5790.568379612353,-42.55760779374345,-0.18450860158085747,-0.06462114481574878,0.91786461531773,0.34540589388864507,947.294665,-5698.631068,253.0,included,os1_rev7_128ch20hz1024res_rtx
2429,002429,curated_inner_polygon,apollo14_cone_inner245_craters_3km_polygon_01,509,7922100413169,scans/002429.npy,poses/002429.npy,transforms/002429.npz,global_dem,531.2850295553951,-5789.9832021661305,-42.84835301841939,-0.1429750187741617,-0.07160316852020493,0.9352819116786695,0.3157196160378524,947.294665,-5698.631068,253.0,included,os1_rev7_128ch20hz1024res_rtx
2430,002430,curated_inner_polygon,apollo14_cone_inner245_craters_3km_polygon_01,510,7924033746603,scans/002430.npy,poses/002430.npy,transforms/002430.npz,global_dem,530.4450981137855,-5789.416380108398,-43.137588066525396,-0.18791672692046404,-0.09186054524696116,0.9291488410335128,0.3048464780451149,947.294665,-5698.631068,253.0,included,os1_rev7_128ch20hz1024res_rtx
2431,002431,curated_inner_polygon,apollo14_cone_inner245_craters_3km_polygon_01,511,7925900413367,scans/002431.npy,poses/002431.npy,transforms/002431.npz,global_dem,529.6144487344809,-5788.849007110924,-43.561191000503165,-0.23530600336868243,-0.0732692950029401,0.9289222872622722,0.2763441322262126,947.294665,-5698.631068,253.0,included,os1_rev7_128ch20hz1024res_rtx
2432,002432,curated_inner_polygon,apollo14_cone_inner245_craters_3km_polygon_01,512,7927933746807,scans/002432.npy,poses/002432.npy,transforms/002432.npz,global_dem,528.8601718817918,-5788.3535879904075,-43.914261795030434,-0.16896086615541633,-0.08557403591122009,0.9455088346848938,0.2648440175248273,947.294665,-5698.631068,253.0,included,os1_rev7_128ch20hz1024res_rtx
2433,002433,curated_inner_polygon,apollo14_cone_inner245_craters_3km_polygon_01,513,7930000413581,scans/002433.npy,poses/002433.npy,transforms/002433.npz,global_dem,528.0589546056168,-5787.86448259223,-44.1547057486209,-0.12711894220963785,-0.0943694155683641,0.9495080190556359,0.2708684361195127,947.294665,-5698.631068,253.0,included,os1_rev7_128ch20hz1024res_rtx
2434,002434,curated_inner_polygon,apollo14_cone_inner245_craters_3km_polygon_01,514,7932267080366,scans/002434.npy,poses/002434.npy,transforms/002434.npz,global_dem,527.2101894971019,-5787.325884147535,-44.3390240263415,-0.11775691452832987,-0.10210806176430863,0.9421649056706963,0.29670278617841084,947.294665,-5698.631068,253.0,included,os1_rev7_128ch20hz1024res_rtx
2435,002435,curated_inner_polygon,apollo14_cone_inner245_craters_3km_polygon_01,515,7935517080536,scans/002435.npy,poses/002435.npy,transforms/002435.npz,global_dem,526.3698012835002,-5786.739769249894,-44.52889340212114,-0.13558986658974598,-0.11601211373116059,0.9234793108641071,0.33962117123606567,947.294665,-5698.631068,253.0,included,os1_rev7_128ch20hz1024res_rtx
2436,002436,curated_inner_polygon,apollo14_cone_inner245_craters_3km_polygon_01,516,7940317080786,scans/002436.npy,poses/002436.npy,transforms/002436.npz,global_dem,525.6194892075841,-5786.048947099876,-44.749923368345236,-0.173399514079371,-0.1092720444870632,0.8999401571446748,0.38483755322093155,947.294665,-5698.631068,253.0,included,os1_rev7_128ch20hz1024res_rtx
2437,002437,curated_inner_polygon,apollo14_cone_inner245_craters_3km_polygon_01,517,7942417080895,scans/002437.npy,poses/002437.npy,transforms/002437.npz,global_dem,524.9523103990898,-5785.298068735673,-45.00375660468801,-0.1399677087346377,-0.09504739591702606,0.9000068383765268,0.4016997932741018,947.294665,-5698.631068,253.0,included,os1_rev7_128ch20hz1024res_rtx
2438,002438,curated_inner_polygon,apollo14_cone_inner245_craters_3km_polygon_01,518,7944483747670,scans/002438.npy,poses/002438.npy,transforms/002438.npz,global_dem,524.3356511632269,-5784.549366479886,-45.17745353077089,-0.09002061604278784,-0.07026308040898953,0.9019759305459595,0.4164118261222506,947.294665,-5698.631068,253.0,included,os1_rev7_128ch20hz1024res_rtx
2439,002439,curated_inner_polygon,apollo14_cone_inner245_craters_3km_polygon_01,519,7946567081112,scans/002439.npy,poses/002439.npy,transforms/002439.npz,global_dem,523.6789240857066,-5783.755775358566,-45.29730386730255,-0.09913464648498173,-0.05879938475921496,0.895207146120527,0.43048707268973474,947.294665,-5698.631068,253.0,included,os1_rev7_128ch20hz1024res_rtx
2440,002440,curated_inner_polygon,apollo14_cone_inner245_craters_3km_polygon_01,520,7948617081219,scans/002440.npy,poses/002440.npy,transforms/002440.npz,global_dem,523.0347916463829,-5782.981048247712,-45.435057426023185,-0.11067957184144984,-0.06655876372069092,0.8900330790541333,0.43721971769167234,947.294665,-5698.631068,253.0,included,os1_rev7_128ch20hz1024res_rtx
2441,002441,curated_inner_polygon,apollo14_cone_inner245_craters_3km_polygon_01,521,7950700414661,scans/002441.npy,poses/002441.npy,transforms/002441.npz,global_dem,522.3765801120742,-5782.176180543033,-45.61056156192939,-0.14322240659877197,-0.08602849126095437,0.879632635618458,0.4453457839638152,947.294665,-5698.631068,253.0,included,os1_rev7_128ch20hz1024res_rtx
2442,002442,curated_inner_polygon,apollo14_cone_inner245_craters_3km_polygon_01,522,7952800414770,scans/002442.npy,poses/002442.npy,transforms/002442.npz,global_dem,521.7581375686698,-5781.343628371104,-45.815598410413315,-0.14581399257300984,-0.08814098477130221,0.8736068838498584,0.4558294186026208,947.294665,-5698.631068,253.0,included,os1_rev7_128ch20hz1024res_rtx
2443,002443,curated_inner_polygon,apollo14_cone_inner245_craters_3km_polygon_01,523,7954900414880,scans/002443.npy,poses/002443.npy,transforms/002443.npz,global_dem,521.197713176032,-5780.517184939591,-45.9709103548511,-0.09898988953505533,-0.08094622011559624,0.8742321500348943,0.4683661591791203,947.294665,-5698.631068,253.0,included,os1_rev7_128ch20hz1024res_rtx
2444,002444,curated_inner_polygon,apollo14_cone_inner245_craters_3km_polygon_01,524,7957033748324,scans/002444.npy,poses/002444.npy,transforms/002444.npz,global_dem,520.6583185875547,-5779.707606818066,-46.04957797774994,-0.016105935618383697,-0.08008145400431926,0.880901652129323,0.4661972102428755,947.294665,-5698.631068,253.0,included,os1_rev7_128ch20hz1024res_rtx
2445,002445,curated_inner_polygon,apollo14_cone_inner245_craters_3km_polygon_01,525,7959067081764,scans/002445.npy,poses/002445.npy,transforms/002445.npz,global_dem,520.1235592795558,-5778.8541145390045,-46.02418195317771,9.724858079136624e-05,-0.04634516932003844,0.8791886065142851,0.4742146244042672,947.294665,-5698.631068,253.0,included,os1_rev7_128ch20hz1024res_rtx
2446,002446,curated_inner_polygon,apollo14_cone_inner245_craters_3km_polygon_01,526,7961117081871,scans/002446.npy,poses/002446.npy,transforms/002446.npz,global_dem,519.5009398373928,-5777.971954804043,-46.03621180497634,-0.07594166137266564,-0.052232148271230676,0.8741160878636092,0.47689174001333967,947.294665,-5698.631068,253.0,included,os1_rev7_128ch20hz1024res_rtx
2447,002447,curated_inner_polygon,apollo14_cone_inner245_craters_3km_polygon_01,527,7963117081975,scans/002447.npy,poses/002447.npy,transforms/002447.npz,global_dem,518.8534326336624,-5777.099109900747,-46.219402032840165,-0.17507617465591171,-0.06370784780705842,0.8624118690378751,0.470675484105816,947.294665,-5698.631068,253.0,included,os1_rev7_128ch20hz1024res_rtx
2448,002448,curated_inner_polygon,apollo14_cone_inner245_craters_3km_polygon_01,528,7965050415409,scans/002448.npy,poses/002448.npy,transforms/002448.npz,global_dem,518.2275731762991,-5776.311464278721,-46.523393202420294,-0.17732597876690762,-0.08292663922665283,0.8472161319317356,0.49386586797991905,947.294665,-5698.631068,253.0,included,os1_rev7_128ch20hz1024res_rtx
2449,002449,curated_inner_polygon,apollo14_cone_inner245_craters_3km_polygon_01,529,7967033748846,scans/002449.npy,poses/002449.npy,transforms/002449.npz,global_dem,517.7215198525496,-5775.517993651491,-46.737614622192275,-0.1306461895095876,-0.0729686783857047,0.8688774038929212,0.4718677803639131,947.294665,-5698.631068,253.0,included,os1_rev7_128ch20hz1024res_rtx
2450,002450,curated_inner_polygon,apollo14_cone_inner245_craters_3km_polygon_01,530,7969100415620,scans/002450.npy,poses/002450.npy,transforms/002450.npz,global_dem,517.1079289244947,-5774.674892859557,-46.92221522453353,-0.13358208007547437,-0.049815751343179705,0.8767851169093913,0.45926253664653416,947.294665,-5698.631068,253.0,included,os1_rev7_128ch20hz1024res_rtx
2451,002451,curated_inner_polygon,apollo14_cone_inner245_craters_3km_polygon_01,531,7971083749057,scans/002451.npy,poses/002451.npy,transforms/002451.npz,global_dem,516.5519623421569,-5773.864140882497,-47.132432919974,-0.1319126699019695,-0.048107594509324704,0.8774252808334897,0.4587042439569666,947.294665,-5698.631068,253.0,included,os1_rev7_128ch20hz1024res_rtx
2452,002452,curated_inner_polygon,apollo14_cone_inner245_craters_3km_polygon_01,532,7973167082499,scans/002452.npy,poses/002452.npy,transforms/002452.npz,global_dem,515.9764280770225,-5773.031981387025,-47.32986090400075,-0.10961852625296414,-0.05056276745248372,0.8740692664184996,0.47056360117661056,947.294665,-5698.631068,253.0,included,os1_rev7_128ch20hz1024res_rtx
2453,002453,curated_inner_polygon,apollo14_cone_inner245_craters_3km_polygon_01,533,7975167082604,scans/002453.npy,poses/002453.npy,transforms/002453.npz,global_dem,515.4139663027902,-5772.230049599707,-47.45994039675271,-0.09391057437624972,-0.059826296996495304,0.8667831593910841,0.48609523018028133,947.294665,-5698.631068,253.0,included,os1_rev7_128ch20hz1024res_rtx
2454,002454,curated_inner_polygon,apollo14_cone_inner245_craters_3km_polygon_01,534,7977250416046,scans/002454.npy,poses/002454.npy,transforms/002454.npz,global_dem,514.831623374245,-5771.36121254857,-47.58534505058865,-0.10988383640013853,-0.06577404912189633,0.8638210965030825,0.48724986423426575,947.294665,-5698.631068,253.0,included,os1_rev7_128ch20hz1024res_rtx
2455,002455,curated_inner_polygon,apollo14_cone_inner245_craters_3km_polygon_01,535,7979317082820,scans/002455.npy,poses/002455.npy,transforms/002455.npz,global_dem,514.2692479436388,-5770.486853579495,-47.73768931066686,-0.12909658597863002,-0.06455709594024299,0.8660373343160435,0.47869174676735976,947.294665,-5698.631068,253.0,included,os1_rev7_128ch20hz1024res_rtx
2456,002456,curated_inner_polygon,apollo14_cone_inner245_craters_3km_polygon_01,536,7981383749594,scans/002456.npy,poses/002456.npy,transforms/002456.npz,global_dem,513.7143788656031,-5769.637145230283,-47.91583590215116,-0.12636479163169212,-0.06552831477296779,0.871647558746248,0.4690080092392879,947.294665,-5698.631068,253.0,included,os1_rev7_128ch20hz1024res_rtx
2457,002457,curated_inner_polygon,apollo14_cone_inner245_craters_3km_polygon_01,537,7983367083031,scans/002457.npy,poses/002457.npy,transforms/002457.npz,global_dem,513.1301373468286,-5768.827006025349,-48.10043730312074,-0.14329497347649242,-0.0704429216286186,0.8740200298307833,0.45890449204969913,947.294665,-5698.631068,253.0,included,os1_rev7_128ch20hz1024res_rtx
2458,002458,curated_inner_polygon,apollo14_cone_inner245_craters_3km_polygon_01,538,7985767083156,scans/002458.npy,poses/002458.npy,transforms/002458.npz,global_dem,512.55355833487,-5768.003101124951,-48.30095118200892,-0.13729022820828876,-0.07050642402870413,0.8779328540887059,0.45322636851893294,947.294665,-5698.631068,253.0,included,os1_rev7_128ch20hz1024res_rtx
2459,002459,curated_inner_polygon,apollo14_cone_inner245_craters_3km_polygon_01,539,7989717083362,scans/002459.npy,poses/002459.npy,transforms/002459.npz,global_dem,511.98401837720576,-5767.202791134894,-48.48977477170185,-0.13711941591756804,-0.0778897697869947,0.8826396031713982,0.4428078369387682,947.294665,-5698.631068,253.0,included,os1_rev7_128ch20hz1024res_rtx
2460,002460,curated_inner_polygon,apollo14_cone_inner245_craters_3km_polygon_01,540,7992633750181,scans/002460.npy,poses/002460.npy,transforms/002460.npz,global_dem,511.40534360003073,-5766.41653114789,-48.64120796706312,-0.0994718768189349,-0.08481641315805331,0.8862882317538016,0.4443024780887912,947.294665,-5698.631068,253.0,included,os1_rev7_128ch20hz1024res_rtx
2461,002461,curated_inner_polygon,apollo14_cone_inner245_craters_3km_polygon_01,541,7994717083623,scans/002461.npy,poses/002461.npy,transforms/002461.npz,global_dem,510.7887797460843,-5765.616894824002,-48.73789058017549,-0.07573650986955249,-0.08293338805803128,0.8907630700524383,0.4403716467357432,947.294665,-5698.631068,253.0,included,os1_rev7_128ch20hz1024res_rtx
2462,002462,curated_inner_polygon,apollo14_cone_inner245_craters_3km_polygon_01,542,7996733750395,scans/002462.npy,poses/002462.npy,transforms/002462.npz,global_dem,510.16834851720597,-5764.781733086391,-48.84340005824267,-0.0924527960213403,-0.05796224197944806,0.8835904042121129,0.45536892361779313,947.294665,-5698.631068,253.0,included,os1_rev7_128ch20hz1024res_rtx
2463,002463,curated_inner_polygon,apollo14_cone_inner245_craters_3km_polygon_01,543,7998833750505,scans/002463.npy,poses/002463.npy,transforms/002463.npz,global_dem,509.56470089372556,-5763.918474986999,-48.98296164495113,-0.10141853080248729,-0.042230511557467806,0.8797587739451007,0.4625530944335719,947.294665,-5698.631068,253.0,included,os1_rev7_128ch20hz1024res_rtx
2464,002464,curated_inner_polygon,apollo14_cone_inner245_craters_3km_polygon_01,544,8000867083944,scans/002464.npy,poses/002464.npy,transforms/002464.npz,global_dem,509.0015365440623,-5763.0958616638345,-49.1350225084718,-0.096272978211351,-0.04065741460394722,0.8789750622274426,0.4652755401762519,947.294665,-5698.631068,253.0,included,os1_rev7_128ch20hz1024res_rtx
2465,002465,curated_inner_polygon,apollo14_cone_inner245_craters_3km_polygon_01,545,8002883750716,scans/002465.npy,poses/002465.npy,transforms/002465.npz,global_dem,508.4548394522418,-5762.261413835777,-49.2743324630826,-0.0948578621916014,-0.027395709429144818,0.8754451279177734,0.4731250247982519,947.294665,-5698.631068,253.0,included,os1_rev7_128ch20hz1024res_rtx
2466,002466,curated_inner_polygon,apollo14_cone_inner245_craters_3km_polygon_01,546,8004917084155,scans/002466.npy,poses/002466.npy,transforms/002466.npz,global_dem,507.9112743550358,-5761.4065821723225,-49.43109341756729,-0.10147409036903289,-0.020890529195189616,0.8719316093743658,0.47854139146739516,947.294665,-5698.631068,253.0,included,os1_rev7_128ch20hz1024res_rtx
2467,002467,curated_inner_polygon,apollo14_cone_inner245_craters_3km_polygon_01,547,8006933750927,scans/002467.npy,poses/002467.npy,transforms/002467.npz,global_dem,507.38380070488927,-5760.594839287612,-49.582904048283154,-0.06478752350083483,-0.0365599283953141,0.8755361619819473,0.4773912205898635,947.294665,-5698.631068,253.0,included,os1_rev7_128ch20hz1024res_rtx
2468,002468,curated_inner_polygon,apollo14_cone_inner245_craters_3km_polygon_01,548,8008950417699,scans/002468.npy,poses/002468.npy,transforms/002468.npz,global_dem,506.8195010086174,-5759.725188062472,-49.748212142716156,-0.09968504748201742,-0.03424549027106374,0.8692443194564158,0.483015994349416,947.294665,-5698.631068,253.0,included,os1_rev7_128ch20hz1024res_rtx
2469,002469,curated_inner_polygon,apollo14_cone_inner245_craters_3km_polygon_01,549,8010967084471,scans/002469.npy,poses/002469.npy,transforms/002469.npz,global_dem,506.30079584893775,-5758.864334376048,-49.89252897989407,-0.09652404930937047,-0.01386390700531526,0.868912114021518,0.4852655335938527,947.294665,-5698.631068,253.0,included,os1_rev7_128ch20hz1024res_rtx
2470,002470,curated_inner_polygon,apollo14_cone_inner245_craters_3km_polygon_01,550,8013000417910,scans/002470.npy,poses/002470.npy,transforms/002470.npz,global_dem,505.76720337080644,-5758.01285879911,-50.05249075566085,-0.0950598152690912,-0.009977242764277448,0.8648428346894784,0.49285997751298144,947.294665,-5698.631068,253.0,included,os1_rev7_128ch20hz1024res_rtx
2471,002471,curated_inner_polygon,apollo14_cone_inner245_craters_3km_polygon_01,551,8015033751349,scans/002471.npy,poses/002471.npy,transforms/002471.npz,global_dem,505.27407878560484,-5757.152967280468,-50.20526177818389,-0.08102151526069407,-0.007918783251163325,0.8618939666047822,0.5005113358026536,947.294665,-5698.631068,253.0,included,os1_rev7_128ch20hz1024res_rtx
2472,002472,curated_inner_polygon,apollo14_cone_inner245_craters_3km_polygon_01,552,8017100418124,scans/002472.npy,poses/002472.npy,transforms/002472.npz,global_dem,504.8026872951879,-5756.242547457202,-50.3413079127613,-0.0644994167514194,0.021133473568330032,0.8592564154205157,0.5070223013757381,947.294665,-5698.631068,253.0,included,os1_rev7_128ch20hz1024res_rtx
2473,002473,curated_inner_polygon,apollo14_cone_inner245_craters_3km_polygon_01,553,8019100418228,scans/002473.npy,poses/002473.npy,transforms/002473.npz,global_dem,504.3276942720325,-5755.356545035606,-50.48048624348091,-0.06618876988280505,0.033274129408371586,0.8562750742294573,0.5111798864459102,947.294665,-5698.631068,253.0,included,os1_rev7_128ch20hz1024res_rtx
2474,002474,curated_inner_polygon,apollo14_cone_inner245_craters_3km_polygon_01,554,8021083751665,scans/002474.npy,poses/002474.npy,transforms/002474.npz,global_dem,503.8181994464283,-5754.4658405830605,-50.66071332223822,-0.11057754745275651,0.039219140535402625,0.8521260835262182,0.5100152966228232,947.294665,-5698.631068,253.0,included,os1_rev7_128ch20hz1024res_rtx
2475,002475,curated_inner_polygon,apollo14_cone_inner245_craters_3km_polygon_01,555,8023033751767,scans/002475.npy,poses/002475.npy,transforms/002475.npz,global_dem,503.3044052101871,-5753.568084935529,-50.9540506403909,-0.14982486328261818,0.04471716970895433,0.8545064697026512,0.4953499553970682,947.294665,-5698.631068,253.0,included,os1_rev7_128ch20hz1024res_rtx
2476,002476,curated_inner_polygon,apollo14_cone_inner245_craters_3km_polygon_01,556,8025000418536,scans/002476.npy,poses/002476.npy,transforms/002476.npz,global_dem,502.8555567209379,-5752.735421243879,-51.22205854913924,-0.11005124768914698,0.042139595724298366,0.8607868271014951,0.4951353508312607,947.294665,-5698.631068,253.0,included,os1_rev7_128ch20hz1024res_rtx
2477,002477,curated_inner_polygon,apollo14_cone_inner245_craters_3km_polygon_01,557,8027067085310,scans/002477.npy,poses/002477.npy,transforms/002477.npz,global_dem,502.3971923428921,-5751.869787721698,-51.41851339957238,-0.06096859719305534,0.03840271930860353,0.8591743340953196,0.5065841735959381,947.294665,-5698.631068,253.0,included,os1_rev7_128ch20hz1024res_rtx
2478,002478,curated_inner_polygon,apollo14_cone_inner245_craters_3km_polygon_01,558,8029167085420,scans/002478.npy,poses/002478.npy,transforms/002478.npz,global_dem,501.91875039593424,-5751.0124819395905,-51.52345215410759,-0.016427211189552197,0.011267868761105972,0.8664107950266547,0.4989343805826539,947.294665,-5698.631068,253.0,included,os1_rev7_128ch20hz1024res_rtx
2479,002479,curated_inner_polygon,apollo14_cone_inner245_craters_3km_polygon_01,559,8031200418859,scans/002479.npy,poses/002479.npy,transforms/002479.npz,global_dem,501.3937347985103,-5750.17034588357,-51.54549079925109,-0.023092399386371622,-0.02009703445944432,0.8662104864620961,0.49874065749607305,947.294665,-5698.631068,253.0,included,os1_rev7_128ch20hz1024res_rtx
2480,002480,curated_inner_polygon,apollo14_cone_inner245_craters_3km_polygon_01,560,8033267085634,scans/002480.npy,poses/002480.npy,transforms/002480.npz,global_dem,500.80331056905425,-5749.259676191885,-51.614471215481416,-0.0981033413062956,-0.04118895550714044,0.8678368306485612,0.4853230261780621,947.294665,-5698.631068,253.0,included,os1_rev7_128ch20hz1024res_rtx
2481,002481,curated_inner_polygon,apollo14_cone_inner245_craters_3km_polygon_01,561,8035217085735,scans/002481.npy,poses/002481.npy,transforms/002481.npz,global_dem,500.1970734186937,-5748.426822809633,-51.81307270692846,-0.15388494169677436,-0.05143623996394723,0.8692321219049122,0.46702168706178476,947.294665,-5698.631068,253.0,included,os1_rev7_128ch20hz1024res_rtx
2482,002482,curated_inner_polygon,apollo14_cone_inner245_craters_3km_polygon_01,562,8037867085874,scans/002482.npy,poses/002482.npy,transforms/002482.npz,global_dem,499.64967396129043,-5747.632675828935,-52.02493619306059,-0.13478189461480986,-0.07010303586425554,0.8740874875034258,0.46140055205494246,947.294665,-5698.631068,253.0,included,os1_rev7_128ch20hz1024res_rtx
2483,002483,curated_inner_polygon,apollo14_cone_inner245_craters_3km_polygon_01,563,8042433752778,scans/002483.npy,poses/002483.npy,transforms/002483.npz,global_dem,499.0875459818854,-5746.787584737984,-52.197129988304525,-0.11883269533682342,-0.07168085475846293,0.8687823319254482,0.4753502974799347,947.294665,-5698.631068,253.0,included,os1_rev7_128ch20hz1024res_rtx
2484,002484,curated_inner_polygon,apollo14_cone_inner245_craters_3km_polygon_01,564,8044467086218,scans/002484.npy,poses/002484.npy,transforms/002484.npz,global_dem,498.54419296894775,-5745.971671427463,-52.34840638506497,-0.1066145093527028,-0.07915626675550723,0.8671882364315251,0.47995019994119675,947.294665,-5698.631068,253.0,included,os1_rev7_128ch20hz1024res_rtx
2485,002485,curated_inner_polygon,apollo14_cone_inner245_craters_3km_polygon_01,565,8046483752990,scans/002485.npy,poses/002485.npy,transforms/002485.npz,global_dem,498.0022619675383,-5745.103540243636,-52.50975170458466,-0.1311773939863269,-0.06792615160051943,0.8609919022865362,0.48669443538293206,947.294665,-5698.631068,253.0,included,os1_rev7_128ch20hz1024res_rtx
2486,002486,curated_inner_polygon,apollo14_cone_inner245_craters_3km_polygon_01,566,8048500419761,scans/002486.npy,poses/002486.npy,transforms/002486.npz,global_dem,497.47129258397337,-5744.234562740378,-52.70011337661101,-0.14960032567079942,-0.05534365211467944,0.8532081237848417,0.4965810308875587,947.294665,-5698.631068,253.0,included,os1_rev7_128ch20hz1024res_rtx
2487,002487,curated_inner_polygon,apollo14_cone_inner245_craters_3km_polygon_01,567,8050500419866,scans/002487.npy,poses/002487.npy,transforms/002487.npz,global_dem,496.9945025191546,-5743.369517923276,-52.911185909059924,-0.14388533122786185,-0.04899270609215573,0.8500705833796252,0.504258593858191,947.294665,-5698.631068,253.0,included,os1_rev7_128ch20hz1024res_rtx
2488,002488,curated_inner_polygon,apollo14_cone_inner245_craters_3km_polygon_01,568,8052600419975,scans/002488.npy,poses/002488.npy,transforms/002488.npz,global_dem,496.4950717859875,-5742.48790334983,-53.10733032941975,-0.13022166708380262,-0.05409247343198605,0.8653794092748086,0.4808687968075164,947.294665,-5698.631068,253.0,included,os1_rev7_128ch20hz1024res_rtx
2489,002489,curated_inner_polygon,apollo14_cone_inner245_craters_3km_polygon_01,569,8054683753417,scans/002489.npy,poses/002489.npy,transforms/002489.npz,global_dem,495.94844956983354,-5741.63759599999,-53.30141455276914,-0.1311313249626667,-0.05658184745300375,0.8562598122181643,0.49640931108557446,947.294665,-5698.631068,253.0,included,os1_rev7_128ch20hz1024res_rtx
2490,002490,curated_inner_polygon,apollo14_cone_inner245_craters_3km_polygon_01,570,8056750420192,scans/002490.npy,poses/002490.npy,transforms/002490.npz,global_dem,495.473102185229,-5740.73874828675,-53.49611683084529,-0.12382192764782712,-0.043174342606190554,0.8486770294408679,0.5123977030330287,947.294665,-5698.631068,253.0,included,os1_rev7_128ch20hz1024res_rtx
2491,002491,curated_inner_polygon,apollo14_cone_inner245_craters_3km_polygon_01,571,8058817086966,scans/002491.npy,poses/002491.npy,transforms/002491.npz,global_dem,495.02432761104865,-5739.858582531606,-53.66042752751596,-0.10550646567730053,-0.044227859494443945,0.8462984179344245,0.5202799918760231,947.294665,-5698.631068,253.0,included,os1_rev7_128ch20hz1024res_rtx
2492,002492,curated_inner_polygon,apollo14_cone_inner245_craters_3km_polygon_01,572,8060867087073,scans/002492.npy,poses/002492.npy,transforms/002492.npz,global_dem,494.5821527527555,-5738.936584373875,-53.81223403916883,-0.11271479406466105,-0.032286083023661316,0.8413777998392725,0.5275759490154716,947.294665,-5698.631068,253.0,included,os1_rev7_128ch20hz1024res_rtx
2493,002493,curated_inner_polygon,apollo14_cone_inner245_craters_3km_polygon_01,573,8062933753848,scans/002493.npy,poses/002493.npy,transforms/002493.npz,global_dem,494.12826309873276,-5738.017815683688,-53.979588155419705,-0.10081908091708226,-0.040978727729304276,0.8300333188242814,0.5469926383766706,947.294665,-5698.631068,253.0,included,os1_rev7_128ch20hz1024res_rtx
2494,002494,curated_inner_polygon,apollo14_cone_inner245_craters_3km_polygon_01,574,8065000420622,scans/002494.npy,poses/002494.npy,transforms/002494.npz,global_dem,493.710103994701,-5737.123971247177,-54.10888528125057,-0.0820930299455777,-0.06876684406007588,0.8277382033174949,0.5508006194269367,947.294665,-5698.631068,253.0,included,os1_rev7_128ch20hz1024res_rtx
2495,002495,curated_inner_polygon,apollo14_cone_inner245_craters_3km_polygon_01,575,8067133754067,scans/002495.npy,poses/002495.npy,transforms/002495.npz,global_dem,493.2801533453387,-5736.2084468246785,-54.13952647736343,-0.05226684250270066,-0.09821537076680395,0.8274917179639272,0.5503447781355298,947.294665,-5698.631068,253.0,included,os1_rev7_128ch20hz1024res_rtx
2496,002496,curated_inner_polygon,apollo14_cone_inner245_craters_3km_polygon_01,576,8069267087511,scans/002496.npy,poses/002496.npy,transforms/002496.npz,global_dem,492.8398901004883,-5735.264602562432,-54.110666713329145,-0.053865107014035206,-0.11399911089050384,0.8230175243322578,0.5538455629546406,947.294665,-5698.631068,253.0,included,os1_rev7_128ch20hz1024res_rtx
2497,002497,curated_inner_polygon,apollo14_cone_inner245_craters_3km_polygon_01,577,8071283754283,scans/002497.npy,poses/002497.npy,transforms/002497.npz,global_dem,492.3312070637323,-5734.343465929273,-54.10134397715226,-0.12341355968268884,-0.1515478784665767,0.7959010863045136,0.5730129096608754,947.294665,-5698.631068,253.0,included,os1_rev7_128ch20hz1024res_rtx
2498,002498,curated_inner_polygon,apollo14_cone_inner245_craters_3km_polygon_01,578,8073300421055,scans/002498.npy,poses/002498.npy,transforms/002498.npz,global_dem,491.8658526601884,-5733.345287988238,-54.22260146869157,-0.21670289138462595,-0.15269054217047834,0.7701409720057879,0.5801795743002409,947.294665,-5698.631068,253.0,included,os1_rev7_128ch20hz1024res_rtx
2499,002499,curated_inner_polygon,apollo14_cone_inner245_craters_3km_polygon_01,579,8075300421159,scans/002499.npy,poses/002499.npy,transforms/002499.npz,global_dem,491.4409177151582,-5732.4134212190165,-54.516560993588286,-0.22253343167326392,-0.10790071281584321,0.7790374048883024,0.5761397658090032,947.294665,-5698.631068,253.0,included,os1_rev7_128ch20hz1024res_rtx
2500,002500,curated_inner_polygon,apollo14_cone_inner245_craters_3km_polygon_01,580,8077417087936,scans/002500.npy,poses/002500.npy,transforms/002500.npz,global_dem,491.0824111284772,-5731.497953588949,-54.77431254529138,-0.17389009497542693,-0.11450711915560699,0.7809611882334326,0.5888548012924287,947.294665,-5698.631068,253.0,included,os1_rev7_128ch20hz1024res_rtx
2501,002501,curated_inner_polygon,apollo14_cone_inner245_craters_3km_polygon_01,581,8079517088046,scans/002501.npy,poses/002501.npy,transforms/002501.npz,global_dem,490.6611639110117,-5730.562102021158,-54.982592034521986,-0.17302233590777855,-0.1186779876864368,0.7948434255357165,0.5693880358756774,947.294665,-5698.631068,253.0,included,os1_rev7_128ch20hz1024res_rtx
2502,002502,curated_inner_polygon,apollo14_cone_inner245_craters_3km_polygon_01,582,8081550421485,scans/002502.npy,poses/002502.npy,transforms/002502.npz,global_dem,490.2581817722032,-5729.581045685922,-55.18280612196195,-0.20998877833743018,-0.10955285583401995,0.788721262182731,0.5672932710087825,947.294665,-5698.631068,253.0,included,os1_rev7_128ch20hz1024res_rtx
2503,002503,curated_inner_polygon,apollo14_cone_inner245_craters_3km_polygon_01,583,8083400421582,scans/002503.npy,poses/002503.npy,transforms/002503.npz,global_dem,489.8120236800687,-5728.712708289906,-55.51752150752745,-0.23937004446072616,-0.10632092499976102,0.7733519139410227,0.5773427577495213,947.294665,-5698.631068,253.0,included,os1_rev7_128ch20hz1024res_rtx
2504,002504,curated_inner_polygon,apollo14_cone_inner245_craters_3km_polygon_01,584,8085417088354,scans/002504.npy,poses/002504.npy,transforms/002504.npz,global_dem,489.45268613991647,-5727.812536205637,-55.842300630838245,-0.21213065347719923,-0.083847921270608,0.796381264376019,0.5601312290033363,947.294665,-5698.631068,253.0,included,os1_rev7_128ch20hz1024res_rtx
2505,002505,curated_inner_polygon,apollo14_cone_inner245_craters_3km_polygon_01,585,8087500421795,scans/002505.npy,poses/002505.npy,transforms/002505.npz,global_dem,489.15093005629086,-5726.853370530633,-56.12945475029047,-0.18373184928654684,-0.024398426490369884,0.8127116597620437,0.5524011969840071,947.294665,-5698.631068,253.0,included,os1_rev7_128ch20hz1024res_rtx
2506,002506,curated_inner_polygon,apollo14_cone_inner245_craters_3km_polygon_01,586,8090567088622,scans/002506.npy,poses/002506.npy,transforms/002506.npz,global_dem,488.87680590024394,-5725.893600505259,-56.4190954601161,-0.15047804472877163,0.05063525161980738,0.8129632649872818,0.5602527636069485,947.294665,-5698.631068,253.0,included,os1_rev7_128ch20hz1024res_rtx
2507,002507,curated_inner_polygon,apollo14_cone_inner245_craters_3km_polygon_01,587,8094650422168,scans/002507.npy,poses/002507.npy,transforms/002507.npz,global_dem,488.56462946698593,-5724.985258550749,-56.667643184748954,-0.07244572899267085,0.04404480185031741,0.8259449458266817,0.5573388720016278,947.294665,-5698.631068,253.0,included,os1_rev7_128ch20hz1024res_rtx
2508,002508,curated_inner_polygon,apollo14_cone_inner245_craters_3km_polygon_01,588,8096750422278,scans/002508.npy,poses/002508.npy,transforms/002508.npz,global_dem,488.20647956853054,-5724.013234014325,-56.856680159814154,-0.054120989490714956,0.06296863806962509,0.8255222308073713,0.5582283722268366,947.294665,-5698.631068,253.0,included,os1_rev7_128ch20hz1024res_rtx
2509,002509,curated_inner_polygon,apollo14_cone_inner245_craters_3km_polygon_01,589,8098767089050,scans/002509.npy,poses/002509.npy,transforms/002509.npz,global_dem,487.81415275235975,-5723.0802090957395,-57.03424051213682,-0.06811190275096414,0.05231473316223688,0.818465139227126,0.5681010062196056,947.294665,-5698.631068,253.0,included,os1_rev7_128ch20hz1024res_rtx
2510,002510,curated_inner_polygon,apollo14_cone_inner245_craters_3km_polygon_01,590,8100750422487,scans/002510.npy,poses/002510.npy,transforms/002510.npz,global_dem,487.39546175768623,-5722.144808962002,-57.25832902860999,-0.12651823593788514,0.016052965684616,0.8155561260481469,0.5644498591843509,947.294665,-5698.631068,253.0,included,os1_rev7_128ch20hz1024res_rtx
2511,002511,curated_inner_polygon,apollo14_cone_inner245_craters_3km_polygon_01,591,8102700422588,scans/002511.npy,poses/002511.npy,transforms/002511.npz,global_dem,486.98204434441584,-5721.239077624949,-57.56466592291255,-0.1531363477947007,-0.01665070753995864,0.8023321323318793,0.5766586185519983,947.294665,-5698.631068,253.0,included,os1_rev7_128ch20hz1024res_rtx
2512,002512,curated_inner_polygon,apollo14_cone_inner245_craters_3km_polygon_01,592,8104683756025,scans/002512.npy,poses/002512.npy,transforms/002512.npz,global_dem,486.5861132253428,-5720.294688003143,-57.87563306798535,-0.19508032400643685,-0.0348044502936214,0.8030701494504964,0.5619703306108429,947.294665,-5698.631068,253.0,included,os1_rev7_128ch20hz1024res_rtx
2513,002513,curated_inner_polygon,apollo14_cone_inner245_craters_3km_polygon_01,593,8106733756132,scans/002513.npy,poses/002513.npy,transforms/002513.npz,global_dem,486.19542693251884,-5719.3824214049555,-58.166803877535756,-0.19570816091215987,-0.06513029872133543,0.8163028615990112,0.5395423969310618,947.294665,-5698.631068,253.0,included,os1_rev7_128ch20hz1024res_rtx
2514,002514,curated_inner_polygon,apollo14_cone_inner245_craters_3km_polygon_01,594,8108750422904,scans/002514.npy,poses/002514.npy,transforms/002514.npz,global_dem,485.7842654487791,-5718.49868788475,-58.46015980673841,-0.16604677069638876,-0.07442310103168062,0.8175196562977002,0.5463984659028789,947.294665,-5698.631068,253.0,included,os1_rev7_128ch20hz1024res_rtx
2515,002515,curated_inner_polygon,apollo14_cone_inner245_craters_3km_polygon_01,595,8110750423008,scans/002515.npy,poses/002515.npy,transforms/002515.npz,global_dem,485.3810738602947,-5717.64631140673,-58.62649818549222,-0.11412854414997292,-0.09430525865746407,0.8269200817890798,0.5424798355088402,947.294665,-5698.631068,253.0,included,os1_rev7_128ch20hz1024res_rtx
2516,002516,curated_inner_polygon,apollo14_cone_inner245_craters_3km_polygon_01,596,8112767089780,scans/002516.npy,poses/002516.npy,transforms/002516.npz,global_dem,485.0230892019043,-5716.700644272757,-58.752235345432446,-0.07774857684219735,-0.040902722943977454,0.8279067892492701,0.5539426634316461,947.294665,-5698.631068,253.0,included,os1_rev7_128ch20hz1024res_rtx
2517,002517,curated_inner_polygon,apollo14_cone_inner245_craters_3km_polygon_01,597,8114800423219,scans/002517.npy,poses/002517.npy,transforms/002517.npz,global_dem,484.6379528117733,-5715.695175637682,-58.90220303476395,-0.10652328164662603,0.008364989082372078,0.8186182087198398,0.5643111249808975,947.294665,-5698.631068,253.0,included,os1_rev7_128ch20hz1024res_rtx
2518,002518,curated_inner_polygon,apollo14_cone_inner245_craters_3km_polygon_01,598,8116783756656,scans/002518.npy,poses/002518.npy,transforms/002518.npz,global_dem,484.30142101640325,-5714.670001099894,-59.11254365619936,-0.14755506008085098,0.0785528744508687,0.8095195638377899,0.5627921693875255,947.294665,-5698.631068,253.0,included,os1_rev7_128ch20hz1024res_rtx
2519,002519,curated_inner_polygon,apollo14_cone_inner245_craters_3km_polygon_01,599,8118650423420,scans/002519.npy,poses/002519.npy,transforms/002519.npz,global_dem,483.92038503020115,-5713.741027151522,-59.496388259403545,-0.17349484701049947,0.03464101579161795,0.7602820948784901,0.6250365383662806,947.294665,-5698.631068,253.0,included,os1_rev7_128ch20hz1024res_rtx
2520,002520,curated_inner_polygon,apollo14_cone_inner245_craters_3km_polygon_01,600,8120717090195,scans/002520.npy,poses/002520.npy,transforms/002520.npz,global_dem,483.7514189296055,-5712.804882223931,-59.771628126180616,-0.1201060652000281,-0.010265461631253288,0.7681587127815397,0.6288094666729118,947.294665,-5698.631068,253.0,included,os1_rev7_128ch20hz1024res_rtx
2521,002521,curated_inner_polygon,apollo14_cone_inner245_craters_3km_polygon_01,601,8122833756972,scans/002521.npy,poses/002521.npy,transforms/002521.npz,global_dem,483.5831193074589,-5711.858250682036,-59.9053103563599,-0.04687621656484242,-0.02629941580477706,0.781012128155462,0.622198534812619,947.294665,-5698.631068,253.0,included,os1_rev7_128ch20hz1024res_rtx
2522,002522,curated_inner_polygon,apollo14_cone_inner245_craters_3km_polygon_01,602,8124900423746,scans/002522.npy,poses/002522.npy,transforms/002522.npz,global_dem,483.3476116617768,-5710.882745196533,-59.946490106883005,-0.02575062740449073,-0.013727170494778885,0.7995960161748892,0.5998288763436858,947.294665,-5698.631068,253.0,included,os1_rev7_128ch20hz1024res_rtx
2523,002523,curated_inner_polygon,apollo14_cone_inner245_craters_3km_polygon_01,603,8126983757188,scans/002523.npy,poses/002523.npy,transforms/002523.npz,global_dem,482.9418607639643,-5709.911405456,-59.97762623592846,-0.09470529253238567,-0.07114178640169679,0.7949454735781919,0.5950054183211064,947.294665,-5698.631068,253.0,included,os1_rev7_128ch20hz1024res_rtx
2524,002524,curated_inner_polygon,apollo14_cone_inner245_craters_3km_polygon_01,604,8128933757290,scans/002524.npy,poses/002524.npy,transforms/002524.npz,global_dem,482.5735214493242,-5708.941790538874,-60.14120794039314,-0.14337778603468732,-0.041422022014896705,0.790239466252768,0.5943472154730173,947.294665,-5698.631068,253.0,included,os1_rev7_128ch20hz1024res_rtx
2525,002525,curated_inner_polygon,apollo14_cone_inner245_craters_3km_polygon_01,605,8130917090727,scans/002525.npy,poses/002525.npy,transforms/002525.npz,global_dem,482.2679854820388,-5707.972416294635,-60.407288912228424,-0.17219063123671474,-0.011879490282339868,0.8021278404967227,0.5716644048084486,947.294665,-5698.631068,253.0,included,os1_rev7_128ch20hz1024res_rtx
2526,002526,curated_inner_polygon,apollo14_cone_inner245_craters_3km_polygon_01,606,8132983757501,scans/002526.npy,poses/002526.npy,transforms/002526.npz,global_dem,481.9736727155878,-5707.056940815341,-60.65232270817403,-0.10483032917746574,-0.020514827308423675,0.8181215533978329,0.5650370499453702,947.294665,-5698.631068,253.0,included,os1_rev7_128ch20hz1024res_rtx
2527,002527,curated_inner_polygon,apollo14_cone_inner245_craters_3km_polygon_01,607,8135083757610,scans/002527.npy,poses/002527.npy,transforms/002527.npz,global_dem,481.6475955469067,-5706.122010121062,-60.79501724521978,-0.043736203399475815,-0.007929367496916005,0.8135364716586589,0.579812623978194,947.294665,-5698.631068,253.0,included,os1_rev7_128ch20hz1024res_rtx
2528,002528,curated_inner_polygon,apollo14_cone_inner245_craters_3km_polygon_01,608,8137117091050,scans/002528.npy,poses/002528.npy,transforms/002528.npz,global_dem,481.3268289568838,-5705.138653410137,-60.870106185986515,-0.04069972921334241,0.020390048468443344,0.8178750035312901,0.5735924132727939,947.294665,-5698.631068,253.0,included,os1_rev7_128ch20hz1024res_rtx
2529,002529,curated_inner_polygon,apollo14_cone_inner245_craters_3km_polygon_01,609,8139333757832,scans/002529.npy,poses/002529.npy,transforms/002529.npz,global_dem,480.88863575986744,-5704.169518017168,-61.04661671984191,-0.14029590896899194,0.011345472051489365,0.8181283043726445,0.5575431963308627,947.294665,-5698.631068,253.0,included,os1_rev7_128ch20hz1024res_rtx
2530,002530,curated_inner_polygon,apollo14_cone_inner245_craters_3km_polygon_01,610,8142533757999,scans/002530.npy,poses/002530.npy,transforms/002530.npz,global_dem,480.41686008552114,-5703.285719945293,-61.38424840145984,-0.22949225891602287,-0.014749650394719902,0.8177763337105914,0.5275960755480638,947.294665,-5698.631068,253.0,included,os1_rev7_128ch20hz1024res_rtx
2531,002531,curated_inner_polygon,apollo14_cone_inner245_craters_3km_polygon_01,611,8145717091498,scans/002531.npy,poses/002531.npy,transforms/002531.npz,global_dem,480.0208025948138,-5702.441742085104,-61.75874690215254,-0.21721565870584522,0.008567044763672569,0.8263288075643335,0.5195427462166227,947.294665,-5698.631068,253.0,included,os1_rev7_128ch20hz1024res_rtx
2532,002532,curated_inner_polygon,apollo14_cone_inner245_craters_3km_polygon_01,612,8147683758268,scans/002532.npy,poses/002532.npy,transforms/002532.npz,global_dem,479.64600508109754,-5701.615137476236,-62.06517524842891,-0.12866985924160296,-0.008898490705878476,0.835796372500615,0.533675283201983,947.294665,-5698.631068,253.0,included,os1_rev7_128ch20hz1024res_rtx
2533,002533,curated_inner_polygon,apollo14_cone_inner245_craters_3km_polygon_01,613,8149750425042,scans/002533.npy,poses/002533.npy,transforms/002533.npz,global_dem,479.2756260520563,-5700.74600939446,-62.24568504313888,-0.0634151495879806,-0.004603828055897123,0.8425566299025944,0.5348417045978637,947.294665,-5698.631068,253.0,included,os1_rev7_128ch20hz1024res_rtx
2534,002534,curated_inner_polygon,apollo14_cone_inner245_craters_3km_polygon_01,614,8151800425149,scans/002534.npy,poses/002534.npy,transforms/002534.npz,global_dem,478.8156053794857,-5699.836485043866,-62.363623029294004,-0.0925204317518588,-0.0191608764564077,0.8330305587864718,0.545098998944018,947.294665,-5698.631068,253.0,included,os1_rev7_128ch20hz1024res_rtx
2535,002535,curated_inner_polygon,apollo14_cone_inner245_craters_3km_polygon_01,615,8153767091918,scans/002535.npy,poses/002535.npy,transforms/002535.npz,global_dem,478.3501544585945,-5698.907203531971,-62.54541129767537,-0.15116450630849793,-0.01206122785963228,0.8290170399051466,0.5382699753487413,947.294665,-5698.631068,253.0,included,os1_rev7_128ch20hz1024res_rtx
2536,002536,curated_inner_polygon,apollo14_cone_inner245_craters_3km_polygon_01,616,8155850425360,scans/002536.npy,poses/002536.npy,transforms/002536.npz,global_dem,477.90685957217966,-5697.982981613211,-62.828718953832784,-0.16804366238531074,-0.01103419311420324,0.8322520204698374,0.5282008600317911,947.294665,-5698.631068,253.0,included,os1_rev7_128ch20hz1024res_rtx
2537,002537,curated_inner_polygon,apollo14_cone_inner245_craters_3km_polygon_01,617,8157900425467,scans/002537.npy,poses/002537.npy,transforms/002537.npz,global_dem,477.49533903595244,-5697.063136061105,-63.13083991333619,-0.1820165356291556,0.0052713594252129905,0.8189307097384361,0.5442377110920117,947.294665,-5698.631068,253.0,included,os1_rev7_128ch20hz1024res_rtx
2538,002538,curated_inner_polygon,apollo14_cone_inner245_craters_3km_polygon_01,618,8159933758907,scans/002538.npy,poses/002538.npy,transforms/002538.npz,global_dem,477.1700853151856,-5696.151397887484,-63.42810618453867,-0.16082254710012414,0.003477917618775416,0.8029283872828185,0.573959944010623,947.294665,-5698.631068,253.0,included,os1_rev7_128ch20hz1024res_rtx
2539,002539,curated_inner_polygon,apollo14_cone_inner245_craters_3km_polygon_01,619,8162000425681,scans/002539.npy,poses/002539.npy,transforms/002539.npz,global_dem,476.89905357584416,-5695.203027564179,-63.690541328327555,-0.14243297551309198,0.019353504640745162,0.7957198536360456,0.5883606070039343,947.294665,-5698.631068,253.0,included,os1_rev7_128ch20hz1024res_rtx
2540,002540,curated_inner_polygon,apollo14_cone_inner245_craters_3km_polygon_01,620,8164100425790,scans/002540.npy,poses/002540.npy,transforms/002540.npz,global_dem,476.56776673279876,-5694.246023055242,-63.96576503443967,-0.15086970585511486,0.004281993848532702,0.7944490126039039,0.5882777938666006,947.294665,-5698.631068,253.0,included,os1_rev7_128ch20hz1024res_rtx
2541,002541,curated_inner_polygon,apollo14_cone_inner245_craters_3km_polygon_01,621,8166167092565,scans/002541.npy,poses/002541.npy,transforms/002541.npz,global_dem,476.2618315329548,-5693.291289010504,-64.21880923934827,-0.15163000185557843,-0.00849696883899775,0.7740907139995871,0.6145890582799503,947.294665,-5698.631068,253.0,included,os1_rev7_128ch20hz1024res_rtx
2542,002542,curated_inner_polygon,apollo14_cone_inner245_craters_3km_polygon_01,622,8168183759337,scans/002542.npy,poses/002542.npy,transforms/002542.npz,global_dem,476.04345232425067,-5692.338745586,-64.43703943126846,-0.14623650055564397,-0.016967814921300787,0.7727417168922517,0.6174117087782276,947.294665,-5698.631068,253.0,included,os1_rev7_128ch20hz1024res_rtx
2543,002543,curated_inner_polygon,apollo14_cone_inner245_craters_3km_polygon_01,623,8170267092779,scans/002543.npy,poses/002543.npy,transforms/002543.npz,global_dem,475.8318377856881,-5691.3589563497135,-64.64147432821453,-0.13658244477696918,-0.02456535706417354,0.7679520100922879,0.6252931226283162,947.294665,-5698.631068,253.0,included,os1_rev7_128ch20hz1024res_rtx
2544,002544,curated_inner_polygon,apollo14_cone_inner245_craters_3km_polygon_01,624,8172383759556,scans/002544.npy,poses/002544.npy,transforms/002544.npz,global_dem,475.6040064201203,-5690.366825266339,-64.81792757906825,-0.13393291504890925,-0.04460820741764177,0.7570910892245478,0.6378755087901354,947.294665,-5698.631068,253.0,included,os1_rev7_128ch20hz1024res_rtx
2545,002545,curated_inner_polygon,apollo14_cone_inner245_craters_3km_polygon_01,625,8174483759665,scans/002545.npy,poses/002545.npy,transforms/002545.npz,global_dem,475.4418060934085,-5689.365231911653,-64.97028121995999,-0.11023353929481736,-0.041653813086905175,0.7534462104167686,0.6468634590688129,947.294665,-5698.631068,253.0,included,os1_rev7_128ch20hz1024res_rtx
2546,002546,curated_inner_polygon,apollo14_cone_inner245_craters_3km_polygon_01,626,8176583759775,scans/002546.npy,poses/002546.npy,transforms/002546.npz,global_dem,475.2748846640325,-5688.355666979097,-65.08492666954953,-0.09581759515407223,-0.04841057649556292,0.7510320008575859,0.6514801134571253,947.294665,-5698.631068,253.0,included,os1_rev7_128ch20hz1024res_rtx
2547,002547,curated_inner_polygon,apollo14_cone_inner245_craters_3km_polygon_01,627,8178683759884,scans/002547.npy,poses/002547.npy,transforms/002547.npz,global_dem,475.126942426696,-5687.328406729273,-65.17425093234479,-0.09147496075919068,-0.04668878500991722,0.7510730507221818,0.6521823068646354,947.294665,-5698.631068,253.0,included,os1_rev7_128ch20hz1024res_rtx
2548,002548,curated_inner_polygon,apollo14_cone_inner245_craters_3km_polygon_01,628,8180783759994,scans/002548.npy,poses/002548.npy,transforms/002548.npz,global_dem,474.96005248493094,-5686.294984895397,-65.26628133867378,-0.09677206658581688,-0.04529351976387055,0.7536458334796119,0.6485380650932768,947.294665,-5698.631068,253.0,included,os1_rev7_128ch20hz1024res_rtx
2549,002549,curated_inner_polygon,apollo14_cone_inner245_craters_3km_polygon_01,629,8182817093433,scans/002549.npy,poses/002549.npy,transforms/002549.npz,global_dem,474.8140972086577,-5685.287315105096,-65.34687984421043,-0.093797538053999,-0.03227584473628789,0.7410869985317935,0.664040926682012,947.294665,-5698.631068,253.0,included,os1_rev7_128ch20hz1024res_rtx
2550,002550,curated_inner_polygon,apollo14_cone_inner245_craters_3km_polygon_01,630,8184833760205,scans/002550.npy,poses/002550.npy,transforms/002550.npz,global_dem,474.680701999041,-5684.300976665581,-65.44412958837869,-0.09712094513398072,-0.037244994424135314,0.7499055970367697,0.6533161010870271,947.294665,-5698.631068,253.0,included,os1_rev7_128ch20hz1024res_rtx
2551,002551,curated_inner_polygon,apollo14_cone_inner245_craters_3km_polygon_01,631,8186950426982,scans/002551.npy,poses/002551.npy,transforms/002551.npz,global_dem,474.42170335396224,-5683.3618136379055,-65.5783338431376,-0.08097945514726758,-0.1142008884248671,0.7736668051295329,0.6179321642119661,947.294665,-5698.631068,253.0,included,os1_rev7_128ch20hz1024res_rtx
2552,002552,curated_inner_polygon,apollo14_cone_inner245_craters_3km_polygon_01,632,8188883760416,scans/002552.npy,poses/002552.npy,transforms/002552.npz,global_dem,474.2522239969917,-5682.3210047925195,-65.6897117901748,-0.10055611050233991,-0.024196849902106653,0.768288692012265,0.6316925413692481,947.294665,-5698.631068,253.0,included,os1_rev7_128ch20hz1024res_rtx
2553,002553,curated_inner_polygon,apollo14_cone_inner245_craters_3km_polygon_01,633,8191217093871,scans/002553.npy,poses/002553.npy,transforms/002553.npz,global_dem,474.05123751752774,-5681.339821432081,-65.81545520248281,-0.10237287536218517,-0.021691609317174832,0.769501186723652,0.6300136443809777,947.294665,-5698.631068,253.0,included,os1_rev7_128ch20hz1024res_rtx
2554,002554,curated_inner_polygon,apollo14_cone_inner245_craters_3km_polygon_01,634,8195117094075,scans/002554.npy,poses/002554.npy,transforms/002554.npz,global_dem,473.83929021634697,-5680.345973865018,-65.95816486643658,-0.11962192935329032,-0.017065310682083834,0.7720589854111451,0.6239585661204063,947.294665,-5698.631068,253.0,included,os1_rev7_128ch20hz1024res_rtx
2555,002555,curated_inner_polygon,apollo14_cone_inner245_craters_3km_polygon_01,635,8198050427561,scans/002555.npy,poses/002555.npy,transforms/002555.npz,global_dem,473.6063222574473,-5679.37039637129,-66.13388163653225,-0.11654523023186597,-0.02172760245314662,0.7767263010594562,0.6185801272626971,947.294665,-5698.631068,253.0,included,os1_rev7_128ch20hz1024res_rtx
2556,002556,curated_inner_polygon,apollo14_cone_inner245_craters_3km_polygon_01,636,8200100427668,scans/002556.npy,poses/002556.npy,transforms/002556.npz,global_dem,473.3717840429671,-5678.377104113553,-66.30906098440796,-0.1189162661980603,-0.024292252692958434,0.7720549297941871,0.6238589531882237,947.294665,-5698.631068,253.0,included,os1_rev7_128ch20hz1024res_rtx
2557,002557,curated_inner_polygon,apollo14_cone_inner245_craters_3km_polygon_01,637,8202167094442,scans/002557.npy,poses/002557.npy,transforms/002557.npz,global_dem,473.139496882943,-5677.40587855318,-66.4463819315163,-0.08353115209822984,-0.018136364770769756,0.7685398825800686,0.634066296049442,947.294665,-5698.631068,253.0,included,os1_rev7_128ch20hz1024res_rtx
2558,002558,curated_inner_polygon,apollo14_cone_inner245_craters_3km_polygon_01,638,8204250427884,scans/002558.npy,poses/002558.npy,transforms/002558.npz,global_dem,472.92919546060057,-5676.41484792163,-66.57006816605058,-0.08968740440518988,-0.048286392432694863,0.76324073575057,0.6380346174682251,947.294665,-5698.631068,253.0,included,os1_rev7_128ch20hz1024res_rtx
2559,002559,curated_inner_polygon,apollo14_cone_inner245_craters_3km_polygon_01,639,8206350427994,scans/002559.npy,poses/002559.npy,transforms/002559.npz,global_dem,472.7065122878651,-5675.41017807362,-66.64435262921661,-0.08482519733945769,-0.06673679119878212,0.7622921332042271,0.6381705024926811,947.294665,-5698.631068,253.0,included,os1_rev7_128ch20hz1024res_rtx
2560,002560,curated_inner_polygon,apollo14_cone_inner245_craters_3km_polygon_01,640,8208417094768,scans/002560.npy,poses/002560.npy,transforms/002560.npz,global_dem,472.4727564119621,-5674.439322232555,-66.67290349190269,-0.0872491719796277,-0.10416597494131176,0.7537357982924735,0.6429769653928539,947.294665,-5698.631068,253.0,included,os1_rev7_128ch20hz1024res_rtx
2561,002561,curated_inner_polygon,apollo14_cone_inner245_craters_3km_polygon_01,641,8210500428210,scans/002561.npy,poses/002561.npy,transforms/002561.npz,global_dem,472.1981718081068,-5673.408540562737,-66.71174099952356,-0.10640884884368064,-0.10079421377468496,0.7214522904486954,0.6767749079004312,947.294665,-5698.631068,253.0,included,os1_rev7_128ch20hz1024res_rtx
2562,002562,curated_inner_polygon,apollo14_cone_inner245_craters_3km_polygon_01,642,8212533761650,scans/002562.npy,poses/002562.npy,transforms/002562.npz,global_dem,472.0645344854359,-5672.364195226533,-66.7907237175975,-0.14002967234733418,-0.07555764562946278,0.7212280160519267,0.6741757055182518,947.294665,-5698.631068,253.0,included,os1_rev7_128ch20hz1024res_rtx
2563,002563,curated_inner_polygon,apollo14_cone_inner245_craters_3km_polygon_01,643,8214567095089,scans/002563.npy,poses/002563.npy,transforms/002563.npz,global_dem,471.9178964695401,-5671.361758112431,-66.91588455523791,-0.16332677077934238,-0.08682765964185929,0.7287605656826643,0.6593127947899942,947.294665,-5698.631068,253.0,included,os1_rev7_128ch20hz1024res_rtx
2564,002564,curated_inner_polygon,apollo14_cone_inner245_craters_3km_polygon_01,644,8216617095196,scans/002564.npy,poses/002564.npy,transforms/002564.npz,global_dem,471.782325521464,-5670.351065045716,-67.07645899708359,-0.13933689778980843,-0.06736928765886742,0.7315776411686744,0.6639584045229999,947.294665,-5698.631068,253.0,included,os1_rev7_128ch20hz1024res_rtx
2565,002565,curated_inner_polygon,apollo14_cone_inner245_craters_3km_polygon_01,645,8218650428636,scans/002565.npy,poses/002565.npy,transforms/002565.npz,global_dem,471.64157695291397,-5669.363285644103,-67.20478870337551,-0.1244547214311956,-0.07179403085452403,0.7285778652467351,0.6697245207692889,947.294665,-5698.631068,253.0,included,os1_rev7_128ch20hz1024res_rtx
2566,002566,curated_inner_polygon,apollo14_cone_inner245_craters_3km_polygon_01,646,8220800428748,scans/002566.npy,poses/002566.npy,transforms/002566.npz,global_dem,471.4750258279195,-5668.37275671277,-67.31270886579732,-0.1068212108098653,-0.13839588148388832,0.7267941294356521,0.6642334697433461,947.294665,-5698.631068,253.0,included,os1_rev7_128ch20hz1024res_rtx
2567,002567,curated_inner_polygon,apollo14_cone_inner245_craters_3km_polygon_01,647,8222783762184,scans/002567.npy,poses/002567.npy,transforms/002567.npz,global_dem,471.2945621190212,-5667.328163501006,-67.43170686825991,-0.17674703658002142,-0.11839611620940878,0.7106355393750913,0.6706265539805161,947.294665,-5698.631068,253.0,included,os1_rev7_128ch20hz1024res_rtx
2568,002568,curated_inner_polygon,apollo14_cone_inner245_craters_3km_polygon_01,648,8224783762289,scans/002568.npy,poses/002568.npy,transforms/002568.npz,global_dem,471.20835082056914,-5666.324185495984,-67.57071234685121,-0.18175523920820835,-0.09343275058628307,0.7118077270496453,0.6719859476586293,947.294665,-5698.631068,253.0,included,os1_rev7_128ch20hz1024res_rtx
2569,002569,curated_inner_polygon,apollo14_cone_inner245_craters_3km_polygon_01,649,8226817095728,scans/002569.npy,poses/002569.npy,transforms/002569.npz,global_dem,471.15299169005374,-5665.340233037392,-67.72532508925676,-0.1357695281557122,-0.06448974935247363,0.7351147011911854,0.6610704074041015,947.294665,-5698.631068,253.0,included,os1_rev7_128ch20hz1024res_rtx
2570,002570,curated_inner_polygon,apollo14_cone_inner245_craters_3km_polygon_01,650,8228933762505,scans/002570.npy,poses/002570.npy,transforms/002570.npz,global_dem,471.0472942518636,-5664.356608372488,-67.82429518575381,-0.07542456979174404,-0.06961710275415897,0.7512264513656939,0.6520148863671397,947.294665,-5698.631068,253.0,included,os1_rev7_128ch20hz1024res_rtx
2571,002571,curated_inner_polygon,apollo14_cone_inner245_craters_3km_polygon_01,651,8230983762612,scans/002571.npy,poses/002571.npy,transforms/002571.npz,global_dem,470.89610061178814,-5663.340673283956,-67.86488258456832,-0.06836350445854644,-0.0441124125381499,0.7605407802111197,0.6441725296487515,947.294665,-5698.631068,253.0,included,os1_rev7_128ch20hz1024res_rtx
2572,002572,curated_inner_polygon,apollo14_cone_inner245_craters_3km_polygon_01,652,8233083762722,scans/002572.npy,poses/002572.npy,transforms/002572.npz,global_dem,470.65808242155714,-5662.307810525846,-67.93784232670082,-0.09327506613878908,-0.05394439631016894,0.7586221921790669,0.6425590507314972,947.294665,-5698.631068,253.0,included,os1_rev7_128ch20hz1024res_rtx
2573,002573,curated_inner_polygon,apollo14_cone_inner245_craters_3km_polygon_01,653,8235100429493,scans/002573.npy,poses/002573.npy,transforms/002573.npz,global_dem,470.3842236813864,-5661.324088699384,-68.06389046748188,-0.1302698698317392,-0.060643849947347096,0.7462690430929281,0.6499496902059043,947.294665,-5698.631068,253.0,included,os1_rev7_128ch20hz1024res_rtx
2574,002574,curated_inner_polygon,apollo14_cone_inner245_craters_3km_polygon_01,654,8237117096265,scans/002574.npy,poses/002574.npy,transforms/002574.npz,global_dem,470.19999881994863,-5660.32487413261,-68.20930456706894,-0.14016405237319962,-0.05256221903668738,0.7601036601909262,0.6323240287357577,947.294665,-5698.631068,253.0,included,os1_rev7_128ch20hz1024res_rtx
2575,002575,curated_inner_polygon,apollo14_cone_inner245_craters_3km_polygon_01,655,8239150429705,scans/002575.npy,poses/002575.npy,transforms/002575.npz,global_dem,470.03431834152246,-5659.364598506604,-68.36060703274977,-0.09755542914829794,-0.05100235491667386,0.7534077437469339,0.6482734528721654,947.294665,-5698.631068,253.0,included,os1_rev7_128ch20hz1024res_rtx
2576,002576,curated_inner_polygon,apollo14_cone_inner245_craters_3km_polygon_01,656,8241267096482,scans/002576.npy,poses/002576.npy,transforms/002576.npz,global_dem,469.81107613922023,-5658.369954241651,-68.45702397249046,-0.10641630389584414,-0.06574310556893334,0.7481706888773053,0.6516088049130077,947.294665,-5698.631068,253.0,included,os1_rev7_128ch20hz1024res_rtx
2577,002577,curated_inner_polygon,apollo14_cone_inner245_craters_3km_polygon_01,657,8244267096638,scans/002577.npy,poses/002577.npy,transforms/002577.npz,global_dem,469.67842005275355,-5657.370526245565,-68.55721144492313,-0.09099100320985483,-0.05417851222520254,0.7462369665549682,0.6572029487873341,947.294665,-5698.631068,253.0,included,os1_rev7_128ch20hz1024res_rtx
2578,002578,curated_inner_polygon,apollo14_cone_inner245_craters_3km_polygon_01,658,8248483763525,scans/002578.npy,poses/002578.npy,transforms/002578.npz,global_dem,469.53931991164734,-5656.358677397603,-68.62455746859187,-0.0876719515394093,-0.057302965454018376,0.7342515582851057,0.6707493184635681,947.294665,-5698.631068,253.0,included,os1_rev7_128ch20hz1024res_rtx
2579,002579,curated_inner_polygon,apollo14_cone_inner245_craters_3km_polygon_01,659,8250583763634,scans/002579.npy,poses/002579.npy,transforms/002579.npz,global_dem,469.43809906603536,-5655.321793679775,-68.68004128851582,-0.08701183434487932,-0.05662419692571745,0.7308833921707161,0.6745606778159279,947.294665,-5698.631068,253.0,included,os1_rev7_128ch20hz1024res_rtx
2580,002580,curated_inner_polygon,apollo14_cone_inner245_craters_3km_polygon_01,660,8252617097074,scans/002580.npy,poses/002580.npy,transforms/002580.npz,global_dem,469.3411462538366,-5654.319766897943,-68.7348883523903,-0.08498864344526895,-0.055560867260989986,0.7307861267219697,0.6750122647072725,947.294665,-5698.631068,253.0,included,os1_rev7_128ch20hz1024res_rtx
2581,002581,curated_inner_polygon,apollo14_cone_inner245_craters_3km_polygon_01,661,8254650430513,scans/002581.npy,poses/002581.npy,transforms/002581.npz,global_dem,469.1860576142459,-5653.319741655769,-68.79273375379225,-0.09369202758450564,-0.06612609800921197,0.7294018315418312,0.6744050053733308,947.294665,-5698.631068,253.0,included,os1_rev7_128ch20hz1024res_rtx
2582,002582,curated_inner_polygon,apollo14_cone_inner245_craters_3km_polygon_01,662,8256700430620,scans/002582.npy,poses/002582.npy,transforms/002582.npz,global_dem,469.09899023362914,-5652.325877742544,-68.84757518902298,-0.06982882414494464,-0.05362390841358138,0.7292819465804332,0.6785250578695237,947.294665,-5698.631068,253.0,included,os1_rev7_128ch20hz1024res_rtx
2583,002583,curated_inner_polygon,apollo14_cone_inner245_craters_3km_polygon_01,663,8258767097394,scans/002583.npy,poses/002583.npy,transforms/002583.npz,global_dem,469.0359710861621,-5651.282783235247,-68.88366459729578,-0.07275203344368276,-0.022723844803570748,0.7297589827979291,0.6794428567089983,947.294665,-5698.631068,253.0,included,os1_rev7_128ch20hz1024res_rtx
2584,002584,curated_inner_polygon,apollo14_cone_inner245_craters_3km_polygon_01,664,8260833764169,scans/002584.npy,poses/002584.npy,transforms/002584.npz,global_dem,468.97326123091227,-5650.235977519074,-68.97836401089242,-0.07666971074614672,0.004005380753877627,0.7299881587299096,0.6791340077578468,947.294665,-5698.631068,253.0,included,os1_rev7_128ch20hz1024res_rtx
2585,002585,curated_inner_polygon,apollo14_cone_inner245_craters_3km_polygon_01,665,8262850430941,scans/002585.npy,poses/002585.npy,transforms/002585.npz,global_dem,468.93726066232625,-5649.252360690066,-69.07680293028488,-0.04024212664133432,0.018419051489229763,0.7232873807294431,0.6891274734496962,947.294665,-5698.631068,253.0,included,os1_rev7_128ch20hz1024res_rtx
2586,002586,curated_inner_polygon,apollo14_cone_inner245_craters_3km_polygon_01,666,8264867097713,scans/002586.npy,poses/002586.npy,transforms/002586.npz,global_dem,468.88804629259766,-5648.211179255607,-69.24283644576934,-0.08735043196787773,0.018036324896876517,0.7131068165175598,0.6953583689403838,947.294665,-5698.631068,253.0,included,os1_rev7_128ch20hz1024res_rtx
2587,002587,curated_contour_view,apollo14_contour_experimental_02,0,4000000208,scans/002587.npy,poses/002587.npy,transforms/002587.npz,global_dem,670.9213225973625,-5511.075642915312,-0.07868372470881463,0.06961991330837211,0.04347295654897249,-0.00803832233648359,0.9965934753417969,671.0,-5511.0,0.0,included,os1_rev7_128ch20hz1024res_rtx
2588,002588,curated_contour_view,apollo14_contour_experimental_02,1,21933334477,scans/002588.npy,poses/002588.npy,transforms/002588.npz,global_dem,671.2787815703401,-5510.243125828077,0.0173863348343814,0.08052992465963972,-0.029781946027508194,0.7482381105656304,0.6578508165399681,671.0,-5511.0,0.0,included,os1_rev7_128ch20hz1024res_rtx
2589,002589,curated_contour_view,apollo14_contour_experimental_02,2,29333334863,scans/002589.npy,poses/002589.npy,transforms/002589.npz,global_dem,671.0544136740335,-5509.266928009479,0.18339561693894962,0.07361489064343123,-0.03517538728127485,0.7489172246929023,0.657621875064576,671.0,-5511.0,0.0,included,os1_rev7_128ch20hz1024res_rtx
2590,002590,curated_contour_view,apollo14_contour_experimental_02,3,36433335233,scans/002590.npy,poses/002590.npy,transforms/002590.npz,global_dem,671.4095170549548,-5508.355191035222,0.3065279978035987,0.08535157804650317,-0.012446731475333072,0.46562977738544675,0.8807661990633678,671.0,-5511.0,0.0,included,os1_rev7_128ch20hz1024res_rtx
2591,002591,curated_contour_view,apollo14_contour_experimental_02,4,40016668753,scans/002591.npy,poses/002591.npy,transforms/002591.npz,global_dem,672.2044141069082,-5507.713297090902,0.3595451790396783,0.08181568446900796,0.007606165773774816,0.2757654415725858,0.9577065110206604,671.0,-5511.0,0.0,included,os1_rev7_128ch20hz1024res_rtx
2592,002592,curated_contour_view,apollo14_contour_experimental_02,5,43100002247,scans/002592.npy,poses/002592.npy,transforms/002592.npz,global_dem,673.0233615714302,-5507.111657364781,0.40165260489153987,0.0813147260408586,-0.0028116215237261356,0.3793851673486925,0.9216544389895337,671.0,-5511.0,0.0,included,os1_rev7_128ch20hz1024res_rtx
2593,002593,curated_contour_view,apollo14_contour_experimental_02,6,46216669077,scans/002593.npy,poses/002593.npy,transforms/002593.npz,global_dem,673.7289489351509,-5506.364923458161,0.4675777948336996,0.07332690745441856,-0.0032408238157798203,0.39528388498994266,0.915621817111969,671.0,-5511.0,0.0,included,os1_rev7_128ch20hz1024res_rtx
2594,002594,curated_contour_view,apollo14_contour_experimental_02,7,49266669236,scans/002594.npy,poses/002594.npy,transforms/002594.npz,global_dem,674.43147625342,-5505.647570377757,0.5244976629780056,0.07159737286278219,0.0010839523335274151,0.3853199286032861,0.9200006488408826,671.0,-5511.0,0.0,included,os1_rev7_128ch20hz1024res_rtx
2595,002595,curated_contour_view,apollo14_contour_experimental_02,8,52366669397,scans/002595.npy,poses/002595.npy,transforms/002595.npz,global_dem,675.1464159297402,-5504.928344982705,0.5740753023957215,0.06494411826147517,-0.0021449936064938803,0.3886624950203052,0.9190860272413345,671.0,-5511.0,0.0,included,os1_rev7_128ch20hz1024res_rtx
2596,002596,curated_contour_view,apollo14_contour_experimental_02,9,55500002894,scans/002596.npy,poses/002596.npy,transforms/002596.npz,global_dem,675.8652103618505,-5504.193357766546,0.6282582078250634,0.056689869429698427,-0.005726411148733597,0.38811957739132685,0.9198459982872009,671.0,-5511.0,0.0,included,os1_rev7_128ch20hz1024res_rtx
2597,002597,curated_contour_view,apollo14_contour_experimental_02,10,58550003053,scans/002597.npy,poses/002597.npy,transforms/002597.npz,global_dem,676.5542479207502,-5503.481309182991,0.6823603975846084,0.04488463567141226,-0.021123668462182225,0.3829201329739032,0.9224485524269593,671.0,-5511.0,0.0,included,os1_rev7_128ch20hz1024res_rtx
2598,002598,curated_contour_view,apollo14_contour_experimental_02,11,61666669882,scans/002598.npy,poses/002598.npy,transforms/002598.npz,global_dem,677.2533304646536,-5502.756538730219,0.7621861806666554,0.031174416008045363,-0.041156921628515405,0.3817092361813264,0.9228392723559666,671.0,-5511.0,0.0,included,os1_rev7_128ch20hz1024res_rtx
2599,002599,curated_contour_view,apollo14_contour_experimental_02,12,64700003374,scans/002599.npy,poses/002599.npy,transforms/002599.npz,global_dem,677.9710021908957,-5502.017057343081,0.8348000324120748,0.001430339248693372,-0.019878496535432194,0.3780891701400088,0.925554633140564,671.0,-5511.0,0.0,included,os1_rev7_128ch20hz1024res_rtx
2600,002600,curated_contour_view,apollo14_contour_experimental_02,13,67800003536,scans/002600.npy,poses/002600.npy,transforms/002600.npz,global_dem,678.7087211325133,-5501.296622557754,0.8554023629451936,0.0025807853308845003,-0.008927653363699179,0.3815565301334994,0.9242987887393218,671.0,-5511.0,0.0,included,os1_rev7_128ch20hz1024res_rtx
2601,002601,curated_contour_view,apollo14_contour_experimental_02,14,70866670362,scans/002601.npy,poses/002601.npy,transforms/002601.npz,global_dem,679.4276391238533,-5500.594063998272,0.8677506281467107,0.017644137407868497,-0.007675150770474329,0.38430168732990083,0.9230070365881151,671.0,-5511.0,0.0,included,os1_rev7_128ch20hz1024res_rtx
2602,002602,curated_contour_view,apollo14_contour_experimental_02,15,73933337189,scans/002602.npy,poses/002602.npy,transforms/002602.npz,global_dem,680.1503962687567,-5499.873938998234,0.8860370748645869,0.01997978725456553,0.0040584611593971085,0.38529335887305194,0.9225688942309955,671.0,-5511.0,0.0,included,os1_rev7_128ch20hz1024res_rtx
2603,002603,curated_contour_view,apollo14_contour_experimental_02,16,77016670683,scans/002603.npy,poses/002603.npy,transforms/002603.npz,global_dem,680.8730920151187,-5499.149886410987,0.880485427611633,0.018211315414097772,0.013507747033072354,0.3795931793547558,0.9248756170147027,671.0,-5511.0,0.0,included,os1_rev7_128ch20hz1024res_rtx
2604,002604,curated_contour_view,apollo14_contour_experimental_02,17,80100004177,scans/002604.npy,poses/002604.npy,transforms/002604.npz,global_dem,681.5988197848862,-5498.438487286559,0.8668387817829412,0.023604802010951977,0.015502156985731865,0.3829952012453059,0.9233185648918152,671.0,-5511.0,0.0,included,os1_rev7_128ch20hz1024res_rtx
2605,002605,curated_contour_view,apollo14_contour_experimental_02,18,83650004362,scans/002605.npy,poses/002605.npy,transforms/002605.npz,global_dem,682.3014519821147,-5497.7277412597905,0.8572580673671149,0.02000970059147296,0.012127099254357631,0.38472162634602675,0.9227360486984253,671.0,-5511.0,0.0,included,os1_rev7_128ch20hz1024res_rtx
2606,002606,curated_contour_view,apollo14_contour_experimental_02,19,89683338010,scans/002606.npy,poses/002606.npy,transforms/002606.npz,global_dem,683.0606820256675,-5497.023762543026,0.8441289009108469,0.010717865774335979,0.015314579336255131,0.29210651601928256,0.9562031030654907,671.0,-5511.0,0.0,included,os1_rev7_128ch20hz1024res_rtx
2607,002607,curated_contour_view,apollo14_contour_experimental_02,20,95016671622,scans/002607.npy,poses/002607.npy,transforms/002607.npz,global_dem,684.0202954638562,-5496.751018765557,0.8163605036660706,0.012601518991643556,0.015299710700588446,0.008213042448034853,0.9997698067581999,671.0,-5511.0,0.0,included,os1_rev7_128ch20hz1024res_rtx
2608,002608,curated_contour_view,apollo14_contour_experimental_02,21,98200005121,scans/002608.npy,poses/002608.npy,transforms/002608.npz,global_dem,685.0127841334493,-5496.933607694064,0.7773244105823958,0.013124812647070447,0.015901476049419556,-0.1107211049065524,0.9936376196988022,671.0,-5511.0,0.0,included,os1_rev7_128ch20hz1024res_rtx
2609,002609,curated_contour_view,apollo14_contour_experimental_02,22,101250005280,scans/002609.npy,poses/002609.npy,transforms/002609.npz,global_dem,686.0411266035205,-5497.051556093563,0.7385369898675807,0.01763839246357179,0.014889145912991474,-0.0050731808082551105,0.9997206926345825,671.0,-5511.0,0.0,included,os1_rev7_128ch20hz1024res_rtx
2610,002610,curated_contour_view,apollo14_contour_experimental_02,23,104300005439,scans/002610.npy,poses/002610.npy,transforms/002610.npz,global_dem,687.0518324419255,-5497.036552795137,0.7091731817723335,0.022130429111570545,0.012174849449995443,0.021898192451341895,0.9994410869658961,671.0,-5511.0,0.0,included,os1_rev7_128ch20hz1024res_rtx
2611,002611,curated_contour_view,apollo14_contour_experimental_02,24,107450005603,scans/002611.npy,poses/002611.npy,transforms/002611.npz,global_dem,688.0859656454488,-5497.018441300652,0.6842647757310849,0.02692156943665602,0.009612411629287875,0.00277635741053849,0.9995874761526704,671.0,-5511.0,0.0,included,os1_rev7_128ch20hz1024res_rtx
2612,002612,curated_contour_view,apollo14_contour_experimental_02,25,110583339100,scans/002612.npy,poses/002612.npy,transforms/002612.npz,global_dem,689.1170620030848,-5497.020140080477,0.6633060415399479,0.028259909629752833,0.008731783809001813,-0.0017426353997632975,0.9995609519589561,671.0,-5511.0,0.0,included,os1_rev7_128ch20hz1024res_rtx
2613,002613,curated_contour_view,apollo14_contour_experimental_02,26,113716672597,scans/002613.npy,poses/002613.npy,transforms/002613.npz,global_dem,690.1429951884461,-5497.028472471872,0.6515657326153125,0.032562602308089564,0.0029624310899521063,-0.0012611281178043158,0.9994645118706482,671.0,-5511.0,0.0,included,os1_rev7_128ch20hz1024res_rtx
2614,002614,curated_contour_view,apollo14_contour_experimental_02,27,116833339426,scans/002614.npy,poses/002614.npy,transforms/002614.npz,global_dem,691.1660846903027,-5497.033621684714,0.6467352501467981,0.03438818461365678,-0.00040455611551587126,0.001021978353335079,0.999407947063446,671.0,-5511.0,0.0,included,os1_rev7_128ch20hz1024res_rtx
2615,002615,curated_contour_view,apollo14_contour_experimental_02,28,119933339588,scans/002615.npy,poses/002615.npy,transforms/002615.npz,global_dem,692.1859926014951,-5497.032434227325,0.6504539240228774,0.03585547501004584,-0.0006168067314111361,0.0020367569446049943,0.9993547198479671,671.0,-5511.0,0.0,included,os1_rev7_128ch20hz1024res_rtx
2616,002616,curated_contour_view,apollo14_contour_experimental_02,29,123033339750,scans/002616.npy,poses/002616.npy,transforms/002616.npz,global_dem,693.2093276201704,-5497.0354958665375,0.6466533584520222,0.04042843492819077,0.001705602258610924,0.0008551504939839738,0.9991806149479808,671.0,-5511.0,0.0,included,os1_rev7_128ch20hz1024res_rtx
2617,002617,curated_contour_view,apollo14_contour_experimental_02,30,126116673244,scans/002617.npy,poses/002617.npy,transforms/002617.npz,global_dem,694.2289857270831,-5497.038954511081,0.6390416212215895,0.043578328229428795,0.004959569159244385,0.0006307462335185623,0.9990375038714372,671.0,-5511.0,0.0,included,os1_rev7_128ch20hz1024res_rtx
2618,002618,curated_contour_view,apollo14_contour_experimental_02,31,129200006738,scans/002618.npy,poses/002618.npy,transforms/002618.npz,global_dem,695.2496255033928,-5497.042359779861,0.6216825615049726,0.04578887832842415,0.008328235101967566,0.0024543403150585306,0.9989134073257446,671.0,-5511.0,0.0,included,os1_rev7_128ch20hz1024res_rtx
2619,002619,curated_contour_view,apollo14_contour_experimental_02,32,132266673564,scans/002619.npy,poses/002619.npy,transforms/002619.npz,global_dem,696.2643963022093,-5497.039964888858,0.5970774742454266,0.04665375908846304,0.010449820779707514,0.0009505536451992159,0.9988560078691799,671.0,-5511.0,0.0,included,os1_rev7_128ch20hz1024res_rtx
2620,002620,curated_contour_view,apollo14_contour_experimental_02,33,135416673729,scans/002620.npy,poses/002620.npy,transforms/002620.npz,global_dem,697.2941507421009,-5497.049614690835,0.576913829297172,0.055850092788410986,0.003221595205761671,-0.00020407651886521309,0.9984339471455438,671.0,-5511.0,0.0,included,os1_rev7_128ch20hz1024res_rtx
2621,002621,curated_contour_view,apollo14_contour_experimental_02,34,138550007225,scans/002621.npy,poses/002621.npy,transforms/002621.npz,global_dem,698.3256955767929,-5497.053176213378,0.5724935716367575,0.05865799223365458,0.001245439990871475,0.0026025225165135354,0.9982739682586623,671.0,-5511.0,0.0,included,os1_rev7_128ch20hz1024res_rtx
2622,002622,curated_contour_view,apollo14_contour_experimental_02,35,141666674055,scans/002622.npy,poses/002622.npy,transforms/002622.npz,global_dem,699.3629481506237,-5497.062887344351,0.5669905101289554,0.06886275696684428,0.009336170525846088,0.00428422192910748,0.9975732564906198,671.0,-5511.0,0.0,included,os1_rev7_128ch20hz1024res_rtx
2623,002623,curated_contour_view,apollo14_contour_experimental_02,36,144766674216,scans/002623.npy,poses/002623.npy,transforms/002623.npz,global_dem,700.367361736103,-5497.074086267061,0.5529760581225385,0.08048214042481033,-0.0006282338903723944,0.004691596009192651,0.9967448115348816,671.0,-5511.0,0.0,included,os1_rev7_128ch20hz1024res_rtx
2624,002624,curated_contour_view,apollo14_contour_experimental_02,37,147833341043,scans/002624.npy,poses/002624.npy,transforms/002624.npz,global_dem,701.3491483280536,-5497.0826878583875,0.5691816242509631,0.09156125660546299,-0.023222893478940382,0.003953341786163958,0.9955207705497742,671.0,-5511.0,0.0,included,os1_rev7_128ch20hz1024res_rtx
2625,002625,curated_contour_view,apollo14_contour_experimental_02,38,152866674639,scans/002625.npy,poses/002625.npy,transforms/002625.npz,global_dem,702.3320800016734,-5497.088949500347,0.6228387106272177,0.09936570476813457,-0.044621247501800895,0.006626456529854552,0.9940279126167297,671.0,-5511.0,0.0,included,os1_rev7_128ch20hz1024res_rtx
2626,002626,curated_contour_view,apollo14_contour_experimental_02,39,157900008235,scans/002626.npy,poses/002626.npy,transforms/002626.npz,global_dem,703.2916112798347,-5497.316560401322,0.6645687447830051,0.12118182744060745,-0.03725562419611615,-0.21225864779254866,0.968954720098515,671.0,-5511.0,0.0,included,os1_rev7_128ch20hz1024res_rtx
2627,002627,curated_contour_view,apollo14_contour_experimental_02,40,161366675082,scans/002627.npy,poses/002627.npy,transforms/002627.npz,global_dem,704.0354083896976,-5498.0120877934705,0.5887714682791456,0.13670540804402587,0.01077788114279949,-0.4410138897488253,0.886962354183197,671.0,-5511.0,0.0,included,os1_rev7_128ch20hz1024res_rtx
2628,002628,curated_contour_view,apollo14_contour_experimental_02,41,164333341903,scans/002628.npy,poses/002628.npy,transforms/002628.npz,global_dem,704.6556577558667,-5498.831271183666,0.41647968751329334,0.13854362029784884,0.032953626596722595,-0.4236409815691313,0.8945658402286734,671.0,-5511.0,0.0,included,os1_rev7_128ch20hz1024res_rtx
2629,002629,curated_contour_view,apollo14_contour_experimental_02,42,167100008714,scans/002629.npy,poses/002629.npy,transforms/002629.npz,global_dem,705.3324543143809,-5499.583257347084,0.23667293477082757,0.12436316317154437,0.03438061041096017,-0.40190981475119936,0.9065430370811935,671.0,-5511.0,0.0,included,os1_rev7_128ch20hz1024res_rtx
2630,002630,curated_contour_view,apollo14_contour_experimental_02,43,169933342196,scans/002630.npy,poses/002630.npy,transforms/002630.npz,global_dem,706.041953322734,-5500.30629565421,0.06792255655345036,0.1242487004185446,0.050873240138054936,-0.3724590715869735,0.9182855840503695,671.0,-5511.0,0.0,included,os1_rev7_128ch20hz1024res_rtx
2631,002631,curated_contour_view,apollo14_contour_experimental_02,44,175550009155,scans/002631.npy,poses/002631.npy,transforms/002631.npz,global_dem,706.7781138433204,-5500.989085842038,-0.13726682130289575,0.12310678396489526,0.06692023495997516,-0.3534930240287931,0.9248832812077973,671.0,-5511.0,0.0,included,os1_rev7_128ch20hz1024res_rtx
2632,002632,curated_contour_view,apollo14_contour_experimental_02,45,184800009638,scans/002632.npy,poses/002632.npy,transforms/002632.npz,global_dem,707.6368460367837,-5501.529742972996,-0.3428325616525526,0.11738438072708743,0.04476156109226891,0.004193079461025431,0.9920684088784074,671.0,-5511.0,0.0,included,os1_rev7_128ch20hz1024res_rtx
2633,002633,curated_contour_view,apollo14_contour_experimental_02,46,188000009804,scans/002633.npy,poses/002633.npy,transforms/002633.npz,global_dem,708.6265430376036,-5501.4433475526175,-0.43096300557736156,0.08483852697341197,0.02968984765271574,0.055091927511470885,0.9944273813659854,671.0,-5511.0,0.0,included,os1_rev7_128ch20hz1024res_rtx
2634,002634,curated_contour_view,apollo14_contour_experimental_02,47,191183343304,scans/002634.npy,poses/002634.npy,transforms/002634.npz,global_dem,709.562615041898,-5501.28750922307,-0.4267710200033094,0.09531476027523123,-0.046684178719059125,0.17739214543667542,0.9784005880355835,671.0,-5511.0,0.0,included,os1_rev7_128ch20hz1024res_rtx
2635,002635,curated_contour_view,apollo14_contour_experimental_02,48,194316676801,scans/002635.npy,poses/002635.npy,transforms/002635.npz,global_dem,710.5402911321822,-5501.129376738831,-0.3328175210035659,0.12498056351430337,-0.036284654028507696,0.04945997306411228,0.9902610735004057,671.0,-5511.0,0.0,included,os1_rev7_128ch20hz1024res_rtx
2636,002636,curated_contour_view,apollo14_contour_experimental_02,49,197416676962,scans/002636.npy,poses/002636.npy,transforms/002636.npz,global_dem,711.5657986878726,-5501.115804478481,-0.28604362723487997,0.13000951869588645,-0.019071236834760214,0.007981420006180887,0.9912971854639462,671.0,-5511.0,0.0,included,os1_rev7_128ch20hz1024res_rtx
2637,002637,curated_contour_view,apollo14_contour_experimental_02,50,200500010456,scans/002637.npy,poses/002637.npy,transforms/002637.npz,global_dem,712.5823636854208,-5501.099919537544,-0.2598103215685723,0.11461980910556899,-0.016528890050198763,0.0032367137744730816,0.9932666403530592,671.0,-5511.0,0.0,included,os1_rev7_128ch20hz1024res_rtx
2638,002638,curated_contour_view,apollo14_contour_experimental_02,51,203583343951,scans/002638.npy,poses/002638.npy,transforms/002638.npz,global_dem,713.6092923601796,-5501.095642996379,-0.23696964329714432,0.10811526849443151,-0.007028292083810472,0.004491927660215385,0.9941033720970154,671.0,-5511.0,0.0,included,os1_rev7_128ch20hz1024res_rtx
2639,002639,curated_contour_view,apollo14_contour_experimental_02,52,206733344115,scans/002639.npy,poses/002639.npy,transforms/002639.npz,global_dem,714.6064383803179,-5501.103073398808,-0.20670188893595431,0.11231879556696281,-0.043028655164404496,0.008504107604341319,0.9927037338254467,671.0,-5511.0,0.0,included,os1_rev7_128ch20hz1024res_rtx
2640,002640,curated_contour_view,apollo14_contour_experimental_02,53,209933344282,scans/002640.npy,poses/002640.npy,transforms/002640.npz,global_dem,715.5564031929438,-5501.113309127504,-0.08542302960449721,0.11526867692205504,-0.10410927844358032,0.022058053512571493,0.9876172500203875,671.0,-5511.0,0.0,included,os1_rev7_128ch20hz1024res_rtx
2641,002641,curated_contour_view,apollo14_contour_experimental_02,54,216266677945,scans/002641.npy,poses/002641.npy,transforms/002641.npz,global_dem,716.5514275558653,-5501.117166577116,0.1151725763535798,0.12629824904460224,-0.09398226862872187,0.029710866117134055,0.9870832537867493,671.0,-5511.0,0.0,included,os1_rev7_128ch20hz1024res_rtx
2642,002642,curated_contour_view,apollo14_contour_experimental_02,55,221000011526,scans/002642.npy,poses/002642.npy,transforms/002642.npz,global_dem,717.5414337552496,-5500.9030892978635,0.3275515134047147,0.11364464197240311,-0.12112463463524158,0.3720902212217165,0.9132155197469093,671.0,-5511.0,0.0,included,os1_rev7_128ch20hz1024res_rtx
2643,002643,curated_contour_view,apollo14_contour_experimental_02,56,224750011721,scans/002643.npy,poses/002643.npy,transforms/002643.npz,global_dem,718.1428591364008,-5500.138820266822,0.6380520559686085,0.10827863666711506,-0.11223730146857198,0.47182577787603963,0.8677896982173929,671.0,-5511.0,0.0,included,os1_rev7_128ch20hz1024res_rtx
2644,002644,curated_contour_view,apollo14_contour_experimental_02,57,235916678970,scans/002644.npy,poses/002644.npy,transforms/002644.npz,global_dem,718.8122774037668,-5499.410509531037,0.9102652872162218,0.12527018379206406,-0.069512451662334,0.19117532883192695,0.9710444859853739,671.0,-5511.0,0.0,included,os1_rev7_128ch20hz1024res_rtx
2645,002645,curated_contour_view,apollo14_contour_experimental_02,58,242166679296,scans/002645.npy,poses/002645.npy,transforms/002645.npz,global_dem,719.7361793651078,-5499.641343371496,0.9411118956237865,0.12141373756378855,-0.026784005306921484,-0.2510576382614613,0.9599538445472717,671.0,-5511.0,0.0,included,os1_rev7_128ch20hz1024res_rtx
2646,002646,curated_contour_view,apollo14_contour_experimental_02,59,246300012845,scans/002646.npy,poses/002646.npy,transforms/002646.npz,global_dem,720.4346503249067,-5500.357426145627,0.8621784035196449,0.10991219570657909,0.00253767195305723,-0.4620631021435233,0.8800059994645044,671.0,-5511.0,0.0,included,os1_rev7_128ch20hz1024res_rtx
2647,002647,curated_contour_view,apollo14_contour_experimental_02,60,257200013414,scans/002647.npy,poses/002647.npy,transforms/002647.npz,global_dem,721.037236186079,-5501.203948844121,0.7429352429019369,0.0912151587906887,0.016780070097496713,-0.21924251849839715,0.9712522546366585,671.0,-5511.0,0.0,included,os1_rev7_128ch20hz1024res_rtx
2648,002648,curated_contour_view,apollo14_contour_experimental_02,61,262466680355,scans/002648.npy,poses/002648.npy,transforms/002648.npz,global_dem,722.0624255797535,-5501.4384702277175,0.5912272076217606,0.06539866540132253,0.08347538178115708,-0.05119047269125247,0.9930430054664612,671.0,-5511.0,0.0,included,os1_rev7_128ch20hz1024res_rtx
2649,002649,curated_contour_view,apollo14_contour_experimental_02,62,276716681098,scans/002649.npy,poses/002649.npy,transforms/002649.npz,global_dem,722.9689884229149,-5501.433483762715,0.4902707734507414,0.06382807620451068,-0.04181422905209681,0.13005803816031156,0.9885658570103971,671.0,-5511.0,0.0,included,os1_rev7_128ch20hz1024res_rtx
2650,002650,curated_contour_view,apollo14_contour_experimental_02,63,283516681453,scans/002650.npy,poses/002650.npy,transforms/002650.npz,global_dem,723.851639581072,-5501.6791601082505,0.5635166551263138,0.046977877739184014,-0.09049462244679904,-0.2911555358768203,0.9512267112731934,671.0,-5511.0,0.0,included,os1_rev7_128ch20hz1024res_rtx
2651,002651,curated_contour_view,apollo14_contour_experimental_02,64,288283348368,scans/002651.npy,poses/002651.npy,transforms/002651.npz,global_dem,724.4925167265153,-5502.45303261323,0.6598682114079839,0.061378479810476866,-0.05980406402883057,-0.45997001158943074,0.8837894232113266,671.0,-5511.0,0.0,included,os1_rev7_128ch20hz1024res_rtx
2652,002652,curated_contour_view,apollo14_contour_experimental_02,65,306183349302,scans/002652.npy,poses/002652.npy,transforms/002652.npz,global_dem,725.4652000135918,-5502.814988390936,0.7732964275673122,0.050893915594422204,-0.07979167139864478,0.2589749510596193,0.9612362213600497,671.0,-5511.0,0.0,included,os1_rev7_128ch20hz1024res_rtx
2653,002653,curated_contour_view,apollo14_contour_experimental_02,66,309916682830,scans/002653.npy,poses/002653.npy,transforms/002653.npz,global_dem,726.0894612785244,-5502.130863165494,0.9753660186134048,0.056134639480179445,-0.14192713746817595,0.480478191416177,0.8636239328978554,671.0,-5511.0,0.0,included,os1_rev7_128ch20hz1024res_rtx
2654,002654,curated_contour_view,apollo14_contour_experimental_02,67,320000016689,scans/002654.npy,poses/002654.npy,transforms/002654.npz,global_dem,726.7572064908021,-5501.3650569241445,1.245253151927026,0.07423054115784065,-0.0702896475262592,0.22683203708368138,0.9685537771143716,671.0,-5511.0,0.0,included,os1_rev7_128ch20hz1024res_rtx
2655,002655,curated_contour_view,apollo14_contour_experimental_02,68,326950017051,scans/002655.npy,poses/002655.npy,transforms/002655.npz,global_dem,727.7821818418006,-5501.63858484992,1.1573619888621023,0.11401701327081794,0.09470072582901673,-0.21634277904283095,0.9650013964592407,671.0,-5511.0,0.0,included,os1_rev7_128ch20hz1024res_rtx
2656,002656,curated_contour_view,apollo14_contour_experimental_02,69,331850017307,scans/002656.npy,poses/002656.npy,transforms/002656.npz,global_dem,728.5470382349985,-5502.209620466413,0.8984576969683493,0.10994201690353836,0.09228726154804612,-0.3121976331481098,0.9391104578971863,671.0,-5511.0,0.0,included,os1_rev7_128ch20hz1024res_rtx
2657,002657,curated_contour_view,apollo14_contour_experimental_02,70,338900017675,scans/002657.npy,poses/002657.npy,transforms/002657.npz,global_dem,729.1268287505359,-5502.919109544868,0.6984693302771077,0.11012694462398344,0.003930387234492517,-0.38694512959102806,0.9154944428065938,671.0,-5511.0,0.0,included,os1_rev7_128ch20hz1024res_rtx
2658,002658,curated_contour_view,apollo14_contour_experimental_02,71,347950018147,scans/002658.npy,poses/002658.npy,transforms/002658.npz,global_dem,729.9893379429218,-5503.361629280754,0.7230444708305923,0.06734894005250032,-0.09642131860101172,0.08781452678897822,0.9891691758631962,671.0,-5511.0,0.0,included,os1_rev7_128ch20hz1024res_rtx
2659,002659,curated_contour_view,apollo14_contour_experimental_02,72,355783351888,scans/002659.npy,poses/002659.npy,transforms/002659.npz,global_dem,731.0756728299773,-5503.173276039012,0.8419380217750638,0.05315674677947131,0.03488060294431186,-0.05186179290192718,0.9966283450951323,671.0,-5511.0,0.0,included,os1_rev7_128ch20hz1024res_rtx
2660,002660,curated_contour_view,apollo14_contour_experimental_02,73,363333352282,scans/002660.npy,poses/002660.npy,transforms/002660.npz,global_dem,732.0405046782333,-5503.584448224978,0.6602561907345541,0.03641671463120427,0.12250750098298611,-0.28516585123924776,0.9499190346473579,671.0,-5511.0,0.0,included,os1_rev7_128ch20hz1024res_rtx
2661,002661,curated_contour_view,apollo14_contour_experimental_02,74,373200019463,scans/002661.npy,poses/002661.npy,transforms/002661.npz,global_dem,732.716381354832,-5504.293006384152,0.41393132562942364,0.09012531792580404,0.0918467756380522,-0.31304379000880994,0.9409809681447262,671.0,-5511.0,0.0,included,os1_rev7_128ch20hz1024res_rtx
2662,002662,curated_contour_view,apollo14_contour_experimental_02,75,381450019894,scans/002662.npy,poses/002662.npy,transforms/002662.npz,global_dem,733.2336593619825,-5505.126739210762,0.16544703279515416,0.17526908778138775,0.06944528289038912,-0.4307008293223619,0.8825842142105101,671.0,-5511.0,0.0,included,os1_rev7_128ch20hz1024res_rtx
2663,002663,curated_contour_view,apollo14_contour_experimental_02,76,398316687440,scans/002663.npy,poses/002663.npy,transforms/002663.npz,global_dem,734.1172094489399,-5505.593981532943,0.06197253064772751,0.15741818201996452,-0.11170300485710905,0.2588467986228099,0.9464355707168579,671.0,-5511.0,0.0,included,os1_rev7_128ch20hz1024res_rtx
2664,002664,curated_contour_view,apollo14_contour_experimental_02,77,401666687615,scans/002664.npy,poses/002664.npy,transforms/002664.npz,global_dem,735.0341636718952,-5505.202720285432,0.318174756579278,0.16881521843034947,-0.0608662126102762,0.15977011372982536,0.9707060507422176,671.0,-5511.0,0.0,included,os1_rev7_128ch20hz1024res_rtx
2665,002665,curated_contour_view,apollo14_contour_experimental_02,78,404866687782,scans/002665.npy,poses/002665.npy,transforms/002665.npz,global_dem,736.0362309091,-5505.15594124085,0.39252140048017764,0.16330701331987105,-0.037252739562735705,0.027482635714919556,0.9854885882290954,671.0,-5511.0,0.0,included,os1_rev7_128ch20hz1024res_rtx
2666,002666,curated_contour_view,apollo14_contour_experimental_02,79,408083354616,scans/002666.npy,poses/002666.npy,transforms/002666.npz,global_dem,736.9968192934732,-5505.150665691328,0.4918085391742747,0.14735702898946287,-0.10465425517583463,0.020033726008952098,0.9833270273429833,671.0,-5511.0,0.0,included,os1_rev7_128ch20hz1024res_rtx
2667,002667,curated_contour_view,apollo14_contour_experimental_02,80,411333354786,scans/002667.npy,poses/002667.npy,transforms/002667.npz,global_dem,737.9760389761389,-5505.182113405118,0.6999086604315046,0.1562407945707849,-0.1396185199413177,0.05858889953417242,0.9760444784192267,671.0,-5511.0,0.0,included,os1_rev7_128ch20hz1024res_rtx
2668,002668,curated_contour_view,apollo14_contour_experimental_02,81,414483354950,scans/002668.npy,poses/002668.npy,transforms/002668.npz,global_dem,738.9379589593836,-5505.200545025492,0.9550872979814582,0.16842800128072302,-0.1494165920597971,0.06351013991498004,0.9722515891114792,671.0,-5511.0,0.0,included,os1_rev7_128ch20hz1024res_rtx
2669,002669,curated_contour_view,apollo14_contour_experimental_02,82,417633355114,scans/002669.npy,poses/002669.npy,transforms/002669.npz,global_dem,739.8869606290666,-5505.161609877,1.2677470238895463,0.1578636417135841,-0.15279933319679517,0.05457139332963466,0.9740397309297,671.0,-5511.0,0.0,included,os1_rev7_128ch20hz1024res_rtx
2670,002670,curated_contour_view,apollo14_contour_experimental_02,83,420766688611,scans/002670.npy,poses/002670.npy,transforms/002670.npz,global_dem,740.9425953112468,-5505.163791104851,1.5340195333470206,0.1590989161003361,-0.0681685913553893,0.04259069291281275,0.9839850664138794,671.0,-5511.0,0.0,included,os1_rev7_128ch20hz1024res_rtx
2671,002671,curated_contour_view,apollo14_contour_experimental_02,84,423833355437,scans/002671.npy,poses/002671.npy,transforms/002671.npz,global_dem,742.0020484082838,-5505.190127600633,1.6035924066764018,0.19098808291740674,-0.005913377531974836,0.03327856742136268,0.9810102553490866,671.0,-5511.0,0.0,included,os1_rev7_128ch20hz1024res_rtx
2672,002672,curated_contour_view,apollo14_contour_experimental_02,85,426933355599,scans/002672.npy,poses/002672.npy,transforms/002672.npz,global_dem,742.9808094516349,-5505.183546708191,1.609123855962027,0.19128144409591513,-0.03474814999780919,0.025987057085603185,0.9805756717767072,671.0,-5511.0,0.0,included,os1_rev7_128ch20hz1024res_rtx
