-0.8807060112 0.4504202477 -0.1465555262 805.0780334999 -0.4601596802 -0.8869665188 0.0392869341 -5815.6626216587 -0.1122942143 0.1020391831 0.9884219820 -0.0802107328
-0.8889676141 0.4362104840 -0.1394883323 804.1310126760 -0.4442906486 -0.8953246803 0.0316154453 -5816.1343950470 -0.1110963578 0.0900784686 0.9897188837 -0.1892308987
-0.8915282735 0.4303783768 -0.1412508063 803.2036284338 -0.4388295511 -0.8979334578 0.0338249963 -5816.5765223595 -0.1122762779 0.0921409685 0.9893958153 -0.3064753639
-0.8929987222 0.4248554116 -0.1484963344 802.3053950431 -0.4335717486 -0.9005966730 0.0306785166 -5817.0108752963 -0.1207013709 0.0917796915 0.9884369819 -0.4241459598
-0.8354655528 0.5475648230 0.0465840607 801.4371896602 -0.5345725424 -0.8294322503 0.1620936123 -5817.5492280920 0.1273950825 0.1105210697 0.9856751930 -0.5198241686
-0.8121424215 0.5692518196 -0.1279728607 800.4801003426 -0.5762936193 -0.8169046214 0.0235054004 -5818.2005926262 -0.0911611294 0.0928396758 0.9914990888 -0.6490821129
-0.8527032059 0.5074240392 -0.1241695898 799.5869923700 -0.5140514565 -0.8573490779 0.0265265660 -5818.7704748787 -0.0929964661 0.0864488463 0.9919063737 -0.7511138512
-0.8788844334 0.4617768949 -0.1196839670 798.6889594108 -0.4672292060 -0.8838936043 0.0207114793 -5819.2787554984 -0.0962238104 0.0741228417 0.9925959816 -0.8504625817
-0.9029444625 0.4272684370 -0.0461842004 797.7399520800 -0.4293462926 -0.9015554834 0.0534740254 -5819.7315377995 -0.0187898559 0.0681130904 0.9975006507 -0.9449921871
-0.9045982207 0.4260964296 0.0119954943 796.8447281568 -0.4236954625 -0.9018740286 0.0842934855 -5820.1421932754 0.0467355780 0.0711693005 0.9963687653 -1.0333676124
-0.9277830214 0.3604331133 -0.0964709073 795.8076044117 -0.3635526521 -0.9314296931 0.0163766875 -5820.5958630843 -0.0839531672 0.0502662668 0.9952010692 -1.1421926602
-0.9332410111 0.3434494787 -0.1053739564 794.8428425908 -0.3470788268 -0.9376686926 0.0177118864 -5820.9621846724 -0.0927227217 0.0531025279 0.9942749209 -1.2320852409
-0.9499229726 0.3101389160 -0.0382125479 793.8818709370 -0.3114940935 -0.9495332637 0.0368511977 -5821.2957428950 -0.0248550948 0.0469087822 0.9985899010 -1.3223032849
-0.9073634887 0.3721875350 0.1953661646 792.9854092824 -0.3556650060 -0.9274992663 0.1150978475 -5821.6330628642 0.2240399585 0.0349506763 0.9739530519 -1.4042596054
-0.8968726274 0.4247041195 -0.1234742933 791.8892098168 -0.4258870253 -0.9045976977 -0.0179790728 -5822.0967411813 -0.1193303478 0.0364611612 0.9921848879 -1.4982690366
-0.9026072413 0.4272173027 -0.0527782551 790.9923661373 -0.4279080558 -0.9038200663 0.0019958762 -5822.5092090134 -0.0468493731 0.0243857328 0.9986042621 -1.5943112142
-0.9192893491 0.3860835328 -0.0764630522 790.0434315922 -0.3856409719 -0.9224083276 -0.0210693622 -5822.9435820855 -0.0786646899 0.0101184456 0.9968497799 -1.6848645624
-0.9382721857 0.3393627394 -0.0669196284 789.0497939833 -0.3434847003 -0.9369359677 0.0645697532 -5823.2752978284 -0.0407868385 0.0835698719 0.9956668671 -1.7315047089
-0.9432430539 0.3295716709 -0.0409274356 788.0133900477 -0.3286604927 -0.9440481793 -0.0274830074 -5823.7091134842 -0.0476950917 -0.0124719247 0.9987840754 -1.8298397697
-0.9494766437 0.3107970309 -0.0435810586 787.0330559099 -0.3105122756 -0.9504759010 -0.0133299816 -5824.0388708268 -0.0455656646 0.0008759475 0.9989609617 -1.8800404108
-0.9580633765 0.2845074763 -0.0342061764 786.0612564175 -0.2844547463 -0.9586674261 -0.0065010286 -5824.3574472715 -0.0346419383 0.0035017118 0.9993936532 -1.9294142973
-0.9635197163 0.2672702556 -0.0140130930 785.0950785908 -0.2672294933 -0.9636212612 -0.0047395119 -5824.6381856905 -0.0147700449 -0.0008219014 0.9998905791 -1.9728700401
-0.9617876474 0.2717817860 -0.0331539150 784.1060356758 -0.2717129081 -0.9623553637 -0.0066520324 -5824.9236459278 -0.0337137492 0.0026105041 0.9994281207 -1.9755491284
-0.9837651368 0.1746167478 -0.0414143344 783.0381123805 -0.1751331537 -0.9845021510 0.0091593206 -5825.1765523212 -0.0391731306 0.0162636432 0.9991000749 -2.0687001844
-0.9832619851 0.1766241303 -0.0447189582 781.9867046426 -0.1771439400 -0.9841531712 0.0079094917 -5825.3548790083 -0.0426132974 0.0156987949 0.9989682952 -2.1110817744
-0.9795642616 0.1966027244 -0.0424408550 780.9773615476 -0.1969122320 -0.9804159028 0.0031985121 -5825.5460317041 -0.0409808529 0.0114902716 0.9990938611 -2.1512531856
-0.9577114454 0.2280361393 0.1754659699 780.0429221019 -0.2216942174 -0.9735524752 0.0552019204 -5825.7377105387 0.1834133621 0.0139677201 0.9829366416 -2.1710249365
-0.9565025928 0.2820564482 -0.0744778497 778.8528600108 -0.2843885276 -0.9584426210 0.0226032643 -5826.0252035421 -0.0650073490 0.0428007269 0.9969664700 -2.2086116205
-0.9519479377 0.3047235960 -0.0306374596 777.8601442530 -0.3051108059 -0.9522765402 0.0087628258 -5826.3333654343 -0.0265050943 0.0176895739 0.9994921505 -2.2560160612
-0.9471798906 0.3185300791 -0.0372671905 776.8517109442 -0.3188671880 -0.9477935835 0.0033225780 -5826.6458968498 -0.0342632630 0.0150303633 0.9992998134 -2.2852401192
-0.8883833258 0.4193770368 0.1868099769 776.0057816200 -0.4088422845 -0.9077864736 0.0936573799 -5826.9707667036 0.2088613246 0.0068278369 0.9779214323 -2.3042631541
-0.9077720271 0.3988714112 0.1298134975 774.9659463729 -0.4035906072 -0.9148712838 -0.0111873084 -5827.5240999491 0.1143003436 -0.0625470339 0.9914753149 -2.3529786398
-0.9811888261 0.1930047111 -0.0042034429 773.9043619437 -0.1928069098 -0.9808119718 -0.0288681756 -5827.8644049640 -0.0096944810 -0.0275146785 0.9995743892 -2.4196248590
-0.9797657047 0.1962138485 -0.0394878400 772.8592668415 -0.1947165348 -0.9800927844 -0.0387763471 -5828.0705525361 -0.0463102033 -0.0303027997 0.9984673782 -2.4787822900
-0.9716829261 0.2351695729 -0.0229687438 771.8776362827 -0.2343377929 -0.9715621812 -0.0339518305 -5828.2861047005 -0.0303000003 -0.0276079693 0.9991595018 -2.5246241442
-0.9739724894 0.2255082745 0.0228824848 770.8052362971 -0.2266552798 -0.9679564999 -0.1081091967 -5828.6297797854 -0.0022302685 -0.1104818194 0.9938756429 -2.5524750328
-0.9627186214 0.2696479747 -0.0215133847 769.7623330694 -0.2695087720 -0.9629541634 -0.0091815610 -5828.8761430083 -0.0231921927 -0.0030412138 0.9997263992 -2.5939334719
-0.9641865949 0.2648336062 -0.0144003874 768.7890817310 -0.2639773909 -0.9634959295 -0.0446265726 -5829.1746195398 -0.0256933308 -0.0392269664 0.9988999439 -2.6297787244
-0.9590396466 0.2831371586 -0.0087353072 767.7926472082 -0.2825581580 -0.9583559945 -0.0414086354 -5829.4615391498 -0.0200958574 -0.0372442908 0.9991041083 -2.6573704162
-0.9525818245 0.3038449408 -0.0163131720 766.7435443029 -0.3039872271 -0.9526501211 0.0070365094 -5829.7570024254 -0.0134027375 0.0116618468 0.9998421715 -2.6572844480
-0.9417004856 0.3343670723 -0.0374012882 765.7606309527 -0.3363527125 -0.9382921429 0.0804655662 -5830.0018367900 -0.0081882991 0.0883544875 0.9960554384 -2.6440806722
-0.9491862676 0.3135845694 0.0266485866 764.8295818304 -0.3144929504 -0.9482896343 -0.0429063353 -5830.4052461485 0.0118158138 -0.0491068969 0.9987236351 -2.6897441440
-0.9521374249 0.3009708720 0.0533934295 763.8931997796 -0.3031725970 -0.9521231749 -0.0393425504 -5830.7247940773 0.0389961599 -0.0536469393 0.9977982288 -2.6732596210
-0.9510727849 0.2906433137 0.1048189964 762.9205989155 -0.2949936306 -0.9550780552 -0.0283666420 -5831.0373870303 0.0918657483 -0.0578996775 0.9940866721 -2.6177635972
-0.8930687516 0.3148947010 0.3213557721 761.9672883156 -0.3332328359 -0.9428420226 -0.0021903324 -5831.3952870295 0.3022980021 -0.1090424127 0.9469560022 -2.5223302473
-0.9170668215 0.3261197292 0.2294218105 760.9388836369 -0.3522748131 -0.9322063281 -0.0830290191 -5831.8216098290 0.1867910623 -0.1569626840 0.9697792609 -2.4549626963
-0.9461036647 0.2777563529 0.1665510853 759.9122761903 -0.2998827392 -0.9455326561 -0.1266425637 -5832.2409522387 0.1223037134 -0.1697627893 0.9778662470 -2.3404559101
-0.9721448974 0.2157094648 -0.0916718347 758.8129148104 -0.2074791717 -0.9739485978 -0.0915233416 -5832.5088355003 -0.1090261059 -0.0699539532 0.9915743808 -2.3152516538
-0.9801244132 0.1804193746 0.0824923268 757.8778369154 -0.1748288648 -0.9820603056 0.0706570892 -5832.6121860057 0.0937603475 0.0548306982 0.9940837951 -2.4835434910
-0.9532628083 0.1849160786 -0.2389478233 756.6836846979 -0.2044453645 -0.9770687350 0.0594876453 -5832.7795506384 -0.2224682253 0.1055591347 0.9692085213 -2.7785955411
-0.9494437969 0.1013088315 -0.2971413757 755.6877970350 -0.0867982744 -0.9943156601 -0.0616638274 -5832.9929267762 -0.3016994135 -0.0327549798 0.9528402674 -3.0142475509
-0.9578959680 0.1686467113 -0.2323652325 754.7217096338 -0.1574340961 -0.9853133676 -0.0661216525 -5833.1618425855 -0.2401037690 -0.0267554540 0.9703784446 -3.3035098472
-0.9799820757 0.1726210959 -0.0991820984 753.7612249071 -0.1715164956 -0.9849858043 -0.0196228713 -5833.3041359157 -0.1010802805 -0.0022186962 0.9948757984 -3.5184445303
-0.9706391595 0.1712973611 -0.1688692869 752.6530688260 -0.1776731851 -0.9838140769 0.0232830727 -5833.4606861097 -0.1621476527 0.0526030062 0.9853634164 -3.7257228597
-0.9748216247 0.1745109385 -0.1388118597 751.6742317299 -0.1768365895 -0.9842299184 0.0045042600 -5833.6640365511 -0.1358367427 0.0289378660 0.9903085273 -3.8774544493
-0.9757578541 0.1706019193 -0.1370824395 750.6871599693 -0.1662620737 -0.9851612471 -0.0425938972 -5833.8786018294 -0.1423149077 -0.0187697191 0.9896434533 -4.0301931123
-0.9837156162 0.1347201085 -0.1189709160 749.6935829957 -0.1287924288 -0.9900768682 -0.0562165938 -5834.0436181826 -0.1253638576 -0.0399785880 0.9913050064 -4.1688175164
-0.9740757366 0.1386539780 0.1787499197 748.7753990920 -0.1431904321 -0.9896140778 -0.0126679613 -5834.1883430365 0.1751369737 -0.0379348320 0.9838129847 -4.2654787143
-0.9603727044 0.1919840147 -0.2020554548 747.5493850148 -0.1792068522 -0.9805605701 -0.0799116541 -5834.3513486122 -0.2134693721 -0.0405352493 0.9761084575 -4.3360581552
-0.9705124584 0.2343836620 -0.0563015731 746.6158104995 -0.2281654666 -0.9685669660 -0.0990886081 -5834.5706871297 -0.0777565947 -0.0833206539 0.9934845649 -4.4523760908
-0.9759026873 0.2133088833 -0.0459702647 745.6347956899 -0.2105445396 -0.9758389996 -0.0583887297 -5834.7906786532 -0.0573144118 -0.0473029301 0.9972349227 -4.5403660982
-0.9857419530 0.1267028520 0.1107212238 744.6942359200 -0.1315955174 -0.9905737510 -0.0380297729 -5834.9956424692 0.1048590573 -0.0520579594 0.9931236313 -4.5927400129
-0.9571881632 0.0184531359 0.2888776592 743.6920206015 -0.0147353582 -0.9997783189 0.0150393585 -5835.0548581629 0.2890911439 0.0101387802 0.9572478862 -4.6192289353
-0.9977367441 -0.0665060122 -0.0099166413 742.4996886804 0.0669021666 -0.9966427282 -0.0471950464 -5835.0609669383 -0.0067445941 -0.0477516767 0.9988364670 -4.7031348146
-0.9987798828 -0.0413830370 -0.0269479109 741.4469297730 0.0423876782 -0.9983842961 -0.0378428611 -5835.0050675680 -0.0253383185 -0.0389389477 0.9989202811 -4.7379029027
-0.9999414751 -0.0013326581 -0.0107364040 740.4277341259 0.0016860439 -0.9994548137 -0.0329732115 -5834.9830293207 -0.0106866086 -0.0329893838 0.9993985676 -4.7585468081
-0.9401590051 0.0463352043 0.3375708725 739.5587636942 -0.0314549366 -0.9982826162 0.0494206947 -5834.9680952221 0.3392810518 0.0358450408 0.9400018622 -4.7344948969
-0.9898526198 0.0425575207 0.1355752502 738.4859113401 -0.0480272337 -0.9981481727 -0.0373310882 -5835.0552798776 0.1337354697 -0.0434635797 0.9900635037 -4.7723641810
-0.9991622046 0.0221497523 -0.0344133304 737.3554391263 -0.0215192606 -0.9995956816 -0.0185848009 -5835.1085040652 -0.0348110652 -0.0178286812 0.9992348712 -4.8236548374
-0.9996301122 -0.0177517118 -0.0206037756 736.3464936981 0.0181364845 -0.9996617387 -0.0186407103 -5835.1378354356 -0.0202659017 -0.0190074954 0.9996139296 -4.8567937993
-0.9978087808 0.0612520587 -0.0250164413 735.3411047545 -0.0611691613 -0.9981191305 -0.0040663377 -5835.1495060806 -0.0252184602 -0.0025271927 0.9996787697 -4.8895618784
-0.9918703802 0.1022722535 -0.0757201094 734.1861271999 -0.1043799898 -0.9942378357 0.0244119598 -5835.2540290758 -0.0727871316 0.0321171641 0.9968302369 -4.9429703310
-0.9885279318 0.1188090718 -0.0932573455 733.1030913492 -0.1234102436 -0.9913254305 0.0452084345 -5835.3488838038 -0.0870772060 0.0561987120 0.9946151341 -5.0783451581
-0.9786086661 0.1776361462 -0.1037809143 732.1063935482 -0.1750195031 -0.9839821677 -0.0338713317 -5835.5346347830 -0.1081353419 -0.0149830947 0.9940232667 -5.1474770720
-0.9760014497 0.2118602861 -0.0503625791 731.1343611942 -0.2074822294 -0.9749332533 -0.0803509559 -5835.7500677524 -0.0661233296 -0.0679733092 0.9954935130 -5.2428546016
-0.8388588611 0.1753800334 0.5153228649 730.3540305929 -0.2461204912 -0.9665847233 -0.0716845621 -5835.9837624782 0.4855311679 -0.1869647467 0.8539927801 -5.3370226895
-0.9189319981 0.2973241793 0.2591569319 729.1874364088 -0.3258903164 -0.9424859128 -0.0742684709 -5836.2987304831 0.2221699453 -0.1527044089 0.9629755339 -5.4355089466
-0.8972953766 0.3918958562 -0.2031714671 728.0516109695 -0.3393111685 -0.9067266190 -0.2504291702 -5836.6684258817 -0.2823631316 -0.1557705887 0.9465762440 -5.8098745932
-0.9173899558 0.3585012507 -0.1728366926 727.1480764835 -0.3209579929 -0.9232108211 -0.2113474546 -5837.0142500636 -0.2353330316 -0.1384147140 0.9620081762 -6.0715982469
-0.9325912861 0.3146056366 -0.1769089778 726.1978232021 -0.2852812926 -0.9427613817 -0.1726718310 -5837.3300242214 -0.2211064837 -0.1105634231 0.9689621522 -6.3090831499
-0.9654143622 0.2509547838 -0.0706880871 725.2768150135 -0.2343085794 -0.9540252024 -0.1869101462 -5837.6096088090 -0.1143442120 -0.1638829143 0.9798304913 -6.5050644577
-0.9631995275 0.2423649930 -0.1162148025 724.2097103094 -0.2317964801 -0.9678803874 -0.0973547510 -5837.8398130316 -0.1360774116 -0.0668338680 0.9884412841 -6.7127742193
-0.9742239406 0.1983083034 -0.1075245567 723.1980916048 -0.1874460172 -0.9768351281 -0.1032333431 -5838.0791225793 -0.1255057932 -0.0804173445 0.9888282695 -6.8637810125
-0.9854205925 0.1433557236 -0.0916263743 722.1860934779 -0.1342272396 -0.9859868318 -0.0990606668 -5838.2583146604 -0.1045433121 -0.0853176657 0.9908539710 -6.9839066807
-0.9956444156 0.0346938242 -0.0865363295 721.1816455644 -0.0261412645 -0.9948354121 -0.0980771997 -5838.3689535397 -0.0894920782 -0.0953878471 0.9914092629 -7.0830016913
-0.9502299550 -0.2966206790 0.0952848641 720.1813617563 0.2763107424 -0.9436605873 -0.1820908281 -5838.3328498335 0.1439284759 -0.1466999279 0.9786540374 -7.1449912738
-0.9416496159 -0.3275288153 -0.0775943034 719.1155687453 0.3343091131 -0.9368843288 -0.1023971261 -5837.9813112917 -0.0391588775 -0.1223626972 0.9917126361 -7.2131092858
-0.9337983279 -0.3517616574 -0.0654554753 718.1456481366 0.3570374115 -0.9280195569 -0.1063202182 -5837.6389150032 -0.0233445850 -0.1226516955 0.9921751821 -7.2458820924
-0.9295039033 -0.3616290571 -0.0724356181 717.1858880005 0.3673785566 -0.9251582282 -0.0954738132 -5837.2734324528 -0.0324883030 -0.1153545748 0.9927929453 -7.2729222331
-0.9044443874 -0.3758332360 0.2018160768 716.3648209150 0.3371673321 -0.9196190662 -0.2015414679 -5836.9459700861 0.2613398942 -0.1142372613 0.9584629924 -7.2873485988
-0.9268866998 -0.3579744569 -0.1128509364 715.1990974745 0.3699098088 -0.9221719376 -0.1129851797 -5836.5031095755 -0.0636221583 -0.1464691286 0.9871671669 -7.3199198410
-0.9399100570 -0.3368573110 -0.0556438384 714.2244310515 0.3401165484 -0.9380363785 -0.0663964318 -5836.1591294276 -0.0298298212 -0.0813320643 0.9962405719 -7.3844745797
-0.9426311771 -0.3234187645 -0.0827451919 713.2266960060 0.3272759702 -0.9441668769 -0.0379387389 -5835.8065835724 -0.0658551693 -0.0628427511 0.9958483244 -7.4308438257
-0.9561026751 -0.2891235365 0.0476996354 712.2787048400 0.2898471236 -0.9570318366 0.0088717878 -5835.4646352614 0.0430850270 0.0223079422 0.9988223246 -7.4679739919
-0.9709158414 -0.2327118772 -0.0562815349 711.1644663247 0.2354425621 -0.9707028121 -0.0479880245 -5835.2263420128 -0.0434652610 -0.0598434020 0.9972610182 -7.6123115364
-0.9789954960 -0.1786551048 -0.0982352906 710.0905343150 0.1825555897 -0.9826683774 -0.0321918750 -5835.0182388834 -0.0907814708 -0.0494491020 0.9946424035 -7.7214851296
-0.9794903272 -0.1822802648 -0.0858638683 709.0829003165 0.1854208565 -0.9821988175 -0.0300763855 -5834.8385182482 -0.0788530584 -0.0453804807 0.9958528040 -7.8170510543
-0.9797286473 -0.1883833357 -0.0681432060 708.0797612057 0.1902491591 -0.9814902967 -0.0219557504 -5834.6440817738 -0.0627457980 -0.0344748653 0.9974339319 -7.8886536084
-0.9755224888 -0.1879256201 0.1141920978 707.1658004736 0.1830095696 -0.9817241681 -0.0522030189 -5834.4605777263 0.1219154269 -0.0300269723 0.9920861906 -7.9431202107
-0.9775118120 -0.1402203407 -0.1575084552 706.0204846795 0.1595843111 -0.9801247911 -0.1178483840 -5834.3273390774 -0.1378532012 -0.1403340657 0.9804605270 -8.0846573492
-0.9856003253 -0.0108489032 -0.1687432962 705.0032639621 0.0180896014 -0.9989775714 -0.0414316079 -5834.1834109895 -0.1681212808 -0.0438875052 0.9847888717 -8.2721262585
-0.9752025375 -0.0794454015 -0.2065634021 703.9996570763 0.0959809711 -0.9928271669 -0.0712872347 -5834.1566474037 -0.1994183143 -0.0893456481 0.9758328192 -8.4329243062
-0.9796936149 -0.1359437074 -0.1473761491 703.0215987336 0.1464345393 -0.9872255184 -0.0627909346 -5834.0384071614 -0.1369574627 -0.0830968362 0.9870853911 -8.6065930745
-0.9324726432 -0.3387583329 -0.1254494384 702.0367825872 0.3490457550 -0.9343901387 -0.0712890565 -5833.8719804888 -0.0930689562 -0.1102626889 0.9895354005 -8.7341743981
-0.9191571838 -0.3914148786 -0.0440960805 701.1174424509 0.3938897315 -0.9130992622 -0.1053594649 -5833.5157592726 0.0009751636 -0.1142109024 0.9934560478 -8.8120833173
-0.9005344072 -0.4123516647 -0.1378545828 700.1302166619 0.4231778491 -0.9040426286 -0.0602281798 -5833.0804161762 -0.0997912292 -0.1125745541 0.9886195832 -8.9195033171
-0.8855846620 -0.4478581495 -0.1231376645 699.2280666608 0.4585478346 -0.8852228859 -0.0781941541 -5832.6632282923 -0.0739843896 -0.1257120529 0.9893041948 -9.0129752073
-0.8403179946 -0.5330264766 -0.0987342051 698.3564470913 0.5406735772 -0.8372731116 -0.0815218958 -5832.1838214632 -0.0392141662 -0.1218872918 0.9917689939 -9.0736862105
-0.7330457981 -0.6734378837 -0.0955263039 697.5483940624 0.6799157334 -0.7294084492 -0.0753519056 -5831.5931527957 -0.0189328654 -0.1201862348 0.9925708114 -9.1084766140
-0.7257896778 -0.6701179007 0.1554713568 696.9017258909 0.6112477362 -0.7319000786 -0.3011618835 -5831.0158656928 0.3156034673 -0.1235486715 0.9408135720 -9.1145375541
-0.7738212645 -0.6310077176 -0.0550446266 695.9520596634 0.6328089013 -0.7664032001 -0.1103586400 -5830.2676880681 0.0274507756 -0.1202305920 0.9923663939 -9.1675014728
-0.7503264001 -0.6544271492 -0.0934633599 695.1082674866 0.6607499593 -0.7468144716 -0.0753500913 -5829.5900210149 -0.0204886443 -0.1182930740 0.9927673263 -9.2179178129
-0.7219705570 -0.6852233836 -0.0960595092 694.3278398308 0.6911520489 -0.7207368543 -0.0533594621 -5828.8887679740 -0.0326704773 -0.1049156872 0.9939443337 -9.2576156860
-0.7096802280 -0.7042766158 0.0186660783 693.5950563370 0.7032916534 -0.7097565872 -0.0403291095 -5828.1071232238 0.0416512208 -0.0154930746 0.9990120822 -9.2560040289
-0.7629893943 -0.6414936612 -0.0795805683 692.8111320775 0.6451740878 -0.7633487305 -0.0323899996 -5827.4295852870 -0.0399697464 -0.0760565467 0.9963020732 -9.3367827403
-0.7246556380 -0.6802734489 -0.1100101862 692.0625081904 0.6871599347 -0.7253414733 -0.0411214210 -5826.7533920532 -0.0518211397 -0.1053934619 0.9930794468 -9.3855039818
-0.7026198374 -0.7020846371 -0.1157692812 691.3343110492 0.7093101696 -0.7040041506 -0.0354575707 -5826.0394860596 -0.0566078389 -0.1070295210 0.9926430548 -9.4571839092
-0.7132857863 -0.6894819224 -0.1258493772 690.5840367029 0.6975481800 -0.7158337357 -0.0317584558 -5825.3248712419 -0.0681903487 -0.1104388591 0.9915408891 -9.5228892976
-0.6969003376 -0.7018463155 0.1474505646 689.9705405668 0.6737221818 -0.7111689842 -0.2008409760 -5824.6506309075 0.2458217672 -0.0406254279 0.9684633361 -9.5361521910
-0.6847791955 -0.7210822702 -0.1054410401 689.0920424545 0.7259315153 -0.6876666762 -0.0117463841 -5823.8426877982 -0.0640381803 -0.0845866535 0.9943561784 -9.5864560277
-0.5140936662 -0.8483783354 -0.1263404227 688.3211441952 0.8572896600 -0.5034819204 -0.1075192760 -5823.1437532581 0.0276069057 -0.1635853168 0.9861428410 -9.6562296519
-0.5762710317 -0.7865075366 -0.2220756468 687.6932563094 0.8118618706 -0.5821017553 -0.0451425464 -5822.2848037770 -0.0937656709 -0.2063090918 0.9739838590 -9.7069134323
-0.6484445536 -0.7182291484 -0.2523223162 687.0352745950 0.7438196051 -0.6683171306 -0.0091982676 -5821.4701453709 -0.1620248624 -0.1936468521 0.9675995249 -9.8364196380
-0.7243637520 -0.6740580231 -0.1447167451 686.3558151005 0.6891286764 -0.7140085708 -0.1236666009 -5820.8381333178 -0.0199705318 -0.1893080621 0.9817146406 -10.0047232720
-0.7041077527 -0.6659796303 -0.2463806094 685.5641480054 0.6969845001 -0.7145365474 -0.0604162983 -5820.0977904367 -0.1358119259 -0.2142630499 0.9672882023 -10.2294021675
-0.7097509486 -0.6902776255 -0.1406072211 684.8598081449 0.7038026896 -0.7033999372 -0.0994499999 -5819.3729815006 -0.0302550007 -0.1695444722 0.9850580221 -10.3318558709
-0.7402501195 -0.6624777783 -0.1146863284 684.1325848890 0.6691820363 -0.7424757307 -0.0304169625 -5818.6317350326 -0.0650012537 -0.0992621909 0.9929359770 -10.3987336129
-0.7947797342 -0.5990040358 -0.0975671014 683.3517181822 0.6020968598 -0.7984179389 -0.0028576703 -5817.9717081931 -0.0761875679 -0.0610160638 0.9952248462 -10.4789235276
-0.9028410520 -0.4254197703 -0.0624183770 682.5235524639 0.4263809137 -0.9045407364 -0.0023179122 -5817.4123579988 -0.0554738790 -0.0287067109 0.9980473804 -10.5513322471
-0.9508825448 -0.3087941780 0.0216458203 681.5969300719 0.3082808187 -0.9509903476 -0.0240893259 -5817.0431797026 0.0280236098 -0.0162331283 0.9994754438 -10.5976312209
-0.9495528272 -0.3073699518 -0.0622345660 680.5985360901 0.3077089645 -0.9514708097 0.0043001778 -5816.7336892734 -0.0605361183 -0.0150668878 0.9980522868 -10.6653394321
-0.9456017586 -0.3197431661 -0.0600135137 679.6401091785 0.3197657216 -0.9474491419 0.0094871912 -5816.4205496054 -0.0598932166 -0.0102191598 0.9981524790 -10.7275292541
-0.9409770327 -0.3381513666 0.0146927570 678.7057401995 0.3380227895 -0.9410785549 -0.0105710595 -5816.0899014246 0.0174016568 -0.0049806375 0.9998361744 -10.7821597432
-0.9417606504 -0.3362733268 0.0026696339 677.7047999111 0.3332331969 -0.9342546016 -0.1269802183 -5815.8105638814 0.0451941782 -0.1186953623 0.9919016570 -10.8215454743
-0.9853314647 -0.0721300179 -0.1546582204 676.6720612690 0.0680302875 -0.9971812319 0.0316460208 -5815.5149877542 -0.1565049028 0.0206603768 0.9874610697 -10.9194739746
-0.9945751156 -0.0654311411 -0.0808647339 675.6919978748 0.0641433270 -0.9977705961 0.0184247415 -5815.4590608958 -0.0818900056 0.0131378563 0.9965547771 -11.0253877871
-0.9810676180 -0.1790228450 -0.0738725238 674.6736872443 0.1784769392 -0.9838447739 0.0139800942 -5815.3356508251 -0.0751818527 0.0005308758 0.9971696983 -11.1088774638
-0.9011924534 -0.4264368599 -0.0774839754 673.6976791115 0.4261143031 -0.9044142261 0.0214827440 -5815.0680102565 -0.0792386435 -0.0136569434 0.9967621207 -11.1920938392
-0.6519568188 -0.7534134944 -0.0855594111 672.8924294975 0.7555498268 -0.6550058937 0.0105706390 -5814.4764821331 -0.0640059806 -0.0577527980 0.9962769940 -11.2678928328
-0.4597958169 -0.8866726852 -0.0489832229 672.3377299011 0.8752781931 -0.4431937823 -0.1935648624 -5813.7039834472 0.1499196164 -0.1318742608 0.9798639130 -11.2991418522
-0.4220006643 -0.9017684109 -0.0934300399 671.8652191333 0.9039352409 -0.4264111131 0.0327817454 -5812.7123046242 -0.0694011498 -0.0706207873 0.9950860188 -11.4012176312
-0.4615278302 -0.8829004623 -0.0864802613 671.4055899641 0.8837231315 -0.4660977349 0.0422649769 -5811.7878267029 -0.0776240215 -0.0569181442 0.9953566377 -11.4771027768
-0.5025663388 -0.8624814952 -0.0596049118 670.8931559019 0.8631932386 -0.5044350943 0.0210396885 -5810.8492354289 -0.0482131512 -0.0408767176 0.9980002936 -11.5447455694
-0.5576353887 -0.8272255356 -0.0688526437 670.3534014444 0.8218048890 -0.5618570380 0.0946223720 -5809.9840550068 -0.1169593848 -0.0038186560 0.9931293572 -11.6869884857
-0.6089275432 -0.7910388467 -0.0588624677 669.7577828205 0.7838736482 -0.6114505392 0.1080293565 -5809.1519321565 -0.1214469052 0.0196413133 0.9924035812 -11.8103883794
-0.6336625140 -0.7717479819 -0.0536364686 669.1068427559 0.7644154012 -0.6352823238 0.1099339050 -5808.3365043602 -0.1189155697 0.0286604519 0.9924906376 -11.9383975316
-0.6797204709 -0.7319438666 -0.0473102280 668.4464623326 0.7245383650 -0.6800800906 0.1119608324 -5807.5891697652 -0.1141237887 0.0418239945 0.9925857718 -12.0569454985
-0.8888261796 -0.4564839361 -0.0401302705 667.7259156963 0.4504063885 -0.8863947271 0.1069507966 -5806.8832459007 -0.0843925807 0.0769857377 0.9934541200 -12.1670416988
-0.9206565696 -0.3084348123 0.2392894637 666.8220795123 0.3084729616 -0.9504628647 -0.0382723774 -5806.5393580712 0.2392402827 0.0385786139 0.9701936805 -12.2107872119
-0.9402661596 -0.3396788052 -0.0227565018 665.7643729675 0.3368994176 -0.9380212817 0.0813317740 -5806.1771939213 -0.0489727628 0.0688068626 0.9964272598 -12.3099030318
-0.9603275099 -0.2749082932 -0.0468668765 664.7645044625 0.2712159599 -0.9597856977 0.0724797740 -5805.8554392776 -0.0649074487 0.0568932760 0.9962681257 -12.3799639361
-0.9794725370 -0.2010803881 0.0141501537 663.7724673335 0.2015462993 -0.9781423707 0.0511526322 -5805.6103577480 0.0035550737 0.0529545096 0.9985905975 -12.4390605721
-0.9826808062 -0.1699559615 0.0738471681 662.7482589100 0.1726074926 -0.9844996602 0.0310977891 -5805.3818985858 0.0674172573 0.0433057750 0.9967845922 -12.5000608868
-0.9966061497 -0.0709174909 -0.0417958346 661.6949977563 0.0653632925 -0.9903891636 0.1218890665 -5805.1447621346 -0.0500382084 0.1187434799 0.9916633318 -12.5510641369
-0.9923889239 -0.1229526809 -0.0068455785 660.7127851479 0.1226793362 -0.9919427532 0.0316125743 -5805.0830881723 -0.0106772728 0.0305321576 0.9994767547 -12.6247140972
-0.9874529965 -0.0970041849 0.1246064514 659.7406438705 0.0982925929 -0.9951486144 0.0042191653 -5804.9864203807 0.1235926607 0.0164141186 0.9921972742 -12.6809725059
-0.9949882646 -0.0900044635 -0.0435608757 658.6633561758 0.0897750486 -0.9959360537 0.0071984412 -5804.8918851327 -0.0440317384 0.0032516848 0.9990248408 -12.7656248575
-0.9857110290 -0.1488628062 -0.0788265960 657.6246560890 0.1481331805 -0.9888527937 0.0150569990 -5804.7735228045 -0.0801893268 0.0031650156 0.9967746258 -12.8473829127
-0.9673449822 -0.2518782894 0.0283021680 656.6449710856 0.2528207951 -0.9668044342 0.0370247439 -5804.5613494544 0.0180369324 0.0429710769 0.9989134876 -12.9222151789
-0.9799142340 -0.1989554497 -0.0135949655 655.6447937378 0.1986209523 -0.9798145787 0.0226519006 -5804.3128271029 -0.0178272645 0.0194966748 0.9996509732 -13.0607699108
-0.9658285240 -0.2247681165 -0.1290525324 654.6076310310 0.2198683026 -0.9741838563 0.0512224918 -5804.0917118617 -0.1372340767 0.0210975824 0.9903139402 -13.2106896512
-0.9539992469 -0.2841971472 -0.0954851741 653.6072391648 0.2806444585 -0.9585570997 0.0490609265 -5803.8283970678 -0.1054709669 0.0200067019 0.9942211057 -13.3509970090
-0.9503320421 -0.2685286278 -0.1573575093 652.5940411840 0.2604791393 -0.9629303628 0.0701122985 -5803.5502040291 -0.1703514829 0.0256416152 0.9850496840 -13.5134527388
-0.9425474949 -0.2938052305 -0.1590053659 651.5902862237 0.2873309303 -0.9557697706 0.0628098882 -5803.2775130776 -0.1704263958 0.0135141431 0.9852777332 -13.6933229316
-0.9228825385 -0.3488125209 -0.1631491507 650.6312990024 0.3423340041 -0.9371722483 0.0671982644 -5802.9506824755 -0.1763384524 0.0061646028 0.9843102905 -13.8725375002
-0.8609632396 -0.4821179377 -0.1621869116 649.7211137362 0.4775457164 -0.8759154404 0.0687184841 -5802.5734083455 -0.1751924339 -0.0182875762 0.9843643511 -14.0524680394
-0.5307720802 -0.8323617527 -0.1595459542 648.8923929000 0.8408379454 -0.5407588852 0.0239035086 -5801.9456647281 -0.1061722586 -0.1214649773 0.9869010643 -14.2107830828
-0.5109348739 -0.8482247680 -0.1395001708 648.3545964369 0.8511586629 -0.5219124461 0.0560029383 -5801.0705988574 -0.1203099547 -0.0901229247 0.9886371292 -14.3606820711
-0.4973567475 -0.8591840547 -0.1201624981 647.8314206839 0.8631201626 -0.5040230821 0.0313738361 -5800.1979527762 -0.0875205724 -0.0881106859 0.9922583617 -14.4828707348
-0.4787941673 -0.8687860687 -0.1263602475 647.3423806965 0.8729031913 -0.4864733690 0.0371978473 -5799.2907578036 -0.0937878668 -0.0924901510 0.9912867436 -14.5928509792
-0.5187945393 -0.8464559988 -0.1198518592 646.8254977624 0.8497604266 -0.5259314828 0.0361011466 -5798.4212840173 -0.0935918981 -0.0831162892 0.9921351919 -14.6931051420
-0.5725587780 -0.8108116539 -0.1214944757 646.2699184554 0.8144346937 -0.5795131368 0.0293369048 -5797.5752570087 -0.0941943490 -0.0821522138 0.9921584744 -14.7867360671
-0.6105929789 -0.7853623810 -0.1018928095 645.6369490038 0.7892664184 -0.6140426045 0.0031938297 -5796.7644773513 -0.0650748398 -0.0784704428 0.9947902567 -14.8814657979
-0.6376842708 -0.7616909431 -0.1148289078 644.9815213577 0.7652416525 -0.6434722008 0.0186745863 -5795.9544370958 -0.0881134732 -0.0759633732 0.9932097370 -14.9782489456
-0.6775611313 -0.7257578521 -0.1191068996 644.3077134935 0.7295522957 -0.6837367958 0.0160449937 -5795.2095614157 -0.0930825500 -0.0760232479 0.9927517840 -15.0698002347
-0.7591871686 -0.6487309317 -0.0527543498 643.5564065831 0.6508084669 -0.7577508185 -0.0475608713 -5794.5136301283 -0.0091204434 -0.0704405807 0.9974742814 -15.1602068353
-0.7583645704 -0.6397668438 -0.1248261348 642.7389168588 0.6431544985 -0.7655626956 0.0163110435 -5793.8328805622 -0.1059974970 -0.0679127726 0.9920445484 -15.2757280983
-0.7949534009 -0.5917363351 -0.1337804172 641.9230682795 0.5948954962 -0.8035703104 0.0193417890 -5793.2036970781 -0.1189472108 -0.0642095467 0.9908222319 -15.3922367039
-0.8266238160 -0.5496591220 -0.1206976241 641.0867579103 0.5515638075 -0.8338916239 0.0200530749 -5792.5948935993 -0.1116710933 -0.0499960919 0.9924867544 -15.5144185355
-0.8205364566 -0.5611750579 -0.1086392090 640.2536481645 0.5635673351 -0.8260072665 0.0101909010 -5792.0299110450 -0.0954556556 -0.0528635037 0.9940290075 -15.6241812035
-0.8340894762 -0.5397123441 -0.1140409194 639.3889203114 0.5422488069 -0.8401565190 0.0101614482 -5791.4631681683 -0.1012964809 -0.0533629955 0.9934240855 -15.7307973332
-0.8402269856 -0.5352653526 -0.0866580346 638.5045171598 0.5380608213 -0.8428342350 -0.0110002256 -5790.8992276109 -0.0671503187 -0.0558699797 0.9961773838 -15.8377982412
-0.8366024887 -0.5183249070 -0.1773007801 637.5812644821 0.5186108306 -0.8536366407 0.0484488611 -5790.3690590183 -0.1764626937 -0.0514176670 0.9829634486 -15.9408350971
-0.8235782837 -0.5560651655 -0.1118496420 636.7501609040 0.5582872529 -0.8295413679 0.0132839087 -5789.8421762312 -0.1001706240 -0.0515038906 0.9936363496 -16.0742562425
-0.7993831425 -0.5918117119 -0.1036604516 635.9189256267 0.5930048012 -0.8048915174 0.0222474935 -5789.2615644513 -0.0966017454 -0.0436868742 0.9943638971 -16.1790737968
-0.8165941890 -0.5682120610 -0.1015331681 635.0414929266 0.5685549297 -0.8221560276 0.0283682584 -5788.6563392438 -0.0995952927 -0.0345618283 0.9944276030 -16.2907912498
-0.7875985030 -0.6082962223 -0.0983071924 634.1958832192 0.6079325509 -0.7931218710 0.0370905823 -5788.0438411825 -0.1005316455 -0.0305516551 0.9944646724 -16.3980075037
-0.7468384899 -0.6592867674 -0.0870242976 633.4230047984 0.6580905413 -0.7515395986 0.0458810544 -5787.4103397983 -0.0956509777 -0.0230041298 0.9951490845 -16.4975082274
-0.7164880276 -0.6949490764 -0.0607510286 632.6634639133 0.6903097663 -0.7188640685 0.0818955284 -5786.7035593276 -0.1005849534 0.0167401372 0.9947876331 -16.5792460507
-0.7136205206 -0.6966925024 -0.0732482744 631.9164060632 0.6950615039 -0.7172084201 0.0500158773 -5786.0150660021 -0.0873799659 -0.0152196994 0.9960587846 -16.6873043616
-0.6705342074 -0.7384237073 -0.0715143714 631.2035871394 0.7373514187 -0.6739718827 0.0455498254 -5785.2950418995 -0.0818337465 -0.0221885071 0.9963989703 -16.7712502517
-0.6478180358 -0.7614183392 -0.0239563181 630.5653460337 0.7616901349 -0.6479304553 -0.0037766998 -5784.5443978395 -0.0126463796 -0.0206939054 0.9997058724 -16.8435038301
-0.6266676163 -0.7764677611 -0.0662232186 629.9068905619 0.7755937735 -0.6297050518 0.0438844639 -5783.7398004042 -0.0757759667 -0.0238613437 0.9968393246 -16.9255220845
-0.5984186308 -0.7983531178 -0.0672862655 629.2637841359 0.7981125278 -0.6013651125 0.0370997914 -5782.9439672289 -0.0700823468 -0.0315008051 0.9970437122 -16.9998630267
-0.6241644519 -0.7806438778 -0.0318413717 628.6624179411 0.7811950596 -0.6242129700 -0.0096149335 -5782.0779378382 -0.0123699582 -0.0308756219 0.9994466870 -17.0469412302
-0.6288631840 -0.7757074939 -0.0529998090 627.9999130830 0.7764035999 -0.6301478406 0.0105427217 -5781.2595968951 -0.0415757834 -0.0345193130 0.9985388682 -17.1511659756
-0.6278588436 -0.7727494107 -0.0930140887 627.3273258535 0.7740516575 -0.6324439881 0.0293024483 -5780.4495372286 -0.0814696508 -0.0535999083 0.9952335132 -17.2423071453
-0.6154739341 -0.7832976107 -0.0873881545 626.6743272316 0.7829920410 -0.6203433803 0.0457990649 -5779.6420549374 -0.0900849613 -0.0402360989 0.9951209756 -17.3275535421
-0.6104472587 -0.7867167665 -0.0918197887 626.0347082589 0.7873733254 -0.6153343746 0.0375080516 -5778.8252010170 -0.0860080853 -0.0493997651 0.9950689788 -17.4221307954
-0.6172311126 -0.7815575501 -0.0905182273 625.4160131375 0.7821356120 -0.6219965593 0.0372043638 -5778.0380503567 -0.0853793773 -0.0478338382 0.9951996211 -17.5115983978
-0.6736088260 -0.7337784831 -0.0884323881 624.7510399753 0.7382318799 -0.6622374012 -0.1282782753 -5777.3607839929 0.0355646033 -0.1516929865 0.9877876274 -17.5540312578
-0.7768541539 -0.6202924055 -0.1083279986 623.9815778167 0.6203793257 -0.7834278305 0.0370179220 -5776.6307357036 -0.1078291048 -0.0384469243 0.9934257487 -17.6928148934
-0.7114417581 -0.6969442070 -0.0901076976 623.2531176574 0.6962892713 -0.7164276240 0.0437345429 -5775.9532991213 -0.0950361800 -0.0316264430 0.9949713024 -17.7941294033
-0.6854557475 -0.7259686011 -0.0558570364 622.5089613219 0.7270491179 -0.6865840139 0.0014042903 -5775.2052095462 -0.0393700190 -0.0396482302 0.9984377895 -17.8876818799
-0.7051540778 -0.7035063002 -0.0885246416 621.7737088781 0.7035705553 -0.7097231408 0.0357985631 -5774.4223958420 -0.0880125013 -0.0370398285 0.9954304851 -17.9887529651
-0.6759393738 -0.7314153233 -0.0902085796 621.0299387993 0.7320919660 -0.6804696258 0.0316613595 -5773.6823033278 -0.0845418019 -0.0446398169 0.9954194947 -18.0789108645
-0.6172289912 -0.7864514823 -0.0228569113 620.3398015213 0.7862693867 -0.6155151701 -0.0540511508 -5772.9364818198 0.0284398320 -0.0513336270 0.9982765322 -18.1502450470
-0.6160854835 -0.7747722415 -0.1420093339 619.6771575488 0.7750326740 -0.6284376332 0.0662608138 -5772.0934146996 -0.1405810489 -0.0692395482 0.9876451051 -18.1889766433
-0.5670086839 -0.8206088466 -0.0714301986 619.1000341727 0.8215167819 -0.5696939742 0.0236421834 -5771.2968306765 -0.0600943386 -0.0452757835 0.9971653694 -18.2835680346
-0.5145819553 -0.8549523208 -0.0652835391 618.5409614001 0.8555924766 -0.5169790737 0.0263467527 -5770.4378079584 -0.0562754410 -0.0422985414 0.9975188761 -18.3497129920
-0.5647106271 -0.8226158888 0.0663702287 618.0472540245 0.8199109598 -0.5683795469 -0.0684887489 -5769.5846400484 0.0940634136 0.0157413535 0.9954417532 -18.4007108539
-0.4429708471 -0.8809369183 -0.1665141877 617.3744565061 0.8921373173 -0.4515035992 0.0153462367 -5768.6810765993 -0.0887008216 -0.1417555852 0.9859196308 -18.4919589884
-0.4555187837 -0.8746761699 -0.1656630177 616.9000389181 0.8855024034 -0.4643322344 0.0167651335 -5767.7780561760 -0.0915867419 -0.1390581671 0.9860399053 -18.5857460138
-0.5464255482 -0.8322606489 -0.0936019902 616.3518061847 0.8349129627 -0.5501106030 0.0172820482 -5766.8750543688 -0.0658746160 -0.0687061623 0.9954596919 -18.7121213674
-0.5283850712 -0.8333750543 -0.1621580568 615.7037543078 0.8435067227 -0.5370005052 0.0112634884 -5766.0439678083 -0.0964656687 -0.1308299519 0.9867005110 -18.8025756650
-0.5658047488 -0.8164669597 -0.1150942652 615.0971877616 0.8189085748 -0.5727245574 0.0370854074 -5765.2500802846 -0.0961963219 -0.0732685811 0.9926620687 -18.9292246382
-0.5969053354 -0.7926796876 -0.1239473011 614.4791857843 0.7957594332 -0.6046266070 0.0345483805 -5764.4021711387 -0.1023276356 -0.0780101214 0.9916871865 -19.0370114238
-0.6608697555 -0.7409237605 -0.1195121223 613.8331110076 0.7429992045 -0.6683740706 0.0350468820 -5763.6223270823 -0.1058458713 -0.0656359874 0.9922139732 -19.1430304603
-0.7219122394 -0.6814346493 -0.1203724943 613.1099039152 0.6823490543 -0.7299349990 0.0399332603 -5762.9131357273 -0.1150760037 -0.0533077483 0.9919252983 -19.2579637391
-0.7608968643 -0.6396756822 0.1088622226 612.4195097112 0.6156670103 -0.7647075489 -0.1902012016 -5762.3410029714 0.2049148468 -0.0777006188 0.9756907909 -19.3399693915
-0.7554814499 -0.6523627987 -0.0605851277 611.5093194473 0.6540752897 -0.7456439497 -0.1272816391 -5761.6399754804 0.0378588724 -0.1357861522 0.9900145588 -19.4483444174
-0.7217962304 -0.6920997307 -0.0028573708 610.7170426823 0.6866256527 -0.7165935689 0.1226330708 -5760.7707650930 -0.0869218888 0.0865541442 0.9924479661 -19.5397760383
-0.6999326524 -0.7089326155 -0.0866534986 609.9439041103 0.7103259543 -0.7036189806 0.0189041996 -5760.0684698585 -0.0743728501 -0.0483205625 0.9960591360 -19.6599757847
-0.7750505663 -0.6229569439 -0.1059304760 609.1966570529 0.6246018377 -0.7806619256 0.0209643101 -5759.3870954798 -0.0957557519 -0.0499159695 0.9941525195 -19.7430399379
-0.8272767596 -0.5484238228 -0.1218378985 608.3859393973 0.5491060411 -0.8351797428 0.0309411188 -5758.7973588924 -0.1187253913 -0.0413050576 0.9920676256 -19.8463459824
-0.9271525049 -0.2013895396 0.3159596273 607.5733265430 0.1562833272 -0.9742710831 -0.1623926670 -5758.5599749030 0.3405345127 -0.1011835462 0.9347717024 -19.8897571932
-0.9173768059 -0.2729437648 0.2896920731 606.4936144307 0.2147342168 -0.9522228682 -0.2171654335 -5758.3552180375 0.3351253678 -0.1370157313 0.9321575389 -20.0571490393
-0.9638967100 -0.1320343253 -0.2312359603 605.1873420408 0.1766169764 -0.9669049202 -0.1841231080 -5758.1431089180 -0.1992726174 -0.2183158542 0.9553159748 -20.2098392765
-0.9861278037 -0.0694650051 -0.1507533343 604.2128556809 0.0677201396 -0.9975648522 0.0166837767 -5757.8686218959 -0.1515451663 0.0062432992 0.9884306166 -20.4453175266
-0.9797505564 -0.1217662253 -0.1589397171 603.1994968369 0.1216583923 -0.9925170681 0.0104453401 -5757.7845556831 -0.1590222716 -0.0091025227 0.9872330329 -20.6020153146
-0.8650048249 -0.4769599251 -0.1558071975 602.2261312136 0.4808957898 -0.8766683070 0.0138534779 -5757.5552025262 -0.1431987859 -0.0629437001 0.9876903352 -20.7622117238
-0.8643878390 -0.5021752267 -0.0255676653 601.3030088211 0.5028108647 -0.8628539161 -0.0516173779 -5757.0520815146 0.0038598083 -0.0574731336 0.9983395919 -20.9008297786
-0.8337994495 -0.5506579330 -0.0394248509 600.3827654642 0.5520132200 -0.8305878983 -0.0735197126 -5756.5270375695 0.0077384089 -0.0830637348 0.9965141911 -21.0561189526
-0.8337610742 -0.5294727797 -0.1565281017 599.4558026479 0.5352720834 -0.8446585926 0.0059714880 -5755.9487418654 -0.1353745464 -0.0788063289 0.9876554534 -21.1995840740
-0.7796298378 -0.6129608292 -0.1282822589 598.5884943729 0.6185859367 -0.7857000645 -0.0051814679 -5755.3734038834 -0.0976153423 -0.0833932283 0.9917241625 -21.3190661464
-0.7281256638 -0.6744312585 -0.1223744061 597.8198380615 0.6806672351 -0.7324749937 -0.0131338786 -5754.7367908556 -0.0807782940 -0.0928593627 0.9923971009 -21.4124208869
-0.6374446378 -0.7594819884 -0.1298131082 597.1165862888 0.7665943171 -0.6420846123 -0.0077784033 -5754.0183963079 -0.0774434421 -0.1044722925 0.9915079694 -21.4979323899
-0.4894712052 -0.8691603374 0.0705566948 596.5905851329 0.8428785296 -0.4923052515 -0.2172356407 -5753.2009538021 0.2235480342 -0.0468598677 0.9735658320 -21.5155711224
-0.4951466365 -0.8683572174 -0.0280276896 596.0282609626 0.8535940241 -0.4802109581 -0.2019274068 -5752.2657142617 0.1618859174 -0.1239079446 0.9789993723 -21.6216245950
-0.6300365003 -0.7664304624 -0.1250534068 595.3363019600 0.7757482384 -0.6285454941 -0.0560823713 -5751.3075187119 -0.0356185175 -0.1323439010 0.9905636845 -21.7304608989
-0.6021152568 -0.7847243981 -0.1471897980 594.6606075436 0.7948918491 -0.6064733662 -0.0183576760 -5750.5090066550 -0.0748609760 -0.1280534075 0.9889378945 -21.8570711709
-0.5433443397 -0.8226920516 -0.1671966412 594.0619262761 0.8352877314 -0.5497308514 -0.0095077204 -5749.6912652205 -0.0840912259 -0.1448232692 0.9858777239 -21.9724470185
-0.7343678721 -0.6695454940 -0.1114121169 593.3482527463 0.6738062181 -0.6993508346 -0.2385237736 -5748.9736022817 0.0817863609 -0.2502343733 0.9647247015 -22.0521176998
-0.8489480783 -0.5283271768 0.0125520744 592.6897150658 0.5206244605 -0.8320199137 0.1915542595 -5748.0632328812 -0.0907597453 0.1691545375 0.9814017582 -22.1499718589
-0.8234823978 -0.5537311265 -0.1235256252 591.7797349324 0.5523203836 -0.8322165396 0.0485574403 -5747.5477758747 -0.1296878345 -0.0282395234 0.9911526597 -22.3725557815
-0.8045477303 -0.5757451505 -0.1456724800 590.9082470056 0.5789893499 -0.8149995018 0.0233911271 -5746.9989249390 -0.1321903266 -0.0655235363 0.9890563097 -22.5220967008
-0.7772605043 -0.6130340556 -0.1416169308 590.0995911970 0.6170295633 -0.7867110405 0.0189804300 -5746.4097558702 -0.1230472530 -0.0726290944 0.9897395557 -22.6453845941
-0.7233190933 -0.6754536009 -0.1434291543 589.3174259132 0.6857037290 -0.7270891638 -0.0339373522 -5745.7871458086 -0.0813626771 -0.1228974408 0.9890785276 -22.7639275548
-0.5353445947 -0.8117338186 -0.2334402979 588.5631050110 0.8446073539 -0.5122910809 -0.1555514903 -5745.0693475762 0.0066770227 -0.2804390419 0.9598486137 -22.8380655921
-0.6687348298 -0.7311921236 0.1347286377 588.0378026925 0.6839717149 -0.6760541635 -0.2741048363 -5744.3100170760 0.2915071538 -0.0911528737 0.9522156966 -22.9563958751
-0.6450826551 -0.7221446536 -0.2497508105 587.1347587912 0.7446752829 -0.6673969577 0.0063264505 -5743.3384233225 -0.1712515435 -0.1819021720 0.9682894757 -23.0499698791
-0.6586347786 -0.6593071448 -0.3626490276 586.3777020486 0.7014031948 -0.7124442009 0.0213733208 -5742.6122262176 -0.2724587798 -0.2402859741 0.9316806663 -23.2774653668
-0.6669138424 -0.6231989703 -0.4084715049 585.6570621564 0.6693011298 -0.7419554553 0.0392186171 -5741.9301266780 -0.3275086632 -0.2472350011 0.9119281385 -23.6022251928
-0.6619594374 -0.6822871836 -0.3103125881 584.9974554799 0.7193078554 -0.6946553310 -0.0070838051 -5741.2936876972 -0.2107271041 -0.2278994739 0.9506081829 -23.9024591188
-0.4954973332 -0.8622593344 -0.1048390812 584.4500988759 0.8527370516 -0.4599183647 -0.2476178885 -5740.5977237499 0.1652934169 -0.2120941724 0.9631688058 -24.0533230090
-0.5450714070 -0.8381424416 -0.0203570337 583.8957984050 0.7989235449 -0.5118976749 -0.3157244684 -5739.6310764722 0.2542013586 -0.1883560937 0.9486325164 -24.1821530329
-0.6042191815 -0.7309848243 -0.3171440798 583.2081059337 0.7706830016 -0.6372185873 0.0004277697 -5738.6563610342 -0.2024027957 -0.2441590847 0.9483772718 -24.4320733233
-0.5994988568 -0.7139512953 -0.3617660414 582.5651079840 0.7347958381 -0.6701342662 0.1048577206 -5737.8163288923 -0.3172951261 -0.2029620980 0.9263531669 -24.6543853956
-0.5957523301 -0.7689874267 -0.2318134999 581.9787452102 0.7952129960 -0.6052710362 -0.0358226705 -5737.1374448538 -0.1127628141 -0.2056825472 0.9721004256 -24.8598452482
-0.5857699475 -0.8095470622 -0.0388216779 581.4263158242 0.7900329986 -0.5596476639 -0.2502845449 -5736.3568367936 0.1808906567 -0.1772795713 0.9673936758 -24.9021942206
-0.5869579031 -0.8083027891 0.0461196387 580.7464610595 0.6839270030 -0.5255144898 -0.5060418714 -5735.5468869839 0.4332715945 -0.2654828094 0.8612749870 -24.9975805997
-0.6202280086 -0.7660119117 -0.1689466442 580.0042867556 0.7815881682 -0.5851945281 -0.2160261548 -5734.5814049251 0.0666119561 -0.2660321700 0.9616598837 -25.1172135429
-0.3482768650 -0.9089602602 -0.2291167185 579.3482960706 0.9329960002 -0.3597724436 0.0090693160 -5733.6581736835 -0.0906735295 -0.2106063490 0.9733567058 -25.3522029385
-0.3153627764 -0.9204403299 -0.2309457042 578.9593223492 0.9437956975 -0.3295953072 0.0248317320 -5732.6885998736 -0.0989747479 -0.2101345580 0.9726497143 -25.4613258083
-0.3086629690 -0.9357703466 -0.1704729598 578.6141565057 0.9496919851 -0.3131852274 -0.0003830458 -5731.6312726561 -0.0530311698 -0.1620150356 0.9853622802 -25.5511733235
-0.3162667677 -0.9213801025 -0.2259071455 578.2474021932 0.9476193778 -0.3180341442 -0.0295262249 -5730.6687995475 -0.0446413095 -0.2234121523 0.9737012702 -25.6639579662
-0.2503526434 -0.9268676209 -0.2797140812 577.8078179661 0.9660940549 -0.2580063272 -0.0097474166 -5729.6476303606 -0.0631334379 -0.2726704024 0.9600338643 -25.7681647908
-0.2178277062 -0.8955713518 -0.3879472183 577.4842785575 0.9634723014 -0.2607679792 0.0610015205 -5728.6203567562 -0.1557954263 -0.3604885779 0.9196606822 -25.8656912536
-0.2491186180 -0.9098060396 -0.3319531358 577.2089289637 0.9581347634 -0.2814779922 0.0524205599 -5727.6375354579 -0.1411300442 -0.3049969018 0.9418382029 -26.0386166952
-0.3292065765 -0.8891333613 -0.3179070554 576.8944600892 0.9214866261 -0.3760041908 0.0973819612 -5726.6609162002 -0.2061199356 -0.2608883178 0.9431075537 -26.2300998807
-0.4817035597 -0.8323643569 -0.2741008171 576.5187348787 0.8430021926 -0.5255756436 0.1145318566 -5725.7467171897 -0.2393929485 -0.1758971868 0.9548566363 -26.4668737384
-0.8185100469 -0.5716921869 -0.0566510956 575.8323177284 0.5723006042 -0.8200186743 0.0064336766 -5725.1319919473 -0.0501330389 -0.0271554273 0.9983733075 -26.6543516074
-0.7091998116 -0.5470816015 -0.4446766786 574.7813869575 0.6687745839 -0.7216542947 -0.1787613911 -5724.6123253812 -0.2231057667 -0.4241660056 0.8776713602 -26.9447218209
-0.6424286009 -0.7153202659 -0.2749589239 574.0351050478 0.7331045473 -0.6781687837 0.0514278490 -5723.8365159738 -0.2232559416 -0.1685349163 0.9600795626 -27.2690687390
-0.6060368712 -0.7460441771 -0.2759300574 573.3401478839 0.7619226780 -0.6440878076 0.0680053589 -5723.0602945563 -0.2284581878 -0.1690236133 0.9587689370 -27.5032371719
-0.6016919971 -0.7504165019 -0.2735723200 572.7081975545 0.7626385463 -0.6415488169 0.0824473361 -5722.2803798808 -0.2373798398 -0.1590288942 0.9583113390 -27.7436105348
-0.7570829670 -0.6533100406 -0.0033722402 572.0800082322 0.6393718457 -0.7398502127 -0.2093449441 -5721.6815256649 0.1342722013 -0.1606476068 0.9778360406 -27.9415582361
-0.7595994954 -0.6180348781 -0.2025870086 571.2009928058 0.6090334037 -0.7852127256 0.1118896279 -5720.9050276859 -0.2282255898 -0.0383909505 0.9728510755 -28.2179150859
-0.4326420566 -0.7004161068 -0.5676602224 570.1557825825 0.8779026723 -0.4706021441 -0.0884337039 -5720.3184039361 -0.2052017272 -0.5366105658 0.8184994514 -28.5389139197
-0.1636697522 -0.8373123800 -0.5216514071 569.5330942055 0.9782278042 -0.2061455586 0.0239660542 -5719.5242634104 -0.1276031946 -0.5063713924 0.8528220434 -28.7907253820
-0.1181143352 -0.9679446259 -0.2216578555 569.4387416624 0.9812929744 -0.1479521060 0.1231838976 -5718.4824561332 -0.1520299382 -0.2029615122 0.9673125257 -28.9960500898
-0.2022634406 -0.9603494630 -0.1918812380 569.2625130139 0.9733301820 -0.2187846991 0.0690044371 -5717.5073191267 -0.1082490530 -0.1728067254 0.9789892636 -29.1450347955
-0.2322349768 -0.9647541557 -0.1237591796 569.0370630101 0.9451559495 -0.1937901088 -0.2629175249 -5716.6490940558 0.2296674698 -0.1780303702 0.9568479715 -29.1580681409
-0.3968958947 -0.8953989275 0.2018276724 568.8879948313 0.8877371791 -0.4303475823 -0.1634737265 -5715.6444396793 0.2332302503 0.1142878776 0.9656821068 -29.0357491613
-0.4607237022 -0.8193190756 -0.3412475973 568.2428635181 0.8792091466 -0.4738819720 -0.0492661457 -5714.5947569219 -0.1213463914 -0.3227260898 0.9386814818 -29.1664417149
-0.4658688492 -0.7689931080 -0.4377394375 567.5898936398 0.8559751325 -0.5170097848 -0.0027303653 -5713.6817468786 -0.2242159403 -0.3759660652 0.8990977310 -29.4301005676
-0.4929186512 -0.7750335592 -0.3954164707 567.0270844945 0.8524706396 -0.5211492057 -0.0411984712 -5712.8704082083 -0.1741407819 -0.3573884266 0.9175775175 -29.7090585005
-0.6134708158 -0.7861021185 -0.0754785892 566.5314776843 0.7877679060 -0.6024433626 -0.1283889447 -5712.0451271150 0.0554552464 -0.1382224808 0.9888474409 -29.8099149835
-0.6119875035 -0.7708421817 -0.1768435087 565.8094799230 0.7451400953 -0.4870710895 -0.4555524033 -5711.3837174271 0.2650236480 -0.4105655669 0.8724668368 -29.9250439605
-0.6175772419 -0.6997482127 -0.3590971861 565.0729139995 0.7765640816 -0.6148826932 -0.1373590215 -5710.5727363580 -0.1246859151 -0.3636917822 0.9231368859 -30.1595889060
-0.5288794438 -0.6450647687 -0.5515233251 564.2891916450 0.6834231265 -0.7090083870 0.1738963408 -5709.7738457240 -0.5032090660 -0.2849535952 0.8158321424 -30.5264609197
-0.5095894913 -0.6492041515 -0.5646702756 563.6317617661 0.7277309800 -0.6753375869 0.1196944626 -5709.1464745448 -0.4590492033 -0.3499330127 0.8165909108 -30.9537608718
-0.5941040771 -0.7157352699 -0.3671013063 563.0050315594 0.7178014424 -0.6776989992 0.1596407086 -5708.3725642172 -0.3630446735 -0.1686626513 0.9163795475 -31.4461577601
-0.6633003379 -0.7237385404 -0.1903554226 562.4919326233 0.6792684363 -0.6890096630 0.2527055119 -5707.4757867078 -0.3140494439 0.0383172212 0.9486330889 -31.8014861000
-0.6526267664 -0.7335754899 -0.1895924692 561.7372345657 0.7341227151 -0.6741300557 0.0813173237 -5706.8515688244 -0.1874623774 -0.0861142762 0.9784897488 -32.0148413450
-0.7558190265 -0.5780503263 -0.3075636834 560.9032004934 0.5845568668 -0.8073191631 0.0808024647 -5706.1640791429 -0.2950099466 -0.1187164229 0.9480904716 -32.2756586052
-0.7913357997 -0.5235163132 -0.3157820799 560.0750327000 0.5149758399 -0.8491485092 0.1172462946 -5705.6278527939 -0.3295262303 -0.0698389515 0.9415598677 -32.5838533545
-0.8081376046 -0.5017855311 -0.3084232365 559.2569995269 0.5075724346 -0.8589593459 0.0675208535 -5705.1273506131 -0.2988040089 -0.1019809922 0.9488498519 -32.8735086096
-0.6772831212 -0.5755196402 -0.4583281765 558.2955275058 0.6152244694 -0.7846641188 0.0761647749 -5704.8366190890 -0.4034679986 -0.2303895928 0.8855135288 -33.2621606622
-0.5263707158 -0.6942246525 -0.4909032506 557.5857188643 0.7524964350 -0.6491494376 0.1111491024 -5704.2159347337 -0.3958320160 -0.3108973134 0.8640948302 -33.7133536483
-0.3337858918 -0.8443004841 -0.4192179278 557.0293668683 0.9087670574 -0.4063770770 0.0948688915 -5703.4599486507 -0.2504584072 -0.3493055451 0.9029154016 -34.0961499761
-0.0510082301 -0.9454300856 -0.3218075724 556.7134797111 0.9985443647 -0.0426240287 -0.0330506257 -5702.5404118642 0.0175303207 -0.3230249919 0.9462280605 -34.2995815459
-0.0984338153 -0.9461373303 -0.3084395179 556.5596418651 0.9501708106 0.0027660333 -0.3117174678 -5701.6504132349 0.2957806867 -0.3237537664 0.8987198029 -34.3056950530
-0.2199076661 -0.9684144148 -0.1175335681 556.5140463816 0.9662440277 -0.1996536300 -0.1628217032 -5700.4971136745 0.1342128809 -0.1493718489 0.9796300084 -34.2443080593
-0.1073829239 -0.9854073118 -0.1320656559 556.2370467803 0.9895959965 -0.0931433473 -0.1096543684 -5699.5096754812 0.0957531791 -0.1424666511 0.9851571357 -34.1292417503
0.0051726623 -0.9882612612 -0.1526857005 556.1108831914 0.9996532384 0.0011679319 0.0263066335 -5698.4224653851 -0.0258195003 -0.1527688303 0.9879246114 -34.1059229814
0.1169409309 -0.9449121165 -0.3057219500 556.0058504904 0.9929157652 0.1047126245 0.0561564725 -5697.3660285910 -0.0210499836 -0.3101231341 0.9504633291 -34.1890727070
0.2483200913 -0.8595198827 -0.4467244156 556.0206907312 0.9570868799 0.2888297550 -0.0237081640 -5696.3480431042 0.1494049419 -0.4216668636 0.8943574339 -34.2503389138
-0.1630448946 -0.7962625245 -0.5825653221 555.8540976831 0.5490889932 0.4173402873 -0.7241052148 -5695.5850489070 0.8197058252 -0.4379418646 0.3691737847 -34.4826212140
-0.4172280836 -0.8333930888 -0.3624592194 555.6295477373 0.5205149377 0.1077966865 -0.8470207046 -5694.6471554350 0.7449731041 -0.5420662634 0.3888177468 -34.6277573860
-0.8554197591 -0.4920500442 -0.1616904131 555.2108385630 0.5141263111 -0.8444825962 -0.1500775832 -5693.5990536189 -0.0626990584 -0.2115086257 0.9753629731 -34.7687307972
-0.7397404766 -0.6280212417 -0.2416057683 554.3368336180 0.6279529881 -0.7733179805 0.0874891185 -5693.0141708142 -0.2417831097 -0.0869978220 0.9664224267 -35.0915248941
-0.4763267109 -0.8366166336 -0.2705281371 553.6476695682 0.8437498615 -0.5214777560 0.1270713236 -5692.2768193192 -0.2473843888 -0.1677306126 0.9542889530 -35.3653323709
-0.1126271301 -0.9519472443 -0.2848009370 553.1993084689 0.9803366095 -0.1531978184 0.1243807082 -5691.3776675432 -0.1620347546 -0.2651921427 0.9504829645 -35.6158894055
-0.0815685497 -0.9807204497 -0.1775780709 553.0929695495 0.9237980758 -0.0075198671 -0.3828061738 -5690.4693124508 0.3740904794 -0.1952712246 0.9066010490 -35.7539498068
-0.1257045161 -0.9754046086 -0.1810641437 553.0430247463 0.8207727052 0.0002654625 -0.5712548433 -5689.5226612579 0.5572526726 -0.2204218206 0.8005521094 -35.8888338741
-0.1505048094 -0.9885613144 -0.0097380710 553.1231982421 0.7178179865 -0.1025014757 -0.6886441648 -5688.3775043762 0.6797688141 -0.1106344213 0.7250340573 -36.3170392399
-0.1801866671 -0.9737762516 -0.1388977204 552.9952721868 0.9835839619 -0.1769705244 -0.0352707157 -5687.2217254578 0.0097649829 -0.1429728829 0.9896784326 -36.7627852493
0.1315091916 -0.9748467921 -0.1799418363 552.7924379682 0.9894483508 0.1402149806 -0.0364927435 -5686.1584752633 0.0608053750 -0.1732440220 0.9830001095 -37.2911555137
0.1009910091 -0.9598000595 -0.2618867347 552.7701705836 0.9878001927 0.1280990438 -0.0885517610 -5685.0532603178 0.1185394258 -0.2497488353 0.9610275354 -37.4202334389
-0.2811834393 -0.9180178664 -0.2796052047 552.6045091364 0.9565249208 -0.2445971857 -0.1588467587 -5683.9540483520 0.0774335163 -0.3121144242 0.9468836448 -37.3705932117
-0.4150817718 -0.9075792841 -0.0633005978 552.2865036064 0.9093786082 -0.4159684033 0.0009134472 -5682.8356699049 -0.0271600744 -0.0571850543 0.9979940881 -37.4218015994
-0.2385007108 -0.8964349611 -0.3735261323 551.7298605470 0.9297539867 -0.3218605543 0.1787828508 -5681.8295917796 -0.2804905259 -0.3046475736 0.9102279499 -37.7236638814
-0.0575308152 -0.8827257295 -0.4663533979 551.2956267316 0.9709050122 -0.1582346065 0.1797366591 -5680.9080230262 -0.2324514199 -0.4424444550 0.8661462011 -38.1927639795
-0.0350698402 -0.9186835130 -0.3934345044 551.0447593038 0.9892362918 -0.0878715373 0.1170049229 -5679.9810604827 -0.1420621883 -0.3850963462 0.9118767125 -38.4771035062
-0.2236025833 -0.7797258717 -0.5848328392 550.6050575414 0.9681681681 -0.2469282076 -0.0409494644 -5678.9999536188 -0.1124823679 -0.5753729446 0.8101195539 -38.7555963801
-0.3295731403 -0.7262441756 -0.6032834678 550.1245444306 0.9013226201 -0.4322454449 0.0279537089 -5678.1033948691 -0.2810677493 -0.5345402443 0.7970367919 -39.1597805660
-0.2795314686 -0.3608804125 -0.8897345031 549.4769693889 0.7262799478 -0.6855855814 0.0498983762 -5677.3090342794 -0.6279964932 -0.6322481621 0.4537429516 -39.7377827098
-0.4948596053 -0.4283335550 -0.7560716479 548.9969146928 0.5547037103 -0.8254498905 0.1045766326 -5676.5545456035 -0.6688929398 -0.3676449972 0.6460800192 -40.1641565884
-0.9019182639 -0.1902476409 -0.3877489916 548.5394403093 0.1503185595 -0.9799015121 0.1311386950 -5675.6987235949 -0.4049046505 0.0599905143 0.9123888218 -40.4817399320
-0.9595796599 0.0638580109 -0.2740967542 547.9306850346 -0.0968824439 -0.9893444469 0.1086800688 -5674.9585203941 -0.2642360087 0.1308423469 0.9555415281 -40.7738722464
0.0600504079 -0.9482798784 -0.3117037386 547.2148669938 0.9973479811 0.0698631372 -0.0203996723 -5674.2951784144 0.0411211998 -0.3096520857 0.9499603322 -41.0309769634
0.0516105417 -0.9693274936 -0.2402926592 547.1302649392 0.9102528489 0.1446408789 -0.3879674821 -5673.4160204652 0.4108236884 -0.1987038657 0.8897981068 -41.0976807465
-0.1925338915 -0.9692173131 -0.1534552073 547.1385729294 0.9214836748 -0.1248156608 -0.3678163779 -5672.4148308730 0.3373403884 -0.2122235870 0.9171491762 -41.2894880770
0.0114056464 -0.9712494623 -0.2377906500 546.9706144832 0.9994326467 0.0186095990 -0.0280725405 -5671.2351327667 0.0316906285 -0.2373355533 0.9709106752 -41.4360251287
0.1241761926 -0.9736385881 -0.1913326237 547.0280127924 0.9879850179 0.1034405601 0.1148288072 -5670.1515680222 -0.0920102039 -0.2032927697 0.9747851928 -41.6005933138
0.2091219386 -0.9574708004 -0.1987905463 547.1669384158 0.9723415735 0.1819701460 0.1464197066 -5669.1019236820 -0.1040186490 -0.2239118854 0.9690426142 -41.6980831393
0.0757611185 -0.9064417160 -0.4154800458 547.1950066681 0.9970995882 0.0658366044 0.0381831463 -5668.1147145233 -0.0072570013 -0.4171677805 0.9088005165 -41.7794157678
-0.0188877936 -0.7861786890 -0.6177105472 546.9714180202 0.9747586991 -0.1519448489 0.1635794652 -5666.9778404698 -0.2224606253 -0.5990290742 0.7692044191 -42.0252240018
-0.0375543335 -0.7815546010 -0.6227054501 546.7245069315 0.9715884684 -0.1742753614 0.1601372738 -5665.9568567661 -0.2336782405 -0.5989995860 0.7658942329 -42.2888464839
-0.1150109591 -0.8204049468 -0.5600966010 546.5136338296 0.9637001545 -0.2289108645 0.1374111651 -5665.0098685401 -0.2409449967 -0.5239613911 0.8169516321 -42.5537493123
-0.1132847653 -0.9699604604 -0.2152748642 546.4791609374 0.9549564230 -0.1661077448 0.2458992623 -5663.9891843142 -0.2742713839 -0.1777214740 0.9450874487 -42.8881637466
-0.2136042560 -0.9533085875 -0.2134852662 546.2484841141 0.9645256398 -0.2404969276 0.1088646776 -5663.0223543828 -0.1551241826 -0.1826580545 0.9708617425 -43.1579134323
-0.2715576859 -0.9321552080 -0.2394641757 546.0128887102 0.8804842669 -0.3410873310 0.3292520136 -5661.8811593998 -0.3885921758 -0.1214335243 0.9133728812 -43.4270047106
-0.4138868251 -0.8770487261 -0.2438918368 545.6880618021 0.8956159649 -0.4402842506 0.0634178376 -5660.9947111684 -0.1630022682 -0.1921856153 0.9677266917 -43.7057223252
-0.2633775268 -0.9216420070 -0.2849706817 545.2634676879 0.9269563085 -0.3235941742 0.1898389120 -5660.0069108105 -0.2671783682 -0.2141560680 0.9395493058 -43.9688600231
-0.2164161234 -0.9334931539 -0.2859276012 544.9335722299 0.9529732909 -0.2656215549 0.1459009815 -5659.0661103127 -0.2121461014 -0.2409060422 0.9470788301 -44.2226744842
-0.1532496564 -0.9487647690 -0.2763330526 544.7136610170 0.9700506663 -0.1977649555 0.1410344895 -5658.0929310340 -0.1884575487 -0.2464435748 0.9506573077 -44.4443877283
-0.1837032925 -0.8902081161 -0.4168724149 544.4292605509 0.9770703005 -0.1189248773 -0.1766083280 -5657.1360382576 0.1076416662 -0.4397571870 0.8916428030 -44.6028174962
-0.3121820518 -0.6454792797 -0.6970644633 543.8817306853 0.9344545788 -0.3409177641 -0.1028091356 -5656.0644942704 -0.1712804915 -0.6834702463 0.7095994755 -44.9019818568
-0.3546537847 -0.8239548930 -0.4419491229 543.6886196227 0.8318066101 -0.4938984932 0.2533022738 -5655.0809483630 -0.4269876537 -0.2777815917 0.8605340963 -45.2863980850
-0.3078826995 -0.8718358005 -0.3809338267 543.2907206107 0.8618466561 -0.4251675718 0.2765011343 -5654.1576463622 -0.4030242979 -0.2431766291 0.8822905091 -45.6915570270
-0.3415661645 -0.8880609857 -0.3077015451 542.9421791588 0.8810582516 -0.4165328278 0.2241355853 -5653.2272120778 -0.3272138635 -0.1945458532 0.9247069798 -46.0860507445
-0.2880628081 -0.9348806001 -0.2074080089 542.6193135185 0.9053950818 -0.3364340533 0.2589823810 -5652.2667579046 -0.3118967209 -0.1131829992 0.9433504355 -46.4187766535
-0.0368049682 -0.9745531695 -0.2211142557 542.1329320740 0.9615274821 -0.0948112724 0.2578288652 -5651.4214767001 -0.2722320617 -0.2031180504 0.9405491812 -46.7324795913
0.1735755160 -0.7306433909 -0.6603270216 541.7739012837 0.9276050348 0.3465082989 -0.1395739882 -5650.5366528367 0.3307876050 -0.5882960429 0.7378938449 -46.9491883076
-0.0272916253 -0.4168267467 -0.9085761555 541.6671868340 0.9952598544 0.0735424039 -0.0636344016 -5649.5038440258 0.0933433952 -0.9060060585 0.4128438355 -47.1535967163
-0.4221740285 -0.4901279580 -0.7625901091 541.6020517464 0.8910164596 -0.3792451953 -0.2495250499 -5648.5848518281 -0.1669094317 -0.7848233346 0.5968195498 -47.2422126615
-0.2604062305 -0.9002273705 -0.3489688762 541.2272254243 0.9654772710 -0.2452290305 -0.0878428239 -5647.7173367330 -0.0064987848 -0.3597963369 0.9330082324 -47.4684007663
-0.0588473015 -0.9429412952 -0.3277174224 540.9736654022 0.9967962827 -0.0376905220 -0.0705449884 -5646.7249044048 0.0541679420 -0.3308188906 0.9421383633 -47.5133250366
0.2307521778 -0.9257677039 -0.2995122549 540.9222516529 0.9644701936 0.2583196514 -0.0553913661 -5645.6918822925 0.1286494391 -0.2760889641 0.9524831787 -47.4505944400
-0.1993076026 -0.8918163606 -0.4061281308 540.8810904671 0.8482891229 0.0504688338 -0.5271228138 -5644.8896877914 0.4905935625 -0.4495736601 0.7464592960 -47.3822726677
-0.3673870713 -0.8978707858 -0.2426000656 540.6985964704 0.9287353073 -0.3402011501 -0.1473563926 -5643.7279468978 0.0497741787 -0.2794480800 0.9588698044 -47.4966420559
-0.3940830476 -0.9057186499 -0.1561162347 540.3318166404 0.9159825209 -0.4009718525 0.0140568440 -5642.7678581061 -0.0753297616 -0.1374601783 0.9876386619 -47.6933460377
-0.2475907236 -0.9537266467 -0.1705998736 539.9415152614 0.9670135524 -0.2541361806 0.0173087005 -5641.8091534371 -0.0598633692 -0.1606869161 0.9851883536 -47.7843492396
-0.0136675758 -0.9888320743 -0.1484059504 539.7613150800 0.9946124783 -0.0286973911 0.0996116349 -5640.7765768010 -0.1027580431 -0.1462449606 0.9838969438 -47.8739337748
0.2701916396 -0.9523592166 -0.1414510533 539.7731714222 0.9578542286 0.2510032184 0.1396877270 -5639.7508351950 -0.0975282247 -0.1732319455 0.9800402739 -47.9983392029
0.1748275369 -0.9694179204 -0.1722330631 540.0514872576 0.9148091921 0.2246158885 -0.3356662696 -5638.8849191665 0.3640871796 -0.0988766822 0.9261014671 -48.0646026453
0.2802329970 -0.8432594572 -0.4586752177 540.2628223513 0.8413179551 0.4458347001 -0.3056395240 -5637.8511851774 0.4622267472 -0.3002414164 0.8343869163 -48.2531705255
0.2686470460 -0.9586991694 -0.0934059269 540.8297694191 0.9230422691 0.2839436918 -0.2595552916 -5636.8559455293 0.2753574662 -0.0164888564 0.9612004907 -48.1782156648
0.6171238338 -0.7151897204 -0.3281186335 540.9557934610 0.7657759081 0.6417725040 0.0414163208 -5635.7307029358 0.1809569901 -0.2768243432 0.9437281657 -48.2762026001
0.6339852793 -0.6910513856 -0.3471464360 541.5071417952 0.7362981441 0.6766533320 -0.0023046130 -5634.8823427412 0.2364903986 -0.2541421859 0.9378081044 -48.1178462887
0.5113306446 -0.6607823385 -0.5494612570 542.0447970707 0.6249376844 0.7247879166 -0.2900609703 -5634.2371344690 0.5899100460 -0.1950619827 0.7835540572 -47.8808840690
-0.0731923322 -0.8435974344 -0.5319645206 542.4532783902 0.5259095833 0.4205597331 -0.7392892675 -5633.4799978784 0.8473853862 -0.3338755450 0.4128742275 -47.8684440854
0.0502594987 -0.9334285659 -0.3552254147 542.6987801089 0.9821692743 0.1107080160 -0.1519448976 -5632.2689118729 0.1811560087 -0.3412548133 0.9223489865 -47.8143479434
-0.1463135990 -0.9075762436 -0.3935704420 542.5867071906 0.9701904220 -0.2093483534 0.1220811694 -5631.0744339898 -0.1931912931 -0.3639761380 0.9111522898 -47.9003847466
-0.2105886350 -0.9598026160 -0.1855569052 542.4862898023 0.9642058092 -0.2352168599 0.1223935711 -5630.0792811747 -0.1611197823 -0.1531403508 0.9749812556 -48.1076329283
-0.1603070238 -0.9680626190 -0.1927600162 542.2658673395 0.9722932731 -0.1885284685 0.1382129067 -5629.0870393547 -0.1701394991 -0.1652627674 0.9714632101 -48.2798779847
-0.2188603372 -0.9561061018 -0.1948365338 542.0661196730 0.9493785119 -0.1625411292 -0.2688137320 -5628.1973632357 0.2253454991 -0.2438062825 0.9432803945 -48.4375709739
-0.1311924706 -0.9527036560 -0.2741245692 541.8629368808 0.9074448249 -0.0040684864 -0.4201515646 -5627.1337641990 0.3991646596 -0.3038736435 0.8650597571 -48.7559044277
-0.0628631945 -0.9228174547 -0.3800738930 541.7758176147 0.9980029601 -0.0604869169 -0.0182050691 -5625.8828214784 -0.0061895425 -0.3804592991 0.9247769522 -48.9610685501
0.0872701516 -0.9452037476 -0.3146010111 541.6383563039 0.9949834156 0.0671997811 0.0741093253 -5624.8196146679 -0.0489072929 -0.3194903206 0.9463265883 -49.1151958865
0.1446160385 -0.9581664524 -0.2469883620 541.6971673734 0.9894798139 0.1410430771 0.0321954687 -5623.8350878388 0.0039873805 -0.2490459796 0.9684834541 -49.1631857252
0.2496420453 -0.9582727311 -0.1392559588 541.9173408049 0.9676054836 0.2412668568 0.0743635121 -5622.8062841532 -0.0376626784 -0.1533090886 0.9874603010 -49.1830033087
0.1360240657 -0.9304844548 -0.3401413426 542.1335916259 0.8209789147 0.2980391325 -0.4869972250 -5621.9738509660 0.5545187780 -0.2130055278 0.8044486124 -49.2414903598
0.3710590089 -0.8596495319 -0.3511664765 542.4927743395 0.6930682814 0.5080622480 -0.5113991685 -5620.9641828022 0.6180384853 -0.0536230777 0.7843168979 -49.3051999914
0.6833018421 -0.6659309377 -0.2993903451 543.1147176074 0.7099064492 0.7018022130 0.0592155993 -5619.9131653529 0.1706793072 -0.2530012649 0.9522914124 -49.3599099576
0.5760134271 -0.7339016027 -0.3599957908 543.7652761092 0.7965568555 0.6028450942 0.0455518199 -5619.1389545511 0.1835911428 -0.3129955750 0.9318412216 -49.2536397826
0.4152131289 -0.8449593359 -0.3371079623 544.2532322356 0.9038936674 0.4250683223 0.0478869454 -5618.2415242132 0.1028313944 -0.3245930408 0.9402473410 -49.1534211428
0.1682581978 -0.9377773495 -0.3037479574 544.5239827695 0.9846545054 0.1454174792 0.0964845152 -5617.2454758336 -0.0463107306 -0.3153211055 0.9478543753 -49.1366445285
-0.0378539824 -0.9520942282 -0.3034528904 544.6057863063 0.8871907361 0.1077215441 -0.4486520553 -5616.4054045975 0.4598474463 -0.2862038602 0.8406114897 -49.2414660759
0.0905806669 -0.9554993745 -0.2807420314 544.7499694910 0.9591410693 0.1595718079 -0.2336348589 -5615.2487394661 0.2680364750 -0.2481084108 0.9309128125 -49.3669032761
0.2855509141 -0.8930591524 -0.3477154378 544.9270018646 0.9234654152 0.3534219347 -0.1493471223 -5614.1804714201 0.2562660772 -0.2784569739 0.9256291975 -49.3498201963
0.2266104828 -0.9024738331 -0.3663177169 545.1663986018 0.9479948542 0.2906742404 -0.1296697432 -5613.1496367582 0.2235026743 -0.3178827875 0.9214103798 -49.2371553566
0.0558802298 -0.9424403263 -0.3296720055 545.2951740852 0.9716367667 0.1273200610 -0.1992776849 -5612.2028232667 0.2297811862 -0.3091857587 0.9228243457 -49.0274311009
-0.1732643405 -0.9412926027 -0.2897373023 545.1868588863 0.9846344803 -0.1590504767 -0.0720963663 -5611.1618005625 0.0217809203 -0.2977770674 0.9543869287 -48.8869015387
-0.3962138565 -0.9100040338 -0.1220952023 544.9055175869 0.6934120525 -0.2094079749 -0.6894403713 -5610.4021831539 0.6018258099 -0.3578281132 0.7139781061 -48.9382841553
-0.6906161354 -0.6742286149 -0.2616584193 544.2661733794 0.7207985883 -0.6712652936 -0.1727781835 -5609.3503909150 -0.0591502203 -0.3079264206 0.9495696767 -49.2279512169
-0.6478193441 -0.6909388977 -0.3208325686 542.5158154468 0.7274860311 -0.6860688669 0.0085781289 -5609.8423613509 -0.2260401998 -0.2278441342 0.9470970798 -0.7453617544
-0.2514241224 -0.9158901728 -0.3129394544 542.4771079577 0.9573398440 -0.2829090727 0.0588462371 -5608.8329653095 -0.1424301011 -0.2847940449 0.9479483205 -0.8073749666
-0.4733839504 -0.8151701161 -0.3337743508 542.0734606622 0.8355558260 -0.5355049632 0.1228042993 -5607.9071755345 -0.2788442164 -0.2207535191 0.9346195947 -1.0142601402
-0.6709889791 -0.6583605854 -0.3410793596 541.4580172606 0.6489856344 -0.7439441821 0.1592629909 -5607.1706729238 -0.3585964811 -0.1144918929 0.9264449094 -1.3511595412
-0.7030408871 -0.6567439005 -0.2728020532 540.8030184378 0.6392240581 -0.7517003682 0.1622934377 -5606.5122061101 -0.3116506292 -0.0602827131 0.9482825949 -1.7288843946
-0.7677125028 -0.6267503843 -0.1334221450 540.1254632793 0.6074242687 -0.7780989563 0.1599930373 -5605.8650438402 -0.2040913294 0.0417848062 0.9780596910 -2.0380201942
-0.7842513503 -0.5892860116 -0.1941438024 539.3174046857 0.5729200424 -0.8079187712 0.1379488461 -5605.2934618441 -0.2381437476 -0.0030423067 0.9712251541 -2.2664623935
-0.7632515134 -0.4595705393 -0.4541387968 538.3511767568 0.4650941038 -0.8787038591 0.1075500006 -5604.7805185981 -0.4484803251 -0.1291295760 0.8844155984 -2.6423435048
-0.7801002809 -0.4491045611 -0.4356014750 537.5143154816 0.4716012170 -0.8796081417 0.0623041659 -5604.3285622392 -0.4111396891 -0.1568266885 0.8979808160 -3.1053194962
-0.8144399729 -0.4666109727 -0.3449082932 536.7114884324 0.4893206203 -0.8717752767 0.0239415442 -5603.9337410135 -0.3118539100 -0.1492717893 0.9383310033 -3.4738005214
-0.7915448104 -0.5175426255 -0.3249714508 535.8852343103 0.5400790414 -0.8412637489 0.0242885550 -5603.4300090001 -0.2859570635 -0.1562847900 0.9454118797 -3.7779515765
-0.7798831210 -0.5459897577 -0.3060678062 535.0797916552 0.5587289974 -0.8276688825 0.0527837884 -5602.8722010552 -0.2821422070 -0.1298437729 0.9505453012 -4.0834415949
-0.7700412664 -0.5828670256 -0.2594272124 534.3095143385 0.5799920937 -0.8089511593 0.0959541195 -5602.2785795607 -0.2657924365 -0.0765771004 0.9609840417 -4.3658091279
-0.7318777421 -0.6352888402 -0.2465016433 533.5192507263 0.6347947032 -0.7671420777 0.0923510547 -5601.6524754221 -0.2477713772 -0.0888882561 0.9647322025 -4.6284504508
-0.6864153284 -0.6774195766 -0.2644555051 532.7867543978 0.6761351534 -0.7283902556 0.1108552656 -5600.9878836924 -0.2677223401 -0.1027149100 0.9580054258 -4.8816729673
-0.6706512025 -0.7100991969 -0.2144436877 532.0941639632 0.7105070885 -0.6980018609 0.0892921017 -5600.2843926916 -0.2130883428 -0.0924799048 0.9726463002 -5.1401832703
-0.6728244216 -0.7236124594 -0.1539230535 531.4131016808 0.7309284815 -0.6823352881 0.0127322261 -5599.5797953465 -0.1142403284 -0.1039401911 0.9880008016 -5.3169079184
-0.6688264347 -0.7132060099 -0.2097817620 530.7011939982 0.7315127577 -0.6816691984 -0.0147033785 -5598.8759733272 -0.1325152277 -0.1632920434 0.9776376747 -5.4473823184
-0.6305628833 -0.7231079881 -0.2819668205 529.9878757084 0.7490038894 -0.6621619154 0.0231251264 -5598.1347925697 -0.2034296536 -0.1966123989 0.9591454221 -5.6144020240
-0.3843442435 -0.8391840582 -0.3847721649 529.3169453116 0.8953094083 -0.4404745716 0.0663567266 -5597.3632861443 -0.2251678616 -0.3189863134 0.9206232486 -5.8687879700
-0.2212877624 -0.8822043719 -0.4156286473 528.8707710420 0.9637373223 -0.2630067453 0.0451422804 -5596.4549999332 -0.1491378549 -0.3905674054 0.9084134533 -6.1082679873
0.0717452596 -0.8720038238 -0.4842127105 528.4426959227 0.9970690032 0.0497689120 0.0581072993 -5595.5108400266 -0.0265710474 -0.4869624078 0.8730186669 -6.3645517099
0.0757030939 -0.8460960046 -0.5276273235 528.1094041312 0.9955114197 0.0339910118 0.0883268041 -5594.5587451492 -0.0567983694 -0.5319456383 0.8448714596 -6.6463614697
-0.0280837016 -0.8726886755 -0.4874687491 527.8123163583 0.9915150197 -0.0862390488 0.0972666032 -5593.6237389509 -0.1269223044 -0.4806009801 0.8677058411 -6.9241125407
0.0882523595 -0.8913106965 -0.4447209950 527.6067452489 0.9959453551 0.0711366784 0.0550674366 -5592.6421888594 -0.0174462209 -0.4477776405 0.8939747278 -7.1257592138
-0.0306585285 -0.9202894186 -0.3900351787 527.5424184098 0.9984966200 -0.0459376531 0.0299037102 -5591.6368009981 -0.0454373688 -0.3885320039 0.9203142547 -7.2430551467
-0.1578502769 -0.9389109273 -0.3058260301 527.4601321454 0.9873494746 -0.1547690866 -0.0344607728 -5590.6661781235 -0.0149768192 -0.3073968127 0.9514635539 -7.3311852270
-0.3133373641 -0.9328123306 -0.1779911575 527.2565951518 0.9496116288 -0.3062786158 -0.0665669878 -5589.6973854325 0.0075796217 -0.1898803975 0.9817779708 -7.4166280926
-0.3509623272 -0.9311076075 -0.0993180147 526.9404740942 0.9363765352 -0.3495376096 -0.0319756747 -5588.7050181816 -0.0049425874 -0.1042213157 0.9945418484 -7.4729254447
-0.3410869694 -0.9398978354 -0.0158662606 526.6308007891 0.9400286963 -0.3410802533 -0.0032110512 -5587.7162357323 -0.0023936081 -0.0160099880 0.9998689669 -7.4791604966
-0.3163502267 -0.9481692274 -0.0299608135 526.2779628523 0.9484049258 -0.3168199747 0.0123774124 -5586.7457705488 -0.0212280657 -0.0244993859 0.9994744365 -7.4822118179
-0.1864901717 -0.9739995870 -0.1286321124 525.9397658081 0.9795851438 -0.1943477409 0.0513994331 -5585.7287282716 -0.0750623871 -0.1164206172 0.9903594691 -7.5471367588
-0.0680381341 -0.9527969049 -0.2958865836 525.6421226384 0.9869479611 -0.1076666357 0.1197564930 -5584.7161124948 -0.1459607288 -0.2838766521 0.9476863996 -7.6807877609
0.0662773331 -0.9146089605 -0.3988706111 525.4900695754 0.9906660885 0.0125965153 0.1357277750 -5583.7024313162 -0.1191134595 -0.4041432631 0.9069069449 -7.8401989259
0.1107776090 -0.8965327859 -0.4289024191 525.4694747842 0.9913747916 0.0692727579 0.1112533486 -5582.6743281300 -0.0700310211 -0.4375274263 0.8964738743 -7.9712226062
-0.0381999112 -0.9050034596 -0.4236856203 525.3610955013 0.9929089834 -0.0821410256 0.0859337103 -5581.6645149106 -0.1125722765 -0.4173985984 0.9017238450 -8.1229655158
-0.0123427922 -0.9157958913 -0.4014542825 525.2671698441 0.9994746335 -0.0233320872 0.0224960156 -5580.6659969169 -0.0299685250 -0.4009657082 0.9156027459 -8.2397505906
0.0126153541 -0.9388699318 -0.3440408465 525.2075016194 0.9998947332 0.0093784532 0.0110710064 -5579.6411463817 -0.0071676641 -0.3441442950 0.9388894124 -8.2942971911
-0.0215261959 -0.9619855680 -0.2722506013 525.2169621369 0.9972804945 -0.0398598270 0.0619903976 -5578.5841112908 -0.0704857297 -0.2701757968 0.9602274734 -8.3456052496
-0.0440275520 -0.9757159844 -0.2145690854 525.1636887449 0.9914551096 -0.0690729778 0.1106602431 -5577.5435229976 -0.1227938937 -0.2078635165 0.9704197124 -8.4524353372
-0.0754869280 -0.9733569216 -0.2165133410 525.0536152741 0.9738288554 -0.1186451342 0.1938574025 -5576.4893290096 -0.2143806989 -0.1962132393 0.9568392136 -8.6324033825
-0.0625888265 -0.9659722492 -0.2509586672 524.8725307560 0.9739740866 -0.1140026353 0.1959027255 -5575.5240426546 -0.2178465458 -0.2321659169 0.9479672302 -8.8987446775
-0.0281240113 -0.9703615293 -0.2400157128 524.7779827546 0.9955805201 -0.0487142004 0.0802891941 -5574.5584294839 -0.0896017187 -0.2366969140 0.9674430748 -9.0870122573
0.0343763168 -0.9866977525 -0.1588893139 524.7968468426 0.9967518919 0.0454341625 -0.0664936301 -5573.5718096779 0.0728281183 -0.1560874181 0.9850547107 -9.1467365641
0.1251186977 -0.9635707144 -0.2363827188 524.8524962371 0.9751946854 0.1632885076 -0.1494395826 -5572.5799797969 0.1825941867 -0.2118214851 0.9600994852 -9.1722042558
0.1334886724 -0.9686798127 -0.2093805025 524.9905337644 0.9725436196 0.1686772996 -0.1603336411 -5571.5918582148 0.1906296992 -0.1822289468 0.9645998801 -9.0721756471
0.1475779011 -0.9748993089 -0.1667096293 525.1458426396 0.9884853193 0.1510803832 -0.0084552551 -5570.5357663710 0.0334295771 -0.1635422124 0.9859697805 -9.0105076671
0.1325738074 -0.9798465185 -0.1494154804 525.2710898254 0.9910957478 0.1291648743 0.0323365717 -5569.4968232760 -0.0123856454 -0.1523720297 0.9882455972 -8.9946425099
0.0736803631 -0.9862879734 -0.1476727383 525.3593358400 0.9967792878 0.0681307895 0.0422994902 -5568.4910810678 -0.0316584182 -0.1503137687 0.9881313250 -9.0304089309
0.0441901033 -0.9857700866 -0.1621868402 525.3967212358 0.9942659150 0.0275718674 0.1033202899 -5567.4700310450 -0.0973782571 -0.1658225814 0.9813360008 -9.1336683107
0.0471150198 -0.9840859696 -0.1713329491 525.3947597722 0.9949756418 0.0310659818 0.0951755067 -5566.4530066112 -0.0883382545 -0.1749563069 0.9806052434 -9.2377318883
0.0599356043 -0.9828475050 -0.1744090170 525.4264901777 0.9959216539 0.0470747548 0.0769677000 -5565.4545759499 -0.0674372502 -0.1783108222 0.9816605666 -9.3267839767
0.0679612651 -0.9829075454 -0.1710965332 525.4816027306 0.9945794693 0.0532188665 0.0893276633 -5564.4458244446 -0.0786952707 -0.1762399202 0.9811964864 -9.4120494298
0.1268658992 -0.9768337682 -0.1723392960 525.5496362272 0.9897315841 0.1131263038 0.0873717960 -5563.4071589407 -0.0658516131 -0.1816541459 0.9811551031 -9.4935312582
0.1939020392 -0.9678775135 -0.1600472368 525.6885643544 0.9791818850 0.1809609040 0.0919564425 -5562.4069726524 -0.0600402802 -0.1745458967 0.9828168164 -9.5605509199
0.2439317582 -0.9588046770 -0.1455709058 525.8848271894 0.9678109313 0.2310847283 0.0997088239 -5561.4140552801 -0.0619620735 -0.1652072626 0.9843105515 -9.6183536979
0.3453580824 -0.9255598985 -0.1551343586 526.0792070475 0.9374466145 0.3325134964 0.1030951969 -5560.4326694793 -0.0438365120 -0.1810349388 0.9824992169 -9.6911043904
0.3108874175 -0.9363636771 -0.1630094412 526.3980650348 0.9493355226 0.2976317624 0.1008830989 -5559.4589639992 -0.0459464822 -0.1861139391 0.9814532706 -9.7449354595
0.2724613760 -0.9456146311 -0.1777013451 526.6864254118 0.9613151055 0.2597684001 0.0916168452 -5558.4963808825 -0.0404730351 -0.1957890390 0.9798104846 -9.7938827445
0.2405635901 -0.9521558908 -0.1884895722 526.9187484951 0.9698533465 0.2280106985 0.0859977187 -5557.4984840357 -0.0389055955 -0.2034951623 0.9783026493 -9.8456379880
0.2069625938 -0.9588357410 -0.1944235238 527.1379802110 0.9771145269 0.1925994927 0.0902919530 -5556.5052858059 -0.0491292796 -0.2086611062 0.9767532220 -9.9011769684
0.2051474801 -0.9546591748 -0.2157321749 527.2899504275 0.9781020380 0.2078746355 0.0102244386 -5555.5451230668 0.0350843931 -0.2131055978 0.9763990422 -9.9674606730
0.2237903716 -0.9557197180 -0.1910960236 527.5048202399 0.9738727850 0.2270389370 0.0050119494 -5554.5374117684 0.0385962192 -0.1872248427 0.9815585516 -9.9837664044
0.2360006777 -0.9632667051 -0.1281441957 527.7694217015 0.9709531417 0.2390961230 -0.0091126653 -5553.5274757349 0.0394167075 -0.1222714142 0.9917136807 -9.9464920383
0.2350342187 -0.9693925473 -0.0709718621 528.0365399249 0.9691233404 0.2393171122 -0.0593908313 -5552.5246040269 0.0745578103 -0.0548216105 0.9957086541 -9.9124417927
0.3214546679 -0.9465351310 0.0271687734 528.3471070085 0.9469039656 0.3215062980 -0.0025652169 -5551.5170199745 -0.0063068639 0.0265508202 0.9996275694 -9.9002416947
0.3579316261 -0.9329759168 0.0379590526 528.7056976432 0.9336368969 0.3582197958 0.0008501201 -5550.5449725797 -0.0143908256 0.0351356872 0.9992789338 -9.9222748746
0.3947132248 -0.9188015443 0.0022786715 529.0646649228 0.9186254861 0.3946840994 0.0187530796 -5549.5916128468 -0.0181297139 -0.0053088428 0.9998215489 -9.9483989177
0.3953436544 -0.9185122493 0.0062163389 529.4588447251 0.9185143558 0.3952830060 -0.0090952415 -5548.6788962526 0.0058968776 0.0093055425 0.9999393150 -9.9624370933
0.3929457553 -0.9194041796 0.0170172811 529.8682022996 0.9195582183 0.3928264180 -0.0100044191 -5547.7531590891 0.0025132672 0.0195795747 0.9998051429 -9.9584696816
0.3719818420 -0.9281050582 -0.0158275148 530.2473709081 0.9279905159 0.3722231046 -0.0168393252 -5546.8264347044 0.0215200296 -0.0084238604 0.9997329278 -9.9560891338
0.3677555930 -0.9257841352 -0.0876330926 530.5545740725 0.9278041310 0.3716421710 -0.0325820696 -5545.8902223336 0.0627321159 -0.0693241070 0.9956198320 -9.9380153424
0.3712968367 -0.9136174693 -0.1656556033 530.8655879014 0.9252980759 0.3789108753 -0.0158120002 -5544.9355254191 0.0772148292 -0.1474098653 0.9860568958 -9.9017432499
0.4067262284 -0.8936328125 -0.1897212997 531.2093239859 0.9128223882 0.4058293437 0.0453633266 -5543.9532139802 0.0364563134 -0.1916323046 0.9807894764 -9.8760987593
0.3850271912 -0.9045046300 -0.1833723981 531.6005831528 0.9225682185 0.3825818695 0.0499899528 -5543.0182247441 0.0249388111 -0.1884210377 0.9817716477 -9.8471089137
0.3876705908 -0.8988158864 -0.2045519869 531.9521237180 0.9217365533 0.3805417876 0.0747641236 -5542.0512894682 0.0106413967 -0.2175268953 0.9759963168 -9.8540564089
0.4491958630 -0.8671941444 -0.2149357871 532.3708111627 0.8930763636 0.4426289455 0.0805867574 -5541.0824583923 0.0252524366 -0.2281533092 0.9732976841 -9.8483142855
0.4799885908 -0.8507091349 -0.2142543358 532.8201411433 0.8769146105 0.4722596630 0.0893956181 -5540.1814961767 0.0251340115 -0.2307916342 0.9726785199 -9.8450171869
0.4910554623 -0.8547820963 -0.1679645819 533.3165347202 0.8708245268 0.4765814707 0.1205601312 -5539.2646212449 -0.0230038343 -0.2054693885 0.9783931490 -9.8640705843
0.5055344818 -0.8523383284 -0.1339935139 533.8363594107 0.8622803674 0.4936744380 0.1129518363 -5538.3871050273 -0.0301240067 -0.1726410244 0.9845240581 -9.9122385244
0.5243150131 -0.8475665516 -0.0820043147 534.3772305566 0.8452305369 0.5063335076 0.1709143601 -5537.4660746799 -0.1033397625 -0.1589255159 0.9818673912 -10.0465109180
0.5244661898 -0.8192943195 -0.2317154154 534.8346617374 0.8471500321 0.5293901429 0.0456387965 -5536.6314140118 0.0852762501 -0.2202337273 0.9717124402 -10.0951377467
0.5346321504 -0.7623248701 -0.3647317593 535.2817058355 0.8284157559 0.5580609866 0.0479089836 -5535.7090624376 0.1670203557 -0.3277632190 0.9298792788 -10.0219421138
0.5523301440 -0.7221799459 -0.4163982922 535.6998125923 0.8066692948 0.5890139473 0.0484481025 -5534.7831905707 0.2102761538 -0.3626550642 0.9078905460 -9.9218657687
0.5758304579 -0.7253391262 -0.3772299508 536.2701568147 0.7944366086 0.6053975793 0.0486235115 -5533.9343368316 0.1931055637 -0.3276841816 0.9248423208 -9.8268645290
0.5765608229 -0.7859261280 -0.2233780177 536.9160521009 0.8169697727 0.5584685883 0.1437818705 -5533.0609123600 0.0117476775 -0.2653920819 0.9640689990 -9.8222967028
0.5143864038 -0.8369961921 -0.1866654816 537.4554569963 0.8575567925 0.5016137350 0.1139298401 -5532.2155138811 -0.0017248729 -0.2186802124 0.9757950551 -9.8392858185
0.5269563786 -0.8318394554 -0.1742414860 537.9678951711 0.8498912333 0.5154328695 0.1096077033 -5531.3283677012 -0.0013662231 -0.2058447898 0.9785836990 -9.8511924761
0.6141748007 -0.7675788188 -0.1833359515 538.4920733420 0.7882511796 0.6078830984 0.0955940191 -5530.4489402160 0.0380708820 -0.2032262177 0.9783913902 -9.8555866856
0.6638984219 -0.7169825165 -0.2125440104 539.0971561021 0.7429187170 0.6648410792 0.0778339214 -5529.6545661020 0.0855024284 -0.2095767411 0.9740466746 -9.8190798680
0.6575873303 -0.7224334464 -0.2137026407 539.7409707468 0.7489717630 0.6575238535 0.0818760053 -5528.8831042340 0.0813646191 -0.2138978673 0.9734616074 -9.7680532449
0.6496741796 -0.7334812287 -0.1998217893 540.4206949348 0.7572617997 0.6475337907 0.0851736846 -5528.0686493805 0.0669180619 -0.2066525514 0.9761232996 -9.7132485845
0.6285934234 -0.7577147550 -0.1753244370 541.0707621525 0.7773465738 0.6192233186 0.1108818552 -5527.2732398258 0.0245481620 -0.2059874553 0.9782466744 -9.6898150293
0.6298229755 -0.7558992689 -0.1787157376 541.7189163177 0.7759403801 0.6227242761 0.1006528814 -5526.4485371760 0.0352071889 -0.2020662546 0.9787388225 -9.6754116508
0.6368404766 -0.7576184940 -0.1429979895 542.3578796822 0.7709355466 0.6234275086 0.1303707195 -5525.6466422497 -0.0096223878 -0.1932675844 0.9810988994 -9.6819464811
0.6373009909 -0.7632145770 -0.1065408674 542.9925238006 0.7701634071 0.6260786364 0.1219584660 -5524.8580146620 -0.0263775180 -0.1597781287 0.9868004743 -9.6966662887
0.6455010377 -0.7547905240 -0.1167033645 543.6144619967 0.7636412862 0.6351351343 0.1159971861 -5524.0799887281 -0.0134311698 -0.1639958114 0.9863695948 -9.7258404160
0.6264909587 -0.7702731485 -0.1191148829 544.2650563553 0.7794064148 0.6179588965 0.1032106721 -5523.2735004673 -0.0058923078 -0.1574994568 0.9875014946 -9.7381716860
0.6559064727 -0.7436440893 -0.1295382861 544.9020233569 0.7546463940 0.6499167300 0.0900947509 -5522.4608775742 0.0171906703 -0.1568493308 0.9874729203 -9.7351198230
0.7152516437 -0.6872474447 -0.1269095581 545.5757319346 0.6981278334 0.7109655178 0.0845314187 -5521.7017885237 0.0321343182 -0.1490603310 0.9883058248 -9.7122330942
0.7500127445 -0.6478884510 -0.1331218923 546.3001451728 0.6601824053 0.7456097615 0.0906933034 -5520.9937841631 0.0404978385 -0.1559058644 0.9869413795 -9.6807364818
0.7588970156 -0.6268879901 -0.1763143997 547.0299176950 0.6441875400 0.7623297044 0.0622562052 -5520.3408854908 0.0953820369 -0.1608255877 0.9823631698 -9.6361725138
0.7726187575 -0.6168967483 -0.1499955253 547.7974828829 0.6319931878 0.7698105164 0.0893105786 -5519.6777568063 0.0603727273 -0.1637991785 0.9846445871 -9.5846630407
0.7590735647 -0.6343682092 -0.1462337123 548.5614233066 0.6492271990 0.7542441468 0.0980806361 -5519.0203476752 0.0480766841 -0.1693893215 0.9843758887 -9.5322333446
0.7384225770 -0.6581811411 -0.1467299677 549.3005994833 0.6730784959 0.7326776857 0.1007409903 -5518.3454561947 0.0411999532 -0.1731502076 0.9840333173 -9.4920105566
0.7303161411 -0.6670304504 -0.1473387671 550.0281744270 0.6820317225 0.7241114220 0.1024469528 -5517.6466829935 0.0383544471 -0.1753083763 0.9837661864 -9.4601497532
0.7175290856 -0.6663926058 -0.2026645167 550.7510448822 0.6884289686 0.7227452357 0.0608677215 -5516.9442229336 0.1059130143 -0.1831944847 0.9773547023 -9.4283997375
0.7833105929 -0.6050562910 -0.1425882173 551.4924044302 0.6206447605 0.7741291694 0.1245957882 -5516.1974431098 0.0349942328 -0.1860938307 0.9819085955 -9.4188256067
0.7674376938 -0.6258177585 -0.1392534355 552.2870511998 0.6406213389 0.7571248592 0.1279306367 -5515.5237430192 0.0253709734 -0.1873875151 0.9819583662 -9.3903219835
0.7472922419 -0.6370473403 -0.1890105591 553.0233499277 0.6601245362 0.7442829002 0.1013832388 -5514.8305569378 0.0760914045 -0.2005334154 0.9767274172 -9.3759083508
0.7990818111 -0.5821854999 -0.1500943136 553.8430552544 0.6004947321 0.7851218460 0.1516237570 -5514.1238375857 0.0295691718 -0.2112906310 0.9769759124 -9.3532648172
0.8465266634 -0.5146142306 -0.1362527133 554.6758206148 0.5314312030 0.8319237372 0.1596363741 -5513.5039408060 0.0312007166 -0.2075453904 0.9777276851 -9.3187812775
-0.8807046331 0.4504200610 -0.1465643812 805.0780851196 -0.4601591627 -0.8869672746 0.0392759315 -5815.6625982007 -0.1123071423 0.1020334378 0.9884211063 -0.0802143414
-0.8163051233 0.4714333452 0.3337612120 804.3250316743 -0.3847666130 -0.8747597014 0.2945337303 -5816.1295524624 0.4308138799 0.1120092219 0.8954626375 -0.1625048662
-0.9189391630 0.3941572488 -0.0138158580 803.2334009814 -0.3935642048 -0.9141522020 0.0971234688 -5816.6590628360 0.0256521222 0.0946879863 0.9951764436 -0.2864641713
-0.9357033902 0.3197450846 -0.1490712796 802.2149631567 -0.3279775980 -0.9440842771 0.0336982637 -5817.0781404265 -0.1299609971 0.0804236199 0.9882520835 -0.4361101274
-0.9082229839 0.3967794910 -0.1330302490 801.2066253959 -0.4015133923 -0.9158016240 0.0097150009 -5817.3934329969 -0.1179746049 0.0622368137 0.9910643630 -0.5663640305
-0.8764365730 0.4591227480 -0.1451386775 800.2629642356 -0.4696553704 -0.8815801460 0.0473315883 -5817.7955317985 -0.1062203676 0.1096482943 0.9882785463 -0.6673110572
-0.8224092885 0.5621886688 -0.0871026002 799.3513334631 -0.5622366425 -0.8265574320 -0.0263205141 -5818.3265189996 -0.0867923964 0.0273260382 0.9958515791 -0.7679107679
-0.8684481341 0.4808300057 -0.1208318827 798.4675429798 -0.4928939936 -0.8636166682 0.1059328159 -5818.8168448019 -0.0534167515 0.1515544656 0.9870045059 -0.8526114768
-0.9338318458 0.3424957523 -0.1032218164 797.5139686553 -0.3475809568 -0.9369748066 0.0355765404 -5819.2807767746 -0.0845314275 0.0691004441 0.9940219144 -0.9685909643
-0.8992685452 0.4175415269 -0.1302887446 796.5212751053 -0.4240007159 -0.9053106718 0.0252186532 -5819.6906295255 -0.1074219560 0.0779208626 0.9911553171 -1.0838201179
-0.9226956302 0.3751356095 -0.0889159636 795.5600418188 -0.3771123407 -0.9261484404 0.0059454924 -5820.1035462983 -0.0801190150 0.0390171870 0.9960213866 -1.1596958507
-0.9108843727 0.4008259815 -0.0981233512 794.6177635033 -0.4048670367 -0.9140444722 0.0246045822 -5820.5175064214 -0.0798269510 0.0621388399 0.9948700531 -1.2661389659
-0.9167273861 0.3810553332 -0.1200322146 793.6644807798 -0.3862252166 -0.9221344537 0.0223188559 -5820.9073747001 -0.1021811216 0.0668197745 0.9925190860 -1.3532318557
-0.9301067933 0.3627739599 -0.0574143449 792.7696888126 -0.3638333481 -0.9314219989 0.0088518267 -5821.3062802979 -0.0502657716 0.0291223975 0.9983111930 -1.4269728183
-0.9467864388 0.3186508834 -0.0453547547 791.8231740223 -0.3190274149 -0.9477448174 0.0011268216 -5821.6608809327 -0.0426256711 0.0155362695 0.9989703081 -1.5149866439
-0.9254777003 0.3706706056 -0.0780661791 790.8716121394 -0.3696382585 -0.9287591888 -0.0278195446 -5822.0462664977 -0.0828165687 0.0031098783 0.9965599554 -1.5959762393
-0.9296601151 0.3598463342 -0.0790106710 789.9367527937 -0.3569910827 -0.9328640424 -0.0481876046 -5822.4172456054 -0.0910463468 -0.0165919890 0.9957084255 -1.6624417846
-0.9301331799 0.3671732259 -0.0060074760 789.0377964651 -0.3671586396 -0.9301520752 -0.0034132579 -5822.7938459304 -0.0068411232 -0.0009690877 0.9999761297 -1.7411847422
-0.9413337880 0.3345833455 -0.0440985776 788.0766855931 -0.3336532735 -0.9423031428 -0.0272080912 -5823.1533561752 -0.0506576025 -0.0108982608 0.9986566153 -1.8108234485
-0.9409945796 0.3377979491 0.0205364745 787.1547474480 -0.3382253607 -0.9407820932 -0.0230793973 -5823.4772098028 0.0115241744 -0.0286635443 0.9995226834 -1.8470191109
-0.9285111980 0.3567432846 -0.1029620516 786.1242278323 -0.3544491186 -0.9342018964 -0.0404059278 -5823.8157618765 -0.1106018873 -0.0010225480 0.9938642648 -1.8965692749
-0.9324799064 0.3607615610 0.0182296524 785.2496195676 -0.3606096299 -0.9326502708 0.0111430320 -5824.1740047499 0.0210218678 0.0038168653 0.9997717303 -1.9593850270
-0.9363695609 0.3491490618 0.0361521524 784.2018921759 -0.3480751971 -0.9368909187 0.0328491053 -5824.5546633383 0.0453398575 0.0181752347 0.9988062666 -2.0032676631
-0.9631925558 0.2630646222 -0.0552910928 783.1710534126 -0.2638349157 -0.9645424777 0.0069961404 -5824.9125529235 -0.0514901706 0.0213263512 0.9984457667 -2.0534378341
-0.9436595507 0.3219174169 -0.0766539570 782.1682024057 -0.3288168439 -0.9382262744 0.1077540777 -5825.1250278058 -0.0372308421 0.1268882768 0.9912180535 -2.0678901356
-0.9418638021 0.3336037518 -0.0400139361 781.2010915731 -0.3350759663 -0.9414050915 0.0384779228 -5825.4915794207 -0.0248329438 0.0496486709 0.9984579783 -2.1307084454
-0.9216586279 0.3858618707 0.0406938602 780.2765113612 -0.3868342390 -0.9219476480 -0.0192822658 -5825.8656028731 0.0300773176 -0.0335134450 0.9989855875 -2.1512172898
-0.9329948434 0.3594836323 -0.0170921095 779.3176504930 -0.3586188022 -0.9326387388 -0.0397182277 -5826.2811032000 -0.0302188162 -0.0309273498 0.9990647237 -2.1896694305
-0.9361755021 0.3510401392 -0.0186077911 778.3542610893 -0.3514538479 -0.9357756314 0.0283577237 -5826.6098921353 -0.0074580182 0.0330875860 0.9994246293 -2.2326998259
-0.9518730594 0.3010363555 0.0575742250 777.4172168884 -0.2964723192 -0.9520021427 0.0761320185 -5826.9204893223 0.0777292909 0.0553988533 0.9954341386 -2.2406272054
-0.9722792520 0.2222729902 -0.0725794326 776.3270989011 -0.2201968057 -0.9748072770 -0.0355547399 -5827.2648248897 -0.0786538174 -0.0185873767 0.9967286925 -2.2964767094
-0.9684077311 0.2489069767 -0.0152244335 775.3658329058 -0.2470878467 -0.9659915378 -0.0762098745 -5827.5220293292 -0.0336758434 -0.0700404592 0.9969755622 -2.3450000197
-0.9632439522 0.2665364454 -0.0334576114 774.3953344339 -0.2646219068 -0.9629199982 -0.0525387817 -5827.8036580753 -0.0462205033 -0.0417540468 0.9980582471 -2.4126900735
-0.9538225251 0.3003197452 0.0055354492 773.3373341706 -0.3003353823 -0.9538310528 -0.0022317966 -5828.0930272661 0.0046096307 -0.0037912291 0.9999821888 -2.4394881339
-0.9375722847 0.3455157352 -0.0397125625 772.3495352606 -0.3463105255 -0.9379992145 0.0150497054 -5828.4229480943 -0.0320504424 0.0278630650 0.9990978024 -2.4951504687
-0.9619299853 0.2677151972 -0.0549479439 771.3482086497 -0.2682758079 -0.9633376111 0.0029559883 -5828.7520338934 -0.0521420580 0.0175846578 0.9984848449 -2.5412920600
-0.9812256088 0.1588091388 0.1094347385 770.3509256196 -0.1621639627 -0.9865092559 -0.0224128794 -5829.0067854313 0.1043990124 -0.0397384620 0.9937412645 -2.5953605497
-0.9768694340 0.2131012116 -0.0177195547 769.2615632243 -0.2122766218 -0.9763988151 -0.0397993692 -5829.2145257227 -0.0257826461 -0.0351173400 0.9990505631 -2.6246669714
-0.9460024240 0.3241569921 -0.0012877399 768.1792544685 -0.3237136577 -0.9449020031 -0.0486792796 -5829.5266095221 -0.0169965169 -0.0456338576 0.9988136310 -2.6537803065
-0.9501353933 0.3118374228 -0.0003952636 767.1349872406 -0.3114389607 -0.9489838740 -0.0493495768 -5829.8854810845 -0.0157641436 -0.0467656791 0.9987814891 -2.6828329574
-0.9606848392 0.2775532081 0.0069897408 766.0643716077 -0.2775621295 -0.9595059927 -0.0480365925 -5830.2049084492 -0.0066260122 -0.0480881135 0.9988211198 -2.6984580092
-0.9652434183 0.2593912154 0.0319584236 764.9885972705 -0.2592839970 -0.9657717923 0.0075268851 -5830.4719330049 0.0328169519 -0.0010210315 0.9994608572 -2.6703220069
-0.9612950020 0.2590411732 0.0938594151 764.0337202956 -0.2621604157 -0.9647649956 -0.0223700629 -5830.7317546689 0.0847575109 -0.0461104530 0.9953341100 -2.6388204786
-0.9748804596 0.1971959131 0.1035464210 763.0089607753 -0.2031065323 -0.9778827642 -0.0499303113 -5831.0070310504 0.0914102071 -0.0697070393 0.9933705767 -2.6241684893
-0.9363802679 0.2563757396 0.2397154024 762.0237984020 -0.2596694721 -0.9655240829 0.0183032918 -5831.1842060950 0.2361435140 -0.0451079307 0.9706706524 -2.4841127259
-0.9627022059 0.2010316823 0.1810820961 761.0122618753 -0.2296762020 -0.9609733473 -0.1542046303 -5831.5625648063 0.1430150518 -0.1900433858 0.9713033545 -2.4192946368
-0.9387656539 0.1628820418 0.3036255714 760.0171753999 -0.1713277720 -0.9852133600 -0.0011957631 -5831.7805384683 0.2989412010 -0.0531420340 0.9527906814 -2.2597762722
-0.9948021440 0.0558447713 0.0851472594 758.8396370154 -0.0672426085 -0.9882191683 -0.1374820244 -5831.9632457575 0.0764665016 -0.1424929365 0.9868376955 -2.2056386055
-0.8940219508 0.2058294465 -0.3979434514 757.5362335155 -0.2238000419 -0.9746341838 -0.0013224605 -5832.0223813566 -0.3881214922 0.0878774524 0.9174089931 -2.5574421272
-0.9356009441 0.3217680334 -0.1453141633 756.5614619163 -0.3416569773 -0.9288976421 0.1428974470 -5832.1777609337 -0.0890021531 0.1833425841 0.9790118046 -2.8706634823
-0.9222287609 0.3293381785 -0.2025598104 755.4787292296 -0.3379605943 -0.9411215203 0.0085393682 -5832.6054744278 -0.1878210567 0.0763324849 0.9792326600 -3.0347873783
-0.9150755205 0.3446769159 -0.2093671784 754.4565095905 -0.3345908339 -0.9387029553 -0.0829803322 -5833.0264426402 -0.2251349941 -0.0058809319 0.9743098322 -3.3496588030
-0.9906755962 0.0391083643 -0.1305082334 753.4402273873 -0.0300815632 -0.9970626526 -0.0704355480 -5833.3129818110 -0.1328795044 -0.0658528868 0.9889420785 -3.5671536796
-0.9882880392 0.0287863676 -0.1498602568 752.3629918158 -0.0393132406 -0.9969266320 0.0677625226 -5833.3033439312 -0.1474490442 0.0728603829 0.9863823518 -3.7539777398
-0.9874328119 0.1042704889 -0.1187607140 751.3513237609 -0.1027416068 -0.9945277256 -0.0189410993 -5833.3828119538 -0.1200858204 -0.0065013964 0.9927422261 -3.9173191682
-0.9729770018 0.1917245499 -0.1286757590 750.3421406539 -0.1848755455 -0.9807196304 -0.0633248705 -5833.5327642313 -0.1383357751 -0.0378246415 0.9896628263 -4.0507365069
-0.9522274416 0.2845571694 -0.1108607996 749.3492763821 -0.2831168101 -0.9586511184 -0.0288600929 -5833.7727807799 -0.1144891758 0.0039051835 0.9934168199 -4.1900864229
-0.9718999145 0.2233483134 -0.0743376558 748.3987215181 -0.2185385243 -0.9734815412 -0.0676358062 -5834.0392115896 -0.0874726789 -0.0494895926 0.9949368375 -4.2983044979
-0.9930193575 0.0864861228 -0.0802041536 747.2932405313 -0.0864752635 -0.9962474381 -0.0036153706 -5834.2339037820 -0.0802158620 0.0033455423 0.9967719011 -4.3854660780
-0.9930643606 0.0952327726 -0.0689484935 746.2914883649 -0.0961642755 -0.9953120604 0.0103118659 -5834.2922140200 -0.0676432395 0.0168707284 0.9975669254 -4.4484558294
-0.9840725409 0.1776971213 -0.0049967387 745.2017962975 -0.1757363557 -0.9766818340 -0.1233261058 -5834.5077515383 -0.0267949179 -0.1204837257 0.9923536185 -4.5073452547
-0.9606118289 0.2768371705 0.0242094039 744.1576991551 -0.2777072824 -0.9531271024 -0.1201140790 -5834.7558350711 -0.0101774027 -0.1221061329 0.9924648673 -4.5880952132
-0.9883163333 0.1487332679 -0.0333052587 743.1398053220 -0.1473293437 -0.9882265420 -0.0412597401 -5835.0184785168 -0.0390498366 -0.0358708331 0.9985932073 -4.6717244181
-0.9968855570 -0.0617108273 -0.0491015271 742.0236229775 0.0630615911 -0.9976590281 -0.0264518323 -5835.1932283029 -0.0473542173 -0.0294658700 0.9984434589 -4.6973588515
-0.9984189605 -0.0544129949 0.0140998310 741.0106037468 0.0537071887 -0.9974801679 -0.0463557169 -5835.1366646285 0.0165866552 -0.0455251644 0.9988254814 -4.7511925133
-0.9969741181 0.0774704448 -0.0063982824 739.9785972885 -0.0772124562 -0.9964427352 -0.0337655469 -5835.1414541752 -0.0089913540 -0.0331693492 0.9994093004 -4.7696260353
-0.9903553595 0.1382543795 -0.0090547467 738.9475428786 -0.1365348189 -0.9849677986 -0.1058143612 -5835.3339609688 -0.0235479328 -0.1035575315 0.9943446749 -4.7630862982
-0.9827430578 0.1832146750 0.0254649798 737.9159178231 -0.1832303097 -0.9830684784 0.0017379535 -5835.4785913395 0.0253522375 -0.0029579944 0.9996742041 -4.8055761368
-0.9873316727 0.1532167402 0.0412407391 736.8542133886 -0.1539974698 -0.9879342562 -0.0164524988 -5835.6621316312 0.0382223407 -0.0225950426 0.9990137720 -4.8474453395
-0.9911056551 0.1321762969 0.0154598481 735.7402310115 -0.1317902436 -0.9909923418 0.0237804593 -5835.7541254891 0.0184638041 0.0215314906 0.9995976605 -4.8683813749
-0.9960633224 0.0855975574 -0.0230416119 734.5934804792 -0.0864715084 -0.9954484071 0.0400642875 -5835.8419200117 -0.0195073307 0.0418990103 0.9989313975 -4.9084192626
-0.9892255071 0.1078109873 -0.0990438649 733.5586597966 -0.1159915874 -0.9899485362 0.0809187699 -5835.9357364763 -0.0893243966 0.0915351663 0.9917875103 -4.9966020472
-0.9902770241 0.0773636279 -0.1156126493 732.5462538369 -0.0823443189 -0.9958430045 0.0389374297 -5836.0612504189 -0.1121197072 0.0480788869 0.9925309022 -5.0918793007
-0.9943964461 0.0438447592 -0.0961943085 731.5476760397 -0.0321673199 -0.9922827465 -0.1197506349 -5836.2170655738 -0.1007023904 -0.1159852926 0.9881328051 -5.1684703794
-0.9962396723 0.0629674304 -0.0595114945 730.4998651218 -0.0533512983 -0.9870536237 -0.1512573403 -5836.3134617675 -0.0682653224 -0.1475135476 0.9867013728 -5.3693956217
-0.9996597290 -0.0017567083 -0.0260257611 729.4592774182 0.0086110340 -0.9640220294 -0.2656828504 -5836.5283358500 -0.0246226798 -0.2658165549 0.9637091277 -5.5310973148
-0.9851108178 0.0997640342 -0.1400136214 728.3131361347 -0.0639278838 -0.9685773795 -0.2403561640 -5836.6075254710 -0.1595929270 -0.2278266828 0.9605337580 -5.7090701559
-0.9790060507 -0.0037885161 -0.2037959760 727.2905004421 0.0667471437 -0.9506594539 -0.3029709912 -5836.7222809861 -0.1925927608 -0.3102132329 0.9309542302 -5.9385698551
-0.9645120331 0.1019215202 -0.2435745097 726.2023077644 -0.0610032387 -0.9835545304 -0.1699973251 -5836.7058892823 -0.2568951983 -0.1491056317 0.9548677226 -6.1872092509
-0.9950537153 -0.0195794853 -0.0973896680 725.1296867723 0.0386448832 -0.9794536636 -0.1979320437 -5836.7896881824 -0.0915132596 -0.2007166278 0.9753656538 -6.4007473471
-0.9828102845 -0.0292056987 -0.1822936419 724.0011092037 0.0382236540 -0.9982028137 -0.0461529515 -5836.6872632468 -0.1806180971 -0.0523275245 0.9821603399 -6.6209132186
-0.9996180454 0.0125248393 0.0246351720 722.9954180261 -0.0136263764 -0.9988910496 -0.0450665379 -5836.6803609421 0.0240434016 -0.0453850126 0.9986801868 -6.7450277101
-0.9931215689 -0.0396466179 -0.1101712076 721.8475977107 0.0576544890 -0.9845367731 -0.1654185673 -5836.7379119785 -0.1019093185 -0.1706326117 0.9800505102 -6.8312367120
-0.9851938372 0.1018910516 -0.1378815314 720.7972326740 -0.0894941238 -0.9916061141 -0.0933172880 -5836.7141452987 -0.1462323662 -0.0795960302 0.9860428830 -6.9252417362
-0.9941617048 0.0810021723 -0.0712822048 719.7264261680 -0.0697076122 -0.9864186930 -0.1487246145 -5836.8797637397 -0.0823611161 -0.1428874040 0.9863061575 -7.0381571631
-0.9932340920 -0.1146456593 -0.0185043582 718.6893970383 0.1160981072 -0.9839787311 -0.1353036812 -5836.9496507001 -0.0026959152 -0.1365365499 0.9906313656 -7.1266047026
-0.9871249066 -0.1444063393 -0.0687839218 717.6495631169 0.1449615087 -0.9894323666 -0.0031229636 -5836.7735876670 -0.0676060628 -0.0130537763 0.9976266933 -7.1676944485
-0.9956931018 -0.0923376462 0.0083069938 716.6427634599 0.0911625258 -0.9914349769 -0.0935204813 -5836.6660773534 0.0168713053 -0.0923604116 0.9955827004 -7.2521022403
-0.9894770404 -0.1422875890 0.0262569711 715.6095584291 0.1387052129 -0.9844523329 -0.1077704421 -5836.5496026315 0.0411831328 -0.1029943993 0.9938290111 -7.3162469017
-0.9792339828 -0.2025361672 0.0089391208 714.5620890255 0.2003510255 -0.9735255707 -0.1100337669 -5836.4235307836 0.0309882801 -0.1059578418 0.9938876507 -7.3736201571
-0.9777748201 -0.1832295072 -0.1018987182 713.4152019267 0.1980695608 -0.9666363567 -0.1624272237 -5836.2675528109 -0.0687375455 -0.1790002838 0.9814448778 -7.3679214426
-0.9879325739 -0.1244824748 -0.0921593342 712.3379366584 0.1289928839 -0.9906376827 -0.0446969527 -5836.0678316919 -0.0857325219 -0.0560454738 0.9947405891 -7.5230356096
-0.9723239233 -0.2077742449 -0.1068459237 711.2843360856 0.2113463650 -0.9771371002 -0.0231473841 -5835.8936518103 -0.0995936858 -0.0450882529 0.9940061102 -7.6300289958
-0.9372141108 -0.3318872009 -0.1071475448 710.2553829910 0.3309129411 -0.9432671519 0.0272709642 -5835.5867535027 -0.1101196434 -0.0098977767 0.9938690548 -7.7012567047
-0.9276034038 -0.3651983643 -0.0786262037 709.2594283699 0.3670432195 -0.9301508572 -0.0099326701 -5835.2375770391 -0.0695068359 -0.0380727935 0.9968546846 -7.8018481661
-0.9230814898 -0.3822769510 0.0422480274 708.2868666294 0.3791869674 -0.9229439986 -0.0662692929 -5834.8621666926 0.0643257866 -0.0451520562 0.9969069591 -7.8667285756
-0.9593920306 -0.2564664077 -0.1174389773 707.1905894595 0.2594362374 -0.9657033917 -0.0104784537 -5834.4226353561 -0.1107238473 -0.0405208713 0.9930248177 -7.9533914883
-0.9600947085 -0.1943502130 -0.2011122709 706.0202768625 0.2263628680 -0.9623181383 -0.1506773133 -5834.2456420575 -0.1642498182 -0.1901888416 0.9679102240 -8.0646742485
-0.9736001902 -0.1751334559 -0.1463931088 704.9525815613 0.1688981550 -0.9841483449 0.0540874158 -5833.9181921962 -0.1535450518 0.0279339923 0.9877467333 -8.2365241935
-0.8996307132 -0.4073374641 -0.1572919903 703.9169185122 0.4161547713 -0.9089105084 -0.0263987511 -5833.7726424574 -0.1322111425 -0.0892069396 0.9871992381 -8.4307980788
-0.7656739925 -0.6338209457 -0.1096099726 702.9549334632 0.6416677981 -0.7645089824 -0.0615504086 -5833.2694436558 -0.0447858704 -0.1174607368 0.9920671354 -8.5573326846
-0.8048760906 -0.5836345751 -0.1074484135 702.1745796015 0.5921252787 -0.8018744142 -0.0799066846 -5832.6208817357 -0.0395238297 -0.1279379017 0.9909943290 -8.6226381824
-0.8574868074 -0.5090534777 -0.0747056359 701.3337152436 0.5145029900 -0.8479019706 -0.1278629011 -5832.0762588629 0.0017459985 -0.1480770239 0.9889742901 -8.6325834439
-0.8797755885 -0.4677894157 -0.0846639026 700.4161915462 0.4748805682 -0.8730211208 -0.1110070654 -5831.5271744455 -0.0219854449 -0.1378665485 0.9902067739 -8.7528858356
-0.9052005337 -0.4148162169 -0.0924094144 699.4393376996 0.4236607454 -0.8979397717 -0.1192297749 -5831.0663521446 -0.0335196443 -0.1470770973 0.9885569083 -8.8463276258
-0.8741359609 -0.4854010528 -0.0164966624 698.5099631478 0.4837954532 -0.8672490646 -0.1175628317 -5830.6439645040 0.0427584072 -0.1107469091 0.9929284167 -8.9305641413
-0.8011796715 -0.5908625253 -0.0948293743 697.5607635585 0.5974950470 -0.7986541815 -0.0717716324 -5830.1308324341 -0.0333287083 -0.1141620543 0.9929029271 -8.9988623221
-0.8082423208 -0.5870376249 -0.0461646822 696.7528981013 0.5883946115 -0.8020487612 -0.1025161730 -5829.5383995436 0.0231545245 -0.1100209599 0.9936595274 -9.0327383013
-0.8212233029 -0.5661388967 -0.0712673586 695.8884489002 0.5706052887 -0.8144894575 -0.1049596500 -5828.9438224153 0.0013752282 -0.1268608422 0.9919195711 -9.0749715751
-0.8329430256 -0.5381424053 -0.1288746202 694.9129514561 0.5480060479 -0.8345181681 -0.0571734083 -5828.3484462025 -0.0767807765 -0.1182462630 0.9900113806 -9.1491256847
-0.8317890558 -0.5470465167 -0.0941651481 694.0425578203 0.5526480695 -0.8320249882 -0.0481095655 -5827.7917201895 -0.0520295860 -0.0920571973 0.9943934808 -9.2266484928
-0.8479202049 -0.5192944890 -0.1066046896 693.1500553458 0.5257061958 -0.8495841531 -0.0428924530 -5827.2179975243 -0.0682958405 -0.0924121234 0.9933758995 -9.2983018011
-0.8256770831 -0.5546869625 -0.1028578057 692.2686244557 0.5610215524 -0.8264986712 -0.0464194384 -5826.6532665493 -0.0592635824 -0.0960329123 0.9936123528 -9.3693471626
-0.8085625047 -0.5760916915 -0.1197707769 691.3946084437 0.5843366555 -0.8100645699 -0.0484362014 -5826.0526133643 -0.0691183697 -0.1091501515 0.9916193299 -9.4449660866
-0.7627893652 -0.6103443843 -0.2136167524 690.4646857734 0.6405022703 -0.7585576414 -0.1197795740 -5825.4488920773 -0.0889338295 -0.2281886001 0.9695466656 -9.4805095661
-0.8545989511 -0.5150978169 -0.0658397430 689.6210502677 0.5160737462 -0.8565404423 0.0025217241 -5824.7567445731 -0.0576933371 -0.0318231000 0.9978270237 -9.5957950496
-0.7958948895 -0.5971253125 -0.0999634235 688.6789119661 0.6047226934 -0.7920538729 -0.0834333655 -5824.2302568893 -0.0293562423 -0.1268543400 0.9914868569 -9.6906325778
-0.7559326950 -0.6233261614 -0.2000756287 687.7634506761 0.6495180471 -0.7523123430 -0.1102381286 -5823.5623802786 -0.0818050554 -0.2132853373 0.9735590880 -9.7540765138
-0.7582929313 -0.5951644697 -0.2660283526 686.8862654114 0.6341427402 -0.7680429783 -0.0892914807 -5822.9614271383 -0.1511780915 -0.2364090471 0.9598207890 -9.8720937608
-0.6775597637 -0.6574439756 -0.3296667796 686.0125396810 0.6851051632 -0.7272215307 0.0421872106 -5822.1977992855 -0.2674765075 -0.1972720564 0.9431543107 -10.0939874295
-0.7250616535 -0.6605120579 -0.1949600473 685.2911582978 0.6738270296 -0.7388842297 -0.0026887411 -5821.4678749050 -0.1422769584 -0.1333188526 0.9808074993 -10.3304446204
-0.7632512319 -0.6422704355 -0.0702584137 684.5470822764 0.6458049496 -0.7616725836 -0.0528284254 -5820.7910535512 -0.0195837717 -0.0856945921 0.9961289639 -10.4726842456
-0.8437581889 -0.5354302231 0.0372370103 683.7601754004 0.5304224036 -0.8424429866 -0.0945615571 -5820.2035055626 0.0820011737 -0.0600357436 0.9948223545 -10.4819591712
-0.8280196331 -0.5511837261 -0.1028590649 682.8166872343 0.5574310771 -0.8290009976 -0.0450326579 -5819.6260909067 -0.0604489993 -0.0946247642 0.9936760400 -10.5172963745
-0.8413241373 -0.5368917310 -0.0626176108 681.9477865813 0.5383526759 -0.8426817786 -0.0079885164 -5819.0792842494 -0.0484777513 -0.0404312900 0.9980056204 -10.5949409785
-0.7601726752 -0.6496362892 -0.0104974079 681.1535639183 0.6493452538 -0.7590842978 -0.0462792630 -5818.5019134420 0.0220962711 -0.0419966732 0.9988733825 -10.6344931359
-0.7081506397 -0.7035667581 0.0592999861 680.4205046518 0.6956807657 -0.7096228805 -0.1116406720 -5817.8420197469 0.1206272926 -0.0378045536 0.9919777578 -10.6678671457
-0.6650328933 -0.7449255124 0.0530776022 679.7044969487 0.7427657341 -0.6671454533 -0.0567098606 -5817.0896743924 0.0776551030 0.0017103015 0.9969788161 -10.6930836091
-0.7396668949 -0.6601595863 -0.1306989105 678.9119130392 0.6711137431 -0.7380057743 -0.0703833856 -5816.2834239526 -0.0499922839 -0.1397740953 0.9889206105 -10.7440946499
-0.8766895103 -0.4750476934 -0.0757970422 678.1161517771 0.4752602383 -0.8796930501 0.0163659251 -5815.6020352407 -0.0744527262 -0.0216754855 0.9969889492 -10.8403615530
-0.8832389834 -0.4656102658 -0.0556415180 677.1567722476 0.4590979068 -0.8827862435 0.0995869477 -5815.0425379884 -0.0954882719 0.0624141700 0.9934719228 -10.8837509899
-0.8969588934 -0.4291803121 -0.1061555620 676.1548567618 0.4388059011 -0.8935217667 -0.0952272733 -5814.6618382028 -0.0539826344 -0.1319966367 0.9897791486 -10.9606488152
-0.8701748084 -0.4912374920 0.0384906389 675.2763148728 0.4900950116 -0.8709412977 -0.0356108903 -5814.1804904279 0.0510164914 -0.0121236295 0.9986242212 -11.0759602063
-0.8097889063 -0.5755014255 -0.1141929789 674.3322238160 0.5779714729 -0.8159451372 0.0135096107 -5813.6287457719 -0.1009500061 -0.0550603514 0.9933667268 -11.1494370291
-0.6982000158 -0.7148128169 -0.0394889190 673.5118983282 0.7108326524 -0.6987529502 0.0803819313 -5812.9281497897 -0.0850510334 0.0280526526 0.9959816115 -11.2322052714
-0.7269176719 -0.6446277532 -0.2367398533 672.6946882341 0.6817646362 -0.7187871954 -0.1361688235 -5812.3141942288 -0.0823873725 -0.2603843842 0.9619835203 -11.3380401469
-0.5754847775 -0.3484311237 0.7398736534 672.2882316083 0.3938994025 -0.9109390142 -0.1226106564 -5811.6042414507 0.7167011452 0.2208752236 0.6614783473 -11.3831519416
-0.6964202287 -0.6865194469 0.2090213245 671.3723195241 0.6429045184 -0.7262644677 -0.2433386594 -5811.0052041453 0.3188614828 -0.0350852108 0.9471517211 -11.4800419146
-0.7637371290 -0.6149869814 0.1962055313 670.5493290556 0.5860832118 -0.7880029512 -0.1885678069 -5810.2555746084 0.2705772841 -0.0290234675 0.9622606568 -11.5721713964
-0.9140473236 -0.3139486285 0.2568146196 669.7779791455 0.3425231287 -0.9365780489 0.0741583761 -5809.4796346608 0.2172450149 0.1557492122 0.9636113254 -11.7354427861
-0.8371145826 -0.5364285055 0.1071617191 668.6954701979 0.5354824183 -0.8436044034 -0.0398771905 -5809.0530290202 0.1117933599 0.0240014388 0.9934415814 -11.8646469938
-0.7819068081 -0.6156859520 0.0977371575 667.8519201142 0.6164029654 -0.7869916942 -0.0262955799 -5808.4799795001 0.0931081503 0.0396847808 0.9948648102 -11.9854993172
-0.9153346857 -0.3969670935 -0.0676722976 666.8071134759 0.3991132612 -0.9166544980 -0.0212869931 -5807.8643520674 -0.0535818802 -0.0464936346 0.9974804881 -12.0553280950
-0.9931411142 -0.1025507449 -0.0561611261 665.9080751798 0.0982778114 -0.9923897301 0.0741895914 -5807.3749593331 -0.0633419226 0.0681613409 0.9956615050 -12.2034572714
-0.9866476244 -0.0931401230 -0.1336090669 664.7701838754 0.0533884174 -0.9599736078 0.2749551768 -5807.0919720928 -0.1538705370 0.2641506953 0.9521282834 -12.1951998966
-0.9722621215 -0.2192534150 -0.0814512562 663.7374664367 0.2160096293 -0.9752683848 0.0468125799 -5807.0650552039 -0.0897006531 0.0279198426 0.9955773577 -12.3592190045
-0.8641799596 -0.5024928167 -0.0263432443 662.7281963052 0.4956005405 -0.8590449048 0.1281481791 -5806.6714493103 -0.0870235692 0.0976873621 0.9914051027 -12.3844189353
-0.8950520799 -0.4450376615 0.0286924059 661.7802513482 0.4449813953 -0.8954978501 -0.0086693913 -5806.1998891940 0.0295521935 0.0050080301 0.9995506928 -12.4806858890
-0.9596930208 -0.2625143189 0.1003769802 660.9623726043 0.2684370553 -0.7503754603 0.6040515011 -5805.2724866282 -0.0832517457 0.6066489108 0.7905986630 -12.5103990329
-0.9554550246 -0.2947425286 0.0152491927 659.9526994803 0.2899647035 -0.9278271463 0.2346428294 -5804.9311420136 -0.0550106059 0.2286123979 0.9719620387 -12.6228480557
-0.9683503699 -0.2387587419 -0.0727449259 658.9155810292 0.2394621961 -0.9709051955 -0.0009788068 -5804.7733608201 -0.0703947278 -0.0183674877 0.9973500979 -12.7505182795
-0.9735579395 -0.2223592153 -0.0523575948 657.8124862834 0.2230119106 -0.9747913107 -0.0068984317 -5804.5057361482 -0.0495037986 -0.0183923902 0.9986045733 -12.8295003022
-0.9539571459 -0.2725087342 -0.1253186080 656.7711445367 0.2877957320 -0.9493014738 -0.1264924046 -5804.3220613693 -0.0844948542 -0.1567344938 0.9840197753 -12.8878234438
-0.9596633347 -0.2615586507 -0.1031181662 655.7299055531 0.2616229859 -0.9650806667 0.0131423003 -5803.8683094606 -0.1029548309 -0.0143658988 0.9945822861 -12.9150029221
-0.9015012881 -0.4190149387 -0.1082677636 654.6329908829 0.4004304740 -0.9024973370 0.1586001012 -5803.4316693842 -0.1641671800 0.0996244837 0.9813888624 -13.1569227181
-0.8264000403 -0.5457918709 -0.1384709612 653.6841316720 0.5324020715 -0.8374431801 0.1234380592 -5803.0083627099 -0.1833330513 0.0282869906 0.9826438004 -13.3459507944
-0.8826867159 -0.4408610310 -0.1628057521 652.7134722809 0.4361080220 -0.8974828345 0.0658358187 -5802.4493935319 -0.1751398147 -0.0128884919 0.9844592079 -13.5676947936
-0.8937764384 -0.4371117870 -0.1004836495 651.7715566841 0.4358210082 -0.8993278282 0.0356301308 -5802.0196938042 -0.1059420925 -0.0119475140 0.9943005230 -13.7476443824
-0.8775905040 -0.4622860416 -0.1269902479 650.7324655478 0.4627861134 -0.8860484593 0.0273338817 -5801.5202342215 -0.1251555855 -0.0347813682 0.9915272744 -13.8833203714
-0.8639046725 -0.4249570785 -0.2703334946 649.7443970647 0.4174320695 -0.9044570319 0.0877949018 -5800.9677990996 -0.2818140951 -0.0369994442 0.9587553686 -14.0968232360
-0.8643104162 -0.4893584733 -0.1161713782 648.8106622499 0.4802184301 -0.8715846237 0.0986433124 -5800.5726430622 -0.1495251277 0.0294708056 0.9883186267 -14.3128189450
-0.7955840596 -0.5856094931 -0.1552659835 647.8632533808 0.5803221614 -0.8102188552 0.0822897056 -5800.0252048075 -0.1739890602 -0.0246359131 0.9844393728 -14.4685126792
-0.6629416171 -0.7468543881 -0.0521242288 647.1259759301 0.7401671441 -0.6642848890 0.1042985379 -5799.3752289586 -0.1125211583 0.0305631998 0.9931791781 -14.5871197416
-0.5287895912 -0.8441588042 -0.0881900310 646.4673493545 0.8473242429 -0.5310683615 0.0028324401 -5798.5990507917 -0.0492259645 -0.0732277865 0.9960996415 -14.7210971942
-0.5516729147 -0.8314744576 -0.0656294264 645.8943102703 0.8340397686 -0.5505041089 -0.0363715614 -5797.6791880461 -0.0058872446 -0.0748027569 0.9971809705 -14.8201591818
-0.7457194267 -0.6662112665 -0.0080675274 645.2583418473 0.6643391771 -0.7425960600 -0.0848796174 -5796.8791243566 0.0505568434 -0.0686559541 0.9963585527 -14.9138468084
-0.7913952908 -0.5545830262 -0.2571597962 644.3104117006 0.5836972414 -0.8105318827 -0.0483280201 -5796.1855833411 -0.1816343141 -0.1883500311 0.9651596975 -14.9812342540
-0.8705774581 -0.4917691729 -0.0160614451 643.5358369288 0.4908977179 -0.8703233474 0.0394550565 -5795.5866476603 -0.0333814311 0.0264641561 0.9990922522 -15.1159389182
-0.8540157248 -0.5193162037 -0.0311098427 642.5839137987 0.5180629919 -0.8543821676 0.0405197251 -5795.0185708929 -0.0476222447 0.0184876242 0.9986943124 -15.2523517581
-0.7436060649 -0.6608092906 -0.1018876915 641.6773793586 0.6636176820 -0.7480272050 0.0081775686 -5794.4018784754 -0.0816185784 -0.0615335840 0.9947622961 -15.3974252221
-0.6917001520 -0.7219748797 0.0174118553 640.9790588802 0.7183481231 -0.6853434960 0.1195000690 -5793.5721083368 -0.0743429461 0.0951659895 0.9926815002 -15.4501560637
-0.6713795442 -0.7329231154 -0.1098781808 640.2631018746 0.7334878957 -0.6783416993 0.0429889028 -5792.8517232134 -0.1060425124 -0.0517324457 0.9930149745 -15.5941385777
-0.7501798467 -0.6518710066 -0.1108800632 639.5507163524 0.6524750846 -0.7569641591 0.0357984044 -5792.1328135973 -0.1072681757 -0.0454912371 0.9931888470 -15.6964338684
-0.7928084752 -0.5983175446 -0.1160639369 638.6984152852 0.6001774697 -0.7995613189 0.0221066125 -5791.4493060596 -0.1060270085 -0.0521326502 0.9929957000 -15.8096537036
-0.7906342089 -0.6101240975 -0.0514405802 637.9176282654 0.6026353152 -0.7902774639 0.1108702254 -5790.8014963374 -0.1082969275 0.0566578827 0.9925027254 -15.8824065826
-0.6950681945 -0.7106655113 -0.1087875733 637.0845253656 0.7153605484 -0.6987290505 -0.0060827426 -5790.1037929306 -0.0716902424 -0.0820502591 0.9940464094 -16.0262693986
-0.6977085496 -0.7075351139 -0.1122356559 636.3677344418 0.7103388175 -0.7035862816 0.0196241894 -5789.3780895976 -0.0928522709 -0.0660333783 0.9934878201 -16.1281970695
-0.7036233409 -0.7018819214 -0.1107969431 635.5818734324 0.7040209361 -0.7097344877 0.0251292377 -5788.5929397490 -0.0962741693 -0.0603218494 0.9935253187 -16.2346423716
-0.7157604981 -0.6919273897 -0.0944637328 634.7907975442 0.6954489208 -0.7185482370 -0.0062633556 -5787.8319962134 -0.0635429614 -0.0701777636 0.9955086004 -16.3227195932
-0.6974923751 -0.7146495051 -0.0527301774 634.0962182078 0.7158522890 -0.6982262808 -0.0059633258 -5787.1167145573 -0.0325559078 -0.0419063925 0.9985909909 -16.4363726307
-0.7401126036 -0.6657703060 -0.0947799223 633.3078417022 0.6642572631 -0.7457390689 0.0513374093 -5786.3999946650 -0.1048600137 -0.0249627881 0.9941736452 -16.5450073250
-0.7289143173 -0.6813324137 -0.0668585079 632.5875609687 0.6813695209 -0.7314850115 0.0257925193 -5785.7263896166 -0.0664792759 -0.0267548129 0.9974290380 -16.6385802164
-0.6371025473 -0.7654318252 -0.0906336866 631.8055601766 0.7618516357 -0.6431995465 0.0766578667 -5785.0156204860 -0.1169719170 -0.0202105003 0.9929295576 -16.7228614319
-0.6349913847 -0.7692790688 -0.0706799523 631.1787233639 0.7684396496 -0.6383791436 0.0444136689 -5784.2260937445 -0.0792871133 -0.0261109806 0.9965097944 -16.8193644313
-0.6955009246 -0.7168600243 -0.0488893587 630.5347170913 0.7168106868 -0.6969309956 0.0216708722 -5783.4554974092 -0.0496074914 -0.0199723031 0.9985690782 -16.8929156254
-0.7166978179 -0.6937475624 -0.0711235375 629.7815678748 0.6932941003 -0.7198085975 0.0349123677 -5782.7193650917 -0.0754157037 -0.0242879112 0.9968563432 -16.9752488445
-0.7291547883 -0.6802477703 -0.0748081926 629.0127449133 0.6700804861 -0.7318792488 0.1238745632 -5781.9389740265 -0.1390159592 0.0401962209 0.9894740153 -17.0089879304
-0.6879818191 -0.7152853587 -0.1226697688 628.2272170739 0.7204313036 -0.6935178727 0.0034200893 -5781.2906894116 -0.0875200169 -0.0860221822 0.9924416511 -17.1153777174
-0.6579562395 -0.7441111099 -0.1157248590 627.5095986981 0.7426351808 -0.6666209396 0.0641054692 -5780.5630846660 -0.1248462061 -0.0437627581 0.9912104952 -17.2026557753
-0.6197878594 -0.7841773427 -0.0304779360 626.7843926590 0.7814514538 -0.6202693201 0.0678203209 -5779.7442172509 -0.0720876877 0.0182171842 0.9972319186 -17.2990413274
-0.4658882238 -0.8821634988 -0.0688165999 626.0404430501 0.8811403931 -0.4696411097 0.0550348590 -5778.9559749780 -0.0808688481 -0.0349969932 0.9961101545 -17.4077429012
-0.5802956147 -0.8020721875 -0.1411991703 625.4638216806 0.8107759759 -0.5853113101 -0.0072792242 -5778.0563685126 -0.0768070081 -0.1187049970 0.9899544470 -17.4843918717
-0.6620333174 -0.7449975935 -0.0817953076 624.8179622122 0.7443547877 -0.6663180763 0.0442286245 -5777.1911548665 -0.0874519108 -0.0316039058 0.9956672920 -17.6015894469
-0.7095817181 -0.6994938288 -0.0848655923 624.0626726793 0.7008788133 -0.7130730436 0.0171966154 -5776.4194540945 -0.0725442925 -0.0472780917 0.9962440001 -17.6961341612
-0.7188722239 -0.6896603335 -0.0871283535 623.2654047646 0.6883897167 -0.7237029106 0.0487205820 -5775.6495985514 -0.0966556958 -0.0249543895 0.9950050025 -17.8063002660
-0.6214935445 -0.7794358069 -0.0789024529 622.5469295830 0.7803624504 -0.6248091818 0.0254545129 -5774.8775727128 -0.0691391359 -0.0457526960 0.9965573093 -17.8987103312
-0.5918874014 -0.8033468130 -0.0655987957 621.9019467825 0.8032536538 -0.5946366306 0.0345086256 -5774.0257063411 -0.0667298413 -0.0322672516 0.9972491929 -17.9819025719
-0.5695937422 -0.8173422405 -0.0866869696 621.2648080172 0.8181345494 -0.5739229762 0.0356128690 -5773.1167501116 -0.0788595457 -0.0506367375 0.9955988614 -18.0737573631
-0.6470471400 -0.7613222050 -0.0414547808 620.6280378556 0.7624401296 -0.6463583055 -0.0300996630 -5772.2778828013 -0.0038791000 -0.0510826893 0.9986868936 -18.1394978619
-0.6348799562 -0.7719083548 -0.0329383218 619.8441476800 0.7726099645 -0.6342395288 -0.0285317873 -5771.4624752825 0.0011331393 -0.0435627355 0.9990500508 -18.2204922503
-0.6021057229 -0.7912586651 0.1066696927 619.2915882641 0.7983677104 -0.5951965757 0.0913785274 -5770.5763355440 -0.0088146158 0.1401811727 0.9900866333 -18.2342700197
-0.5532821952 -0.8272602155 -0.0975671478 618.5857493026 0.8117928319 -0.5617463411 0.1594786707 -5769.6193893122 -0.1867383478 0.0090323978 0.9823681618 -18.3059724410
-0.6185201869 -0.7848317561 -0.0383652579 617.9865973926 0.7857519976 -0.6174488785 -0.0367516077 -5768.8791290162 0.0051552434 -0.0528771893 0.9985877159 -18.4026813654
-0.5551679882 -0.8235750178 -0.1162441180 617.2827581525 0.8268342506 -0.5616324542 0.0302342266 -5767.9513364950 -0.0901866230 -0.0793295434 0.9927603923 -18.5539770818
-0.6392163373 -0.7499264475 -0.1703314341 616.6274752519 0.7593332985 -0.6505391945 0.0145498523 -5767.0931999021 -0.1217185930 -0.1200378265 0.9852794042 -18.6464316591
-0.8230739743 -0.5562587002 -0.1145665364 615.9007355619 0.5585553404 -0.8293495968 0.0139706132 -5766.4115432078 -0.1027869859 -0.0524929026 0.9933173364 -18.7636337901
-0.8395141003 -0.5214443147 -0.1526823568 615.0271469460 0.5289110297 -0.8486188245 -0.0099605862 -5765.8839849053 -0.1243752311 -0.0891174351 0.9882251184 -18.8871596706
-0.7727098929 -0.6342560762 -0.0252715478 614.2302096598 0.6347001112 -0.7725690785 -0.0171110454 -5765.3537827587 -0.0086712319 -0.0292617283 0.9995341720 -19.0126073073
-0.6581082038 -0.7455454519 0.1051454764 613.4522029867 0.7529191976 -0.6511912019 0.0951982166 -5764.5972718703 -0.0025047883 0.1418167751 0.9898897557 -19.0868087113
-0.5672947125 -0.8086362776 -0.1558335003 612.6859195835 0.8040026538 -0.5847948997 0.1076784934 -5763.7188499796 -0.1782033722 -0.0642051078 0.9818967676 -19.2448140007
-0.7005286340 -0.7016503730 -0.1301782892 612.0092525404 0.7033665301 -0.7096922130 0.0401557856 -5762.9221928470 -0.1205618401 -0.0634327739 0.9906771048 -19.3875303922
-0.8175017964 -0.5703866338 -0.0796862645 611.2673856739 0.5749492072 -0.8163207893 -0.0552610000 -5762.3036355558 -0.0335294186 -0.0909915213 0.9952870546 -19.4942280378
-0.9797050206 -0.1980631234 0.0308070071 610.3132981109 0.1995487120 -0.9782531578 0.0565780067 -5761.7675256623 0.0189310352 0.0615772558 0.9979227713 -19.5563058265
-0.9478507928 -0.3100343768 -0.0738752994 609.1979626939 0.3055624994 -0.9498872482 0.0659224896 -5761.5411749583 -0.0906114428 0.0399111629 0.9950862603 -19.6944842104
-0.9117458993 -0.3590335392 -0.1995352922 608.1296621708 0.3613460563 -0.9320691640 0.0260019448 -5761.2217100999 -0.1953162633 -0.0483941243 0.9795455916 -19.8214090379
-0.8677140939 -0.4568944574 -0.1957541981 607.1299298671 0.4603462120 -0.8872243763 0.0302369187 -5760.8075449610 -0.1874929769 -0.0638777030 0.9801867285 -19.9617911117
-0.6909761784 -0.7073872555 -0.1488462017 606.2863849267 0.7154003454 -0.6987146542 -0.0004216102 -5760.2437386951 -0.1037027806 -0.1067759467 0.9888602684 -20.1142726411
-0.3882978119 -0.9206333509 -0.0407313465 605.6323961349 0.9191439847 -0.3900934826 0.0547851273 -5759.3141243715 -0.0663260482 -0.0161650270 0.9976670523 -20.1763612971
-0.2940624223 -0.9297658216 -0.2215012614 605.1077129382 0.9555153222 -0.2914929757 -0.0449701466 -5758.4515406564 -0.0227543565 -0.2248718794 0.9741226191 -20.2670168650
-0.5686732956 -0.8078248700 -0.1550150392 604.7244902223 0.8163289777 -0.5774094534 0.0143291039 -5757.5218763552 -0.1010825555 -0.1183946897 0.9878081871 -20.3690926591
-0.7075767469 -0.6413507151 -0.2966553682 603.9243153218 0.6933412619 -0.7111740700 -0.1162296723 -5756.7906152883 -0.1364296222 -0.2879248207 0.9478851491 -20.4382342919
-0.8301369063 -0.5481573485 -0.1019619448 603.2239819916 0.5527989123 -0.8330159282 -0.0223120150 -5756.1018201983 -0.0727054292 -0.0748864793 0.9945380515 -20.6071417321
-0.8614302917 -0.4999658346 -0.0892861514 602.2279567175 0.5064741847 -0.8587255803 -0.0779376543 -5755.5604184062 -0.0377061378 -0.1123589870 0.9929520156 -20.7544167207
-0.8699864614 -0.4699863810 -0.1491186059 601.3270940860 0.4750649376 -0.8799489597 0.0017701550 -5755.0505566274 -0.1320487108 -0.0693010103 0.9888177324 -20.9271387281
-0.7882237453 -0.5989857301 -0.1411361845 600.3952557819 0.6124450836 -0.7859493930 -0.0848208178 -5754.5295800411 -0.0601194391 -0.1532959450 0.9863498397 -21.0389507573
-0.8127723467 -0.5688884239 -0.1255670081 599.5232334241 0.5738503460 -0.8189497663 -0.0041304681 -5753.8879985339 -0.1004832964 -0.0754138013 0.9920765423 -21.1907553280
-0.6979346936 -0.7077413561 -0.1094958277 598.6948655709 0.7105843943 -0.7034013996 0.0172130665 -5753.2113863380 -0.0892019175 -0.0657924302 0.9938382032 -21.2857903650
-0.6409488838 -0.7675364287 -0.0085064073 598.0433005964 0.7673437565 -0.6404322978 -0.0320941023 -5752.4960380082 0.0191856147 -0.0270980176 0.9994486528 -21.3455539477
-0.5746370869 -0.7976057023 -0.1833503803 597.2882753385 0.8134040206 -0.5813434446 -0.0203395838 -5751.6875343971 -0.0903665736 -0.1608258157 0.9828371886 -21.4581339817
-0.7951843945 -0.5767757553 0.1871136203 596.6716854496 0.4066424626 -0.7361480275 -0.5410434263 -5751.1967876373 0.4498040533 -0.3541409461 0.8199149370 -21.4961088258
-0.8946085546 -0.0921026586 0.4372557997 595.8917231935 0.1853843308 -0.9668427147 0.1756354605 -5750.4108652975 0.4065810915 0.2381853593 0.8820201532 -21.5993093210
-0.7977614252 -0.3574377784 -0.4856078078 594.5462666289 0.3463405539 -0.9308824081 0.1162160186 -5750.1213374215 -0.4935837610 -0.0754730205 0.8664172748 -21.7565687184
-0.3905755356 -0.9056089513 -0.1652972425 593.8675724927 0.9186815668 -0.3949370435 -0.0069936024 -5749.6223969773 -0.0589485353 -0.1545870597 0.9862189976 -22.0087383057
-0.1078545286 -0.9810679338 -0.1608512042 593.5530652418 0.9803981424 -0.0781254346 -0.1808753685 -5748.6737418840 0.1648844538 -0.1772064494 0.9702633618 -22.0275691979
-0.3133926687 -0.9428393583 -0.1133092214 593.3932653355 0.9422952807 -0.2939574795 -0.1602142447 -5747.6681869232 0.1177482025 -0.1569807143 0.9805571968 -22.0717160466
-0.5309762666 -0.8346923403 -0.1461263201 592.9634078103 0.8418314137 -0.5393064869 0.0216421827 -5746.6075716805 -0.0968714365 -0.1115222413 0.9890291778 -22.2298124574
-0.7766109379 -0.6178360396 -0.1231019061 592.2363457124 0.6201943609 -0.7841169479 0.0227940044 -5745.7643351744 -0.1106092483 -0.0586450348 0.9921322261 -22.3604943754
-0.9145549503 -0.3809882204 -0.1357837207 591.3815099979 0.3804329694 -0.9242872050 0.0310470351 -5745.2385324895 -0.1373317104 -0.0232623844 0.9902519189 -22.4982472922
-0.8086039300 -0.5648123370 -0.1647625820 590.4427956977 0.5714091226 -0.8206180599 0.0088099004 -5744.7960259383 -0.1401830908 -0.0870231223 0.9862939102 -22.6198833836
-0.6865613637 -0.7222687950 -0.0834342952 589.6854312680 0.7215102828 -0.6909753346 0.0444522084 -5744.1361021319 -0.0897574830 -0.0296795331 0.9955213305 -22.7412988183
-0.6043541717 -0.7960635673 -0.0322309157 588.9918876346 0.7951805501 -0.6052060343 0.0375971913 -5743.3239638372 -0.0494360989 -0.0029073779 0.9987730569 -22.8434165843
-0.5932054260 -0.8025718550 -0.0631327175 588.3589017512 0.7952769387 -0.5963815366 0.1089204004 -5742.4947623366 -0.1250676349 0.0144041782 0.9920436514 -22.9600423910
-0.5370073300 -0.8277175858 -0.1628088623 587.6564141286 0.8106094219 -0.5597465643 0.1720353127 -5741.6622501599 -0.2335283550 -0.0395901738 0.9715436818 -22.9032427100
-0.5897956880 -0.7416634163 -0.3194940115 586.9058269080 0.7689738935 -0.6366183855 0.0582767733 -5740.8398481576 -0.2466175125 -0.2113111644 0.9457945836 -23.1896952570
-0.8408246327 -0.5403102240 -0.0328450745 586.2034965325 0.5411866961 -0.8378054060 -0.0721045194 -5740.1181164488 0.0114410280 -0.0784025734 0.9968561277 -23.4950855023
-0.7401732718 -0.5720023111 -0.3534924099 585.2004740560 0.6304578117 -0.7731468023 -0.0690432462 -5739.5646707776 -0.2338086300 -0.2739660166 0.9328859235 -23.7935540619
-0.8152275822 -0.4960738027 -0.2988557706 584.3953215034 0.5321870699 -0.8452238206 -0.0487197667 -5738.9843702166 -0.2284314163 -0.1987648745 0.9530538352 -24.0452383091
-0.7382513275 -0.5741509889 -0.3540277098 583.4869431000 0.6097086175 -0.7925048240 0.0138385556 -5738.4033829907 -0.2885140883 -0.2056374134 0.9351325441 -24.3664949945
-0.1727613103 -0.9623401617 -0.2098926937 582.6567724768 0.9848993173 -0.1712189704 -0.0256397915 -5737.8792565726 -0.0112634098 -0.2111527347 0.9773881820 -24.6382386399
0.1561591274 -0.9664716546 -0.2038304876 582.3263016687 0.7270512380 0.2521567932 -0.6386027317 -5737.0571281928 0.6685886809 -0.0484715630 0.7420509979 -24.7272305418
0.1735513339 -0.9525238301 -0.2501565262 582.4210198740 0.9474118837 0.2308303617 -0.2216485207 -5735.9243359823 0.2688692193 -0.1985338693 0.9424933133 -24.7106853655
-0.1247230803 -0.9782339187 -0.1658389387 582.4710535015 0.9916468533 -0.1284388874 0.0118309127 -5734.8340437823 -0.0328735689 -0.1629780739 0.9860818809 -24.6953223194
-0.8227889816 -0.5597532034 -0.0984613786 581.8249355514 0.5681778592 -0.8058807411 -0.1665237266 -5734.1309098571 0.0138640606 -0.1929574627 0.9811091710 -24.7653206421
-0.9863577486 -0.1566806837 0.0504931204 580.8171134187 0.1569983511 -0.9875960377 0.0023630481 -5733.6266374154 0.0494965617 0.0102581474 0.9987216133 -24.9897177872
-0.9333796918 -0.3014604628 -0.1947407003 579.7532249159 0.2959883140 -0.9534697208 0.0573272146 -5733.4204000084 -0.2029612498 -0.0041329136 0.9791780482 -25.2370577826
-0.6611831782 -0.7139686411 -0.2304030909 578.7301721975 0.7317960107 -0.6814255528 0.0115678302 -5733.3146354098 -0.1652616216 -0.1609596081 0.9730265161 -25.5084699558
0.1418673624 -0.9583138744 -0.2480084062 578.3047733574 0.9831265103 0.1656333648 -0.0776392500 -5732.4034256512 0.1154812373 -0.2328091634 0.9656417438 -25.6087986154
0.2241256197 -0.9349117530 -0.2751503602 578.4444703827 0.9726290310 0.2323467001 0.0027891066 -5731.3552538435 0.0613227097 -0.2682443385 0.9613971605 -25.5901750805
-0.3412202373 -0.9076597811 -0.2443818147 578.4342369226 0.9377916864 -0.3464618445 -0.0226040542 -5730.3259263972 -0.0641521834 -0.2368921949 0.9694155896 -25.6148477069
-0.6778854246 -0.6876316316 -0.2600655500 577.8803861698 0.7163267635 -0.6973772239 -0.0232588817 -5729.4703193016 -0.1653702485 -0.2020587706 0.9653107966 -25.7214077647
-0.7035309523 -0.5820634099 -0.4077332290 576.9953833562 0.6615220251 -0.7460188351 -0.0764493818 -5728.8299724269 -0.2596782807 -0.3235090177 0.9098951071 -25.9800970363
-0.7358479734 -0.5835339579 -0.3435343942 576.2446415802 0.5781158736 -0.8055356491 0.1299782856 -5728.1479874851 -0.3525759447 -0.1029584283 0.9301020187 -26.2897036287
-0.6748823990 -0.5935180989 -0.4384860474 575.3247230338 0.5647796045 -0.7978845728 0.2107230570 -5727.4733517511 -0.4749292009 -0.1054346942 0.8736851718 -26.5975852334
-0.6905823708 -0.6469050562 -0.3234344406 574.5685947613 0.6660368493 -0.7431440095 0.0642798297 -5726.8883174823 -0.2819413138 -0.1710287386 0.9440647574 -26.9364573938
0.3142751407 -0.8902196308 -0.3297577062 573.6776299758 0.8948351998 0.3937846864 -0.2102464885 -5726.3268100637 0.3170190863 -0.2290035582 0.9203565990 -27.2058847403
0.5258677686 -0.8027427607 -0.2811888158 573.9351714078 0.8419617102 0.5381844202 0.0381838750 -5725.2048141520 0.1206796106 -0.2568298854 0.9588925078 -27.2252416382
-0.1101948691 -0.8748904239 -0.4716183171 573.9029982274 0.9893895618 -0.1417624290 0.0318073700 -5724.1784660512 -0.0946857217 -0.4631092311 0.8812289454 -27.2253453496
-0.5848031013 -0.7774706875 -0.2313971971 573.5909646258 0.7990170591 -0.6013075253 0.0009996708 -5723.2793092496 -0.1399180907 -0.1843056973 0.9728588478 -27.4152690886
-0.7644814049 -0.5979233022 -0.2409479327 572.9065180993 0.5957552013 -0.7980790283 0.0902530040 -5722.5295239779 -0.2462598662 -0.0745492408 0.9663324940 -27.6061143076
-0.8504769377 -0.4694929923 -0.2372030959 572.0277269837 0.4614308407 -0.8823863908 0.0920643068 -5721.9392260406 -0.2525283305 -0.0311542543 0.9670878216 -27.9505371895
-0.8142284056 -0.5360650008 -0.2228596384 571.1806397552 0.5345485430 -0.8420297621 0.0724136377 -5721.4369554484 -0.2264728650 -0.0601680542 0.9721573158 -28.2121429115
-0.7448977218 -0.5914422466 -0.3087449642 570.3069694956 0.6027186558 -0.7949868958 0.0687463263 -5720.8709777581 -0.2861076824 -0.1348773679 0.9486572035 -28.5318635682
-0.2582251970 -0.9283629473 -0.2673237469 569.4520971995 0.9604087782 -0.2766356055 0.0329806095 -5720.4030332751 -0.1045692424 -0.2482236488 0.9630422077 -28.8312059124
0.3370074329 -0.9025296843 -0.2680786435 569.2704118315 0.9344346274 0.3554547031 -0.0219972989 -5719.4186201059 0.1151430299 -0.2430887141 0.9631458663 -28.9330128847
0.2042750498 -0.8183489528 -0.5371933502 569.3125689090 0.9728386218 0.1086680719 0.2043924315 -5718.2218699204 -0.1088885666 -0.5643547126 0.8183196432 -28.9625366156
-0.0382394256 -0.9641986465 -0.2624094441 569.4878996510 0.9980358711 -0.0498917001 0.0378842738 -5717.2549936695 -0.0496200189 -0.2604453653 0.9642126661 -29.1018380939
-0.5112758204 -0.8433688302 -0.1653059335 569.2674634455 0.8592690852 -0.4980779483 -0.1165117876 -5716.3407746243 0.0159271699 -0.2016119381 0.9793359749 -29.1436745126
-0.8929128551 -0.4437281612 0.0762361605 568.4905532883 0.4162992406 -0.8781868122 -0.2355480101 -5715.7491217677 0.1714688762 -0.1785867905 0.9688679904 -29.1745391784
-0.8728879933 -0.4755181337 0.1093117361 567.5723262340 0.4855203175 -0.8687100948 0.0980448494 -5715.0764759071 0.0483381049 0.1386552406 0.9891603267 -29.4256745532
-0.6433891362 -0.7209131088 -0.2575552543 566.6315819994 0.7122156887 -0.6870470143 0.1439278042 -5714.5931072130 -0.2807120093 -0.0908333072 0.9554842114 -29.8191684955
-0.4515519556 -0.8903753003 -0.0577291618 566.0234634775 0.8901437554 -0.4539823288 0.0392955444 -5713.8060456978 -0.0611958015 -0.0336432729 0.9975586219 -29.9622498300
-0.1873749654 -0.9743577208 -0.1245698770 565.5463346704 0.9810296580 -0.1792058240 -0.0739329617 -5712.9234180905 0.0497135046 -0.1360599300 0.9894525067 -30.0506140395
-0.2580597439 -0.9480781279 -0.1858844587 565.2558108856 0.9443291517 -0.2068828173 -0.2558162487 -5712.0179461665 0.2040774896 -0.2415519888 0.9486859411 -30.1151766802
-0.2178545376 -0.9085080522 -0.3565845194 564.9081572159 0.9740468537 -0.1793997239 -0.1380161800 -5710.9855431923 0.0614176466 -0.3773974803 0.9240124537 -30.2082108848
-0.3637139172 -0.8376371013 -0.4075245673 564.5623625452 0.9226516841 -0.3841427703 -0.0338851267 -5709.8938810342 -0.1281641769 -0.3883277205 0.9125653540 -30.3806754606
-0.5489877049 -0.7610499678 -0.3455654010 564.1885626599 0.8181816285 -0.5738281811 -0.0360560856 -5708.9898473854 -0.1708546827 -0.3025296102 0.9377017182 -30.7177569733
-0.5872934934 -0.6335090518 -0.5037386563 563.5193837755 0.7417808773 -0.6702860203 -0.0218582026 -5708.1430180758 -0.3238016101 -0.3865008826 0.8635795187 -31.1766076220
-0.6228087314 -0.6151741476 -0.4833943031 562.8316788874 0.6081188740 -0.7693697842 0.1956056498 -5707.2500621310 -0.4922405095 -0.1721362926 0.8532692292 -31.6668233762
-0.7423400129 -0.6364127240 -0.2095474885 562.2431716381 0.5887033714 -0.7688611545 0.2495613463 -5706.5434946622 -0.3199369401 0.0618980601 0.9454147156 -31.9956638731
-0.7353079485 -0.6611963418 -0.1488005993 561.5099990630 0.6385129920 -0.7494581239 0.1749676531 -5705.9276147553 -0.2272077901 0.0336439902 0.9732649701 -32.2429067034
-0.1757208867 -0.9593640604 -0.2207776474 560.6270110927 0.9721064219 -0.2044882893 0.1148635893 -5705.3701411594 -0.1553424429 -0.1944354371 0.9685368275 -32.5107812664
0.1655982860 -0.9829882495 -0.0794437481 560.6071480904 0.9861854598 0.1653798287 0.0093675532 -5704.3653044827 0.0039301987 -0.0798975200 0.9967953350 -32.5729659878
0.5663397847 -0.7707843261 -0.2918060501 560.6941245882 0.8171608212 0.4790644685 0.3205392759 -5703.1085952437 -0.1072727394 -0.4199866160 0.9011680208 -32.6442046800
0.5976048470 -0.8009011587 -0.0377595136 560.8455211461 0.6885014062 0.4884623468 0.5360693513 -5702.0350248755 -0.4108944639 -0.3463551209 0.8433290400 -33.0291100195
0.0215480226 -0.9889714113 -0.1465306464 560.7651508140 0.9493023404 -0.0257376578 0.3133091754 -5701.2404562727 -0.3136251730 -0.1458530788 0.9382782798 -33.4344327731
-0.3827738888 -0.8967276577 -0.2221793373 560.4783455485 0.8949816099 -0.4195752706 0.1515404575 -5700.3580461516 -0.2291114751 -0.1408406908 0.9631572207 -33.6849050126
-0.7573778336 -0.6447038860 0.1036133030 560.0762221476 0.6528409049 -0.7443881690 0.1403032674 -5699.4442228881 -0.0133255448 0.1739055872 0.9846721671 -33.9205395045
-0.7326682179 -0.6735583683 0.0975520733 559.3206633958 0.6805539770 -0.7236785983 0.1146105177 -5698.7361308216 -0.0066005257 0.1503609352 0.9886091352 -33.9590597819
-0.6038352934 -0.7871083417 0.1258705557 558.5951481900 0.7804421225 -0.6159144993 -0.1075147566 -5698.0629777596 0.1621512621 0.0333134790 0.9862034173 -33.9824929158
-0.5265570674 -0.8389616163 0.1374083740 558.0358161626 0.8164074164 -0.5440932373 -0.1934980090 -5697.2413124381 0.2371003695 0.0102934715 0.9714306250 -33.8845659026
-0.4927969199 -0.8274124419 0.2693322235 557.5613650720 0.8537217814 -0.5196040795 -0.0342157940 -5696.2911682854 0.1682566957 0.2130733478 0.9624393138 -33.9281287794
-0.1886045283 -0.9676608087 -0.1675138537 556.9646037937 0.9740133414 -0.2061008894 0.0939171666 -5695.3191554985 -0.1254047156 -0.1454475255 0.9813860987 -34.0717176874
-0.0328792905 -0.9234248272 -0.3823683313 556.4819590192 0.9994483274 -0.0285825130 -0.0169139264 -5694.3218929504 0.0046896917 -0.3827135070 0.9238551717 -34.2406201843
-0.2527987633 -0.9293056164 -0.2692282609 556.2123910853 0.9655022269 -0.2243509940 -0.1321820007 -5693.3232184824 0.0624358476 -0.2933559318 0.9539622960 -34.3098274070
-0.3678170823 -0.9242775509 -0.1020862516 555.9693827351 0.9297926539 -0.3638986718 -0.0553477862 -5692.2611700757 0.0140076649 -0.1152769080 0.9932346247 -34.5758284206
-0.3882728787 -0.9214429856 0.0136746456 555.7194785440 0.8512040869 -0.3529109647 0.3884655113 -5691.0991599312 -0.3531228881 0.1624705366 0.9213617914 -34.8133695819
-0.3377273361 -0.8870635000 0.3147357517 555.5574357511 0.6392155060 0.0292924906 0.7684695745 -5689.9794769049 -0.6909007045 0.4607171550 0.5571318692 -35.4172653883
-0.1326459706 -0.9762948955 0.1710360299 555.2183088045 0.6369157985 0.0482584496 0.7694214629 -5689.1107577632 -0.7594361804 0.2109962063 0.6154163541 -35.8931396544
0.1013158410 -0.9948105228 -0.0093340243 554.8425812056 0.7639143349 0.0717831111 0.6413127739 -5688.2300181913 -0.6373146706 -0.0721055380 0.7672227852 -36.3011284105
0.9199824920 -0.3870216154 0.0620200256 554.1958762453 0.3502475372 0.8827525702 0.3131685848 -5687.4912059733 -0.1759513486 -0.2663872538 0.9476702770 -36.6322647539
0.9217090415 0.3438207012 -0.1795543603 553.3473129944 -0.2817790017 0.9116377024 0.2991944080 -5686.7718513618 0.2665577556 -0.2251755426 0.9371461668 -37.0337957776
0.0241570288 -0.9694496563 -0.2440979350 553.3350544268 0.8690056790 0.1410697323 -0.4742662338 -5686.1252219048 0.4942120676 -0.2006656287 0.8458650824 -37.2022714419
-0.4192395123 -0.9077737271 -0.0136048391 553.2563452078 0.7789439681 -0.3519633531 -0.5190068330 -5685.0786934846 0.4663523624 -0.2281855789 0.8546618136 -37.3872848228
-0.2634942743 -0.9584947844 -0.1088968121 552.8552869802 0.9016104703 -0.2045561814 -0.3811237706 -5683.9948665908 0.3430296303 -0.1986064374 0.9180883159 -37.4007659784
-0.2459762590 -0.8921231388 -0.3789617199 552.4700775949 0.9691484994 -0.2327049143 -0.0812379776 -5682.8567361173 -0.0157119750 -0.3872527960 0.9218396855 -37.3535315170
-0.5042356908 -0.7626843411 -0.4050419288 552.0623178934 0.8267499900 -0.5618366453 0.0287060634 -5681.7726146206 -0.2494610635 -0.3203937888 0.9138473603 -37.5947279662
-0.4763163522 -0.6855033100 -0.5506432099 551.3983042238 0.7207839224 -0.6630783592 0.2019842240 -5680.7929166180 -0.5035804502 -0.3006863839 0.8099348299 -38.0696990950
-0.6161624122 -0.6496674436 -0.4452820394 550.8252531524 0.6698958559 -0.7296070706 0.1375247787 -5680.0296016081 -0.4142262957 -0.2135549935 0.8847659807 -38.6073710248
-0.1000782995 -0.8170424055 -0.5678257141 549.9085887559 0.9056665108 -0.3111208714 0.2880485629 -5679.5649535777 -0.4120103217 -0.4854333229 0.7711043923 -39.1556276482
0.2510446626 -0.6373840892 -0.7285040153 549.1362803501 0.9675474867 0.1428539887 0.2084336801 -5679.0149749287 -0.0287826070 -0.7571883919 0.6525621049 -39.7539855205
0.3317606330 0.6990314234 -0.6334745074 548.5043031239 0.9395422550 -0.3052184933 0.1552482606 -5678.1339587218 -0.0848247220 -0.6466813283 -0.7580290404 -40.7010243754
0.5044826799 0.8290472711 -0.2412008454 799.7777166162 -0.8330783448 0.5407827058 0.1163380274 -5399.8139037249 0.2268869699 0.1422486812 0.9634768371 -0.1318658528
0.4101289285 0.8449551318 -0.3432857224 800.3139347063 -0.6671119478 0.5345909761 0.5188199471 -5400.5010467205 0.6218970262 0.0162269380 0.7829308880 0.0635892926
0.4372280126 0.8763232369 -0.2022109036 800.8606613944 -0.8146896204 0.4811635390 0.3236703124 -5401.4555392047 0.3809363298 0.0232213969 0.9243096231 0.2772014269
0.4530600509 0.8834785074 -0.1191734755 801.3759869915 -0.8718671663 0.4670022007 0.1475011487 -5402.4143309726 0.1859683701 0.0370765625 0.9818559435 0.4659402243
0.4349447241 0.8836123850 -0.1733558194 801.8072650658 -0.8534015618 0.4659251114 0.2337082900 -5403.2593674063 0.2872783690 0.0462919393 0.9567278584 0.6510442447
0.4883944705 0.8643407345 -0.1199413856 802.2878674204 -0.8539738968 0.5016848801 0.1379886398 -5404.1739624590 0.1794419819 0.0350339238 0.9831445465 0.8264114821
0.5414716772 0.8210592282 -0.1807489051 802.8020984154 -0.7851992875 0.5707207695 0.2402912445 -5404.9747396180 0.3004504979 0.0118130083 0.9537242532 1.0123166132
0.5683214747 0.8160427111 -0.1052853029 803.4158791747 -0.8026374248 0.5779910664 0.1473074727 -5405.8180122827 0.1810631539 0.0007879243 0.9834711554 1.1928051528
0.5599246953 0.8219234034 -0.1045287254 803.9956893861 -0.8054051788 0.5695457829 0.1641343938 -5406.6227398048 0.1944397943 -0.0077149236 0.9808841146 1.3746332783
0.5494662317 0.8297556104 -0.0979412441 804.5719453820 -0.8146221780 0.5580832688 0.1579043133 -5407.4557855325 0.1856813595 -0.0069779785 0.9825852332 1.5615198915
0.5083382596 0.8610249905 0.0151056123 805.2271200674 -0.8496488070 0.4986094030 0.1717136222 -5408.2567190568 0.1403179196 -0.1001230694 0.9850310921 1.7885663306
0.3993940850 0.9137684594 -0.0742399323 805.7261735608 -0.8967702432 0.4062202926 0.1754656797 -5409.1013856548 0.1904927708 -0.0035037925 0.9816823456 1.9249249501
0.3547139603 0.9130911651 -0.2011032833 806.0890324371 -0.8118013952 0.4074833057 0.4182533327 -5409.9314205179 0.4638496536 0.0148956299 0.8857886989 2.1262086423
0.5268859925 0.8455057586 -0.0866669667 806.6168918844 -0.8258169534 0.5333852728 0.1831024580 -5410.9111310084 0.2010410663 -0.0249030699 0.9792662185 2.3111597948
0.5043946562 0.8414788318 -0.1936476348 807.1436152768 -0.7559070559 0.5387122078 0.3720130106 -5411.6931579105 0.4173614184 -0.0412617611 0.9078033452 2.4970795766
0.5082564531 0.8574268586 -0.0805888332 807.7362498464 -0.8342765743 0.5134209417 0.2009515716 -5412.5806083972 0.2136772694 -0.0349015573 0.9762806491 2.6944658270
0.5157480606 0.8538565434 -0.0702349007 808.2969252291 -0.8230662010 0.5165667768 0.2360525237 -5413.4464954937 0.2378360082 -0.0639356585 0.9691987746 2.9223229688
0.5315986772 0.8401132327 -0.1077617866 808.8799540641 -0.8009613887 0.5399937438 0.2585877230 -5414.2564585035 0.2754336585 -0.0511518613 0.9599582214 3.1484136592
0.5272683534 0.8376850204 -0.1423793878 809.4539766884 -0.7724429474 0.5423627089 0.3304157759 -5415.0523168280 0.3540056165 -0.0642378282 0.9330345786 3.3942510438
0.5039273981 0.8592944424 -0.0875798988 810.0402672823 -0.8325194666 0.5102231888 0.2158324243 -5415.9293235047 0.2301488979 -0.0358519014 0.9724947948 3.6405177181
0.4521741907 0.8880337463 -0.0832740459 810.5497075467 -0.8382040384 0.4549950907 0.3006550473 -5416.7562255746 0.3048811100 -0.0661478111 0.9500905093 3.8510682984
0.4436583633 0.8957090851 -0.0295379676 811.0437071923 -0.8778730652 0.4409822240 0.1867446372 -5417.7041935033 0.1802945868 -0.0569202340 0.9819643318 4.0350318175
0.3855181646 0.9182421777 -0.0905927581 811.4749839931 -0.8340432326 0.3887858247 0.3914300303 -5418.4908961350 0.3946487436 -0.0753451101 0.9157376718 4.2409617823
0.3269740588 0.9398222484 -0.0991065396 811.8749206787 -0.8940293736 0.3416080572 0.2898541261 -5419.4316097304 0.3062669490 -0.0061706225 0.9519256690 4.4912628115
0.2481010379 0.9648896741 -0.0862194403 812.2770627675 -0.9211670631 0.2625290950 0.2872798568 -5420.3644874872 0.2998284790 0.0081480780 0.9539583282 4.8050408095
0.4164067251 0.9038172254 -0.0985893623 812.5589243881 -0.8474848083 0.4251261538 0.3178635761 -5421.2838104001 0.3292034918 -0.0488075440 0.9429967575 5.1142645972
0.5136060701 0.8463852750 -0.1408572719 813.0320869183 -0.7557242830 0.5239707585 0.3928555106 -5422.0720488058 0.4063122110 -0.0953237141 0.9087484672 5.4239579250
0.5864020449 0.8091250575 -0.0380694517 813.6862402208 -0.7795079612 0.5764674110 0.2450564476 -5422.9250650829 0.2202271105 -0.1140261613 0.9687610925 5.6809295019
0.6025277968 0.7708491634 -0.2067651357 814.2506363702 -0.6869587917 0.6327932006 0.3572959330 -5423.6864924605 0.4062608430 -0.0732416036 0.9108171029 5.8698158303
0.5811696300 0.8064987449 -0.1086353330 814.9319776828 -0.7839657128 0.5906692201 0.1910697086 -5424.5215940189 0.2182650276 -0.0258775356 0.9755463756 6.0251556279
0.5877076429 0.7716273246 -0.2432920023 815.4891521491 -0.7484269696 0.6327195416 0.1988040562 -5425.3191677678 0.3073382462 0.0652476328 0.9493608107 6.2239333595
0.5555985244 0.8068505313 -0.2007548251 816.1287361560 -0.8074628566 0.5811842511 0.1011365487 -5426.1705177950 0.1982776208 0.1059107473 0.9744069472 6.4240834217
0.4301627145 0.8529586597 -0.2956713782 816.6699305657 -0.7741609576 0.5170162944 0.3651971564 -5426.9204583923 0.4643649974 0.0718030371 0.8827284254 6.6006407332
0.4804032977 0.8684312396 -0.1226370812 817.2488762036 -0.8507085883 0.4954089306 0.1756840609 -5427.8464889873 0.2133250320 0.0199292160 0.9767779978 6.7884590729
0.3671318880 0.9189659541 -0.1439296772 817.7452448685 -0.8938664692 0.3913610282 0.2187219260 -5428.7013965199 0.2573264698 0.0483541187 0.9651139659 6.9588902047
0.3709274996 0.9200826328 -0.1259394255 818.1284082044 -0.8989016529 0.3897802823 0.2001178403 -5429.6603035165 0.2332136542 0.0389779476 0.9716440249 7.1528480685
0.3813586803 0.9130136135 -0.1448160849 818.5498823372 -0.8651863963 0.4076904532 0.2919606035 -5430.5740435384 0.3256041409 0.0139511962 0.9454032513 7.3732323343
0.4533316376 0.8828185891 -0.1229705865 818.9915161060 -0.8528583996 0.4697117160 0.2280426585 -5431.5263112505 0.2590810232 0.0014975457 0.9658544304 7.5949361588
0.5024942834 0.8598182902 -0.0906201027 819.4886099216 -0.8362520138 0.5099633237 0.2015439849 -5432.3928481971 0.2195041333 -0.0254934569 0.9752784316 7.8217258683
0.5482459423 0.8311826434 -0.0925299950 820.0474969648 -0.8056945802 0.5545940571 0.2080424845 -5433.2505488818 0.2242378875 -0.0395075325 0.9737332924 8.0466433044
0.5559744349 0.8247015743 -0.1037291714 820.6175014770 -0.7963972014 0.5642643838 0.2176171014 -5434.0403420243 0.2379998431 -0.0383799232 0.9705065977 8.2552063861
0.5475166074 0.8214075328 -0.1597348731 821.1575652999 -0.7916496024 0.5703052847 0.2191866539 -5434.8505141470 0.2711392109 0.0064457156 0.9625185614 8.4769003753
0.5673798396 0.8182828534 -0.0921590439 821.7708561569 -0.7986901237 0.5740995804 0.1802879867 -5435.6573325956 0.2004350366 -0.0286852508 0.9792869613 8.6756004162
0.5367742082 0.8385679432 -0.0931517794 822.3557043618 -0.8126397078 0.5435294763 0.2102199174 -5436.4672278156 0.2269144216 -0.0371417949 0.9732062126 8.8890514828
0.4874177563 0.8706921291 -0.0657202192 822.9165545281 -0.8236093456 0.4834451367 0.2965610318 -5437.2396195557 0.2899854765 -0.0904213260 0.9527499185 9.1208998691
0.4427592159 0.8783780043 -0.1800454341 823.3848336642 -0.8036021957 0.4778048821 0.3548605440 -5438.1254440845 0.3977282839 -0.0124328700 0.9174190078 9.3147503667
0.5363213305 0.8278527255 -0.1643754705 823.8609119895 -0.7197752949 0.5503252061 0.4231615442 -5438.9522772292 0.4407754024 -0.1086371596 0.8910190863 9.5466093997
0.5151268570 0.8526126570 -0.0877267254 824.4634976491 -0.8239390937 0.5207882003 0.2233920775 -5439.8790826790 0.2361539561 -0.0427937801 0.9707728887 9.7606988271
0.4705899585 0.8622961818 -0.1870571729 824.9379753330 -0.7988960975 0.5063935982 0.3245466825 -5440.6969532740 0.3745799200 -0.0032891644 0.9271887968 9.9758654484
0.5107186209 0.8240701710 -0.2451017005 825.3760644648 -0.8209774823 0.5520949660 0.1455579679 -5441.6581475839 0.2552693945 0.1268838124 0.9585082339 10.2687166666
0.5841945271 0.7733666092 -0.2462130017 825.9987622911 -0.6874617776 0.6327623591 0.3563819598 -5442.3838546970 0.4314082276 -0.0389343627 0.9013162911 10.4554044222
0.5426606904 0.8189229408 -0.1867741742 826.6273724286 -0.7655637489 0.5737071226 0.2911568028 -5443.2187895392 0.3455886593 -0.0150118147 0.9382660199 10.7038116979
0.5363382742 0.8349921713 -0.1230013395 827.2369316962 -0.8098156624 0.5501770777 0.2037247558 -5444.0898323170 0.2377810937 -0.0096569727 0.9712707626 10.9446578935
0.4600776568 0.8798165316 -0.1193793131 827.7458992023 -0.8596909996 0.4750365014 0.1878076345 -5444.9528789118 0.2219457928 0.0162232247 0.9749240340 11.1723733604
0.4229261879 0.8948511460 -0.1427405553 828.2061406266 -0.8739533194 0.4444258220 0.1967010022 -5445.8547428574 0.2394557058 0.0415585771 0.9700174481 11.4011419997
0.3699864203 0.9050435278 -0.2097766947 828.5920952682 -0.8153291228 0.4245610500 0.3936830405 -5446.6771694956 0.4453633016 0.0253796696 0.8949901687 11.6083697837
0.3605984355 0.9136811602 -0.1874980157 829.0147234779 -0.8378395125 0.4056404678 0.3653501910 -5447.5916615698 0.4098703692 0.0253485388 0.9117914959 11.8446675400
0.4246592731 0.8975192606 -0.1188430842 829.4654604113 -0.8650717171 0.4409734849 0.2391512282 -5448.5513184220 0.2670494825 0.0012500042 0.9636820074 12.0958557195
0.5248588606 0.8367732077 -0.1559928695 829.9537018092 -0.7973738864 0.5474777046 0.2538957430 -5449.4372054963 0.2978557735 -0.0088747898 0.9545696289 12.3756573122
0.5160029367 0.8506537343 -0.1006438949 830.5157737901 -0.8049642829 0.5217189502 0.2825629848 -5450.2439132120 0.2928710854 -0.0647885892 0.9539543836 12.6136954990
0.5250660834 0.8440383759 -0.1091092488 831.0831584129 -0.8113983312 0.5351467409 0.2350547040 -5451.1002079148 0.2567846495 -0.0348881904 0.9658387329 12.8638572880
0.5043824767 0.8498076834 -0.1530529921 831.6041708375 -0.7975945776 0.5264286137 0.2944754733 -5451.8982430522 0.3308189942 -0.0264540320 0.9433233683 13.1270204612
0.4146335610 0.8780713131 -0.2388928197 832.0924448165 -0.7474275350 0.4783641386 0.4609987318 -5452.6777070134 0.5190675197 -0.0125904744 0.8546405033 13.3846268404
0.4471412633 0.8892181613 -0.0967251376 832.6125014479 -0.8539734059 0.4565641781 0.2495567538 -5453.6514427546 0.2660716307 -0.0289864270 0.9635173451 13.6705019877
0.4504255779 0.8857348452 -0.1122077660 833.0718303235 -0.8437368119 0.4633855550 0.2708911583 -5454.5007397440 0.2919331961 -0.0273424837 0.9560478009 13.9162429202
0.4765023216 0.8762812181 -0.0712514165 833.5733546538 -0.8575093507 0.4811121542 0.1822328415 -5455.4381636549 0.1939671388 -0.0257356161 0.9806703968 14.1419066121
0.5850685174 0.7998747326 -0.1337730993 833.9822122526 -0.7915023460 0.5991299302 0.1206953317 -5456.3856348920 0.1766886138 0.0352666832 0.9836347873 14.3652898272
0.5820296271 0.8058050772 -0.1091773364 834.6075606572 -0.7836680053 0.5916717881 0.1891796835 -5457.1680156211 0.2170390994 -0.0245493952 0.9758541677 14.5199670721
0.5428219775 0.8379698671 -0.0561320097 835.2600717889 -0.8204409386 0.5433779135 0.1778120061 -5458.0052181835 0.1795019974 -0.0504672661 0.9824622578 14.6779141965
0.5187396875 0.8505056390 -0.0868866769 835.7899277324 -0.8192965547 0.5235796001 0.2337039960 -5458.8116393598 0.2442586580 -0.0500455828 0.9684178580 14.8359593506
0.4494556977 0.8824317801 -0.1389378611 836.3771988593 -0.8083131136 0.4679569740 0.3572760568 -5459.5937189291 0.3802886879 -0.0482744643 0.9236071080 15.0055350074
0.4881900678 0.8717106958 -0.0423192690 836.9240519544 -0.8531734927 0.4868946444 0.1871592813 -5460.5748458046 0.1837537727 -0.0552636237 0.9814175884 15.1930527037
0.4700364729 0.8824350109 -0.0193433630 837.4313613830 -0.8669171574 0.4656679149 0.1777864879 -5461.4495123791 0.1658926049 -0.0667970404 0.9838789555 15.3925109707
0.4568454249 0.8787537973 -0.1381449289 837.8869171405 -0.7985425212 0.4735595917 0.3715792714 -5462.2337863387 0.3919465519 -0.0594396903 0.9180658057 15.5788479768
0.5677011221 0.8190574153 -0.0828274493 838.3979407292 -0.7842215015 0.5686592199 0.2482404645 -5463.1468746207 0.2504237859 -0.0759713236 0.9651509133 15.7830480255
0.5320187291 0.8183701404 -0.2173163250 838.9002433553 -0.7321028421 0.5735351493 0.3675362038 -5463.9031935141 0.4254192057 -0.0364382448 0.9042625469 16.0152134861
0.5442294071 0.8294274001 -0.1259545174 839.5063520921 -0.7989831017 0.5582165476 0.2236521613 -5464.7570675263 0.2558131265 -0.0210825521 0.9664963375 16.2426401400
0.4191064551 0.8706915331 -0.2573830484 839.9861195855 -0.7488120551 0.4917863960 0.4443271843 -5465.5405774559 0.5134493991 0.0065111383 0.8580951694 16.4748303881
0.4189374617 0.8878678465 -0.1902159045 840.5246907617 -0.7644433202 0.4579216096 0.4537997463 -5466.3650574403 0.4900181767 -0.0447044363 0.8705651612 16.7682649366
0.3088837792 0.9110276285 -0.2731656477 840.9072523474 -0.6919179649 0.4123024947 0.5926686956 -5467.2123311457 0.6525644342 0.0059424726 0.7577099354 17.0271967030
0.2308295298 0.9283095713 -0.2914773886 841.3082901396 -0.5595034320 0.3717239519 0.7407949872 -5468.0242440731 0.7960362038 -0.0079147593 0.6051972561 17.2890075883
0.3553731409 0.9173969296 -0.1791446462 841.7674760315 -0.7542572800 0.3946458501 0.5247386098 -5468.9785583921 0.5520922807 -0.0513568543 0.8321998481 17.6563957550
0.4342521820 0.8920324817 -0.1253119867 842.2196874473 -0.7854659407 0.4430777807 0.4321172714 -5469.8992516257 0.4409855989 -0.0892195705 0.8930686255 18.0236564044
0.4934636587 0.8467385826 -0.1988149648 842.7468548383 -0.6815211568 0.5184459294 0.5164714233 -5470.6293538702 0.5403910901 -0.1193632734 0.8329044835 18.3664774037
0.4305657007 0.8551013979 -0.2888161642 843.3104708755 -0.4756862265 0.4869399422 0.7325381264 -5471.3317320527 0.7670305022 -0.1780199204 0.6164195946 18.6304179913
0.5079104469 0.8614036511 -0.0032753309 843.9950750202 -0.7441444090 0.4406796821 0.5020463288 -5472.2896443512 0.4339079125 -0.2525572560 0.8648345252 18.8237562223
0.4878094090 0.8626734587 0.1335533008 844.5527007378 -0.8641109360 0.4554689483 0.2141502448 -5473.3065198096 0.1239123508 -0.2198693721 0.9676276084 18.8975452416
0.5310401720 0.8340905258 -0.1492961167 844.9834251328 -0.7204870990 0.5372058994 0.4385295451 -5474.1164417493 0.4459760935 -0.1253108791 0.8862293764 19.0142693509
0.4917850020 0.8578062371 -0.1493853115 845.5542793998 -0.7940297554 0.5122248337 0.3273262398 -5474.9828563288 0.3573013564 -0.0423577532 0.9330281676 19.2233524359
0.4585562754 0.8826285175 -0.1034071679 846.1134423952 -0.8144748960 0.4639636287 0.3483796708 -5475.8297190242 0.3554669973 -0.0755291419 0.9316322035 19.4709745751
0.4280484472 0.9033046676 -0.0285517821 846.6222145500 -0.8712893458 0.4208570428 0.2524563833 -5476.7266254339 0.2400612480 -0.0831866993 0.9671869366 19.6944821218
0.4124835608 0.8993595730 -0.1449471302 847.0501246295 -0.7940229411 0.4329444077 0.4267161925 -5477.5804480752 0.4465253421 -0.0609220679 0.8926945841 19.9060422285
0.4383988778 0.8981748856 -0.0329893726 847.5457071939 -0.8727926462 0.4341984564 0.2229455025 -5478.5812856525 0.2145679859 -0.0689461763 0.9742725513 20.1459463979
0.5047791557 0.8550117192 -0.1189662307 848.0241719908 -0.7847069553 0.5119089907 0.3495485368 -5479.3589114224 0.3597679784 -0.0830911866 0.9293346310 20.3728950822
0.5469315574 0.8317799208 -0.0949106678 848.5982021943 -0.7976914745 0.5521820911 0.2424525722 -5480.2581245472 0.2540751523 -0.0568955323 0.9655095625 20.6617704038
0.5176182390 0.8201531164 -0.2437626391 849.1175481094 -0.7162502926 0.5711963670 0.4008992751 -5481.0268355294 0.4680351237 -0.0329177152 0.8830965672 20.9438405587
0.4874170232 0.7546579509 -0.4392220653 849.7649803703 -0.4163543444 0.6430233534 0.6427830325 -5481.6487626882 0.7675113715 -0.1304313772 0.6276256451 21.1182517359
0.5302937490 0.8213836483 -0.2100415244 850.4938681673 -0.6540654936 0.5539841277 0.5150727292 -5482.4621767552 0.5394319881 -0.1357589353 0.8310130214 21.4202526692
0.5352124494 0.8393085925 -0.0954396173 851.1340916131 -0.7620508112 0.5284901739 0.3741345978 -5483.3072821380 0.3644532826 -0.1275116567 0.9224503142 21.7067088240
0.4232980415 0.8747686868 -0.2357933687 851.6049831318 -0.6753574699 0.4781510906 0.5614835906 -5484.0919221000 0.6039131196 -0.0784300913 0.7931819872 22.0140100594
0.3479453453 0.8960656209 -0.2756817725 852.0661527579 -0.6613941801 0.4430219173 0.6052184064 -5484.9365597405 0.6644484745 -0.0282486075 0.7468000006 22.3098701997
0.3456652055 0.9359525801 -0.0671441246 852.5838655879 -0.8840384404 0.3488128489 0.3111360351 -5486.0112471477 0.3146293082 -0.0481909143 0.9479905243 22.5845925468
0.3583355581 0.9327464736 -0.0397447321 852.9545130960 -0.9015954676 0.3567904510 0.2445939223 -5486.9578435022 0.2423246594 -0.0518130294 0.9688106985 22.7890225469
0.3668702452 0.9249208713 -0.0996373680 853.3259323040 -0.8827393427 0.3799208980 0.2764622291 -5487.8992462666 0.2935600042 -0.0134719410 0.9558457149 22.9977252081
0.4249156063 0.9025330233 -0.0698632183 853.7407153644 -0.8765817930 0.4295028141 0.2170983485 -5488.8408200352 0.2259448777 -0.0310076512 0.9736464645 23.2024660413
0.4531226245 0.8742486660 -0.1742674872 854.1754358548 -0.7838846894 0.4838514162 0.3891177208 -5489.6173297978 0.4245052189 -0.0397124278 0.9045541677 23.4261627325
0.4746302803 0.8799598274 -0.0199198176 854.7629067104 -0.8467720168 0.4626720307 0.2625104636 -5490.5210854630 0.2402150048 -0.1077278708 0.9647235134 23.6257610093
0.5201533671 0.8538708089 0.0185773106 855.3522575127 -0.8450728498 0.5114009265 0.1559518225 -5491.4668466067 0.1236622550 -0.0968180464 0.9875899516 23.7751335994
0.5491125278 0.8357410131 0.0035200603 855.9033290292 -0.8282041553 0.5435862338 0.1363520577 -5492.3486166489 0.1120415505 -0.0777879517 0.9906541907 23.8829163560
0.5626278709 0.8253940790 -0.0466314619 856.4645423903 -0.8021282985 0.5586819240 0.2108665469 -5493.1242562641 0.2001001541 -0.0812349811 0.9764019696 24.0122755091
0.5899349473 0.8074154619 0.0075518072 857.1338476189 -0.7905722292 0.5756756840 0.2087895045 -5493.9174731251 0.1642324824 -0.1291424744 0.9779314460 24.1728561400
0.5688372983 0.8223972850 0.0093184553 857.7329387000 -0.7991646859 0.5500198197 0.2425159846 -5494.7027436718 0.1943191522 -0.1453991179 0.9701026562 24.3477361577
0.4968156674 0.8657716289 0.0601138860 858.3334977945 -0.8528044525 0.4741820289 0.2188057799 -5495.5423997276 0.1609309120 -0.1599715292 0.9739149611 24.5489010903
0.4791675977 0.8726604888 -0.0941386461 858.7613120961 -0.7931667516 0.4764390704 0.3793314070 -5496.3259459770 0.3758788600 -0.1070956749 0.9204594499 24.7517564938
0.4480438396 0.8917930556 -0.0629433377 859.2803979111 -0.8109642739 0.4350488625 0.3912408897 -5497.1880433826 0.3762893360 -0.1242482722 0.9181332706 25.0222683328
0.3193349579 0.8871407467 -0.3331763500 859.6560229592 -0.4869732765 0.4552341247 0.7453984972 -5497.8711091436 0.8129466235 -0.0757838189 0.5773860062 25.3680982078
-0.0077162396 0.9876299747 -0.1566125562 859.9934689269 -0.5474822247 0.1268858347 0.8271415831 -5498.7194241072 0.8367817357 0.0921250133 0.5397307743 25.7613546659
0.1536255887 0.9780215587 -0.1409716610 860.1391238848 -0.6739981298 0.2080412602 0.7088337993 -5499.7150983648 0.7225826593 -0.0138803739 0.6911451626 26.1178928781
0.5368564676 0.7953189741 -0.2815188497 860.6137312931 -0.5428842465 0.5810773680 0.6063215215 -5500.6411523670 0.6458032426 -0.1726754816 0.7437212851 26.3613282571
0.6126391126 0.7773788476 -0.1426725093 861.3589296286 -0.7471174985 0.6284971737 0.2163486678 -5501.5715474552 0.2578541469 -0.0259505276 0.9658352908 26.5849264696
0.6786613125 0.7230065072 -0.1291526747 862.0621141319 -0.6868424312 0.6870609872 0.2370541598 -5502.2920286549 0.2601274642 -0.0721719501 0.9628732585 26.8388379924
0.6472981877 0.7586305928 -0.0740586244 862.8374395832 -0.7234248719 0.6420404121 0.2538514603 -5503.0182324549 0.2401281135 -0.1107417393 0.9644038346 27.0506881566
0.5607780183 0.8263753955 -0.0513002911 863.5222929904 -0.7843080958 0.5500418767 0.2869054631 -5503.7612654404 0.2653089239 -0.1206550434 0.9565843065 27.2537053508
0.4671289112 0.8820948129 -0.0608220463 864.0875643109 -0.8290613877 0.4608759092 0.3166237701 -5504.6346178107 0.3073236011 -0.0974789069 0.9465992113 27.4838868585
0.3688787034 0.9293649876 -0.0144645095 864.5820560697 -0.8969234016 0.3599984519 0.2567674557 -5505.5454823813 0.2438378843 -0.0817424891 0.9663649682 27.7231090761
0.3461100350 0.9375220424 -0.0355001920 864.9704530211 -0.8787253455 0.3371966294 0.3378464154 -5506.4776355970 0.3287090064 -0.0857371162 0.9405315178 27.9771229568
0.3646038841 0.9311493031 0.0049983114 865.3667040187 -0.9040492377 0.3526963915 0.2414544084 -5507.4360645977 0.2230672177 -0.0925539348 0.9703992918 28.1999082614
0.3944928608 0.9188223801 -0.0118666179 865.7821015177 -0.8676646576 0.3767182449 0.3244093185 -5508.3420294905 0.3025449136 -0.1176809152 0.9458423639 28.4243789212
0.3857251260 0.9225941784 -0.0060090905 866.2054077984 -0.9024429668 0.3786386173 0.2054981486 -5509.2962521532 0.1918666693 -0.0738429378 0.9786390559 28.6179232245
0.3829684139 0.9184104121 -0.0992849881 866.6307164332 -0.8261797822 0.3886089158 0.4079339138 -5510.1709384387 0.4132337855 -0.0741985542 0.9075970544 28.8214818651
0.3438583464 0.9389554003 -0.0111442264 867.0579559697 -0.9174011511 0.3384495954 0.2093489891 -5511.1879598796 0.2003411228 -0.0617626711 0.9777774834 29.0272265904
0.3485395205 0.9339660816 -0.0789148982 867.4455599103 -0.8647033505 0.3528925837 0.3574282306 -5512.0596032296 0.3616743263 -0.0563398872 0.9306006119 29.2412399683
0.3868115569 0.9197575012 -0.0665053263 867.8551672891 -0.8856062196 0.3906154334 0.2512393421 -5512.9906402700 0.2570572764 -0.0382847504 0.9656375275 29.4725608948
0.4432483061 0.8948785005 -0.0521862853 868.2995077837 -0.8743070244 0.4444364062 0.1950987132 -5513.8929131982 0.1977831290 -0.0408503384 0.9793942433 29.7066060249
0.4687142166 0.8810877935 -0.0631766042 868.7996419442 -0.8516580570 0.4697262065 0.2324561138 -5514.7484341300 0.2344899511 -0.0551506213 0.9705528692 29.9247006985
0.2751068664 0.9542269017 -0.1173338490 869.3014181233 -0.8234952121 0.2968630706 0.4834541891 -5515.4821788529 0.4961570797 -0.0363777041 0.8674703539 30.1537684818
0.3254200728 0.9452714756 -0.0237405474 869.7193628064 -0.9120051345 0.3203998995 0.2561064995 -5516.5090970070 0.2496966377 -0.0616906946 0.9663569979 30.4201916786
0.4023908255 0.9145717595 -0.0404983994 870.1960165630 -0.8581845998 0.3922456458 0.3311533573 -5517.3546763496 0.3187488294 -0.0984979701 0.9427074486 30.6173776891
0.4511745014 0.8919807959 0.0284926124 870.6745143893 -0.8835802720 0.4419833549 0.1547146305 -5518.3600188868 0.1254092188 -0.0949788065 0.9875482541 30.7768426284
0.4620825582 0.8866578048 0.0178226412 871.1875340766 -0.8832349397 0.4583033564 0.0992676923 -5519.2855780502 0.0798482979 -0.0616114487 0.9949011402 30.8888288564
0.4594192217 0.8879941622 0.0200086663 871.6882776896 -0.8860300440 0.4565897003 0.0804773677 -5520.1968905651 0.0623276818 -0.0547011291 0.9965555913 30.9637772255
0.4539851578 0.8902491614 0.0367954760 872.2169567274 -0.8903237703 0.4516293511 0.0579181608 -5521.1069603825 0.0349436772 -0.0590538723 0.9976430121 31.0226130453
0.4689820695 0.8831994741 0.0038088721 872.6646862000 -0.8824681681 0.4684085870 0.0429339955 -5522.0043637968 0.0361351738 -0.0234964824 0.9990706504 31.0342681864
0.4893184951 0.8710712030 -0.0424543241 873.1582311927 -0.8557464956 0.4889552750 0.1691764589 -5522.8975131025 0.1681230073 -0.0464510312 0.9846709888 31.1122362438
0.4908053125 0.8701721053 -0.0437110109 873.6503064839 -0.8397060708 0.4858106968 0.2426554791 -5523.7287920814 0.2323873058 -0.0823921970 0.9691272703 31.2836508596
0.4388162892 0.8974834243 -0.0443144160 874.1848762599 -0.8670030102 0.4358402851 0.2415554311 -5524.5473325674 0.2361060032 -0.0675777259 0.9693746470 31.5257769675
0.4136406964 0.9104060418 -0.0078875499 874.6305578148 -0.8465052110 0.3877678915 0.3647807424 -5525.3633280439 0.3351571304 -0.1442113082 0.9310600392 31.7753578119
0.4128337349 0.9105143762 -0.0230624795 875.0461277853 -0.8086992792 0.3780838174 0.4506196876 -5526.1974445181 0.4190152541 -0.1673803981 0.8924180742 32.1052004487
0.3795452158 0.9250794666 0.0131685108 875.5181081830 -0.8882158708 0.3603640664 0.2849742208 -5527.1129704487 0.2588783420 -0.1198570825 0.9584447213 32.4053742521
0.3784916968 0.9255633940 0.0087429438 875.9759713356 -0.8900222866 0.3613315525 0.2780284850 -5528.0547381144 0.2541738868 -0.1130128879 0.9605330408 32.6716057102
0.4162259189 0.9088182780 0.0283781944 876.4024265865 -0.8889141774 0.4001479701 0.2229645425 -5528.9793060582 0.1912787746 -0.1180294009 0.9744134086 32.8913683367
0.4536848483 0.8900486094 0.0445368537 876.9043123349 -0.8762051616 0.4363950716 0.2045088171 -5529.9103030876 0.1625871248 -0.1318059728 0.9778510175 33.0784348775
0.4800583205 0.8771238782 0.0140609822 877.4065950573 -0.8572138049 0.4656357458 0.2199269081 -5530.7568275342 0.1863558467 -0.1176310102 0.9754150111 33.2326140736
0.4940686858 0.8693989390 0.0064512379 877.9237519762 -0.8494317570 0.4811129591 0.2167856333 -5531.6464398664 0.1853694254 -0.1125868793 0.9761979158 33.4287185416
0.4792710917 0.8772880711 -0.0257848967 878.4449816226 -0.8526308244 0.4723656152 0.2233638350 -5532.5155008189 0.2081343265 -0.0850668313 0.9743940355 33.6320910402
0.4510619369 0.8924919087 0.0011498204 879.0003070569 -0.8711461008 0.4399930332 0.2179692680 -5533.4295383338 0.1940298950 -0.0993193018 0.9759549560 33.8206869580
0.4541940701 0.8908192835 -0.0121963410 879.4693404914 -0.8562581291 0.4402714003 0.2701538645 -5534.3145355162 0.2460279721 -0.1122590671 0.9627399123 34.0053420906
0.5042444656 0.8631306365 0.0272584527 880.0666278862 -0.8510429714 0.4913323698 0.1852521609 -5535.2538659705 0.1465038554 -0.1166104915 0.9823128899 34.1677213617
0.4614911676 0.8869581359 -0.0181980047 880.5854476850 -0.8642824248 0.4541305116 0.2162900104 -5536.1549535741 0.2001044536 -0.0840877139 0.9761595484 34.3250809682
0.5509072471 0.8340528966 -0.0292740622 881.1459534105 -0.7989153910 0.5371917283 0.2704796574 -5537.0465766639 0.2413201258 -0.1256217046 0.9622805122 34.4505944142
0.4540252280 0.8909719154 -0.0054898328 881.7197400244 -0.8646485469 0.4420816343 0.2386351167 -5537.9153088836 0.2150441412 -0.1035995873 0.9710937868 34.6100634378
0.4756776457 0.8796025118 -0.0054953215 882.1991330448 -0.8644744679 0.4686326681 0.1818442100 -5538.8165126134 0.1625259111 -0.0817486606 0.9833119976 34.7605538916
0.4258838252 0.9041158081 -0.0346059689 882.6466037247 -0.8847615953 0.4241580506 0.1930980777 -5539.7209824551 0.1892614249 -0.0516193157 0.9805689977 34.9106442714
0.3938772245 0.9180271629 0.0456821642 883.1507006608 -0.9049935582 0.3786330957 0.1939681378 -5540.6626649702 0.1607712400 -0.1177416961 0.9799436215 35.0455330667
0.3877044352 0.9212444551 0.0315265740 883.5412671851 -0.8932516415 0.3670403506 0.2595821373 -5541.5515620620 0.2275670798 -0.1288023099 0.9652062936 35.2278108051
0.3937413563 0.9192171698 -0.0027457328 883.9888921372 -0.8615975058 0.3700979612 0.3473862937 -5542.4307947064 0.3203396358 -0.1344146339 0.9377180941 35.4689492316
0.3487530578 0.9299960432 -0.1160976500 884.3612966942 -0.7417657837 0.3496128006 0.5723236949 -5543.2390772941 0.5728479962 -0.1134823743 0.8117677771 35.7500603738
0.2499659985 0.9417021113 -0.2251979867 884.7131476194 -0.5293752816 0.3276587715 0.7825608862 -5544.0474401446 0.8107273344 -0.0763993657 0.5804173724 36.0183612620
0.2417469990 0.9518879236 -0.1883288861 885.0736614115 -0.7051106553 0.3056638817 0.6398347874 -5545.0759301048 0.6666163456 -0.0218854354 0.7450796437 36.3402686459
0.2979580784 0.9393411644 -0.1698798411 885.3999905976 -0.8754959507 0.3398353878 0.3435385707 -5546.2228105330 0.3804311026 0.0463690206 0.9236460849 36.5309864267
0.3831815584 0.9226101853 -0.0442982990 885.8142383635 -0.9160459422 0.3857306462 0.1098712897 -5547.2954327009 0.1184555825 -0.0015213750 0.9929581866 36.6160052367
0.4042572790 0.9145879345 -0.0102451175 886.2046034468 -0.9143045565 0.4043870463 0.0227660859 -5548.2896907989 0.0249645803 0.0001638016 0.9996883229 36.6657366690
0.4624138600 0.8849490416 -0.0551236418 886.6275740401 -0.8861223697 0.4634104486 0.0061564690 -5549.2064088749 0.0309930329 0.0459994555 0.9984605561 36.6974163246
0.4991129824 0.8542794835 -0.1452335871 887.0669608626 -0.8588620524 0.5099521219 0.0480084193 -5550.0872370132 0.1150747835 0.1007739914 0.9882319550 36.7460797542
0.5110048420 0.8004330854 -0.3133383592 887.5229298249 -0.8211915255 0.5623116907 0.0972113212 -5550.9731443394 0.2540049802 0.2076353493 0.9446528631 36.8612706731
0.5789903336 0.7626252307 -0.2883972106 888.0407374602 -0.7841752600 0.6177150467 0.0591378278 -5551.8557966154 0.2232472960 0.1919137270 0.9556828795 36.9940023431
0.5860997556 0.6545224044 -0.4775850695 888.4588950235 -0.6485788661 0.7322802829 0.2076319861 -5552.6676644112 0.4856259166 0.1880585265 0.8536986938 37.1953583059
0.5609227319 0.7577570213 -0.3334216331 889.1804059663 -0.7506492803 0.6353770434 0.1811675210 -5553.4432361898 0.3491294126 0.1486617281 0.9252071897 37.4485862170
0.4701210196 0.6664776080 -0.5786137096 889.5301755713 -0.6851611643 0.6888411821 0.2367530460 -5554.3261337743 0.5563635555 0.2851410595 0.7804832928 37.6737008839
0.3972966252 0.6126775271 -0.6832141973 890.0387033449 -0.4774250560 0.7738031721 0.4162859195 -5555.1194267150 0.7837223408 0.1607945855 0.5999369915 37.8596955403
0.5292699994 0.6434227321 -0.5530646034 890.8450402811 -0.4933725365 0.7637077274 0.4163340574 -5555.7384759266 0.6902585080 0.0525137599 0.7216546938 38.1185090904
0.6056462987 0.7684002531 -0.2067694657 891.7240232244 -0.7266246456 0.6399685983 0.2499136202 -5556.4802409771 0.3243596541 -0.0011154693 0.9459331744 38.2659926771
0.4725395213 0.8809592737 -0.0248426804 892.3780756658 -0.8727857672 0.4716942816 0.1254970488 -5557.3537805263 0.1222759392 -0.0376199775 0.9917829057 38.3508096773
0.4127178381 0.9104317464 -0.0278930310 892.8589847177 -0.9023906017 0.4128550256 0.1234582106 -5558.2240771893 0.1239160523 -0.0257829967 0.9919576851 38.4791662555
0.2424890331 0.9694598973 -0.0366957272 893.2155755394 -0.9598920237 0.2452393535 0.1358858430 -5559.2371917130 0.1407351118 0.0022731091 0.9900446764 38.6062448809
0.2603347140 0.9625076557 -0.0761895629 893.4561863142 -0.9370711495 0.2708902608 0.2202637679 -5560.2265408317 0.2326445734 0.0140527363 0.9724602938 38.6868429027
0.2934793226 0.9523179283 -0.0834293149 893.7225490518 -0.9484172577 0.3009965328 0.0995278484 -5561.2356764822 0.1198940889 0.0499164365 0.9915310166 38.7794601242
0.3123434865 0.9453345178 -0.0937240416 894.0110807527 -0.9377500263 0.3225949160 0.1286755933 -5562.1859091998 0.1518763793 0.0476987390 0.9872478897 38.9178955083
0.3521590808 0.9131991920 -0.2050639353 894.2684913896 -0.8375898802 0.4052649188 0.3663380109 -5563.0685708628 0.4176447946 0.0427502198 0.9076041231 39.0778902956
0.4266677919 0.8999427530 -0.0897643399 894.7423127454 -0.8912193622 0.4352580873 0.1275870126 -5564.0965671191 0.1538916623 0.0255624488 0.9877570134 39.2745839783
0.4339090567 0.8845488221 -0.1711616541 895.1480764120 -0.8418053165 0.4657396274 0.2728560219 -5564.9407930297 0.3210712378 0.0256900913 0.9467065435 39.4486691347
0.4543771785 0.8841267185 -0.1089097118 895.6163172162 -0.8727039278 0.4663267111 0.1446625487 -5565.9348701373 0.1786875322 0.0293145726 0.9834690751 39.6339665921
0.4905738252 0.8692920131 -0.0605699424 896.1510427738 -0.8515279602 0.4929867012 0.1785055895 -5566.8236336019 0.1850336593 -0.0359931704 0.9820728265 39.8466158258
0.5699030627 0.8134947212 -0.1159173742 896.6667065599 -0.8000915393 0.5815059566 0.1473239666 -5567.6988825581 0.1872539127 0.0087841306 0.9822722694 40.0189786492
0.5532052053 0.8251559459 -0.1143751103 897.2518325461 -0.8132089332 0.5647015154 0.1407246581 -5568.5210295181 0.1807075865 0.0151612480 0.9834200042 40.2120306794
0.5253698221 0.8431155135 -0.1146419686 897.8223209278 -0.8309385747 0.5373769705 0.1441078647 -5569.3764891803 0.1831055301 0.0195505108 0.9828988465 40.4065506719
0.5083385085 0.8479275644 -0.1503689004 898.3281225907 -0.8394384351 0.5268737666 0.1332184215 -5570.2467698238 0.1921850006 0.0585053807 0.9796132124 40.6038833689
0.5305651271 0.8371864838 -0.1327382280 898.8161888401 -0.8247963065 0.5460079362 0.1469230629 -5571.1209706714 0.1954781283 0.0315297466 0.9802010898 40.7929692102
0.5149905785 0.8331359753 -0.2016659383 899.2940582504 -0.8178732064 0.5480129055 0.1754003236 -5571.9715011971 0.2566478565 0.0746076535 0.9636210748 40.9941099518
0.4594274984 0.8655492640 -0.1993761403 899.8307132684 -0.8189883383 0.4996892430 0.2820793544 -5572.8086993909 0.3437796902 0.0336917217 0.9384457323 41.1894068801
0.4023061884 0.8870373700 -0.2265268971 900.3276341978 -0.8036211208 0.4606914604 0.3767711141 -5573.7108479708 0.4385690652 0.0304644481 0.8981809909 41.3948016977
0.3912006305 0.9167346349 -0.0809918265 900.8355882478 -0.9059976302 0.3990823379 0.1410729659 -5574.7314186018 0.1616488813 0.0181905697 0.9866806689 41.5752451310
0.3807992376 0.9222928067 -0.0660902363 901.2507071533 -0.9138044420 0.3862860569 0.1254771856 -5575.6929841489 0.1412564424 0.0126119349 0.9898926995 41.7286205808
0.3701853733 0.9261371060 -0.0723384431 901.6248486420 -0.9173339942 0.3767234319 0.1287548017 -5576.6422241319 0.1464961860 0.0186953686 0.9890345548 41.8616786556
0.3861876825 0.9171479543 -0.0984819974 901.9833704955 -0.9026476844 0.3977367423 0.1644160629 -5577.5497134590 0.1899637645 0.0253990887 0.9814625079 42.0296611215
0.4411864103 0.8935770537 -0.0829132110 902.4170962370 -0.8832102441 0.4487193860 0.1363472673 -5578.4795944525 0.1590415546 0.0130752359 0.9871853028 42.1613037184
0.4406796246 0.8934034736 -0.0873596119 902.9107946681 -0.8794771705 0.4491924564 0.1573087528 -5579.4192685372 0.1797814648 0.0075080222 0.9836779221 42.3276308040
0.4731183049 0.8764470360 -0.0894408327 903.3727735230 -0.8623442138 0.4814887633 0.1566238415 -5580.3419663853 0.1803372576 0.0030271782 0.9836001778 42.4816835053
0.5024057476 0.8635029662 -0.0441711689 903.9184070215 -0.8523733201 0.5032079922 0.1422724136 -5581.2803560062 0.1450799364 -0.0338281525 0.9888414778 42.6512298484
0.5069023107 0.8585158210 -0.0774637497 904.4199089687 -0.8493580397 0.5127815107 0.1250841428 -5582.1491146863 0.1471086942 0.0023890176 0.9891174474 42.7794032506
0.4699587457 0.8614737682 -0.1923583221 904.9122427846 -0.8039173149 0.5077209412 0.3097360113 -5582.9989658760 0.3644937971 0.0090770384 0.9311615753 42.9329501184
0.4481398268 0.8187422158 0.3589315808 905.6726535514 -0.8911630579 0.3773906061 0.2518029681 -5583.9003963421 0.0707043132 -0.4327095036 0.8987565775 42.9765269057
0.5726984784 0.6826447810 -0.4538860604 906.0765863701 -0.2062513031 0.6558547041 0.7261645867 -5584.3633497127 0.7933957731 -0.3222587625 0.5164033667 43.0836012454
0.9959612792 0.0861535683 0.0252723778 907.0579526047 -0.0886139761 0.9885298021 0.1222963351 -5584.0822921552 -0.0144462330 -0.1240419002 0.9921718164 43.2900178952
0.9637013046 0.2400672665 -0.1168225279 907.9946640341 -0.2249236021 0.9657746294 0.1291848998 -5584.2194045895 0.1438372994 -0.0982195127 0.9847150647 43.3546066170
0.9245764450 0.3653674705 -0.1080046704 908.9601021138 -0.3511844423 0.9271979311 0.1302823245 -5584.5060276834 0.1477426302 -0.0825264085 0.9855767383 43.4960235543
0.9786153204 -0.0229544710 -0.2044141553 543.1338910411 0.0372779080 0.9970899766 0.0664976402 -5615.9133710071 0.2022928871 -0.0726957415 0.9766232216 -0.1249923217
0.9686318369 0.0050298260 -0.2484493216 544.1429750978 0.0370685078 0.9856845794 0.1644744228 -5615.7757670060 0.2457199428 -0.1685248079 0.9545790166 0.0705432159
0.9316820563 0.0510511751 -0.3596697422 545.0892692377 0.0116072402 0.9853874090 0.1699321221 -5615.7110839912 0.3630892699 -0.1624974821 0.9174752042 0.3084634760
0.9054875919 -0.2115849820 -0.3678641275 546.0448958356 0.2610505270 0.9611442573 0.0897459693 -5615.6068579304 0.3345815943 -0.1772949860 0.9255385701 0.6041032751
0.8065598813 -0.4504248084 -0.3828559126 546.9350924384 0.4829232253 0.8755702250 -0.0127255487 -5615.2486237569 0.3409491404 -0.1746260951 0.9237204180 0.9090993231
0.6430538210 -0.7353975217 -0.2137107118 547.7368509025 0.7605493586 0.6459437130 0.0657373011 -5614.5585054376 0.0897020423 -0.2048101675 0.9746826863 1.0969345426
0.4068006502 -0.8992611117 -0.1607565987 548.2626126708 0.9125686833 0.3920205551 0.1163541263 -5613.6648770075 -0.0416128499 -0.1940343718 0.9801117453 1.1170054532
0.1045538105 -0.9858641682 -0.1309211310 548.5312393126 0.9942144020 0.1003530203 0.0383013596 -5612.6997811364 -0.0246216071 -0.1341682270 0.9906526451 1.0696840711
-0.2010736711 -0.9760877059 -0.0825964235 548.5079916898 0.9794308553 -0.2017799701 0.0002081255 -5611.6925838454 -0.0168694526 -0.0808556371 0.9965830560 1.0459917813
-0.2718890966 -0.9622810344 -0.0095671296 548.2912372060 0.9596254829 -0.2718566076 0.0722005368 -5610.6372158600 -0.0720780946 0.0104496773 0.9973442498 0.9779972768
-0.2497949903 -0.9682330236 -0.0112816159 548.0308793984 0.9605814888 -0.2492553620 0.1231055156 -5609.5988217965 -0.1220068288 0.0199142297 0.9923294600 0.8483066896
-0.2042121586 -0.9789263958 0.0007112797 547.7973889302 0.9788079877 -0.2041760369 0.0157184317 -5608.6737072443 -0.0152419614 0.0039061011 0.9998762048 0.7674214091
-0.0982716015 -0.9951175748 -0.0091490207 547.6252885074 0.9951548468 -0.0982384672 -0.0040042933 -5607.6556103973 0.0030859569 -0.0094982006 0.9999501293 0.7600972334
0.0594337315 -0.9928786899 -0.1032450421 547.5134021286 0.9968924599 0.0536787879 0.0576542380 -5606.5832241463 -0.0517015955 -0.1063508105 0.9929836102 0.7331319111
0.4202240720 -0.8887235503 -0.1832544144 547.5529647319 0.9072070985 0.4158471185 0.0636117475 -5605.5699900072 0.0196725621 -0.1929808932 0.9810052829 0.6712640869
0.7396787129 -0.6234729798 -0.2532920156 548.0424785887 0.6594178532 0.7466231348 0.0878748515 -5604.6721771970 0.1343260832 -0.2320244342 0.9633904532 0.6978461280
0.8115817030 -0.3860569529 -0.4385147300 548.7719406825 0.4121111257 0.9103113694 -0.0386992343 -5604.0764232550 0.4141250529 -0.1493092085 0.8978904169 0.8583034780
0.9534373725 -0.2618230140 -0.1496859583 549.8490647815 0.2750873081 0.9584300354 0.0757551327 -5603.7149902897 0.1236290812 -0.1134044820 0.9858272028 0.9836333019
0.9496787358 -0.2723861840 -0.1546481991 550.8043397289 0.3035317549 0.9221783261 0.2396989960 -5603.2766766124 0.0773225226 -0.2745776788 0.9584510033 0.9967441741
0.6673941850 -0.6350094697 -0.3890346710 551.5564234176 0.6847428274 0.7286375723 -0.0146474791 -5602.8010607973 0.2927665662 -0.2566130582 0.9211066584 1.1097264705
0.6283188082 -0.7324792013 -0.2620871896 552.3027374957 0.7615047593 0.6479949971 0.0145940167 -5601.9681545050 0.1591413739 -0.2087503374 0.9649338422 1.1387614127
0.5889123516 -0.7732879678 -0.2349637438 552.9324376939 0.8081317699 0.5671207294 0.1590506861 -5601.0547323262 0.0102608280 -0.2835485797 0.9589029765 1.1171047069
0.6850699710 -0.6387936069 -0.3501740462 553.4886419854 0.7054102197 0.7017149637 0.0999626513 -5600.2137363291 0.1818668655 -0.3154977615 0.9313353884 1.1279575485
0.7168956018 -0.5590632429 -0.4165440992 554.1355937110 0.6365230129 0.7686051418 0.0639107968 -5599.3830971230 0.2844277591 -0.3109572742 0.9068662655 1.2558093921
0.8161902831 -0.4833606144 -0.3165374200 554.9211567051 0.5244413054 0.8496823686 0.0547831146 -5598.7227181966 0.2424762649 -0.2107187436 0.9469967646 1.4332271915
0.8710150433 -0.4210725281 -0.2530429220 555.7866162388 0.4648815598 0.8730011311 0.1474929167 -5598.1240859695 0.1588015418 -0.2461035376 0.9561459717 1.5745072491
0.8444150392 -0.4961710408 -0.2019344939 556.7130608139 0.5184747048 0.8517832923 0.0751611834 -5597.6524041994 0.1347116255 -0.1681651607 0.9765107561 1.6615064267
0.7903718430 -0.5736781687 -0.2149551315 557.5568247724 0.6015607101 0.7931429411 0.0951261644 -5597.0269226805 0.1159183414 -0.2044936034 0.9719800946 1.7713170925
0.7474315798 -0.6288326238 -0.2142791747 558.3479915027 0.6548947003 0.7516198157 0.0786166909 -5596.3538923350 0.1116197338 -0.1990908934 0.9736035390 1.8858159950
0.6995045984 -0.6852835282 -0.2026815305 559.1153790721 0.7092288581 0.7005110141 0.0792385383 -5595.6099892971 0.0876797794 -0.1991753123 0.9760335298 1.9832236890
0.6589760848 -0.7238431870 -0.2044542988 559.8015003600 0.7489994637 0.6564037811 0.0901880238 -5594.8556017605 0.0689225882 -0.2125679110 0.9747125525 2.0570788062
0.6728169154 -0.7135219470 -0.1954579994 560.3908180096 0.7377040807 0.6669798241 0.1045495266 -5594.0161247303 0.0557681603 -0.2145328538 0.9751233599 2.0927836228
0.6829369210 -0.6968755995 -0.2190012803 561.0213706692 0.7254792243 0.6820756468 0.0919386055 -5593.2277118180 0.0853056691 -0.2216691471 0.9713834115 2.1413742254
0.7199746176 -0.6132112063 -0.3249747167 561.5993333662 0.6707964998 0.7349644762 0.0992938795 -5592.3623623769 0.1779567528 -0.2894809755 0.9404956985 2.1839103177
0.7355254097 -0.6145847479 -0.2851104336 562.3560555044 0.6546686511 0.7530639698 0.0656019407 -5591.6201274504 0.1743884428 -0.2349047573 0.9562470528 2.2795240157
0.7814235658 -0.5487400679 -0.2970884526 563.0615523382 0.5927398530 0.8015545008 0.0785483858 -5590.9045579034 0.1950299397 -0.2374757254 0.9516136834 2.4267490978
0.8048824453 -0.5044987767 -0.3124823733 563.8407954663 0.5543390194 0.8271415273 0.0924399559 -5590.2166593775 0.2118313028 -0.2476244702 0.9454150522 2.6110256105
0.7612308521 -0.5507223613 -0.3423922758 564.5991380527 0.5966964974 0.8016005761 0.0372801082 -5589.6167616083 0.2539308563 -0.2326830403 0.9388171936 2.7860254292
0.7885765003 -0.6109416277 -0.0699816456 565.5036170629 0.6138680266 0.7753856334 0.1481322567 -5588.9236050749 -0.0362373994 -0.1597731113 0.9864884205 2.8329363335
0.7806465597 -0.6208020828 -0.0720813620 566.3130337352 0.6236346802 0.7662336091 0.1548090499 -5588.2761863380 -0.0408746185 -0.1658035893 0.9853113393 2.7869789119
0.7405728392 -0.6526282743 -0.1600881176 567.0851047872 0.6708487132 0.7318374550 0.1198997227 -5587.6002180144 0.0389085314 -0.1961893858 0.9797937799 2.7662370319
0.7317221432 -0.6672051622 -0.1393555764 567.8314570672 0.6814929972 0.7198236584 0.1319893769 -5586.8668148083 0.0122474472 -0.1915493991 0.9814065558 2.7669052294
0.7093694590 -0.6882695913 -0.1519208361 568.5136165207 0.7044241336 0.6996649773 0.1193966480 -5586.1444415851 0.0241166063 -0.1917130389 0.9811546769 2.7648916516
0.7384661629 -0.6546453485 -0.1615772073 569.2436336136 0.6735406990 0.7274515894 0.1309851590 -5585.4029790298 0.0317907713 -0.2055569329 0.9781286696 2.7624558100
0.7295462305 -0.6622121328 -0.1709894405 570.0110609098 0.6827155664 0.7200238585 0.1243587495 -5584.6489463296 0.0407646040 -0.2074626096 0.9773932232 2.7584898703
0.7108791627 -0.6674078866 -0.2218502399 570.7260578776 0.6914426765 0.7209116685 0.0468336560 -5583.9444705579 0.1286772753 -0.1866897938 0.9739553787 2.8015259528
0.7250767501 -0.6709741427 -0.1551045016 571.5142637714 0.6846325094 0.7266542783 0.0570253179 -5583.1934606982 0.0744448358 -0.1475373163 0.9862508336 2.8605857321
0.7320813698 -0.6703505617 -0.1211899024 572.2523201260 0.6804295648 0.7281228398 0.0827812631 -5582.4752742534 0.0327486697 -0.1430638131 0.9891715069 2.9056852620
0.7306906398 -0.6740553539 -0.1083539052 573.0310790751 0.6809252420 0.7310090005 0.0443469964 -5581.7512877356 0.0493153496 -0.1061848443 0.9931227392 2.9178242620
0.7280625741 -0.6709542040 -0.1405181279 573.8009259101 0.6828560158 0.7278652367 0.0626087771 -5580.9847476708 0.0602706382 -0.1415367564 0.9880965524 2.9206408026
0.7277632834 -0.6773717016 -0.1073693684 574.5676200269 0.6857378831 0.7212381601 0.0978727341 -5580.2141909186 0.0111426652 -0.1448554257 0.9893900882 2.9052578543
0.7014741416 -0.6986187638 -0.1409462716 575.2933298744 0.7104635027 0.7011040278 0.0607844842 -5579.4907794294 0.0563528176 -0.1427759257 0.9881494801 2.9388902621
0.7168554020 -0.6899608276 -0.1003612922 576.0283889007 0.6968252208 0.7138410527 0.0697535887 -5578.7369448855 0.0235147667 -0.1199375165 0.9925029208 2.9415068854
0.7244682713 -0.6768401854 -0.1305108708 576.7633431607 0.6872817388 0.7237803675 0.0615287834 -5578.0140164874 0.0528160529 -0.1342733896 0.9895358111 2.9703818175
0.7176471366 -0.6797822524 -0.1512569884 577.4917455746 0.6931677747 0.7181811933 0.0611081812 -5577.2747295199 0.0670896674 -0.1487005813 0.9866038281 3.0268449301
0.7382309724 -0.6540758992 -0.1649234654 578.2377631352 0.6704225365 0.7384473526 0.0723127231 -5576.5333691692 0.0744892870 -0.1639519000 0.9836519306 3.1068061371
0.7557309471 -0.6336975242 -0.1652216188 578.9931639243 0.6465745222 0.7620655898 0.0346038159 -5575.8534591366 0.1039813579 -0.1329792638 0.9856492239 3.1783358724
0.7523539573 -0.6397975520 -0.1569159499 579.7761523995 0.6531477603 0.7554983262 0.0511886935 -5575.1705875308 0.0857993368 -0.1410013173 0.9862844936 3.2513937239
0.7399205644 -0.6605516728 -0.1272361816 580.5478259332 0.6703029274 0.7399159459 0.0567307547 -5574.4777969219 0.0566704847 -0.1272630371 0.9902487443 3.3116282728
0.7283918243 -0.6768198351 -0.1065845254 581.2770733299 0.6839841538 0.7274018568 0.0552468645 -5573.7698686802 0.0401376080 -0.1131434909 0.9927676077 3.3566066550
0.7009466782 -0.7067003259 -0.0961686212 582.0020514244 0.7126414528 0.6993883809 0.0547544745 -5573.0541831742 0.0285642113 -0.1069137130 0.9938579093 3.3918219912
0.6906558600 -0.7174586755 -0.0908159243 582.7126723665 0.7227776986 0.6890105919 0.0534490661 -5572.3107710699 0.0242256376 -0.1025546355 0.9944323332 3.4155634684
0.6896436266 -0.7171469289 -0.1004587013 583.4211001051 0.7224367006 0.6908946013 0.0273836372 -5571.5640603722 0.0497682830 -0.0914600036 0.9945643196 3.4388787659
0.7068546246 -0.7035318224 -0.0734813893 584.1523612792 0.7072656592 0.7046238739 0.0572755073 -5570.8012647348 0.0114815992 -0.0924563205 0.9956505420 3.4412572091
0.7055048541 -0.7049965534 -0.0724069097 584.8960975562 0.7086759725 0.7027103179 0.0630600915 -5570.0443878678 0.0064239354 -0.0958022378 0.9953796584 3.4443704046
0.7389517557 -0.6705191909 -0.0659872517 585.5919994394 0.6737576430 0.7355394386 0.0709392188 -5569.3070807144 0.0009701185 -0.0968800755 0.9952955892 3.4399150309
0.7263786715 -0.6841220945 -0.0659619995 586.3542351746 0.6872041289 0.7213721818 0.0858641987 -5568.5690838876 -0.0111584440 -0.1076992810 0.9941208951 3.4299074173
0.7164316456 -0.6946855493 -0.0643248372 587.1035096094 0.6974370636 0.7108382367 0.0910524218 -5567.8416553676 -0.0175282478 -0.1100953619 0.9937664574 3.4135506221
0.7121824175 -0.6987472066 -0.0674429052 587.8357829500 0.7018979764 0.7071979307 0.0849135890 -5567.1185590772 -0.0116376501 -0.1078120038 0.9941031822 3.3998169873
0.7108160515 -0.6847054751 -0.1609936438 588.5148555444 0.6977429796 0.7153171770 0.0384196671 -5566.3836334749 0.0888553623 -0.1396415008 0.9862073696 3.4040427296
0.7210398911 -0.6885680365 -0.0773015817 589.2915007303 0.6928725807 0.7173849804 0.0727074741 -5565.6133152294 0.0053909510 -0.1059851356 0.9943531006 3.3799191782
0.7466215361 -0.6636498968 -0.0460987670 590.0535507928 0.6652163817 0.7454768263 0.0418505326 -5564.9150153997 0.0065914609 -0.0619121640 0.9980598362 3.3936454643
0.7650186929 -0.6430060780 -0.0359107681 590.8316606415 0.6437432023 0.7651133681 0.0140079746 -5564.2276118795 0.0184685960 -0.0338336753 0.9992568205 3.4145783587
0.7802666904 -0.6003911971 -0.1752549637 591.5483456507 0.5968615966 0.7985197507 -0.0782460374 -5563.5882569064 0.1869227820 -0.0435501808 0.9814088115 3.4431139492
0.7926028893 -0.6062051356 -0.0655438286 592.4424864713 0.6093069846 0.7914949742 0.0477567210 -5562.8632274028 0.0229272414 -0.0777884276 0.9967062266 3.4577347782
0.7651006551 -0.6400529798 -0.0703787656 593.2634320226 0.6431160546 0.7650067138 0.0341535960 -5562.1769211812 0.0319801173 -0.0713926528 0.9969354850 3.4848948728
0.7355443053 -0.6726675631 -0.0805786847 594.0558416393 0.6760988624 0.7364193993 0.0240165907 -5561.4738100676 0.0431845250 -0.0721444235 0.9964588697 3.5112019817
0.7006424378 -0.7102467872 -0.0681885294 594.8110092471 0.7133244912 0.6994458299 0.0440874283 -5560.7235545132 0.0163812282 -0.0795300712 0.9966978595 3.5274369106
0.6630884268 -0.7466915806 -0.0525872780 595.5305797045 0.7485060902 0.6620983542 0.0369378171 -5559.9429652035 0.0072367931 -0.0638549369 0.9979329516 3.5374444888
0.6453862671 -0.7610860724 -0.0649965899 596.1750665995 0.7634306243 0.6455277822 0.0216232334 -5559.1776052613 0.0254999627 -0.0635757252 0.9976511811 3.5473325505
0.6437046978 -0.7625154029 -0.0649193534 596.8313257322 0.7645853472 0.6444051780 0.0122968863 -5558.3958757270 0.0324578023 -0.0575519498 0.9978147444 3.5558164109
0.6514482492 -0.7571043101 -0.0490738459 597.4927140317 0.7585843668 0.6510858275 0.0252389302 -5557.6104021624 0.0128427827 -0.0536685092 0.9984762161 3.5633223850
0.6615936596 -0.7483640129 -0.0473828428 598.1446215759 0.7498427201 0.6607135032 0.0345479635 -5556.8300566942 0.0054520314 -0.0583863933 0.9982791716 3.5674120993
0.7145817113 -0.6982254272 -0.0430607795 598.8413282870 0.6995178942 0.7137995737 0.0341304000 -5556.0903617990 0.0069060529 -0.0545107454 0.9984893014 3.5721725897
0.7324440427 -0.6796858256 -0.0394068877 599.5560380735 0.6808261439 0.7313185647 0.0406068803 -5555.3861978959 0.0012190676 -0.0565715070 0.9983978057 3.5726610465
0.7472015491 -0.6613421486 -0.0656993721 600.3386422868 0.6639420140 0.7471977198 0.0296069172 -5554.6505650081 0.0295101187 -0.0657429078 0.9974001318 3.5700382261
0.7388809530 -0.6702364437 -0.0695560700 601.0903494300 0.6728345912 0.7394672418 0.0219501992 -5553.9887298714 0.0367226118 -0.0630183140 0.9973365239 3.5680242089
0.7382751881 -0.6729290780 -0.0460022017 601.8361739352 0.6744935876 0.7368381552 0.0461295270 -5553.2608168679 0.0028542774 -0.0650844753 0.9978756757 3.5612483458
0.7396445466 -0.6677687511 -0.0837307572 602.5512061912 0.6729017153 0.7358945579 0.0752494597 -5552.5346830246 0.0113677709 -0.1120004227 0.9936431347 3.5725475220
0.7611901299 -0.6465626688 -0.0504608899 603.3094609734 0.6483074400 0.7606561586 0.0331612961 -5551.8660909064 0.0169425305 -0.0579562216 0.9981753488 3.5628347165
0.7497158493 -0.6591081966 -0.0591821800 604.0764851798 0.6613761229 0.7493239454 0.0330945463 -5551.1965293329 0.0225337379 -0.0639531867 0.9976984617 3.5810241753
0.7570824225 -0.6515806050 -0.0476331890 604.8498510300 0.6526332873 0.7576150592 0.0094453381 -5550.5118189955 0.0299332222 -0.0382379042 0.9988202365 3.5982337229
0.7433242581 -0.6668205053 -0.0530985974 605.6220380835 0.6675956034 0.7445129210 -0.0040768595 -5549.8280805489 0.0422511254 -0.0324179616 0.9985809522 3.6277144538
0.7089593313 -0.7042157912 -0.0381678672 606.4062194934 0.7049140150 0.7092524697 0.0075607985 -5549.0704815153 0.0217462204 -0.0322653631 0.9992427374 3.6503572297
0.6949742956 -0.7184316933 -0.0294385875 607.1446471652 0.7189559547 0.6949211012 0.0136747301 -5548.3092870680 0.0106331362 -0.0306686337 0.9994730468 3.6659816786
0.6948016226 -0.7186612030 -0.0278707844 607.8801006376 0.7191812278 0.6945507107 0.0194337813 -5547.5291405574 0.0053913684 -0.0335467677 0.9994226071 3.6780667216
0.6985391295 -0.7152132569 -0.0226513060 608.6275751598 0.7155591504 0.6983653183 0.0161550154 -5546.7444381583 0.0042646053 -0.0274932597 0.9996128920 3.6837428791
0.7298645363 -0.6831197425 0.0254003155 609.3443941788 0.6812148197 0.7299203364 0.0562376386 -5545.9954358896 -0.0569572480 -0.0237427867 0.9980942601 3.7099295278
0.7239389086 -0.6898097834 -0.0086556020 610.0842346607 0.6898541023 0.7238039487 0.0144624085 -5545.3053753612 -0.0037113520 -0.0164410027 0.9998579496 3.6874044409
0.7366912820 -0.6761992530 0.0063659461 610.8814661400 0.6760830609 0.7366951347 0.0138554386 -5544.5750826114 -0.0140587988 -0.0059032725 0.9998837440 3.6838033263
0.7464666900 -0.6641520056 0.0411046736 611.6463518399 0.6642473994 0.7473950501 0.0132676855 -5543.8805109788 -0.0395331895 0.0173997872 0.9990667517 3.6767247194
0.7153243100 -0.6952349839 0.0704233533 612.4595340755 0.6970063286 0.7170645141 -0.0008127295 -5543.2170654372 -0.0499330497 0.0496668881 0.9975168624 3.6500549172
0.7030361694 -0.7099959001 0.0405705110 613.1990154667 0.7090084585 0.7042017376 0.0375089143 -5542.4602091858 -0.0552009997 0.0023947120 0.9984723907 3.5851119615
0.6899754578 -0.7220720776 0.0504557468 613.9392871973 0.7205664159 0.6918058209 0.0467840415 -5541.6912460470 -0.0686870294 0.0040768762 0.9976299269 3.5225526254
0.6775202704 -0.7346466909 0.0355038416 614.6749804573 0.7322803555 0.6782788889 0.0608541683 -5540.9238709026 -0.0687878196 -0.0152311669 0.9975150362 3.4515688259
0.6831678950 -0.7289831158 0.0431884723 615.3684729540 0.7267851282 0.6844894515 0.0570751106 -5540.1799471213 -0.0711688457 -0.0076031438 0.9974353050 3.3704532187
0.6928159628 -0.7186868960 0.0591201082 616.0903319075 0.7170172176 0.6952876134 0.0496129458 -5539.4324687930 -0.0767616529 0.0080174947 0.9970172358 3.2897654209
0.6967282794 -0.7169861938 0.0223719159 616.7769544446 0.7164566768 0.6970795361 0.0277479859 -5538.7205787718 -0.0354899275 -0.0033042980 0.9993645714 3.2074248075
0.6908908191 -0.7210042093 0.0531300886 617.5399927793 0.7199261457 0.6928565780 0.0406952949 -5537.9434281088 -0.0661530103 0.0101337343 0.9977580301 3.1189266665
0.7223527061 -0.6900939362 0.0444626489 618.2851350905 0.6899289479 0.7235601035 0.0214201666 -5537.1871010978 -0.0469533259 0.0152031533 0.9987813821 3.0465983273
0.7354007796 -0.6768786809 0.0319522269 619.0668220240 0.6774301717 0.7355154898 -0.0102628787 -5536.4797931546 -0.0165546340 0.0291927315 0.9994367056 2.9683499450
0.7304138137 -0.6784493826 0.0787533876 619.8171747201 0.6798335730 0.7332717620 0.0117828764 -5535.7737649807 -0.0657417205 0.0449328212 0.9968244920 2.8902907486
0.7412366293 -0.6655390214 0.0873273753 620.5867158026 0.6683540510 0.7438319240 -0.0041147821 -5535.0785629505 -0.0622183416 0.0614156323 0.9961711691 2.8185755760
0.7499236129 -0.6546698731 0.0949838514 621.3808711012 0.6581042542 0.7528977449 -0.0066163763 -5534.4037248839 -0.0671815853 0.0674710535 0.9954568256 2.7441139973
0.7211684518 -0.6876478559 0.0840029188 622.1668502874 0.6902712345 0.7235441745 -0.0030741465 -5533.6651923393 -0.0586658922 0.0602017759 0.9964607665 2.6831991100
0.7029232275 -0.7036245768 0.1039778398 622.9340128748 0.7082134167 0.7059162923 -0.0107677573 -5532.9140740575 -0.0658231925 0.0812074079 0.9945213242 2.6299799510
0.6849671487 -0.7201424041 0.1105211428 623.6429037741 0.7266339854 0.6863001144 -0.0315468584 -5532.2065727282 -0.0531324425 0.1019169801 0.9933729776 2.5948258873
0.6831788887 -0.7267858720 0.0710556283 624.3491767544 0.7302371152 0.6805253465 -0.0603241934 -5531.4609862804 -0.0045123845 0.0930996724 0.9956465685 2.5583226521
0.6258258871 -0.7700019042 0.1242538798 625.1033859654 0.7793538733 0.6110573821 -0.1386232879 -5530.7588434444 0.0308139451 0.1835917846 0.9825194947 2.5875824019
0.6456187482 -0.7632597847 0.0247170587 625.7385543076 0.7593334300 0.6381842667 -0.1270180452 -5529.9680423281 0.0811737278 0.1007737202 0.9915923977 2.6156418924
0.6648141157 -0.7467890847 0.0181177945 626.4129685851 0.7423344283 0.6577506722 -0.1276857462 -5529.2238343916 0.0834373301 0.0983367491 0.9916491798 2.7002975028
0.6785207931 -0.7345508333 -0.0066788140 627.0921840401 0.7254366534 0.6714765747 -0.1511981201 -5528.4813780846 0.1155473723 0.0977460119 0.9884809163 2.7993633662
0.7028707143 -0.7112299504 -0.0111676609 627.8208776784 0.7018826627 0.6960109454 -0.1514248713 -5527.7449067361 0.1154707179 0.0985937199 0.9884056817 2.9155134812
0.7246649132 -0.6857715882 -0.0676616024 628.5651305203 0.6640368186 0.7211732801 -0.1973935249 -5527.0774749963 0.1841626108 0.0981143664 0.9779865561 3.0244799570
0.7386690724 -0.6740464148 -0.0054251383 629.3355818219 0.6674894924 0.7325578448 -0.1334795173 -5526.3862394001 0.0939456177 0.0949759685 0.9910367230 3.1135067802
0.7394474446 -0.6732124723 -0.0015632822 630.1062910964 0.6682376844 0.7342610757 -0.1196623157 -5525.6984609634 0.0817060206 0.0874393495 0.9928134197 3.2013331950
0.7297127100 -0.6837491910 -0.0025307602 630.8671749963 0.6798054565 0.7258911193 -0.1046261162 -5525.0450171084 0.0733750786 0.0746265822 0.9945084067 3.2782956219
0.7128000721 -0.7012758852 -0.0113221029 631.5954572561 0.6959307821 0.7091888393 -0.1128341120 -5524.3588853603 0.0871573508 0.0725487633 0.9935493310 3.3563001210
0.7056196092 -0.7084352528 -0.0148478855 632.3087151596 0.7034646874 0.7028770620 -0.1053625611 -5523.6569510334 0.0850787907 0.0639009261 0.9943230215 3.4372924085
0.6866816958 -0.7268558215 -0.0122009558 633.0460782133 0.7214332381 0.6834321378 -0.1116001612 -5522.9205297973 0.0894557521 0.0678316129 0.9936782883 3.5238413499
0.7278610934 -0.6848405212 -0.0348093279 633.7554335954 0.6791748095 0.7269787782 -0.1011109998 -5522.1960408277 0.0945505525 0.0499531442 0.9942659988 3.6082520051
0.7242535078 -0.6889146693 -0.0292136063 634.4917845265 0.6829223247 0.7225179830 -0.1076330000 -5521.5078597381 0.0952573085 0.0580029539 0.9937613911 3.6816173035
0.7117873886 -0.7023001437 -0.0115421620 635.2487203451 0.6983773924 0.7093755716 -0.0951594250 -5520.7610351497 0.0750182057 0.0596724936 0.9953951287 3.7569926745
0.6951388959 -0.7181565043 -0.0321426609 635.9487873457 0.7133115355 0.6946210612 -0.0932106999 -5520.0559934032 0.0892668396 0.0418666523 0.9951274364 3.8353011493
0.6852118942 -0.7282260585 -0.0130945680 636.6956266204 0.7253410581 0.6839075382 -0.0784272181 -5519.2732843807 0.0660682177 0.0442412348 0.9968338396 3.9048172194
0.6843653361 -0.7288272165 -0.0213301481 637.4421946897 0.7258241873 0.6837486669 -0.0752795427 -5518.4846873352 0.0694502399 0.0360367721 0.9969343084 3.9761060773
0.6989844215 -0.7148580404 -0.0199689909 638.2167989961 0.7095757307 0.6967539837 -0.1050531700 -5517.7256555917 0.0890115772 0.0592610180 0.9942660966 4.0612547893
0.6994261438 -0.7142960406 -0.0241709687 638.9307750800 0.7110351363 0.6988595787 -0.0776165198 -5516.9936822231 0.0723332857 0.0371006151 0.9966902428 4.1300980840
0.6899746258 -0.7220207636 -0.0511960226 639.6336383818 0.7133346635 0.6902667612 -0.1211835644 -5516.2938989034 0.1228359624 0.0470936869 0.9913089887 4.2128105176
0.6710425679 -0.7269651684 -0.1456829298 640.3250422133 0.6886935030 0.6839445664 -0.2406680057 -5515.6170728028 0.2745963056 0.0611675893 0.9596121065 4.3065567458
0.7623096900 -0.6444200179 -0.0600564486 641.1064290849 0.6446454404 0.7642665362 -0.0181360886 -5514.8004596296 0.0575863924 -0.0248897997 0.9980302126 4.3832085535
0.7726627058 -0.6289533919 -0.0860812053 641.8861877293 0.6253565036 0.7774406574 -0.0671957405 -5514.1543309389 0.1091860178 -0.0019117989 0.9940194961 4.4419925234
0.7607558908 -0.6469223860 -0.0523631660 642.7146507684 0.6479365563 0.7616874809 0.0032249678 -5513.4336189857 0.0377980642 -0.0363814227 0.9986229010 4.5108929954
0.7293876135 -0.6839544490 -0.0141428750 643.5229337085 0.6840226979 0.7294607244 -0.0000158843 -5512.7319468949 0.0103275360 -0.0096624617 0.9998999844 4.5311544469
0.8925386269 -0.4265313767 -0.1464437922 804.8468062916 0.4357614086 0.8993219146 0.0364977913 -5815.7844452946 0.1161326584 -0.0963902417 0.9885454602 -0.1096860956
0.9100978747 -0.3769848012 -0.1720590541 805.7837164041 0.3878062055 0.9211490865 0.0330258599 -5815.3211227652 0.1460417933 -0.0967823338 0.9845328712 0.0163470357
0.9140282050 -0.3663259192 -0.1742347882 806.7442585481 0.3722937564 0.9281134049 0.0016931044 -5814.9186283493 0.1610894145 -0.0664140690 0.9847026820 0.1421850122
0.9098241432 -0.3962200515 -0.1234086677 807.7383463444 0.4011212032 0.9158724836 0.0167144859 -5814.4652746472 0.1064039885 -0.0647090761 0.9922151615 0.2561152834
0.8669426641 -0.4785120326 -0.1394153934 808.6373335371 0.4880605670 0.8717571858 0.0428519769 -5814.0065015494 0.1010311844 -0.1051933629 0.9893063510 0.3498724245
0.8713511103 -0.4657110911 -0.1544681920 809.5273092733 0.4782050893 0.8765334857 0.0548538144 -5813.4769953397 0.1098505130 -0.1216644076 0.9864738399 0.4616316909
0.8745803200 -0.4650242954 -0.1373377903 810.4428703455 0.4727324069 0.8807554253 0.0281771579 -5812.9596425106 0.1078579409 -0.0895672120 0.9901234161 0.5554415102
0.8705712521 -0.4793817256 -0.1109002081 811.3316974731 0.4843041168 0.8746471161 0.0210224814 -5812.4807833498 0.0869207538 -0.0720109953 0.9936091783 0.6526376837
0.8679106728 -0.4863331192 -0.1010502909 812.2005599355 0.4911040744 0.8706587444 0.0277513764 -5811.9646584912 0.0744839059 -0.0737119253 0.9944941930 0.7318758171
0.9349047554 -0.3375287035 -0.1096698345 813.1099407907 0.3410357103 0.9399400550 0.0143992120 -5811.5044716047 0.0982229230 -0.0508632217 0.9938637684 0.8126250131
0.9752176296 -0.1757450749 -0.1344032869 814.0984821080 0.1802869628 0.9833610733 0.0223071850 -5811.2504769919 0.1282465825 -0.0459855204 0.9906756008 0.9208632790
0.9822631349 -0.1138879285 -0.1489586304 815.1047883265 0.1152257583 0.9933392671 0.0003535423 -5811.0543762640 0.1479261926 -0.0175111427 0.9888433655 1.0434138219
0.9690662401 -0.1623863832 -0.1858528580 816.0966154338 0.1545702697 0.9863991827 -0.0558988746 -5810.9480432337 0.1924023233 0.0254423859 0.9809862542 1.1629314860
0.9392656849 -0.3126649537 -0.1414941693 817.1429085558 0.3075004725 0.9498047180 -0.0575713212 -5810.7323630667 0.1523923641 0.0105652425 0.9882636000 1.2573453348
0.8601267753 -0.5089967476 -0.0332301271 818.1673607892 0.5070588713 0.8602957977 -0.0527488532 -5810.3423183763 0.0554367335 0.0285210703 0.9980547666 1.3192991163
0.8149288671 -0.5793657518 -0.0150421804 819.0645236476 0.5793181242 0.8150642599 -0.0077950767 -5809.7393146968 0.0167765441 -0.0023617747 0.9998564745 1.3500528340
0.7780310892 -0.6280420011 0.0151943773 819.9374187713 0.6274318229 0.7780360864 0.0314508478 -5809.0671021022 -0.0315742272 -0.0149363015 0.9993898014 1.3477019221
0.8513984068 -0.5234901207 -0.0328457976 820.7646033620 0.5244721466 0.8504924911 0.0398934837 -5808.4251376585 0.0070512597 -0.0511919544 0.9986639392 1.3262058505
0.9387339951 -0.3296460273 -0.1005583569 821.6665423928 0.3340467044 0.9420748464 0.0301294385 -5807.9583912421 0.0848014490 -0.0618747159 0.9944748533 1.3574818005
0.9676701912 -0.2391168498 -0.0802342394 822.6593328468 0.2396026768 0.9708641339 -0.0036593505 -5807.6661876388 0.0787715577 -0.0156832941 0.9967693193 1.4585813554
0.9688697552 -0.2445649695 -0.0384626199 823.6935083581 0.2426332014 0.9688903340 -0.0487919070 -5807.4414546519 0.0491988519 0.0379406944 0.9980681223 1.5612721397
0.9689892085 -0.2361832925 -0.0726454831 824.6615122761 0.2384048998 0.9708819813 0.0234793976 -5807.1863693891 0.0649847491 -0.0400703220 0.9970814168 1.5931694172
0.9800368225 -0.1825198029 -0.0788311369 825.7046831872 0.1854646617 0.9821380041 0.0317458679 -5806.9838101464 0.0716288059 -0.0457325096 0.9963823823 1.6638848251
0.9957590594 -0.0652740747 -0.0648320201 826.7415140121 0.0674503504 0.9972104781 0.0319642388 -5806.8169883869 0.0625647336 -0.0362016229 0.9973841269 1.7391224566
0.9924514272 0.0824769021 -0.0907619157 827.7975784502 -0.0792173635 0.9960959830 0.0389538432 -5806.8094581002 0.0936203719 -0.0314698777 0.9951104827 1.8220605855
0.9615419275 0.2584913195 -0.0928405048 828.7833649979 -0.2557052859 0.9658870009 0.0409525124 -5806.9556877499 0.1002593057 -0.0156377499 0.9948384454 1.9160251639
0.9297442545 0.3532320928 -0.1039360853 829.7608510100 -0.3510859938 0.9355356603 0.0388799862 -5807.2665715806 0.1109695730 0.0003420600 0.9938237454 2.0234880111
0.9103242995 0.3995213077 -0.1081313759 830.7104976247 -0.3982700583 0.9166423820 0.0338777830 -5807.6707487799 0.1126526981 0.0122257203 0.9935592088 2.1382383269
0.9280365994 0.3593150778 -0.0981872954 831.6279390511 -0.3589675715 0.9330954701 0.0217973931 -5808.0770528091 0.0994502526 0.0150172764 0.9949292079 2.2383232451
0.9878218454 0.1203771249 -0.0985766177 832.6054085199 -0.1192745154 0.9927153401 0.0170247927 -5808.3359649736 0.0999079162 -0.0050597839 0.9949838224 2.3378299147
0.9805265596 -0.1681201887 -0.1015050154 833.6383425920 0.1704220967 0.9852661307 0.0143861299 -5808.3227778320 0.0975908549 -0.0314046800 0.9947310044 2.4382205102
0.8694162036 -0.4834296393 -0.1020355272 834.5864967461 0.4867177978 0.8735170443 0.0085882867 -5807.9863240833 0.0849779398 -0.0571293027 0.9947436818 2.5289828188
0.7351282365 -0.6447737887 -0.2094116455 835.3346979836 0.6475614515 0.7592736773 -0.0645573352 -5807.3469648676 0.2006256277 -0.0881489892 0.9756941699 2.6329707912
0.7911592854 -0.6021309489 -0.1072627877 836.2053378732 0.6048638440 0.7962824488 -0.0086018640 -5806.6625745331 0.0905909237 -0.0580739375 0.9941934934 2.7020703492
0.7995319393 -0.5916413595 -0.1034851670 837.0221257615 0.5942011306 0.8042826010 -0.0073833693 -5806.0326533721 0.0875996259 -0.0555877637 0.9946035924 2.7956214868
0.7951562371 -0.5976753186 -0.1025220563 837.8141425983 0.5998150778 0.8000496915 -0.0119316186 -5805.4242803374 0.0891539735 -0.0520067742 0.9946591700 2.8811559287
0.8121262849 -0.5755420057 -0.0959286040 838.6325230675 0.5773056959 0.8164535796 -0.0110311280 -5804.8067937520 0.0846701297 -0.0464214605 0.9953270905 2.9637489391
0.8210248929 -0.5661385069 -0.0735208556 839.4812846942 0.5670176377 0.8236409132 -0.0103268877 -5804.2114642963 0.0664012334 -0.0332089900 0.9972402114 3.0415487729
0.8419100945 -0.5338444886 -0.0787239151 840.3510474393 0.5360856829 0.8441154545 0.0090133324 -5803.6013529303 0.0616403555 -0.0497911793 0.9968557092 3.0956785852
0.8320656868 -0.5473903941 -0.0896127741 841.1851329916 0.5498375170 0.8352655992 0.0031755029 -5803.0185642416 0.0731122277 -0.0519146922 0.9959716195 3.1403860705
0.8595157895 -0.5081067829 -0.0553182141 842.0445120792 0.5101863241 0.8594249860 0.0331452570 -5802.4528400661 0.0307005255 -0.0567114680 0.9979184772 3.1720973214
0.8554422201 -0.5139022041 -0.0642116247 842.9471129526 0.5165521403 0.8555688944 0.0342892594 -5801.8903021773 0.0373161428 -0.0625011323 0.9973470379 3.1994790972
0.8558771863 -0.5158504441 -0.0370480954 843.8054974383 0.5171061198 0.8547614246 0.0445440007 -5801.3483606522 0.0086892402 -0.0572819908 0.9983202245 3.2102841376
0.8621834694 -0.5024532913 -0.0646556666 844.7082370706 0.5033552186 0.8640754391 -0.0026757076 -5800.8280498100 0.0572117916 -0.0302378164 0.9979040462 3.2396817721
0.7931764723 -0.5955530431 -0.1272307224 845.5729940049 0.6018677337 0.7984618298 0.0146266035 -5800.2270469221 0.0928779572 -0.0881775443 0.9917652977 3.2727707503
0.7698291424 -0.6328752833 -0.0826557156 846.4183500212 0.6368361186 0.7702706508 0.0335094393 -5799.5748439236 0.0424599760 -0.0784346880 0.9960146335 3.3123037441
0.7341574391 -0.6699023008 -0.1106515339 847.1930730677 0.6756131613 0.7369591951 0.0209284757 -5798.8727126938 0.0675256313 -0.0901224288 0.9936388866 3.3557891915
0.7351024505 -0.6707304209 -0.0987172213 847.9378506120 0.6767306092 0.7347041185 0.0473871374 -5798.1759773492 0.0407439545 -0.1016393661 0.9939866042 3.3908521846
0.7350207561 -0.6471188620 -0.2024392910 848.6440969069 0.6536645965 0.7556144810 -0.0420636580 -5797.5229163962 0.1801862463 -0.1014097358 0.9783910170 3.4396304735
0.7220603323 -0.6487277914 -0.2403770563 849.4079223450 0.6443516058 0.7571043410 -0.1077219797 -5796.8618085676 0.2518727548 -0.0771055738 0.9646838062 3.4881285744
0.7519787544 -0.6511745805 -0.1024676470 850.2310152733 0.6573685710 0.7523277469 0.0432379817 -5796.1258361487 0.0489337795 -0.0998730543 0.9937961855 3.5146121519
0.7779021884 -0.6224721104 -0.0860038199 851.0490492420 0.6265563148 0.7787739529 0.0306319234 -5795.4327414990 0.0479100168 -0.0777148767 0.9958237938 3.5658447950
0.8042776531 -0.5885411300 -0.0821997261 851.8839132553 0.5924546879 0.8048898265 0.0339088471 -5794.7560859334 0.0462049721 -0.0759717411 0.9960388522 3.6126699727
0.8538395936 -0.5023602603 -0.1363529142 852.6292954804 0.5185244187 0.8438484831 0.1380295793 -5794.0529781493 0.0457206244 -0.1885574355 0.9809973079 3.6947814836
0.8201376949 -0.5614220265 -0.1103606336 853.5022265758 0.5640831578 0.8256753114 -0.0083947125 -5793.5010037097 0.0958350270 -0.0553677545 0.9938561563 3.7171888653
0.8306426183 -0.5517906160 -0.0745651178 854.3750509021 0.5549883261 0.8312852972 0.0308660419 -5792.9138341096 0.0449532938 -0.0670214198 0.9967383461 3.7696462324
0.8136428518 -0.5775157609 -0.0667896376 855.2252061202 0.5804773719 0.8133676844 0.0384581673 -5792.3150635645 0.0321143351 -0.0700610862 0.9970256334 3.8125733739
0.7757687996 -0.6279727779 -0.0619109019 856.0584835888 0.6303377761 0.7757465017 0.0298605623 -5791.6864571917 0.0292755453 -0.0621896728 0.9976348967 3.8348702803
0.7580991537 -0.6493182390 -0.0605928839 856.8348729248 0.6519574680 0.7568032536 0.0469073046 -5791.0271701202 0.0153991233 -0.0750643711 0.9970597812 3.8385050971
0.7145805345 -0.6984708576 -0.0388988545 857.6447310893 0.6995054947 0.7127770360 0.0513902701 -5790.3045992809 -0.0081683958 -0.0639324491 0.9979207981 3.8252130114
0.7134308712 -0.6998257139 -0.0355015795 858.4065215020 0.7002849448 0.7102700480 0.0715363891 -5789.5176057578 -0.0248472959 -0.0758974901 0.9968059906 3.7919774224
0.7010290097 -0.7125535172 -0.0287369574 859.1679672929 0.7128862499 0.6991580367 0.0545090299 -5788.7923273251 -0.0187489263 -0.0586985930 0.9980996708 3.7681211167
0.7118193672 -0.7008754200 -0.0456818784 859.9023350717 0.7021349718 0.7084263437 0.0716840076 -5788.0369680617 -0.0178793128 -0.0831009093 0.9963807350 3.7472097202
0.7169435315 -0.6940296275 -0.0656875085 860.6475719349 0.6970997348 0.7128256337 0.0770167236 -5787.2841597679 -0.0066281481 -0.1010073865 0.9948635964 3.7416196250
0.7101572264 -0.7017468649 -0.0568159436 861.3628972238 0.7040386074 0.7081254045 0.0537405874 -5786.5801274266 0.0025205243 -0.0781648843 0.9969372587 3.7301791257
0.7112488352 -0.7007320927 -0.0556743088 862.0512216132 0.7029386782 0.7088416354 0.0584871829 -5785.8480754998 -0.0015195780 -0.0807345658 0.9967344786 3.7314327179
0.7384668575 -0.6716822817 -0.0592419855 862.8152418460 0.6741528256 0.7372324350 0.0447917904 -5785.1198018914 0.0135892612 -0.0730154046 0.9972382276 3.7379144116
0.7465452501 -0.6622914634 -0.0635626228 863.5646496655 0.6650513723 0.7456017090 0.0422464645 -5784.4544715438 0.0194129274 -0.0738113069 0.9970832609 3.7538968877
0.7585252788 -0.6481814332 -0.0670837614 864.3461881018 0.6510216914 0.7582717282 0.0345650638 -5783.7472723429 0.0284632871 -0.0698914584 0.9971484470 3.7752359099
0.7537237200 -0.6541940512 -0.0626952730 865.1108194590 0.6566442950 0.7535533712 0.0312343816 -5783.0891444126 0.0268108877 -0.0647105877 0.9975438417 3.7989288680
0.7579001954 -0.6454976740 -0.0944459988 865.8496544294 0.6486314348 0.7610954679 0.0033091606 -5782.4367741243 0.0697463662 -0.0637686572 0.9955244863 3.8311619065
0.7699793313 -0.6337186844 -0.0743804973 866.6285680874 0.6366079018 0.7708627822 0.0223819208 -5781.7695848531 0.0431533157 -0.0645848287 0.9969787316 3.8550534595
0.7353096256 -0.6768427217 -0.0346941569 867.4646652246 0.6775839600 0.7352533367 0.0168079721 -5781.0777977414 0.0141326410 -0.0358672679 0.9992566275 3.8874888294
0.6975847420 -0.7144352879 -0.0543851744 868.2247998497 0.7160674161 0.6977942833 0.0181822362 -5780.3297215904 0.0249596326 -0.0516271019 0.9983544757 3.8970954468
0.6726910738 -0.7398843907 -0.0076031264 868.9842176639 0.7392113738 0.6724589143 -0.0369533954 -5779.5768388303 0.0324540305 0.0192379017 0.9992880661 3.9419817272
0.7145106259 -0.6977332998 -0.0514082468 869.6673972769 0.6990345766 0.7149952545 0.0115085540 -5778.8364588384 0.0287267511 -0.0441591262 0.9986114086 3.9506656303
0.7064589897 -0.7029439291 -0.0823743187 870.3960326772 0.7064242674 0.7074706075 0.0212154191 -5778.0887557922 0.0433641592 -0.0731790413 0.9963756207 3.9978297788
0.6692250875 -0.7402097868 -0.0650173343 871.1335851692 0.7409122240 0.6713791801 -0.0172937234 -5777.3509542772 0.0564522679 -0.0365987442 0.9977342699 4.0360258961
0.6615521274 -0.7475824221 -0.0589008048 871.8271965211 0.7473845154 0.6637237458 -0.0297854895 -5776.5828124174 0.0613609712 -0.0243168955 0.9978193824 4.0917888916
0.6494632233 -0.7562145542 -0.0796057129 872.5136779770 0.7557794518 0.6534903903 -0.0418058609 -5775.7747310654 0.0836357688 -0.0330129929 0.9959493965 4.1701418517
0.6452886001 -0.7606095110 -0.0712446091 873.1694578165 0.7600705285 0.6485963020 -0.0401948836 -5774.9764251516 0.0767816007 -0.0282136275 0.9966486728 4.2439147745
0.6660816494 -0.7432290005 -0.0628163127 873.8093904798 0.7425640599 0.6686966938 -0.0379914296 -5774.1863984345 0.0702413929 -0.0213397421 0.9973017408 4.3085628797
0.6810129205 -0.7249813893 -0.1030698175 874.4651574524 0.7164585714 0.6887664901 -0.1108505191 -5773.4574447499 0.1513555998 0.0016453815 0.9884780094 4.3771236716
0.6832005148 -0.7248908414 -0.0881494448 875.2008552693 0.7097226859 0.6875651817 -0.1534530223 -5772.6743962884 0.1718451795 0.0422775231 0.9842163610 4.4621134040
0.6935703405 -0.7188058350 -0.0477321099 875.9271178520 0.7101153542 0.6933270140 -0.1226125419 -5771.9515757006 0.1212285718 0.0511451183 0.9913061133 4.5475369478
0.6639775934 -0.7475801139 0.0160539347 876.7035676535 0.7462994113 0.6611967846 -0.0765245103 -5771.1815904984 0.0465933921 0.0627916022 0.9969384487 4.6446742126
0.6592958787 -0.7483366410 0.0729466663 877.4356060226 0.7514658717 0.6590546916 -0.0307564163 -5770.3566950021 -0.0250596894 0.0750945087 0.9968614882 4.6740701603
0.6332403171 -0.7670397922 0.1032310904 878.1087932558 0.7689991853 0.6386337909 0.0280559118 -5769.5671636203 -0.0874468634 0.0616184899 0.9942616395 4.6263030286
0.6094307218 -0.7917614456 0.0413280605 878.7258187408 0.7907235436 0.6107837060 0.0412255024 -5768.7423401683 -0.0578832693 0.0075549828 0.9982947708 4.5673889157
0.6328569773 -0.7733689550 -0.0373162933 879.3398014405 0.7735546497 0.6336079789 -0.0124150348 -5767.9624973251 0.0332453036 -0.0210092508 0.9992263813 4.5489819171
0.6405078753 -0.7664886718 -0.0473790862 879.9664850957 0.7673708973 0.6412031229 0.0006790532 -5767.1574391236 0.0298591314 -0.0367922709 0.9988767497 4.5710523622
0.6309045632 -0.7712065447 -0.0848522101 880.6165766652 0.7710140743 0.6354077210 -0.0423594769 -5766.3496403122 0.0865836552 -0.0386974610 0.9954927308 4.6061231131
0.6427721732 -0.7599648431 -0.0964228740 881.2671023815 0.7610316819 0.6478709919 -0.0330750218 -5765.5169410811 0.0876054368 -0.0521211583 0.9947907681 4.6658279568
0.6714631942 -0.7355080067 -0.0903612245 881.8993194097 0.7367309867 0.6757067360 -0.0254530963 -5764.7380000526 0.0797786442 -0.0494810967 0.9955837428 4.7502806055
0.6809409760 -0.7315200858 -0.0346085425 882.6521272062 0.7291991837 0.6816355168 -0.0603454446 -5763.9574444685 0.0677343165 0.0158551650 0.9975774036 4.7579636033
0.6766059963 -0.7291911855 -0.1023940466 883.3547496156 0.7235100365 0.6842034769 -0.0916451265 -5763.1738479764 0.1368851811 -0.0120754783 0.9905133164 4.8414289760
0.6203855480 -0.7560293353 -0.2086657999 883.9709367020 0.7202825616 0.6544924345 -0.2298536155 -5762.4936386656 0.3103462635 -0.0077004757 0.9505923939 5.0100577920
0.5522178528 -0.8080617150 -0.2051626373 884.5681774974 0.7561132479 0.5890933829 -0.2850644534 -5761.7530681729 0.3512096231 0.0022914924 0.9362940509 5.2761329663
0.5046937224 -0.8566757402 -0.1067282660 885.1854101936 0.8187290257 0.5141757265 -0.2555505915 -5760.9507488286 0.2738010759 0.0415932501 0.9608865554 5.5509973004
0.2887951138 -0.9550138190 -0.0674239414 885.6243520222 0.9243862330 0.2964788818 -0.2400215927 -5760.0524038741 0.2492137126 0.0069912999 0.9684232789 5.7612705221
0.2035154240 -0.9785296392 0.0325763313 885.9371630385 0.9501111339 0.1893534174 -0.2478590660 -5759.0261413993 0.2363690028 0.0813942779 0.9682482461 5.8838180420
0.1667032104 -0.9847513931 0.0497466931 886.0925621484 0.9832694476 0.1697857005 0.0659849178 -5757.9077277493 -0.0734250168 0.0379145058 0.9965797796 5.8527368413
0.2950126356 -0.9525283519 0.0752149161 886.3622797777 0.9549358687 0.2966142110 0.0108395800 -5756.8895613683 -0.0326348202 0.0686276082 0.9971084294 5.7734105116
0.4535006376 -0.8912460689 -0.0041971989 886.6948806301 0.8903097632 0.4527972195 0.0481996217 -5755.9354110948 -0.0410572433 -0.0255953663 0.9988289043 5.7543245563
0.5875142707 -0.8079807232 -0.0446557120 887.2176188280 0.8077525568 0.5822448784 0.0923401785 -5754.9837439326 -0.0486085246 -0.0903219382 0.9947256701 5.7081846260
0.5900228216 -0.8054159987 -0.0563749859 887.7908409082 0.7947273735 0.5670381482 0.2165089843 -5754.0598395371 -0.1424130322 -0.1725479863 0.9746515894 5.5961765863
0.5749246767 -0.8151562021 -0.0705831587 888.3717533174 0.8139562159 0.5610248897 0.1507526177 -5753.1883885515 -0.0832880225 -0.1441230008 0.9860485110 5.4529423538
0.6051198171 -0.7958734348 0.0203833914 888.9352820055 0.7933454177 0.6049434981 0.0681645971 -5752.3521980494 -0.0665811921 -0.0250766784 0.9974658416 5.3116032247
0.5839429651 -0.8117885766 -0.0031496709 889.5935230563 0.8094196778 0.5825267520 -0.0741779513 -5751.5571815580 0.0620515811 0.0407662872 0.9972400469 5.2696949502
0.5550112026 -0.8286907393 -0.0723479337 890.1837412079 0.8275846897 0.5588666616 -0.0526463281 -5750.6857827540 0.0840603727 -0.0306547404 0.9959890264 5.2943692670
0.5532584416 -0.8315198582 -0.0497978138 890.7915162649 0.8317141169 0.5547428276 -0.0226279246 -5749.7628346577 0.0464405487 -0.0288984544 0.9985029568 5.3751071793
0.5504394024 -0.8333770010 -0.0499923833 891.3472149457 0.8343280758 0.5512589954 -0.0031909033 -5748.8981686023 0.0302179764 -0.0399536501 0.9987445017 5.4080932861
0.4942719364 -0.8688497030 -0.0282036590 891.9641291510 0.8691505513 0.4933064631 0.0350150341 -5748.0348878799 -0.0165097547 -0.0418201745 0.9989887392 5.4027795237
0.5035630830 -0.8635481094 -0.0266248811 892.4709755534 0.8634368107 0.5019492572 0.0502376063 -5747.1357636885 -0.0300182507 -0.0482867063 0.9983823409 5.3821539257
0.5790436214 -0.8152577190 -0.0079584036 893.0377698526 0.8145231984 0.5780417318 0.0491906046 -5746.2643050095 -0.0355027307 -0.0349658102 0.9987577025 5.3601365575
0.5978503771 -0.8010859904 -0.0289164760 893.6187528014 0.8010477170 0.5956957488 0.0588993200 -5745.4491259463 -0.0299579983 -0.0583764578 0.9978450318 5.3219167211
0.5289304170 -0.8480542985 -0.0321950418 894.1901234098 0.8484977872 0.5276919426 0.0399088825 -5744.6142512715 -0.0168558352 -0.0484264436 0.9986845149 5.2920274435
0.5370927790 -0.8428504805 -0.0336810669 894.7224086811 0.8427515159 0.5344659826 0.0641560268 -5743.7486864608 -0.0360725535 -0.0628425089 0.9973713401 5.2785650624
0.5445459528 -0.8382362582 -0.0288041804 895.2990655138 0.8386239632 0.5436066124 0.0346655366 -5742.8542749393 -0.0133997668 -0.0430328536 0.9989837935 5.2437727805
0.5293432442 -0.8483888841 -0.0056596061 895.8994979418 0.8483916421 0.5292802878 0.0096952798 -5741.9538396553 -0.0052298497 -0.0099336934 0.9999369832 5.2438108147
0.5238325073 -0.8513033898 -0.0296992050 896.4593628514 0.8517802587 0.5231466150 0.0280715191 -5741.0373107963 -0.0083603408 -0.0400019708 0.9991646246 5.2243071410
0.5216313996 -0.8528260827 -0.0242560437 896.9970404121 0.8530054598 0.5207594383 0.0345151115 -5740.1253969369 -0.0168038237 -0.0386947036 0.9991097795 5.2243165277
0.5518975214 -0.8281230239 -0.0980886491 897.5035056621 0.8173076858 0.5605091830 -0.1335574875 -5739.3397866355 0.1655816190 -0.0064585605 0.9861749411 5.2349265325
0.5843603886 -0.8091388672 -0.0617837344 898.0814505586 0.8110116692 0.5849430974 0.0100819261 -5738.4441204534 0.0279822907 -0.0559988078 0.9980386390 5.2057544489
0.5598477354 -0.8281163037 -0.0281762444 898.6769294895 0.8278581637 0.5575918126 0.0611737791 -5737.6021473972 -0.0349481606 -0.0575739356 0.9977293561 5.1946475873
0.5174810057 -0.8548713046 -0.0375294730 899.2356176343 0.8556238819 0.5163760534 0.0355463684 -5736.7157093611 -0.0110082492 -0.0505056838 0.9986631035 5.1689950269
0.5231518931 -0.8506312204 -0.0523318597 899.7369776545 0.8522391210 0.5221097077 0.0330141464 -5735.7798810365 -0.0007598916 -0.0618706713 0.9980838856 5.1244469144
0.4822956158 -0.8734106671 -0.0674147283 900.2483392456 0.8752196758 0.4836974938 -0.0052204945 -5734.8471876195 0.0371679708 -0.0564848751 0.9977113815 5.0730415832
0.4474391070 -0.8941043347 -0.0193825768 900.7235717048 0.8914181658 0.4441424844 0.0900616861 -5733.9045276078 -0.0719159181 -0.0575751014 0.9957475626 4.9962054408
0.4159637244 -0.9092410248 -0.0159668053 901.1604480776 0.9054763829 0.4124884023 0.0998290436 -5732.9718089133 -0.0841825399 -0.0559828259 0.9948764864 4.9199107836
0.3079967340 -0.9512631461 -0.0153765649 901.5475744558 0.9472900825 0.3051318551 0.0976527036 -5732.0406453216 -0.0882015382 -0.0446427812 0.9951017590 4.8315982186
0.2095999500 -0.9775349821 -0.0222085492 901.8198036385 0.9742278406 0.2068468335 0.0899694511 -5731.0588282179 -0.0833545177 -0.0404937794 0.9956968807 4.7337431197
0.0481175544 -0.9986233731 -0.0208820407 901.9680005919 0.9943398115 0.0459075497 0.0958166796 -5730.0565322081 -0.0947261324 -0.0253743087 0.9951799356 4.6375249667
-0.1177947049 -0.9930330860 -0.0031140922 901.9429884070 0.9929839640 -0.1178204242 0.0100595648 -5729.0314508058 -0.0103563843 -0.0019072801 0.9999445523 4.5450257848
-0.0553787546 -0.9978016276 -0.0364019978 901.8219027537 0.9983916045 -0.0548945399 -0.0141701664 -5728.0320982031 0.0121407442 -0.0371281752 0.9992367592 4.4691130143
0.0659526530 -0.9976077612 -0.0207123734 901.8093560702 0.9964406669 0.0647549621 0.0539702902 -5726.9785571593 -0.0524999514 -0.0241981350 0.9983277044 4.3817921198
0.2262984502 -0.9736010946 -0.0298315269 901.9350403696 0.9738749800 0.2255561075 0.0263052428 -5725.9954762008 -0.0188821301 -0.0350050133 0.9992087441 4.3287592018
0.3598486748 -0.9327510199 -0.0220105897 902.2265912234 0.9327061037 0.3590283485 0.0340289444 -5724.9927705005 -0.0238381069 -0.0327746819 0.9991784450 4.2858873578
0.4881515058 -0.8712501187 -0.0512965695 902.6495978359 0.8723621950 0.4888580483 -0.0014175120 -5724.0850123837 0.0263117484 -0.0440572274 0.9986824583 4.2471944948
0.6121905140 -0.7887773325 -0.0552548115 903.2144351079 0.7898247080 0.6133163711 -0.0044676142 -5723.2191083611 0.0374126333 -0.0409065843 0.9984622908 4.2081698204
0.7031401675 -0.7109260837 0.0133419778 903.9230863457 0.7093074556 0.7026055797 0.0568184196 -5722.4132844386 -0.0497678446 -0.0304877488 0.9982953765 4.1535537160
0.6962107736 -0.7177207446 0.0129418514 904.6460290584 0.7154786370 0.6952706271 0.0684768215 -5721.6687158112 -0.0581453244 -0.0384146827 0.9975687612 4.0882162669
0.6634861396 -0.7478875827 0.0212204214 905.3649876309 0.7458116950 0.6633712500 0.0608563903 -5720.9210400682 -0.0595907561 -0.0245509330 0.9979209355 4.0199406901
0.6404746028 -0.7673533971 0.0310007604 906.0236058056 0.7652079511 0.6410694442 0.0590487870 -5720.1536339190 -0.0651849275 -0.0140972200 0.9977736184 3.9544562548
0.5948705787 -0.8030896209 0.0342936640 906.6486043082 0.8005485328 0.5957550654 0.0647915797 -5719.3604447833 -0.0724640692 -0.0110888621 0.9973093782 3.8863100668
0.5545920411 -0.8309888923 0.0434180706 907.2426264106 0.8279151030 0.5562766416 0.0715044066 -5718.5069139530 -0.0835718261 -0.0037092984 0.9964948525 3.8107702109
0.5001677420 -0.8642237798 0.0543091905 907.7827660840 0.8610279020 0.5030210804 0.0748381227 -5717.6412910938 -0.0919955530 0.0093301135 0.9957157060 3.7260840610
0.4051478701 -0.9126691009 0.0537616560 908.2334120858 0.9080314485 0.4085428429 0.0925831193 -5716.7383792413 -0.1064616920 0.0113074208 0.9942525084 3.6284230095
0.3312244291 -0.9422388680 0.0497623681 908.6038185464 0.9366436041 0.3347120135 0.1032793636 -5715.8029464522 -0.1139698930 0.0124009556 0.9934068048 3.5172869985
0.2849886753 -0.9575898175 0.0424640589 908.9138919773 0.9547978118 0.2875061038 0.0755074753 -5714.8573870541 -0.0845138656 0.0190258152 0.9962406461 3.4142571708
0.9999486468 -0.0004786611 -0.0101229776 644.8439793057 0.0006586508 0.9998416271 0.0177844558 -5510.9894563619 0.0101128617 -0.0177902100 0.9997905973 -0.0873135846
0.9999772032 0.0022977705 -0.0063492734 645.8498503885 -0.0022220011 0.9999265457 0.0119149449 -5510.9894652981 0.0063761849 -0.0119005651 0.9999088563 -0.0799771186
0.9883341694 -0.1521398715 0.0070020831 646.8733229523 0.1521518974 0.9883563750 -0.0012149533 -5510.9676115132 -0.0067357106 0.0022661601 0.9999747470 -0.0792809109
0.8635328017 -0.5038786422 0.0204307190 647.8320709584 0.5041021739 0.8636113680 -0.0075102158 -5510.6328210884 -0.0138599638 0.0167844876 0.9997630631 -0.0915570075
0.5218089188 -0.8530138920 0.0090968290 648.5189356255 0.8530618723 0.5217907496 -0.0044559676 -5509.9155227995 -0.0009456390 0.0100853216 0.9999486947 -0.1005678354
0.7445782056 -0.6675336363 -0.0014628915 649.0767129983 0.6675333227 0.7445795313 -0.0007645705 -5509.0698969088 0.0015996156 -0.0004072462 0.9999986377 -0.1033497685
0.9994759345 0.0319201956 -0.0053812149 650.0328341874 -0.0318980196 0.9994824811 0.0041576760 -5508.7194232824 0.0055111438 -0.0039838470 0.9999768779 -0.0976227159
0.9843291613 0.1758887756 -0.0126190628 651.0493356323 -0.1759245653 0.9844020489 -0.0017757813 -5508.9008878960 0.0121098913 0.0039679564 0.9999187996 -0.0923968796
0.9987948848 0.0451893385 -0.0191494610 652.0439723565 -0.0453272439 0.9989488468 -0.0068295309 -5509.0134642860 0.0188207100 0.0076892928 0.9997933065 -0.0784567582
0.9308093034 -0.3651367424 -0.0164073159 653.0653666970 0.3650881863 0.9309537969 -0.0059702837 -5508.9124176010 0.0174544229 -0.0004329216 0.9998475662 -0.0566099912
0.6749941485 -0.7375412179 -0.0203924370 653.8356580144 0.7377299664 0.6750902219 0.0027728924 -5508.2760510499 0.0117216124 -0.0169157980 0.9997882074 -0.0401867367
0.6706152618 -0.7414394003 -0.0232977740 654.5014440569 0.7417155325 0.6706919920 0.0055064336 -5507.5114376086 0.0115429436 -0.0209730193 0.9997134054 -0.0321421277
0.7018763337 -0.7119748173 -0.0214818926 655.1983962288 0.7121106533 0.7020649080 -0.0018117634 -5506.7764525229 0.0163716129 -0.0140258508 0.9997675959 -0.0211503021
0.7124235270 -0.7013093664 -0.0248574083 655.9157929042 0.7014524405 0.7127057947 -0.0038631367 -5506.0596420323 0.0204252729 -0.0146841002 0.9996835426 -0.0053394760
0.7142602647 -0.6995366222 -0.0219268866 656.6408364544 0.6996792441 0.7144553619 -0.0015783583 -5505.3454227389 0.0167699011 -0.0142144289 0.9997583310 0.0143786669
0.7076479455 -0.7065047765 -0.0092404564 657.3782128715 0.7065209673 0.7076894658 -0.0019346284 -5504.6203469296 0.0079061979 -0.0051595404 0.9999554346 0.0304556828
0.7081480144 -0.7059159876 -0.0144571131 658.1022328831 0.7060350634 0.7081559386 0.0054457204 -5503.8893018983 0.0063936694 -0.0140636048 0.9998806609 0.0351638531
0.7095440034 -0.7045031305 -0.0149213405 658.8288281527 0.7046126967 0.7095844166 0.0033020347 -5503.1617291172 0.0082616570 -0.0128567049 0.9998832183 0.0428509073
0.7082317602 -0.7056424738 -0.0218282596 659.5352468344 0.7058341714 0.7083753471 0.0015780137 -5502.4550511228 0.0143490874 -0.0165247310 0.9997604898 0.0547325598
0.7082176913 -0.7054217491 -0.0284228376 660.2438312438 0.7057000931 0.7085105976 -0.0003340389 -5501.7440479160 0.0203735200 -0.0198214269 0.9995959337 0.0736082208
0.7077559215 -0.7059826541 -0.0258852797 660.9657409282 0.7059855278 0.7081470830 -0.0105897775 -5501.0286540193 0.0258067846 -0.0107796552 0.9996088279 0.0945371848
0.7084085163 -0.7054523930 -0.0222327501 661.6965274058 0.7054651070 0.7086924306 -0.0086035821 -5500.3007049351 0.0218255993 -0.0095895786 0.9997158012 0.1182826064
0.7068809101 -0.7072334068 -0.0118442926 662.4121236448 0.7072861625 0.7069272514 0.0003814375 -5499.5857569181 0.0081032878 -0.0086469352 0.9999297812 0.1326542294
0.9434743662 -0.3314427932 0.0013398136 663.2246219904 0.3314254493 0.9434540439 0.0071859988 -5498.9824340923 -0.0036458001 -0.0063357574 0.9999732828 0.1366324907
0.9982862785 0.0559498398 0.0171499755 664.2270965832 -0.0562395290 0.9982742318 0.0169018777 -5498.8887355564 -0.0161747213 -0.0178374191 0.9997100604 0.1316201047
0.9975363621 0.0641736301 0.0283363977 665.2471289407 -0.0647484300 0.9977040728 0.0198550714 -5498.9614636743 -0.0269971674 -0.0216408930 0.9994012331 0.1132058018
0.9991600230 0.0135778118 0.0386638275 666.2729635039 -0.0143778787 0.9996866572 0.0204905823 -5499.0035100896 -0.0383734952 -0.0210292746 0.9990421635 0.0769753483
0.9992782558 -0.0106723290 0.0364563965 667.2843051863 0.0102351294 0.9998737039 0.0121580549 -5499.0070085508 -0.0365815470 -0.0117761439 0.9992612836 0.0393994430
0.9993707349 -0.0108717907 0.0337629743 668.2878822212 0.0106535072 0.9999212144 0.0066383631 -5499.0008843973 -0.0338324852 -0.0062744917 0.9994078215 0.0015560835
0.9993841306 0.0029930881 0.0349628518 669.2899118781 -0.0029071761 0.9999926296 -0.0025078133 -5498.9955570244 -0.0349701002 0.0024046257 0.9993854661 -0.0328620259
0.9995040062 0.0012329273 0.0314677858 670.2905071808 -0.0008637303 0.9999306704 -0.0117434357 -5499.0003713092 -0.0314800829 0.0117104313 0.9994357759 -0.0669828688
0.9517006103 -0.3059272154 0.0259708910 671.3020444494 0.3062899709 0.9518714145 -0.0112811315 -5498.9058817951 -0.0212697437 0.0186908832 0.9995990441 -0.0985147309
0.7247731142 -0.6884401470 0.0274608273 672.1843737634 0.6889623077 0.7245122185 -0.0203220059 -5498.3773912213 -0.0059052202 0.0336483184 0.9994162892 -0.1125494339
0.4734752579 -0.8805172479 0.0225954950 672.7628767034 0.8808071159 0.4733214589 -0.0120673622 -5497.5492040448 -0.0000694121 0.0256158702 0.9996718573 -0.1135163682
0.9000260865 -0.4357227425 0.0099365624 673.4686419906 0.4355953054 0.9000528116 0.0127148051 -5496.8289297610 -0.0144835607 -0.0071153364 0.9998697908 -0.1251208492
0.9827465781 0.1846515008 0.0106295119 674.4699382648 -0.1847187229 0.9827747510 0.0057255722 -5496.7387159222 -0.0093891804 -0.0075902564 0.9999271130 -0.1412274168
0.9876887773 0.1560594660 0.0107852781 675.5083444761 -0.1560555115 0.9877475423 -0.0012124595 -5496.9485739875 -0.0108423477 -0.0004855695 0.9999411021 -0.1516491562
0.9996931427 0.0217833750 0.0117942752 676.5228306152 -0.0216686600 0.9997174848 -0.0097683039 -5497.0257750590 -0.0120037298 0.0095097403 0.9998827308 -0.1614952352
0.9997863976 -0.0171992916 0.0114605225 677.5306350166 0.0172670961 0.9998338343 -0.0058439016 -5497.0196174830 -0.0113581072 0.0060405433 0.9999172492 -0.1747414535
0.9996697376 -0.0148333113 0.0209854373 678.5359482234 0.0148523218 0.9998894167 -0.0007503102 -5497.0030659906 -0.0209719871 0.0010617448 0.9997794999 -0.1882028275
0.9995866924 -0.0014114686 0.0287132730 679.5637249832 0.0013809207 0.9999984593 0.0010836962 -5496.9964652690 -0.0287147584 -0.0010435976 0.9995871015 -0.2118233930
0.9994205746 -0.0063632022 0.0334368768 680.5867397023 0.0063999826 0.9999790268 -0.0009930794 -5496.9979662864 -0.0334298564 0.0012064994 0.9994403379 -0.2414858721
0.8720592024 -0.4880888895 0.0358047967 681.5655591393 0.4885724788 0.8725046568 -0.0057058586 -5496.7894769389 -0.0284548857 0.0224690848 0.9993425137 -0.2727007754
0.5769037920 -0.8162175897 0.0311586420 682.3069066045 0.8165556863 0.5772586850 0.0030367419 -5496.1012423118 -0.0204652389 0.0236908584 0.9995098385 -0.2990523923
0.6557050497 -0.7546660449 0.0230227836 682.8674678188 0.7543635434 0.6561012956 0.0216040344 -5495.2513469503 -0.0314091094 0.0032016742 0.9995014843 -0.3248552945
0.9492265833 -0.3141363376 0.0169485993 683.7237771157 0.3137012602 0.9492146663 0.0241461506 -5494.7013910604 -0.0236730423 -0.0176033711 0.9995647595 -0.3599382897
0.9701780537 0.2418587740 0.0160896729 684.7478763370 -0.2421550726 0.9700292809 0.0201026113 -5494.7114319258 -0.0107454609 -0.0233993082 0.9996684488 -0.3755955010
0.9827303371 0.1844552641 0.0147424580 685.7428817824 -0.1846308362 0.9827396344 0.0115872910 -5494.9525475237 -0.0123506610 -0.0141090947 0.9998241819 -0.3887757198
0.9974284861 -0.0707569041 0.0113962990 686.7441995570 0.0708201268 0.9974753255 -0.0052425742 -5495.0362636837 -0.0109965788 0.0060361802 0.9999213168 -0.4040938416
0.7558588627 -0.6547104076 0.0056268861 687.6817379253 0.6547325524 0.7558500256 -0.0040029459 -5494.6813537848 -0.0016323116 0.0067097677 0.9999761570 -0.4139509910
0.5697823756 -0.8217919430 -0.0024590388 688.2979075191 0.8217909815 0.5697665514 0.0050655378 -5493.8828232281 -0.0027617401 -0.0049070700 0.9999841466 -0.4148170177
0.7739727494 -0.6331248732 -0.0109122944 688.9416663896 0.6332184727 0.7738774503 0.0121678991 -5493.0842706124 0.0007409790 -0.0163274887 0.9998664231 -0.4157097756
0.9992073446 0.0391060459 -0.0074430933 689.9236098258 -0.0391069777 0.9992350294 0.0000203670 -5492.8023951563 0.0074381960 0.0002707261 0.9999722996 -0.4133599419
0.9909013962 0.1339984928 -0.0126026547 690.9183119861 -0.1339947113 0.9909813822 0.0011477830 -5492.9245569975 0.0126427974 0.0005513493 0.9999199246 -0.4073544891
0.9991169244 0.0412351504 -0.0080643519 691.9178382524 -0.0412563624 0.9991455114 -0.0024818462 -5493.0127577067 0.0079551217 0.0028123603 0.9999644027 -0.3983413431
0.9742648898 -0.2253329103 -0.0057449139 692.9478099997 0.2252947677 0.9742682827 -0.0066015824 -5492.9768068410 0.0070846412 0.0051373909 0.9999617068 -0.3886843670
0.6837731980 -0.7296925882 0.0017147657 693.8082199548 0.7296912606 0.6837752906 0.0014198981 -5492.4268919491 -0.0022086035 0.0002803612 0.9999975217 -0.3852056846
0.6285945081 -0.7777291935 -0.0024992161 694.4563861106 0.7777256931 0.6285710604 0.0064162634 -5491.6193079350 -0.0034191804 -0.0059769325 0.9999762925 -0.3883988621
0.6901811787 -0.7235770921 -0.0092807544 695.1327105875 0.7236361678 0.6901098468 0.0099546966 -5490.8416903347 -0.0007982504 -0.0135864338 0.9999073815 -0.3918338682
0.7128517334 -0.7010650645 -0.0187131368 695.8533904340 0.7013126865 0.7126608398 0.0165844227 -5490.1100090153 0.0017093604 -0.0249459947 0.9996873388 -0.3905294953
0.7107792062 -0.6996382306 -0.0727960601 696.5610680189 0.7004972305 0.7134466311 -0.0172491918 -5489.4088154554 0.0640042979 -0.0387330717 0.9971976730 -0.3754145564
0.7252956223 -0.6876158213 -0.0336265154 697.3485243056 0.5671466906 0.6244856884 -0.5369937210 -5488.9369987920 0.3902446561 0.3704080281 0.8429157734 -0.4564831717
0.7346953526 -0.6769173800 -0.0447839212 698.0606084263 0.6783598905 0.7337446263 0.0380352775 -5487.9880091986 0.0071132211 -0.0583239574 0.9982723667 -0.3317534753
0.6971144264 -0.7144441246 -0.0600089099 698.7487911329 0.7166247712 0.6969023929 0.0278566345 -5487.2628511922 0.0219183441 -0.0624231331 0.9978090692 -0.3152185857
0.9758847482 -0.2051980893 -0.0744493276 699.6315694355 0.2076914615 0.9778113135 0.0273732002 -5486.7579496734 0.0671804665 -0.0421755782 0.9968490385 -0.2757703153
0.9763702701 0.2042804038 -0.0705025694 700.6456770222 -0.2020191882 0.9786474580 0.0379130661 -5486.8062627962 0.0767420568 -0.0227743187 0.9967908442 -0.2006583019
0.9942728617 0.0917546714 -0.0547955913 701.6746095851 -0.0893765246 0.9950085088 0.0443836043 -5486.9570239705 0.0585944826 -0.0392319737 0.9975106710 -0.1290575629
0.9961657607 0.0144191297 -0.0862894313 702.6951924402 -0.0089779048 0.9979657617 0.0631168423 -5486.9829198820 0.0870239879 -0.0621001390 0.9942687757 -0.0616673345
0.9903031214 0.0058831402 -0.1387988344 703.6765123624 0.0057063171 0.9965371401 0.0829527954 -5486.9683613738 0.1388062164 -0.0829404424 0.9868402694 0.0406586030
0.9909829702 0.0181319772 -0.1327553542 704.6893001334 -0.0024176553 0.9930596632 0.1175868198 -5486.9454853038 0.1339660689 -0.1162055793 0.9841490516 0.1703763121
0.9887156558 0.0242637383 -0.1478263270 705.6990601010 -0.0053239459 0.9918637167 0.1271928576 -5486.9433628875 0.1497097444 -0.1249705502 0.9808003640 0.3110665488
0.9896121140 0.0142085093 -0.1430593655 706.7157320625 0.0029057708 0.9929238997 0.1187168306 -5486.9478290913 0.1437338523 -0.1178993115 0.9825682328 0.4493443247
0.9996251705 0.0107873585 -0.0251624981 707.7656978743 -0.0073094289 0.9908968053 0.1344250476 -5486.9379908259 0.0263835302 -0.1341907377 0.9906042374 0.5036639653
0.9971799731 0.0183257052 -0.0727754754 708.7673210389 -0.0073566864 0.9889269228 0.1482208507 -5486.9291660806 0.0746858785 -0.1472674776 0.9862729387 0.5313371614
0.9925528493 0.0320204750 -0.1175309768 709.7650451917 -0.0124808293 0.9864874990 0.1633604704 -5486.9227863548 0.1211737192 -0.1606770163 0.9795406200 0.6219763360
0.9974368054 0.0302005771 -0.0648671290 710.8029425833 -0.0196617274 0.9873465083 0.1573540243 -5486.9295397601 0.0687985157 -0.1556752955 0.9854095426 0.7324666324
0.9993296781 0.0203480198 -0.0304327554 711.8399342765 -0.0170554252 0.9943481961 0.1047892041 -5486.9610913916 0.0323930082 -0.1041999180 0.9940287069 0.7742749591
0.9987432386 -0.0092933757 -0.0492501420 712.8666007876 0.0101327154 0.9998071859 0.0168202004 -5487.0076233201 0.0490843294 -0.0172980991 0.9986448340 0.7885747567
0.9951132113 -0.0189885008 -0.0968975412 713.8622939183 0.0140195793 0.9985639503 -0.0517057888 -5487.0321951864 0.0977402069 0.0500946508 0.9939503901 0.8592339452
0.9975210925 -0.0156523914 -0.0686051938 714.8830908917 0.0132939504 0.9993093595 -0.0346997826 -5487.0189952080 0.0691009468 0.0337017310 0.9970402462 0.9281946057
0.9965891661 0.0050902458 -0.0823657904 715.9017507297 -0.0016102285 0.9991052588 0.0422621460 -5486.9724990703 0.0825072190 -0.0419853691 0.9957056732 0.9826837754
0.9799297659 0.0134224450 -0.1988906532 716.8720062647 0.0054499152 0.9955536824 0.0940380977 -5486.9484461475 0.1992685434 -0.0932346683 0.9754995357 1.0574281796
0.9923735839 0.0089315965 -0.1229426557 717.9048299204 -0.0061009377 0.9997080003 0.0233814620 -5486.9814427829 0.1231155903 -0.0224530798 0.9921383022 1.1800073022
0.9915320972 0.0080288094 -0.1296134194 718.9171868841 -0.0059761694 0.9998506228 0.0162178144 -5486.9907585812 0.1297242679 -0.0153058918 0.9914319664 1.3077367447
0.9913027340 0.0038066771 -0.1315461853 719.9422209512 -0.0025390740 0.9999487300 0.0098025716 -5486.9969894637 0.1315767562 -0.0093833105 0.9912615753 1.4429169578
0.9916619097 -0.0001117220 -0.1288667695 720.9362372377 0.0000231760 0.9999997626 -0.0006886125 -5487.0028731638 0.1288668158 0.0006798842 0.9916616770 1.5750710812
0.9913629423 -0.0042440005 -0.1310782402 721.9586480506 0.0038774984 0.9999878276 -0.0030511593 -5487.0015870769 0.1310895938 0.0025165506 0.9913673312 1.7082442464
0.9908274972 -0.0010174034 -0.1351289594 722.9875972880 -0.0000251415 0.9999702521 -0.0077132541 -5487.0028665654 0.1351327871 0.0076459016 0.9907979966 1.8447839551
0.9894504252 0.0010080579 -0.1448683540 724.0008517563 -0.0022565930 0.9999617152 -0.0084543489 -5487.0006909548 0.1448542852 0.0086920681 0.9894148190 1.9907408716
0.9894595714 0.0019545415 -0.1447961886 724.9941853816 -0.0029295771 0.9999744472 -0.0065209351 -5487.0046168024 0.1447797432 0.0068763933 0.9894400139 2.1344302018
0.9910062870 -0.0011866046 -0.1338100559 725.9913643828 0.0012199634 0.9999992418 0.0001673092 -5487.0026006415 0.1338097559 -0.0003290478 0.9910069833 2.2723272964
0.9912149627 0.0038921076 -0.1322034385 726.9887703236 -0.0037525720 0.9999921081 0.0013045911 -5487.0006807890 0.1322074728 -0.0007970273 0.9912217456 2.4035982812
0.9914082306 0.0034973567 -0.1307573661 727.9823200387 -0.0036937650 0.9999923848 -0.0012595773 -5487.0023293495 0.1307519652 0.0017317423 0.9914135992 2.5291261933
0.9904449982 0.0045477328 -0.1378333181 728.9828032011 -0.0044841364 0.9999896483 0.0007719123 -5487.0019101111 0.1378354018 -0.0001464732 0.9904551381 2.6564797315
0.9904310785 0.0000139352 -0.1380082551 729.9795761522 -0.0009034893 0.9999792202 -0.0063830162 -5487.0060575975 0.1380052984 0.0064466266 0.9904105102 2.7972509195
0.9906108794 -0.0038173066 -0.1366583838 730.9874140977 0.0024387111 0.9999444536 -0.0102538955 -5487.0062217723 0.1366899351 0.0098243501 0.9905651638 2.9389624898
0.9919107580 -0.0020283011 -0.1269209761 732.0056026481 0.0023178259 0.9999950379 0.0021334964 -5486.9969569552 0.1269160189 -0.0024104188 0.9919105373 3.0771974406
0.9922018313 -0.0000737757 -0.1246415684 733.0200129151 -0.0002830789 0.9999959120 -0.0028453330 -5486.9961916489 0.1246412688 0.0028584281 0.9921977542 3.2089138165
0.9912934284 -0.0054326108 -0.1315592094 734.0306662469 0.0011375075 0.9994645368 -0.0327008515 -5487.0137865835 0.1316664153 0.0322664896 0.9907688069 3.3286976648
0.9928634144 -0.0157135602 -0.1182172763 735.0589826521 0.0077248075 0.9976735129 -0.0677339578 -5487.0330284867 0.1190065870 0.0663373629 0.9906749147 3.4446758712
0.9916715476 -0.0075899991 -0.1285687896 736.0788978373 -0.0000137878 0.9982557410 -0.0590379139 -5487.0275621908 0.1287926301 0.0585479922 0.9899417109 3.5665682268
0.9922607290 -0.0043943109 -0.1240940601 737.1083880917 -0.0001282894 0.9993368021 -0.0364134525 -5487.0178052734 0.1241717732 0.0361475589 0.9916021000 3.6881748114
0.9811759635 -0.0090050250 -0.1929057754 738.0949123813 -0.0015532424 0.9985119218 -0.0545117370 -5487.0261364212 0.1931095961 0.0537852355 0.9797019099 3.8150487797
0.9956479886 0.0174172167 -0.0915517525 739.1737275040 0.0093034092 0.9588970178 0.2836017556 -5486.8387137739 0.0927282557 -0.2832192610 0.9545618476 3.8077667489
0.8656247858 -0.0299955667 -0.4997939538 739.9981571377 0.1561250613 0.9646055874 0.2125112373 -5486.7917401228 0.4757296454 -0.2619853559 0.8396695646 3.9893670160
0.9867962015 0.0887066413 -0.1355152707 741.1445186261 -0.0949905624 0.9946491761 -0.0406178465 -5486.8451976096 0.1311870796 0.0529542084 0.9899423225 4.2180121220
0.9863907025 0.0918791844 -0.1363510086 742.1386016162 -0.0954602490 0.9952333570 -0.0199475820 -5486.9645588190 0.1338683044 0.0326922107 0.9904597399 4.3506461932
0.9900518699 0.0062492764 -0.1405640117 743.1405136297 -0.0068033646 0.9999708650 -0.0034616938 -5487.0081907087 0.1405382833 0.0043835646 0.9900655409 4.4881910556
0.9908911655 -0.0012609235 -0.1346592297 744.1531074920 0.0017552370 0.9999921505 0.0035521907 -5487.0021026531 0.1346536937 -0.0037561932 0.9908856008 4.6284093411
0.9913120847 -0.0019818205 -0.1315158668 745.1735406531 0.0030364492 0.9999648213 0.0078189653 -5486.9964779946 0.1314957444 -0.0081503761 0.9912832292 4.7688296717
0.9927244282 0.0053374314 -0.1202901551 746.1976003455 -0.0037944810 0.9999076153 0.0130523099 -5486.9927582897 0.1203487079 -0.0125009082 0.9926529685 4.8903447638
0.9940785630 0.0099641619 -0.1082059430 747.2259687747 -0.0083606120 0.9998485590 0.0152630038 -5486.9921855621 0.1083416392 -0.0142679569 0.9940113252 5.0058248356
0.9945559362 -0.0062691428 -0.1040153237 748.2423014426 0.0069673006 0.9999555656 0.0063500832 -5487.0016152543 0.1039708923 -0.0070402189 0.9945554227 5.1076415180
0.9956279747 0.0009899971 -0.0934021190 749.2693553520 0.0000533225 0.9999376453 0.0111670352 -5486.9911114617 0.0934073503 -0.0111231931 0.9955658399 5.2044414902
0.9960039768 0.0127070490 -0.0884002782 750.2767850990 -0.0113275540 0.9998063915 0.0160893155 -5486.9899568156 0.0885876108 -0.0150236633 0.9959550817 5.2953818214
0.9963308553 -0.0155355942 -0.0841633660 751.2761590049 0.0176345484 0.9995502997 0.0242532698 -5486.9943467439 0.0837487288 -0.0256484640 0.9961567681 5.3825436194
0.9960198734 -0.0009812668 -0.0891260279 752.2721047991 0.0039618809 0.9994384829 0.0332719456 -5486.9778860059 0.0890433334 -0.0334926257 0.9954644789 5.4656877845
0.9948591593 -0.0035756789 -0.1012050777 753.2930583778 0.0047782872 0.9999208016 0.0116429634 -5486.9920115046 0.1011554309 -0.0120666957 0.9947974536 5.5717326311
0.9920488320 0.0012616013 -0.1258472221 754.2939560322 0.0026462898 0.9995195759 0.0308806486 -5486.9807953521 0.1258257211 -0.0309681395 0.9915688893 5.6770295536
0.9900302247 0.0055509333 -0.1407456621 755.3048804967 -0.0026887802 0.9997858752 0.0205176556 -5486.9863175541 0.1408294171 -0.0199346651 0.9898331599 5.8061725324
0.9882650213 0.0046973889 -0.1526767244 756.3124559306 -0.0017450202 0.9998090037 0.0194656347 -5486.9865305261 0.1527390013 -0.0189707819 0.9880844634 5.9507322470
0.9851076078 0.0059946720 -0.1718344113 757.3177792728 -0.0039042688 0.9999142422 0.0125005985 -5486.9934918994 0.1718946122 -0.0116435470 0.9850465320 6.1076318611
0.9999841188 0.0042571857 -0.0036930323 758.3852971054 -0.0041832234 0.9997950266 0.0198092240 -5486.9792318135 0.0037766069 -0.0197934606 0.9997969575 6.2961866442
0.9751333199 0.0315860185 -0.2193566318 759.2877583039 -0.0205342096 0.9984107412 0.0524817877 -5486.9616380801 0.2206657080 -0.0466724248 0.9742321746 6.4360451904
0.9852899607 0.0106891780 -0.1705562515 760.2953268429 -0.0069059868 0.9997171189 0.0227593818 -5486.9795863759 0.1707512834 -0.0212467312 0.9850850601 6.6113829889
0.9868612202 0.0056868117 -0.1614700969 761.2928064168 -0.0001359304 0.9994092571 0.0343674026 -5486.9793117279 0.1615701505 -0.0338939082 0.9862790120 6.7805523134
0.9876819668 0.0089099363 -0.1562208231 762.2910456476 -0.0023277957 0.9991036819 0.0422659934 -5486.9756889530 0.1564573868 -0.0413817093 0.9868174300 6.9435102694
0.9901950365 -0.0093591910 -0.1393778864 763.3250169192 0.0172685253 0.9983011795 0.0556466798 -5486.9748385719 0.1386203005 -0.0575079167 0.9886744923 7.1007396750
0.9864522525 0.0026855919 -0.1640266476 764.3378518826 0.0046239294 0.9990135518 0.0441649478 -5486.9760684548 0.1639834528 -0.0443250599 0.9854667505 7.2345901368
0.9903296057 0.0106093848 -0.1383282796 765.3704213688 -0.0005172093 0.9973470942 0.0727908386 -5486.9740198065 0.1387335737 -0.0720153779 0.9877078419 7.3778494690
0.9913498053 0.0107667180 -0.1308038275 766.3676169936 -0.0016372001 0.9975664131 0.0697034509 -5486.9677561673 0.1312359824 -0.0688863505 0.9889548967 7.5114911353
0.9931201414 0.0125348592 -0.1164270673 767.3904432367 -0.0050465862 0.9979120052 0.0643906973 -5486.9679086837 0.1169910965 -0.0633601392 0.9911097700 7.6367871636
0.9936629050 0.0123769059 -0.1117176953 768.3959611471 -0.0055606355 0.9981149402 0.0611199274 -5486.9694213950 0.1122635764 -0.0601113832 0.9918586144 7.7491392615
0.9943419859 0.0082062609 -0.1059087922 769.4158618467 -0.0031837413 0.9988659131 0.0475052786 -5486.9709072460 0.1061785232 -0.0468993069 0.9932404423 7.8602533306
0.9925068048 0.0100483186 -0.1217755055 770.4136278084 -0.0074770100 0.9997397310 0.0215537598 -5486.9884329790 0.1219603901 -0.0204817366 0.9923236174 7.9678305004
0.9884053530 0.0020493944 -0.1518244318 771.4130522920 -0.0001833486 0.9999242886 0.0123037943 -5486.9966313739 0.1518381523 -0.0121332994 0.9883308953 8.1026498604
0.9833686628 0.0014366454 -0.1816150022 772.3899744715 0.0011557735 0.9998989663 0.0141676169 -5486.9968230670 0.1816170068 -0.0141418963 0.9832676490 8.2625957884
0.8519737843 0.4585165501 -0.2527909099 773.3041541786 -0.4602410736 0.8860287400 0.0559573601 -5487.2441999315 0.2496373870 0.0686705559 0.9659014079 8.4431364168
0.6113771459 0.6994067249 -0.3702002412 773.9438141451 -0.7649548764 0.6421281582 -0.0501544162 -5488.0017355208 0.2026376630 0.3138497436 0.9275970655 8.5436102518
0.6298346093 0.7419722137 -0.2297511677 774.5400012635 -0.7559383701 0.6535259239 0.0382236510 -5488.7780438030 0.1785092310 0.1496031450 0.9724985108 8.8447691277
0.9907600060 0.0472059444 -0.1271464087 775.4641116612 -0.0455818030 0.9988379369 0.0156548718 -5489.2153282786 0.1277376595 -0.0097146583 0.9917604125 9.0064013843
0.9799407126 -0.1481923212 -0.1332487738 776.4586238626 0.1515152714 0.9883396212 0.0150968774 -5489.0934113000 0.1294578013 -0.0349832689 0.9909676325 9.1262342998
0.9846455951 -0.0446289025 -0.1687640754 777.4521716708 0.0470507812 0.9988385959 0.0103770556 -5488.9877721040 0.1681049555 -0.0181582037 0.9856018484 9.2697737563
0.9845894446 0.0266540818 -0.1728386112 778.4405055275 -0.0270587037 0.9996338461 0.0000150908 -5488.9776371501 0.1727757279 0.0046619305 0.9849501583 9.4326394419
0.9867015344 0.0110313537 -0.1621677872 779.4611298030 -0.0127139572 0.9998755375 -0.0093415616 -5489.0055611065 0.1620445534 0.0112791275 0.9867189792 9.5975676532
0.9845311389 0.0004158138 -0.1752091997 780.4639710057 -0.0007115537 0.9999984264 -0.0016251065 -5489.0059704960 0.1752082482 0.0017246387 0.9845298855 9.7587492994
0.9775035675 0.0017647539 -0.2109115008 781.4605459364 -0.0013698583 0.9999970247 0.0020184167 -5489.0015906556 0.2109144353 -0.0016840907 0.9775030766 9.9482199328
0.9777468390 0.0051840708 -0.2097242101 782.4453163398 -0.0025841762 0.9999164075 0.0126688630 -5488.9955791165 0.2097723550 -0.0118449765 0.9776785032 10.1615658872
0.9774314516 0.0027410394 -0.2112350449 783.4506355065 0.0016087049 0.9997902496 0.0204173660 -5488.9923722457 0.2112467031 -0.0202963905 0.9772220254 10.3809180650
0.9781969662 0.0082905608 -0.2075137630 784.4605387228 -0.0042077204 0.9997889454 0.0201086989 -5488.9933336445 0.2076366787 -0.0187971084 0.9780253976 10.6032694276
0.9803739948 -0.0018419759 -0.1971381175 785.4510577359 0.0055877463 0.9998142403 0.0184461913 -5488.9967526823 0.1970675198 -0.0191857240 0.9802021734 10.8070439247
0.9816836799 -0.0066623646 -0.1904015901 786.4510336764 0.0085215271 0.9999236614 0.0089473417 -5488.9941726946 0.1903274446 -0.0104059716 0.9816655131 10.9993235295
0.9818385850 -0.0011276620 -0.1897148425 787.4527763092 0.0022088730 0.9999825024 0.0054877862 -5488.9916132162 0.1897053346 -0.0058071763 0.9818238960 11.1875535131
0.9835222394 0.0206625419 -0.1796025165 788.4617511506 -0.0174225162 0.9996561112 0.0195988574 -5488.9777775801 0.1799457154 -0.0161467844 0.9835440106 11.3727176014
0.9852676844 0.0148647999 -0.1703720275 789.4819763780 -0.0115284218 0.9997222440 0.0205555437 -5488.9896981457 0.1706302597 -0.0182885924 0.9851653881 11.5490315339
0.9873781181 0.0041500235 -0.1583263377 790.4961308194 -0.0000209227 0.9996600559 0.0260724410 -5488.9920533232 0.1583807169 -0.0257400451 0.9870425516 11.7125066894
0.9898841821 0.0035210647 -0.1418340870 791.5145972385 0.0007346506 0.9995513873 0.0299413500 -5488.9883807775 0.1418758838 -0.0297426672 0.9894375207 11.8638354161
0.9895573802 0.0069824590 -0.1439702631 792.5249376406 -0.0018119954 0.9993496679 0.0360133024 -5488.9812437339 0.1441280960 -0.0353763557 0.9889264914 12.0077954476
0.9869430706 0.0055082546 -0.1609752606 793.5140255399 0.0005923385 0.9992841967 0.0378251676 -5488.9792860634 0.1610683846 -0.0374266389 0.9862333508 12.1616337855
0.9856525415 -0.0048806694 -0.1687164678 794.4986041984 0.0093898247 0.9996194341 0.0259387402 -5488.9834894263 0.1685256616 -0.0271508033 0.9853232643 12.3241124885
0.9847286285 0.0234332465 -0.1725120611 795.5158100217 -0.0159058482 0.9988653938 0.0448879623 -5488.9697334789 0.1733681986 -0.0414585109 0.9839840749 12.4998642195
0.9840524882 0.0314227313 -0.1750808741 796.5135878586 -0.0173073663 0.9965170576 0.0815733354 -5488.9626679851 0.1770343345 -0.0772422548 0.9811689347 12.6699666917
0.7833197344 0.5964676243 -0.1750330449 797.4550749903 -0.5891461884 0.8021791033 0.0970332672 -5489.2801908013 0.1982850534 0.0271119782 0.9797693495 12.8636492457
0.6154834461 0.7767009924 -0.1338495273 798.1523353877 -0.7767693237 0.6265404531 0.0638473045 -5490.0327356471 0.1334524082 0.0646732478 0.9889427818 13.0386102950
0.6676559480 0.7305908651 -0.1430822243 798.7891748083 -0.7350241078 0.6774144577 0.0291412660 -5490.8336005516 0.1182163101 0.0857125447 0.9892816908 13.1616948135
0.7051646776 0.6861832444 -0.1785926441 799.4666731797 -0.6949868621 0.7188057564 0.0176506681 -5491.5663486580 0.1404850134 0.1116729136 0.9837647693 13.2789573975
0.7092547992 0.6738041406 -0.2072332261 800.1714792324 -0.6876993355 0.7259640183 0.0067725977 -5492.2787249774 0.1550072699 0.1377106545 0.9782681237 13.4206121247
0.8695420670 0.4487351771 -0.2062361135 800.9328210952 -0.4555506909 0.8900674130 0.0159238302 -5492.9364020563 0.1907096268 0.0801045637 0.9783726780 13.5889208988
0.9783127864 -0.0019422789 -0.2071239231 801.9246783900 0.0020203084 0.9999979455 0.0001652085 -5493.1211681897 0.2071231767 -0.0005800798 0.9783147005 13.7878909390
0.9713505820 -0.0910616633 -0.2195126885 802.9153157892 0.0852493666 0.9957153083 -0.0358269508 -5493.0696237264 0.2218346060 0.0160872119 0.9749515933 13.9831384554
0.9789401909 -0.0169684747 -0.2034408353 803.9443263754 0.0172504870 0.9998511243 -0.0003871073 -5492.9939367114 0.2034171165 -0.0031304986 0.9790871650 14.1854801935
0.9764585595 0.0132829486 -0.2152957149 804.9248989025 -0.0037850339 0.9990036357 0.0444680714 -5492.9682374101 0.2156718690 -0.0426063274 0.9755359275 14.3812570538
0.9755117731 0.0258918681 -0.2184179291 805.9098587717 -0.0117074700 0.9977517564 0.0659876329 -5492.9597002002 0.2196354154 -0.0618145914 0.9736217133 14.6055111796
0.9550971629 0.2360621010 -0.1790644966 806.9111696120 -0.2239361650 0.9708509651 0.0854458755 -5493.0031263872 0.1940154722 -0.0415100967 0.9801198439 14.8229442515
0.6648737258 0.7176646398 -0.2071241019 807.6915708713 -0.7208532223 0.6891419231 0.0738514844 -5493.6207716838 0.1957385008 0.1002041647 0.9755232261 15.0123245883
0.6530878826 0.7242783644 -0.2211268152 808.3527456889 -0.7277174494 0.6810327917 0.0813735246 -5494.3851510214 0.2095316956 0.1077737790 0.9718442679 15.2138469953
0.7049109110 0.7009981267 -0.1081768636 809.0881983620 -0.7029940848 0.7107598293 0.0248954170 -5495.1377861781 0.0943394098 0.0584986441 0.9938198954 15.3857290050
0.6992973962 0.7127425863 -0.0545999755 809.8315196937 -0.7122068159 0.7012336468 0.0321375791 -5495.8432530964 0.0611931612 0.0164127493 0.9979909913 15.4445059546
0.7010698653 0.7038377579 -0.1145139929 810.5344864279 -0.6939757611 0.7103549729 0.1174455428 -5496.5342753244 0.1640081918 -0.0028675955 0.9864548089 15.5385245753
0.6906950507 0.7084855933 -0.1448741211 811.2403138369 -0.6945380757 0.7057141548 0.1399442504 -5497.2377488801 0.2013882032 0.0039617922 0.9795034945 15.7080933597
0.6885513512 0.7106830612 -0.1443143210 811.9326486802 -0.6899865754 0.7032733129 0.1712459436 -5497.9193749370 0.2231940021 -0.0183366817 0.9746015614 15.9098985346
0.7071838898 0.6930403631 -0.1399499951 812.6502435269 -0.6813761318 0.7208760378 0.1267450399 -5498.6523926673 0.1887260264 0.0057265360 0.9820130823 16.1127146316
0.9858679182 0.1026368990 -0.1324013398 813.5682726107 -0.0916529241 0.9920219149 0.0865578528 -5499.0321719015 0.1402290603 -0.0731996402 0.9874095520 16.2700098377
0.9933305083 -0.0572642426 -0.1000765098 814.6067902913 0.0640763530 0.9957446060 0.0662336817 -5499.0091253901 0.0958578232 -0.0722044744 0.9927727794 16.3834022048
0.9986220973 -0.0192230182 -0.0488301374 815.6593001307 0.0218165598 0.9983482920 0.0531481470 -5498.9595878917 0.0477278164 -0.0541402196 0.9973920454 16.4544399623
0.9938806223 0.0080465758 -0.1101660618 816.6692284835 -0.0059985014 0.9998032028 0.0189096159 -5498.9774663445 0.1102965391 -0.0181330696 0.9937332968 16.5083280185
0.9833040373 0.0319876905 -0.1791367019 817.6732584818 -0.0239987620 0.9986258557 0.0465881931 -5498.9706504301 0.1803807909 -0.0415112993 0.9827205006 16.6562252949
0.9861463650 0.0255592721 -0.1638965237 818.6739393559 -0.0134359373 0.9971188408 0.0746558300 -5498.9642170575 0.1653324604 -0.0714194719 0.9836485330 16.8444150668
0.9923450088 0.0306816407 -0.1196244978 819.6836980461 -0.0198862333 0.9957055908 0.0904152324 -5498.9561486199 0.1218848690 -0.0873442239 0.9886936155 16.9866489029
0.9869065130 0.1019486462 -0.1249880321 820.6968602745 -0.0907716234 0.9916050732 0.0920863241 -5498.9705679044 0.1333268428 -0.0795352265 0.9878755492 17.1077719584
0.7142378212 0.6884200196 -0.1262624702 821.5835304308 -0.6794082077 0.7252844162 0.1112070276 -5499.4045554914 0.1681333461 0.0063554934 0.9857437728 17.2558439425
0.6309460251 0.7669527335 -0.1170069138 822.2391306451 -0.7586954488 0.6414747814 0.1135399525 -5500.1452894520 0.1621367614 0.0171350312 0.9866195119 17.4197245946
0.6775133220 0.7245256822 -0.1266421508 822.8785502729 -0.7175505764 0.6889157015 0.1025491423 -5500.8968124452 0.1615452535 0.0213937382 0.9866333863 17.5905806995
0.6995786906 0.7090256895 -0.0887255733 823.5986767805 -0.7007711981 0.7050453182 0.1087696060 -5501.6058436345 0.1396759950 -0.0139165722 0.9900994624 17.7440926344
0.7045746540 0.7039225436 -0.0898198731 824.3095352396 -0.6955790155 0.7101322742 0.1090045248 -5502.3099657766 0.1405147331 -0.0143250065 0.9899749512 17.8892475380
0.9016389144 0.4150093081 -0.1217150041 825.0903489118 -0.4038883655 0.9086234077 0.1061964743 -5502.9423410386 0.1546656271 -0.0465915997 0.9868676541 18.0322163691
0.9900579543 -0.0257532469 -0.1382823827 826.0779615641 0.0403185287 0.9938030479 0.1035853188 -5503.0311886041 0.1347577951 -0.1081308110 0.9849609456 18.1621136055
0.9251759152 0.3462136070 -0.1555174081 827.0796687757 -0.3322635727 0.9368656040 0.1090126520 -5503.0624463337 0.1834405739 -0.0491831105 0.9817996626 18.3086644411
0.7118402902 0.6821473212 -0.1672077556 827.8696674539 -0.6721979030 0.7306981735 0.1192902280 -5503.6510700733 0.2035519111 0.0274811121 0.9786783986 18.5013573157
0.6058234577 0.7776451709 -0.1680652439 828.5127215317 -0.7731910549 0.6252563086 0.1059723604 -5504.4154058416 0.1874927484 0.0657460014 0.9800632289 18.7047478212
0.9354353588 0.3080546540 -0.1733869073 829.2735366596 -0.2991842054 0.9511777988 0.0758261584 -5505.0689294205 0.1882803779 -0.0190558456 0.9819304324 18.8969956705
0.9821751186 -0.0852240178 -0.1675377663 830.2642054858 0.1036011844 0.9891469298 0.1041880313 -5505.0516260312 0.1568401446 -0.1196880030 0.9803448123 19.0666281575
0.8898082102 0.4299445190 -0.1529348213 831.2756565770 -0.4160654559 0.9020222488 0.1150886575 -5505.1213457695 0.1874323490 -0.0387759362 0.9815118651 19.2426916387
0.5827135020 0.8004707976 -0.1403263225 832.0429250554 -0.7912948668 0.5982079935 0.1264896452 -5505.7713734235 0.1851955950 0.0373322746 0.9819923080 19.4328957386
0.6061513982 0.7819049751 -0.1456196839 832.6270026640 -0.7722191160 0.6224088240 0.1276122751 -5506.5829518304 0.1904156490 0.0350979446 0.9810759476 19.6100072317
0.6889341874 0.7083464434 -0.1536717330 833.2962935203 -0.6957189648 0.7057133815 0.1339542655 -5507.3299109524 0.2033342259 0.0146266659 0.9790001293 19.8041899568
0.7009030053 0.7002940600 -0.1353632402 834.0086401356 -0.6899473923 0.7137966140 0.1202788000 -5508.0292308846 0.1808523517 0.0090897422 0.9834682524 19.9944749494
0.7038771704 0.7010637489 -0.1143090067 834.7337442549 -0.6937640848 0.7130531312 0.1012256226 -5508.7430830889 0.1524740096 0.0080530787 0.9882746705 20.1522540280
0.7075135697 0.6968056104 -0.1178409520 835.4354498254 -0.6951028744 0.7162446757 0.0618511000 -5509.4667193853 0.1275011479 0.0381510920 0.9911044100 20.2966401090
0.7039144993 0.7011122364 -0.1137805323 836.1464513645 -0.6970569790 0.7126557495 0.0789515726 -5510.1614671700 0.1364402642 0.0237363574 0.9903638925 20.4284504283
0.6987155272 0.7076179186 -0.1052306675 836.8517040445 -0.6988162617 0.7065824344 0.1113422458 -5510.8509730953 0.1531419095 -0.0042596543 0.9881950268 20.5692614625
0.6982144052 0.7117250460 -0.0770980110 837.5721949874 -0.7037491950 0.7021314318 0.1083906040 -5511.5604479333 0.1312772444 -0.0214222179 0.9911142082 20.7093960332
0.7008692390 0.7104486213 -0.0636008350 838.2838131177 -0.7044136322 0.7034135397 0.0949253757 -5512.2725133467 0.1121772908 -0.0217289806 0.9934506061 20.8305923323
0.6971448935 0.7117753534 -0.0858186678 838.9777891311 -0.7028095677 0.7021406788 0.1142680123 -5512.9684954146 0.1415899325 -0.0193471805 0.9897363172 20.9415560948
0.6956049032 0.7131643217 -0.0867782742 839.7047412785 -0.7015382965 0.7003163696 0.1319128543 -5513.6874256738 0.1548477872 -0.0308809456 0.9874555838 21.0854887544
0.7019383127 0.7072453450 -0.0841821074 840.4086112953 -0.7000646032 0.7068638926 0.1012570431 -5514.4040454481 0.1311188645 -0.0121432844 0.9912922798 21.2322103233
0.9301457768 0.3556934341 -0.0911647673 841.2112109961 -0.3534930062 0.9345904292 0.0397922623 -5515.0197154211 0.0993555655 -0.0047864971 0.9950404821 21.3353214626
0.9904582482 -0.0724600466 -0.1172262779 842.2183173753 0.0779025502 0.9960535901 0.0425257370 -5515.0824385615 0.1136822381 -0.0512521930 0.9921943164 21.4280849116
0.9919205768 -0.0355142643 -0.1217879564 843.2172092418 0.0449039234 0.9961538132 0.0752410669 -5514.9789704062 0.1186474060 -0.0801019195 0.9897001948 21.5254379982
0.9917549041 0.0191386817 -0.1267119611 844.2106521035 -0.0071338105 0.9954968840 0.0945254603 -5514.9406306204 0.1279504552 -0.0928421497 0.9874254485 21.6411944792
0.8757919468 0.4700092986 -0.1099078028 845.2072371649 -0.4575490748 0.8808967744 0.1211186073 -5515.0864800306 0.1537443006 -0.0557864874 0.9865346207 21.7806263715
0.6323761941 0.7691334979 -0.0923797139 845.9396301602 -0.7591415007 0.6390357040 0.1238448665 -5515.7931721312 0.1542871708 -0.0081872707 0.9879921242 21.9529467169
0.6577369027 0.7469110137 -0.0974992541 846.5853583033 -0.7370817735 0.6648790076 0.1210221651 -5516.5588478199 0.1552179953 -0.0077358209 0.9878499537 22.1035177924
0.6929680402 0.7074468956 -0.1389754840 847.2520198337 -0.6976768034 0.7066052728 0.1181357969 -5517.2826891614 0.1817756126 0.0150956398 0.9832241598 22.2615487015
0.6978217261 0.6975687680 -0.1626119692 847.9593694421 -0.6881585752 0.7159067693 0.1179630159 -5517.9865157658 0.1987023252 0.0295856657 0.9796132269 22.4504401590
0.7004555059 0.6973863091 -0.1517050433 848.6768733034 -0.6894387308 0.7161321546 0.1087610852 -5518.6923356573 0.1844893512 0.0284090316 0.9824238424 22.6423094085
0.6945292978 0.7072048633 -0.1322510330 849.4009702420 -0.6992916829 0.7067760442 0.1070456237 -5519.4036999109 0.1691750476 0.0181357256 0.9854191488 22.8160477711
0.6821448866 0.7084277251 -0.1811312014 850.0761680098 -0.6944966791 0.7052087979 0.1426706490 -5520.0966659057 0.2288071601 0.0284729642 0.9730552779 22.9828903285
0.7051492785 0.6969400220 -0.1305339066 850.7996544697 -0.6915242313 0.7166448818 0.0906330564 -5520.8249730047 0.1567122604 0.0263575251 0.9872925343 23.1519919040
0.6772845255 0.7222669358 -0.1400576489 851.5311285440 -0.6835678473 0.6881634025 0.2432408881 -5521.4496323822 0.2720673992 -0.0690043839 0.9598008779 23.2764923657
0.7007880286 0.7076685581 -0.0900075049 852.2415249866 -0.7082254814 0.7052994600 0.0311342147 -5522.2569925467 0.0855149494 0.0419271235 0.9954543233 23.3846331684
0.6875677153 0.7157327647 -0.1223815608 852.9456351421 -0.7115005701 0.6977366863 0.0832493563 -5522.9531063995 0.1449743966 0.0298349806 0.9889854894 23.4883190599
0.6993458128 0.7060252244 -0.1115518557 853.6702418760 -0.7043707964 0.7072551537 0.0604311903 -5523.7023599237 0.1215615696 0.0363115696 0.9919194800 23.6047665262
0.7019990368 0.7003472943 -0.1292711097 854.3780208184 -0.6990356166 0.7123084088 0.0629756895 -5524.4166901707 0.1361857522 0.0461562365 0.9896075195 23.7322930147
0.7055671627 0.6962172927 -0.1321228982 855.0909132110 -0.6960465562 0.7158710170 0.0552075957 -5525.1281293203 0.1330194364 0.0530110216 0.9896947313 23.8602043513
0.6978769596 0.6993097991 -0.1547047321 855.8103666547 -0.6988621156 0.7121533804 0.0665530324 -5525.8478425008 0.1567146857 0.0616714485 0.9857165616 23.9985904999
0.6943846661 0.6934283494 -0.1923202010 856.5120980738 -0.6893992265 0.7176584750 0.0984632914 -5526.5596054721 0.2062974598 0.0642139981 0.9763800083 24.1724300871
0.7025118237 0.6929674169 -0.1620903963 857.2431334869 -0.6829864262 0.7204880749 0.1201102643 -5527.2632520132 0.2000166972 0.0263266597 0.9794387310 24.3735428681
0.6994688366 0.7024234857 -0.1316988736 857.9752001350 -0.6906095220 0.7117582221 0.1282915489 -5527.9693332527 0.1838527531 0.0012165557 0.9829530432 24.5688799633
0.6873954986 0.7096277490 -0.1546476200 858.6640319696 -0.6973127602 0.7043803644 0.1326771142 -5528.6682917018 0.2030821089 0.0166361077 0.9790203762 24.7498610984
0.0858341733 0.9822247266 -0.1669343615 858.9809212286 -0.9885733672 0.1048030729 0.1083467281 -5529.5989429896 0.1239160694 0.1557270120 0.9799968905 24.9070539788
-0.1023602808 0.9798593537 -0.1714585078 858.9459836882 -0.9901909643 -0.0838878915 0.1117348465 -5530.5945874469 0.0951011418 0.1812138754 0.9788346664 25.0103529080
-0.6432170505 0.7521627632 -0.1432585202 858.4866302029 -0.7655609748 -0.6351094994 0.1027244742 -5531.4885247603 -0.0137193227 0.1757472657 0.9843397172 25.0284519136
-0.7320562633 0.6653702918 -0.1462053427 857.7686156007 -0.6786291809 -0.7310401738 0.0710119642 -5532.2034659870 -0.0596327278 0.1512039652 0.9867022341 24.9887678082
-0.6462821626 0.7556211333 -0.1065648588 857.0369199219 -0.7629115561 -0.6428837804 0.0683110713 -5532.9137057089 -0.0168915302 0.1254477892 0.9919564146 24.9487543453
0.0712818494 0.9941181368 -0.0815354408 856.7299812007 -0.9949510939 0.0766546522 0.0647795104 -5533.8849773775 0.0706485571 0.0765061727 0.9945630131 24.9806412914
0.1590037384 0.9819134029 -0.1027807391 856.8626252665 -0.9867823437 0.1613587052 0.0149657779 -5534.9114220914 0.0312796649 0.0990426040 0.9945914464 25.0397914520
0.0664826148 0.9893380427 -0.1295773872 856.9357342091 -0.9976829577 0.0640321151 -0.0229913909 -5535.9286427471 -0.0144491435 0.1308056787 0.9913027271 25.0426423208
-0.7054516614 0.6992390313 -0.1157701624 856.6585744897 -0.7025595264 -0.7114457594 -0.0159700778 -5536.9009577458 -0.0935310928 0.0700693125 0.9931476356 24.9729398540
-0.9570837532 0.2707762411 -0.1033001286 855.7852342499 -0.2644532550 -0.9617877923 -0.0709134580 -5537.3921840807 -0.1185544822 -0.0405520632 0.9921191284 24.8464928352
-0.7606685884 -0.6314229687 -0.1506264693 854.7407131671 0.6475584939 -0.7542936491 -0.1082085393 -5537.5103602691 -0.0452912320 -0.1798502864 0.9826507919 24.6928270894
0.3525437058 0.9338825601 -0.0598021689 854.2234913439 -0.9348809206 0.3486548871 -0.0666140669 -5538.1802959833 -0.0413593969 0.0793922768 0.9959850735 24.5818195949
0.4409010350 0.8951338004 -0.0658920084 854.6638579612 -0.8972957878 0.4378173072 -0.0563584489 -5539.0756105447 -0.0215996909 0.0839731200 0.9962338925 24.5273463507
0.1608239047 0.9780108910 -0.1327793990 854.9146775042 -0.9848511502 0.1501800451 -0.0866842893 -5540.0493805715 -0.0648373629 0.1447088497 0.9873476921 24.4534677795
0.9938640527 -0.0035142903 -0.1105526772 712.7918582978 0.0043151623 0.9999661483 0.0070058308 -5346.9967893869 0.1105243142 -0.0074398961 0.9938455735 -0.1060287592
0.9481608133 0.3014825054 -0.1004956268 713.7938315995 -0.3026459362 0.9530953750 0.0038266795 -5347.1265916887 0.0969355940 0.0267862855 0.9949301410 0.0053109184
0.8104623411 0.5766052044 -0.1033306921 714.6929520254 -0.5786393341 0.8154934824 0.0121202787 -5347.6026561648 0.0912541217 0.0499681734 0.9945732084 0.1006098147
0.7041034095 0.7023392062 -0.1046806012 715.4324174549 -0.7041409483 0.7096230089 0.0249140553 -5348.2829323525 0.0917818810 0.0561678265 0.9941937747 0.1898410778
0.6498103528 0.7527158557 -0.1056662008 716.1035503033 -0.7547697981 0.6554201633 0.0273305955 -5349.0244236829 0.0898279312 0.0619939531 0.9940260020 0.2801921655
0.6327277451 0.7671452042 -0.1055643701 716.7608534451 -0.7688747907 0.6385873003 0.0322151528 -5349.8099816468 0.0921257660 0.0607823620 0.9938905109 0.3700208724
0.6482102770 0.7536562724 -0.1087458500 717.4146628655 -0.7557096625 0.6542398816 0.0295479848 -5350.6033119671 0.0934148961 0.0630269822 0.9936303421 0.4639811203
0.6832626612 0.7214032625 -0.1128249469 718.0904163985 -0.7225791932 0.6902627957 0.0376375124 -5351.3635822315 0.1050306875 0.0558086522 0.9929017822 0.5564118242
0.7184317512 0.6861625890 -0.1141784587 718.8218581750 -0.6884940421 0.7248483745 0.0238911692 -5352.1031213436 0.0991552967 0.0614470141 0.9931729414 0.6509093653
0.7389926125 0.6616942902 -0.1266909034 719.5682768664 -0.6643834592 0.7469447958 0.0258474615 -5352.7956585956 0.1117342286 0.0650702575 0.9916054274 0.7519843199
0.7613694147 0.6349694829 -0.1308830403 720.3463769093 -0.6388208511 0.7691978542 0.0155750222 -5353.4771453042 0.1105646176 0.0717524696 0.9912754655 0.8615678222
0.7754362822 0.6151473120 -0.1424512434 721.1242468614 -0.6191132916 0.7850489570 0.0199215291 -5354.1411756917 0.1240858751 0.0727455818 0.9896013217 0.9779311346
0.7798983455 0.6107296700 -0.1369957695 721.9333296622 -0.6137642752 0.7891283458 0.0238719155 -5354.7845496488 0.1226865321 0.0654654417 0.9902839445 1.1009344070
0.7686389996 0.6262680190 -0.1303167552 722.7336389907 -0.6274669229 0.7777721624 0.0368201583 -5355.4291801828 0.1244160321 0.0534680438 0.9907884836 1.2304023240
0.7638796231 0.6298754304 -0.1405164176 723.5177032453 -0.6329690946 0.7736991335 0.0271988243 -5356.0972562308 0.1258493017 0.0681659220 0.9897046834 1.3680201072
0.7713388844 0.6188466298 -0.1485435094 724.2973603067 -0.6229022747 0.7819563508 0.0231737260 -5356.7592438654 0.1304955228 0.0746532940 0.9886343127 1.5046094522
0.7482782580 0.6515308025 -0.1248489566 725.0839859951 -0.6517999604 0.7570913792 0.0443785445 -5357.3787881235 0.1234360575 0.0481690449 0.9911827696 1.6294176381
0.7496018695 0.6512609959 -0.1181361607 725.8619648675 -0.6528374492 0.7568955560 0.0302056640 -5358.0722449823 0.1090885058 0.0544814876 0.9925378912 1.7491714827
0.7624669266 0.6329558194 -0.1342055012 726.6350260019 -0.6339220136 0.7723123667 0.0409449497 -5358.7378452640 0.1295649124 0.0538566516 0.9901072642 1.8612626372
0.8180001490 0.5630951245 -0.1174718561 727.4497655172 -0.5645946726 0.8250393664 0.0233002052 -5359.3534231280 0.1100391377 0.0472644129 0.9928028321 1.9707847322
0.8652808031 0.4856291664 -0.1243118839 728.3097993422 -0.4868362128 0.8732023090 0.0225439452 -5359.8858402578 0.1194974214 0.0410126838 0.9919870594 2.0899554738
0.8910159332 0.4318339773 -0.1400357913 729.2029359148 -0.4322529473 0.9012858386 0.0290039081 -5360.3518755722 0.1387371486 0.0346879393 0.9897215520 2.2150369715
0.9039088298 0.4008892292 -0.1491195940 730.1330960767 -0.4013592241 0.9154843315 0.0282703383 -5360.7822077442 0.1478499260 0.0342967161 0.9884149608 2.3587452038
0.9027154154 0.3945517377 -0.1715628315 731.0603327952 -0.3954638102 0.9179813470 0.0303087675 -5361.1922053473 0.1694498561 0.0404866994 0.9847068465 2.5141923455
0.9226452127 0.3248798629 -0.2077952988 731.9381444943 -0.3359529456 0.9416787914 -0.0194080438 -5361.6329993102 0.1893711433 0.0877161814 0.9779797757 2.7005574730
0.9045662977 0.3524356292 -0.2398936019 732.8542149648 -0.3499703182 0.9351867706 0.0542814932 -5361.9553540333 0.2434760551 0.0348544309 0.9692804441 2.8830513097
0.8845886976 0.3906415215 -0.2547587836 733.7752682481 -0.3883634649 0.9194597600 0.0613805255 -5362.3411621937 0.2582182319 0.0446424848 0.9650546064 3.1023204256
0.8652577582 0.4530017386 -0.2147520354 734.6764114762 -0.4501373525 0.8905918400 0.0649810620 -5362.7548426317 0.2206929444 0.0404425446 0.9745045022 3.3266453612
0.8712962555 0.4397954489 -0.2177677623 735.5684026155 -0.4405875209 0.8964456558 0.0476216609 -5363.2426729247 0.2161607542 0.0544531837 0.9748381297 3.5505673159
0.8631466243 0.4506499774 -0.2277992599 736.4447598369 -0.4497556345 0.8912073734 0.0589006525 -5363.6928640212 0.2295599578 0.0516141013 0.9719250024 3.7676037451
0.8659981928 0.4537626401 -0.2101109147 737.3275146827 -0.4532293186 0.8897831137 0.0535648705 -5364.1574196386 0.2112588810 0.0488413456 0.9762091006 3.9749512439
0.8624812095 0.4686999781 -0.1909096481 738.2148403745 -0.4693042501 0.8818928783 0.0449274073 -5364.6099343371 0.1894193339 0.0508456647 0.9805789282 4.1671295780
0.9238312903 0.3324421028 -0.1897840756 739.1253426710 -0.3294060958 0.9429534347 0.0482746730 -5365.0384703980 0.1950060797 0.0179183780 0.9806383434 4.3607034061
0.9750952964 0.1441620173 -0.1685422075 740.1151233802 -0.1369739104 0.9891241960 0.0535861240 -5365.2548649118 0.1744342592 -0.0291656922 0.9842367863 4.5494776437
0.9866958752 0.0225419790 -0.1610065496 741.1185968979 -0.0130165267 0.9981150945 0.0599735621 -5365.3067121075 0.1620549902 -0.0570799203 0.9851294650 4.7190220420
0.9837710873 -0.0598089265 -0.1691666046 742.1172442184 0.0610125266 0.9981351519 0.0019209923 -5365.3087015095 0.1687362421 -0.0122110987 0.9855855973 4.8932573198
0.9854884079 -0.1028230771 -0.1350555915 743.1218814901 0.1120177643 0.9917497230 0.0623258163 -5365.1837914785 0.1275328133 -0.0765499949 0.9888758667 5.0029205192
0.9865370123 -0.1083789546 -0.1224692839 744.1166918087 0.1166776864 0.9911864844 0.0627349234 -5365.0591380660 0.1145907535 -0.0761797566 0.9904875587 5.1193579791
0.9907322513 -0.0333020003 -0.1316836476 745.1357601893 0.0410690301 0.9975454823 0.0567128329 -5364.9524610026 0.1294717770 -0.0615953523 0.9896681623 5.2424452658
0.9907759226 -0.0168270781 -0.1344615954 746.1419675560 0.0242983981 0.9982388512 0.0541182390 -5364.9232979833 0.1333141366 -0.0568862495 0.9894398898 5.3744059644
0.9905080320 0.0164140543 -0.1364713058 747.1833991662 -0.0108024060 0.9990693130 0.0417590208 -5364.9011588707 0.1370297285 -0.0398884271 0.9897634904 5.5156015752
0.9918347231 0.0215380233 -0.1256980330 748.1964348250 -0.0153391168 0.9986275552 0.0500771150 -5364.9072691538 0.1266040815 -0.0477401247 0.9908038590 5.6440096981
0.9928271189 0.0206522621 -0.1177616068 749.2010570154 -0.0151560744 0.9987620332 0.0473782055 -5364.9278080170 0.1185942890 -0.0452535636 0.9919110392 5.7703474233
0.9929394923 0.0003585869 -0.1186213982 750.2366704012 0.0052179175 0.9988954703 0.0466970316 -5364.9431526323 0.1185071223 -0.0469862835 0.9918408900 5.8987366886
0.9821465420 -0.0141949380 -0.1875811125 751.2378158726 0.0216083252 0.9990616484 0.0375353556 -5364.9567294149 0.1868722834 -0.0409185334 0.9815316721 6.0312666259
0.9896553168 0.0028100939 -0.1434379912 752.2576625382 0.0031883358 0.9991304237 0.0415719969 -5364.9368532163 0.1434300821 -0.0415992762 0.9887857765 6.1648570521
0.9896482906 0.0166762625 -0.1425417942 753.2496977186 -0.0079663429 0.9980778796 0.0614579824 -5364.9241166663 0.1432927012 -0.0596862504 0.9878789163 6.3103481389
0.9875648864 0.0142705298 -0.1565629177 754.2329572802 -0.0105815425 0.9996469901 0.0243706009 -5364.9535344321 0.1568554308 -0.0224108726 0.9873672704 6.4605178074
0.9858923306 0.0030870363 -0.1673522712 755.2505463775 0.0049109018 0.9988659970 0.0473561305 -5364.9469840997 0.1673086833 -0.0475098964 0.9847591656 6.6084638901
0.9886605948 0.0244710943 -0.1481600278 756.2545999803 -0.0153659669 0.9979397722 0.0622904328 -5364.9346380821 0.1493790995 -0.0593074743 0.9869997508 6.7562745120
0.9883567038 -0.0052595488 -0.1520636816 757.2558051853 0.0159001389 0.9975007519 0.0688435584 -5364.9314013853 0.1513215507 -0.0704598261 0.9859701827 6.9084437631
0.9877325514 0.0285673426 -0.1535197508 758.2876472178 -0.0172843879 0.9970836297 0.0743336084 -5364.9009329881 0.1551955440 -0.0707682297 0.9853457265 7.0672053103
0.9883259091 0.0344042173 -0.1484191609 759.2819582168 -0.0225708168 0.9964836720 0.0806898359 -5364.9107656456 0.1506733411 -0.0763979137 0.9856271623 7.2230184286
0.9854462654 0.0320212086 -0.1669440034 760.3094407074 -0.0204159300 0.9972833736 0.0707747310 -5364.9263896694 0.1687567713 -0.0663363773 0.9834229188 7.3858777906
0.9685237381 0.0260624172 -0.2475530633 761.2821658078 0.0008895473 0.9941349609 0.1081429067 -5364.9089678009 0.2489196204 -0.1049591824 0.9628201247 7.5816212693
0.9744004230 0.0602054631 -0.2166082128 762.2769431622 -0.0377791363 0.9936239809 0.1062267456 -5364.9145238601 0.2216225451 -0.0953241146 0.9704621377 7.8062777110
0.9829011423 0.0920996099 -0.1594459352 763.3069030504 -0.0732987457 0.9900603078 0.1200328323 -5364.9205090494 0.1689160687 -0.1062932209 0.9798821934 7.9966785039
0.9817645763 0.0424387714 -0.1853031771 764.2830677589 -0.0234601713 0.9943593953 0.1034360352 -5364.9587870761 0.1886476533 -0.0972025909 0.9772224512 8.1597050337
0.9659255376 0.0135813817 -0.2584635407 765.2770001706 0.0046220903 0.9975578573 0.0696918763 -5364.9639041481 0.2587788478 -0.0685118049 0.9635038352 8.3507624275
0.9710424563 0.0229588000 -0.2378012648 766.2626363316 -0.0101486374 0.9984373027 0.0549541423 -5364.9560292472 0.2386913346 -0.0509494465 0.9697580114 8.5655325168
0.9630914760 0.0110487595 -0.2689474555 767.2370363391 0.0041103773 0.9984370584 0.0557363900 -5364.9592791371 0.2691429243 -0.0547847176 0.9615408057 8.8111100128
0.9641945694 0.0490399767 -0.2606221654 768.2127146835 -0.0369007563 0.9980027824 0.0512716345 -5364.9793046430 0.2626160060 -0.0398186766 0.9640784752 9.0723957208
0.9512650406 0.1091510448 -0.2884109428 769.1914421909 -0.0854786245 0.9919455258 0.0934744813 -5365.0084947691 0.2962907816 -0.0642660355 0.9529331820 9.3373123618
0.9565554871 0.1362126787 -0.2577745258 770.1845361192 -0.1134953084 0.9883796110 0.1011165641 -5365.1009546369 0.2685524436 -0.0674674049 0.9608994403 9.6209991812
0.9798750820 0.0482232466 -0.1936991020 771.1907575793 -0.0261545242 0.9930309128 0.1149153910 -5365.2351526529 0.1978907893 -0.1075366204 0.9743075032 9.8635795307
0.9886525466 0.0871609507 -0.1223483175 772.2447096468 -0.0699278180 0.9878635773 0.1386926566 -5365.2555307302 0.1329520304 -0.1285632972 0.9827488164 10.0099699643
0.9736263331 0.1357138534 -0.1833944205 773.2264300497 -0.1126576257 0.9849858136 0.1308098096 -5365.3149314515 0.1983936058 -0.1066990953 0.9742973264 10.1596689861
0.9478845496 0.2016026294 -0.2467210176 774.1781687207 -0.1814172690 0.9780788173 0.1022232934 -5365.4133110704 0.2619210858 -0.0521364272 0.9636799976 10.3631915792
0.9514872025 0.1967690539 -0.2365460694 775.1727442647 -0.1743312717 0.9782386019 0.1125070909 -5365.5670174360 0.2535364101 -0.0658116801 0.9650845100 10.5945024755
0.9719374122 0.1666881168 -0.1659901758 776.2104162407 -0.1491637249 0.9823290879 0.1130475397 -5365.7234038051 0.1819006595 -0.0851154203 0.9796262120 10.7907797418
0.9602215144 0.1189368067 -0.2526433835 777.1633854562 -0.0934384671 0.9894547005 0.1106736129 -5365.8505802584 0.2631423494 -0.0826645737 0.9612089639 10.9572840310
0.9629025413 0.1122875158 -0.2453776880 778.1807899641 -0.0907845575 0.9911070761 0.0972878607 -5365.9364066503 0.2541197751 -0.0714022234 0.9645334947 11.1254436215
0.9702533492 0.1014858620 -0.2197932167 779.1839844003 -0.0820017213 0.9919931358 0.0960486138 -5366.0128824327 0.2277809386 -0.0751680671 0.9708066778 11.3008066700
0.9796710068 0.0931027066 -0.1776980710 780.2022667848 -0.0770028569 0.9924508366 0.0954562569 -5366.0766244953 0.1852438351 -0.0798324681 0.9794444847 11.4823788088
0.9797192612 0.0842841513 -0.1817865535 781.1893366876 -0.0674841969 0.9930222425 0.0967094048 -5366.1388789420 0.1886691611 -0.0824803471 0.9785708661 11.6629456858
0.9757986318 0.1164033176 -0.1851142833 782.2067722670 -0.1023111600 0.9912020009 0.0839703513 -5366.1925255170 0.1932600755 -0.0629988969 0.9791229148 11.8426804127
0.9787610106 0.0943627412 -0.1819960361 783.1888730230 -0.0853119384 0.9947252707 0.0569518130 -5366.2965594392 0.1864101855 -0.0402157794 0.9816485796 12.0304913419
0.9759390995 0.0906363268 -0.1983127083 784.1607552201 -0.0827614733 0.9954290153 0.0476614527 -5366.3795509609 0.2017260830 -0.0301020234 0.9789792928 12.2233045026
0.9752981222 0.0999621361 -0.1969800604 785.1848203027 -0.0949054770 0.9948718774 0.0349699582 -5366.4701595042 0.1994655943 -0.0154116480 0.9797836281 12.4269331070
0.9741720629 0.0985259736 -0.2031783068 786.1651467198 -0.0951996748 0.9951158576 0.0261046331 -5366.5641244189 0.2047579394 -0.0060878955 0.9787937085 12.6257426281
0.9764324597 0.0847543192 -0.1984851557 787.1768282303 -0.0810515557 0.9963516595 0.0267210746 -5366.6667151829 0.2000257407 -0.0100037939 0.9797395711 12.8324957087
0.9758037581 0.0872225599 -0.2004975079 788.1653163283 -0.0847771452 0.9961834919 0.0207674274 -5366.7460339118 0.2015436958 -0.0032673274 0.9794740748 13.0316569656
0.9750070193 0.0915969031 -0.2024137337 789.1877290494 -0.0875496475 0.9957414910 0.0288780608 -5366.8277703200 0.2041968939 -0.0104350609 0.9788742197 13.2348655544
0.9783116940 0.0761021231 -0.1926517484 790.1763963872 -0.0703162735 0.9968492512 0.0367041145 -5366.9222968174 0.1948380122 -0.0223615114 0.9805804974 13.4314574331
0.9667858267 0.1689599126 -0.1917751632 791.1799852898 -0.1637601656 0.9855728044 0.0427651196 -5367.0167388266 0.1962339763 -0.0099395791 0.9805067217 13.6300809189
0.9185735134 0.3462998899 -0.1905231920 792.1514360716 -0.3408447846 0.9380880471 0.0617709373 -5367.2705510808 0.2001187978 0.0081976894 0.9797373447 13.8280137772
0.8870810621 0.4281900259 -0.1724543154 793.0631519386 -0.4205288691 0.9036881816 0.0806420530 -5367.6625693131 0.1903750494 0.0009859802 0.9817109393 14.0187939182
0.8251359036 0.5318403804 -0.1905165358 793.9328729733 -0.5215908910 0.8467453319 0.1047152583 -5368.1247519376 0.2170107901 0.0129673703 0.9760830724 14.2150238152
0.7500091406 0.6248804338 -0.2168195850 794.7018561377 -0.6159291317 0.7793045230 0.1153939564 -5368.7360451477 0.2410759089 0.0469989766 0.9693675786 14.4358450725
0.9303359619 0.2920824052 -0.2217270090 795.5887705517 -0.2762833592 0.9558675582 0.0999235536 -5369.2110062554 0.2411275666 -0.0317029925 0.9699754723 14.6740967615
0.9322149428 -0.2754957382 -0.2346857443 796.5780880489 0.2974850850 0.9526195241 0.0633929537 -5369.1504643035 0.2061017335 -0.1289113673 0.9700020283 14.8764467475
0.9656712711 -0.1251188603 -0.2276494387 797.5448152797 0.1476814528 0.9853866070 0.0848729834 -5368.8779784768 0.2137034970 -0.1155790016 0.9700372723 15.0596947219
0.9117343168 0.1363717258 -0.3874832743 798.4485290215 -0.1079481754 0.9896731272 0.0943095582 -5368.8257664430 0.3963429411 -0.0441571481 0.9170400315 15.3046254566
0.8816805700 0.1082703926 -0.4592568938 799.3822997530 -0.0316315098 0.9846908179 0.1714159871 -5368.8225535372 0.4707853227 -0.1366071563 0.8716075177 15.6194042422
0.9051306865 0.3536461035 -0.2359509987 800.4471569483 -0.3025028692 0.9257132295 0.2270397122 -5368.6753922892 0.2987146705 -0.1341247564 0.9448704119 15.9162271185
0.9621179425 0.2443549294 -0.1209120891 801.4476302434 -0.2006598910 0.9349111762 0.2927058262 -5368.8743913202 0.1845661750 -0.2573553206 0.9485270507 16.1270818519
0.9756896949 0.0779353475 -0.2048309082 802.4190851113 -0.0133841344 0.9540778408 0.2992596509 -5368.8803120276 0.2187475355 -0.2892430731 0.9319270145 16.2533060202
0.9877008682 0.0470385898 -0.1491119247 803.4317548619 -0.0016707106 0.9567939629 0.2907619666 -5368.8304855079 0.1563464222 -0.2869367239 0.9451048157 16.4259899036
0.9926482484 0.0906706251 -0.0801766339 804.4786692115 -0.0649944589 0.9581311094 0.2788556929 -5368.8364095962 0.1021037471 -0.2715945782 0.9569802558 16.5535015742
0.9888364843 0.0460988122 -0.1416944137 805.4813619821 -0.0180341226 0.9809747223 0.1932960544 -5368.8282419718 0.1479093566 -0.1885828564 0.9708549472 16.6256233034
0.9725529092 0.0772503674 -0.2194839847 806.4466452768 -0.0644331547 0.9958043219 0.0649778509 -5368.9354793018 0.2235826634 -0.0490523524 0.9734498751 16.7581141216
0.9477437557 0.1528377617 -0.2800399832 807.4261718298 -0.1590366954 0.9872724933 0.0005944975 -5369.0605543731 0.2765666342 0.0439732022 0.9599881532 16.9829502723
0.9442838856 0.1584604775 -0.2884756845 808.3806231296 -0.1574088663 0.9871644376 0.0269967027 -5369.2187249234 0.2890508472 0.0199160791 0.9571065549 17.2586460883
0.9611800638 0.2304243034 -0.1517811755 809.4119848738 -0.2229901104 0.9726818852 0.0645396063 -5369.3877710889 0.1625062938 -0.0281884818 0.9863047774 17.4850813693
0.9528694231 0.2796253413 -0.1176840305 810.4059734292 -0.2719209418 0.9592000029 0.0774232254 -5369.6178013377 0.1345320182 -0.0417734717 0.9900283396 17.6224241234
0.9404709730 0.2989459124 -0.1616962905 811.3451281471 -0.2904904016 0.9539976348 0.0741878657 -5369.9005963552 0.1764360379 -0.0228003139 0.9840480020 17.7707593947
0.9339253149 0.2964032709 -0.1998214384 812.2722790815 -0.2871336080 0.9549841860 0.0745620251 -5370.1742027059 0.2129267418 -0.0122599122 0.9769912472 17.9600108718
0.9401718281 0.2779897048 -0.1969737487 813.2470216164 -0.2683096315 0.9604253016 0.0747875769 -5370.4753978325 0.2099687484 -0.0174632190 0.9775521268 18.1818011101
0.9362613097 0.2902713671 -0.1978820186 814.1904535982 -0.2793771757 0.9567125318 0.0815446205 -5370.7485402682 0.2129862755 -0.0210633537 0.9768281228 18.3952340520
0.8969357646 0.3948668297 -0.1989633656 815.1422819751 -0.3850075396 0.9187360370 0.0877113953 -5371.0630080835 0.2174291346 -0.0020690915 0.9760739164 18.6173881737
0.6402137685 0.7408952532 -0.2029791972 815.9468737563 -0.7432083261 0.6642201711 0.0803302447 -5371.6514234177 0.1943391741 0.0994273007 0.9758824198 18.8306651768
0.5882003032 0.7822275229 -0.2052815279 816.5504213480 -0.7837856307 0.6139367228 0.0936044100 -5372.4681318149 0.1992498142 0.1058385695 0.9742164589 19.0198510246
0.6684122687 0.7173460828 -0.1965696737 817.1763164716 -0.7197515994 0.6904591005 0.0722763147 -5373.2466041204 0.1875704513 0.0931709616 0.9778223242 19.2037251764
0.6765628667 0.7088812158 -0.1993742942 817.8606864453 -0.7111532182 0.6992438042 0.0729328631 -5373.9739179630 0.1911119766 0.0924420040 0.9772055507 19.3903088526
0.7278030381 0.6534502695 -0.2080996949 818.5552011668 -0.6544671301 0.7524702392 0.0739007091 -5374.6817613660 0.2048792655 0.0824092495 0.9753118487 19.5816865627
0.7190509822 0.6594627138 -0.2192592395 819.2893469521 -0.6609386122 0.7464274590 0.0774996734 -5375.3613517636 0.2147692619 0.0891906812 0.9725837684 19.7865529018
0.6882564480 0.6807490829 -0.2507663211 819.9983638743 -0.6805800871 0.7255721112 0.1017637289 -5376.0489434293 0.2512246141 0.1006270221 0.9626839542 19.9949209455
0.7296182316 0.6423163065 -0.2347061963 820.7175455031 -0.6475161934 0.7592748409 0.0649961173 -5376.7380066191 0.2199545759 0.1045537106 0.9698909764 20.2049844400
0.7544109200 0.6073767444 -0.2489129449 821.4744220680 -0.6112663561 0.7882527074 0.0707892033 -5377.4001119165 0.2392020186 0.0987479608 0.9659354194 20.4243280750
0.6902659006 0.5439176781 -0.4771651139 822.1481027133 -0.6281389586 0.7777881743 -0.0220681811 -5378.0900741230 0.3591301089 0.3149589106 0.8785365385 20.4969462329
0.9948403651 0.0535741866 -0.0861536679 712.8281921808 -0.0383960564 0.9848578388 0.1690585113 -5386.8589024435 0.0939062874 -0.1648782700 0.9818333694 -0.1152360886
0.9521515182 0.2921590036 -0.0897251530 713.8077461154 -0.2751853769 0.9472639529 0.1642072226 -5387.0650522155 0.1329680216 -0.1316591062 0.9823366963 0.0089691168
0.9920210570 -0.0987239370 -0.0784079505 714.8183537597 0.1103593374 0.9806852347 0.1614846344 -5387.0321416106 0.0609511205 -0.1688492072 0.9837555114 0.0857490977
0.9949817520 -0.0343712690 -0.0939677022 715.8097918687 0.0485733294 0.9869844865 0.1533044522 -5386.9334558870 0.0874753958 -0.1570994566 0.9837010806 0.1478828234
0.9975918545 0.0187354957 -0.0667792857 716.8214750015 -0.0085516563 0.9887037033 0.1496390864 -5386.9086990262 0.0688284896 -0.1487076602 0.9864829805 0.2137346828
0.9916430171 0.0318413305 -0.1250210238 717.7992683348 -0.0141021278 0.9900102853 0.1402881502 -5386.9243078378 0.1282390607 -0.1373527020 0.9821858167 0.2811866456
0.9980476813 0.0413770715 -0.0467842251 718.8542123864 -0.0338970468 0.9880004648 0.1506853402 -5386.9311379636 0.0524577543 -0.1488053074 0.9874741336 0.3366576293
0.9988650522 0.0088138833 -0.0468072953 719.8717009372 -0.0022267226 0.9902960413 0.1389560803 -5386.9452567789 0.0475778220 -0.1386941456 0.9891917331 0.3851775275
0.9985979939 0.0055980000 -0.0526375253 720.8910342895 0.0016232497 0.9906862864 0.1361544965 -5386.9384401438 0.0529094673 -0.1360490509 0.9892882512 0.4335781979
0.9983608357 0.0099532459 -0.0563611090 721.8949091911 -0.0022948440 0.9909317889 0.1343462821 -5386.9349770701 0.0571871961 -0.1339967266 0.9893303300 0.4903402383
0.9973285470 0.0203221631 -0.0701625184 722.9031881255 -0.0109509448 0.9912622381 0.1314505693 -5386.9371650773 0.0722208149 -0.1303310595 0.9888366745 0.5488139965
0.9982934939 0.0177151944 -0.0556441543 723.9328762496 -0.0102999989 0.9913521423 0.1308236982 -5386.9375140126 0.0574805188 -0.1300273120 0.9898428603 0.6036825626
0.9971408524 0.0151340527 -0.0740343221 724.9380487254 -0.0057970399 0.9921723885 0.1247411153 -5386.9416395217 0.0753426488 -0.1239552821 0.9894233539 0.6606899581
0.9981545911 0.0117727571 -0.0595719271 725.9640504872 -0.0041850662 0.9920309341 0.1259250213 -5386.9430756901 0.0605796792 -0.1254433257 0.9902495011 0.7153762555
0.9976916357 0.0180409427 -0.0654669722 726.9688561074 -0.0095151460 0.9916927630 0.1282767547 -5386.9363521098 0.0672373562 -0.1273577174 0.9895752370 0.7747644720
0.9975490049 0.0126832429 -0.0688121943 727.9771371236 -0.0035819438 0.9914015621 0.1308056282 -5386.9385052574 0.0698795564 -0.1302385428 0.9890170724 0.8414158838
0.9975671540 0.0202608490 -0.0667028579 728.9932807286 -0.0108593920 0.9903168504 0.1384001784 -5386.9316243202 0.0688610692 -0.1373391196 0.9881275825 0.9118517448
0.9972760848 0.0175166231 -0.0716489954 729.9926660621 -0.0076893493 0.9907886382 0.1351989216 -5386.9366554699 0.0733572391 -0.1342797171 0.9882245054 0.9841173972
0.9978182778 0.0173351316 -0.0637038280 731.0040367711 -0.0083939248 0.9903926196 0.1380289865 -5386.9287985980 0.0654845517 -0.1371931205 0.9883773678 1.0554673294
0.9978225500 0.0161048916 -0.0639592930 732.0186857235 -0.0074280109 0.9910008323 0.1336494485 -5386.9355366736 0.0655361225 -0.1328833432 0.9889626048 1.1216284577
0.9545346497 0.2921834472 -0.0590968331 733.0414293808 -0.2823631241 0.9497596426 0.1350099531 -5386.9938451436 0.0955754606 -0.1121849118 0.9890803187 1.1901702492
0.6099011501 0.7901727438 -0.0603955468 733.8613418158 -0.7796715601 0.6119457393 0.1327955969 -5387.5824822372 0.1418902587 -0.0339034971 0.9893016261 1.3176111917
0.6210639388 0.7808064617 -0.0679768579 734.4671808958 -0.7692662442 0.6238843532 0.1378323600 -5388.3778164467 0.1500300953 -0.0333104062 0.9881201280 1.4648302118
0.9133973099 0.3968797227 -0.0905087836 735.2483017442 -0.3831191209 0.9132791076 0.1383510421 -5389.0179507897 0.1375685044 -0.0916938241 0.9862388905 1.6117454061
0.9920554162 -0.0850658485 -0.0926814579 736.2435661605 0.0981660141 0.9841866083 0.1474454265 -5389.0571201803 0.0786732794 -0.1553722033 0.9847182305 1.7042774860
0.9173053235 0.3896415184 -0.0820392018 737.2734081987 -0.3755800981 0.9150986791 0.1467446676 -5388.9885781665 0.1322517804 -0.1037973733 0.9857664895 1.7836821274
0.5828891780 0.8081411846 -0.0845460349 737.9873027917 -0.7938367197 0.5885758352 0.1529763011 -5389.6545603666 0.1733882023 -0.0220524834 0.9846066317 1.9457325683
0.6012129874 0.7948833713 -0.0818741094 738.5662450627 -0.7794692307 0.6059301645 0.1589853896 -5390.4532534394 0.1759848351 -0.0317657319 0.9838802143 2.1156556873
0.9437419141 0.3198461284 -0.0839622160 739.3686436448 -0.3034990142 0.9385908732 0.1641204469 -5391.0359256957 0.1312994591 -0.1294048949 0.9828605319 2.2738608604
0.9919813809 -0.0910042184 -0.0876993288 740.3613340129 0.1045790046 0.9806889680 0.1652645753 -5391.0381246769 0.0709659907 -0.1731108901 0.9823423272 2.3598604874
0.9939166140 -0.0292612679 -0.1061769401 741.3753406783 0.0474183241 0.9838238640 0.1727486821 -5390.9211050780 0.0994045620 -0.1767325178 0.9792264040 2.4392729117
0.9928667622 0.0445665804 -0.1105866741 742.3699945950 -0.0236393936 0.9826824182 0.1837836882 -5390.8923010279 0.1168621908 -0.1798585135 0.9767262377 2.5442577757
0.7919908651 0.6006369861 -0.1094791331 743.3541004510 -0.5753110690 0.7942291821 0.1954921485 -5391.0886264060 0.2043713372 -0.0918434387 0.9745753636 2.6880601641
0.5898115107 0.8023791173 -0.0911599360 744.0178989890 -0.7828724804 0.5958278353 0.1791643664 -5391.8305659881 0.1980733735 -0.0343066004 0.9795866454 2.8981343939
0.6493601297 0.7537243011 -0.1011489000 744.6366018377 -0.7328022043 0.6557235858 0.1817347198 -5392.5886315925 0.2033035941 -0.0438891443 0.9781315820 3.0926559020
0.9806087023 0.1774181643 -0.0832428257 745.5406890707 -0.1609089903 0.9713690487 0.1747869216 -5393.0275727709 0.1118698792 -0.1580030573 0.9810811200 3.2562860577
0.9943359718 -0.0727140305 -0.0775154496 746.5561818598 0.0851387513 0.9815148106 0.1714061541 -5392.9801129500 0.0636189295 -0.1770348734 0.9821462648 3.3303809021
0.7725496990 0.6302193540 -0.0773985036 747.5364975442 -0.6135025774 0.7723000370 0.1648248776 -5393.2026314386 0.1636506951 -0.0798512281 0.9832813592 3.4421339232
0.5687383736 0.8193400851 -0.0722390991 748.1929442716 -0.8037546602 0.5722689024 0.1627475023 -5393.9795613644 0.1746857423 -0.0344982372 0.9840196965 3.6225524292
0.6463957298 0.7601437021 -0.0659857000 748.8251618064 -0.7450806186 0.6474818044 0.1600693122 -5394.7670883527 0.1644002196 -0.0543034537 0.9848978133 3.7975387253
0.7028384571 0.7091594672 -0.0557759205 749.5284590688 -0.6950334466 0.7013004903 0.1584491417 -5395.5032109431 0.1514813893 -0.0725980200 0.9857905032 3.9625151930
0.7104702725 0.7017762524 -0.0523649070 750.2356559482 -0.6872936471 0.7079424851 0.1626188194 -5396.1937864214 0.1511933680 -0.0795457690 0.9852984503 4.1141882128
0.8639308118 0.5010963039 -0.0502597911 751.0125991157 -0.4880792219 0.8577008669 0.1616412575 -5396.8594588532 0.1241057031 -0.1151161031 0.9855689003 4.2614046379
0.9985514817 0.0110743606 -0.0526526054 751.9882962508 -0.0024701752 0.9869926549 0.1607463760 -5397.0088639542 0.0537478981 -0.1603834708 0.9855903336 4.3305575524
0.9966840081 -0.0356272649 -0.0731552179 753.0056636190 0.0469522253 0.9860881499 0.1594542228 -5396.9543957059 0.0664565756 -0.1623602742 0.9844910690 4.3833552087
0.9955629431 0.0132765149 -0.0931566449 754.0033764939 0.0015930841 0.9874764247 0.1577585901 -5396.9126815357 0.0940844749 -0.1572070126 0.9830737850 4.4609333119
0.9347380886 0.3405374329 -0.1014838043 755.0227241848 -0.3223476733 0.9328146451 0.1610863598 -5396.9609176141 0.1495215144 -0.1178604879 0.9817088276 4.5692731579
0.6263650867 0.7716042954 -0.1108764606 755.7983491832 -0.7565749524 0.6360023970 0.1519713538 -5397.5637336807 0.1877794441 -0.0113031973 0.9821461796 4.7454197399
0.6210504355 0.7749128571 -0.1175007253 756.4078467764 -0.7599060346 0.6320481817 0.1518483275 -5398.3359149780 0.1919353411 -0.0050159596 0.9813947549 4.9323106963
0.8526303175 0.5092694207 -0.1169025188 757.1391994573 -0.4938120224 0.8584993142 0.1383062326 -5399.0203255192 0.1707958672 -0.0601962178 0.9834659054 5.1212718620
0.9847467039 -0.1181058517 -0.1277690767 758.1384105520 0.1330783286 0.9843181584 0.1157925796 -5399.1357462406 0.1120896410 -0.1310296562 0.9850213914 5.2615278883
0.9815318421 -0.0710472217 -0.1776162582 759.1305240956 0.0940992161 0.9876939969 0.1249236010 -5398.9645381700 0.1665550372 -0.1393300429 0.9761385961 5.3794639286
0.9836021965 0.0027147085 -0.1803312215 760.1148507952 0.0138117348 0.9958164708 0.0903260345 -5398.9326097643 0.1798220094 -0.0913355730 0.9794497731 5.5460230812
0.9989077544 0.0122353539 -0.0450953921 761.1812839650 -0.0108107787 0.9994389648 0.0316998851 -5398.9708972423 0.0454579513 -0.0311777448 0.9984796056 5.6881395076
0.9987448647 0.0041036887 -0.0499184842 762.2053784282 -0.0028990314 0.9997033935 0.0241809974 -5398.9786939522 0.0500029093 -0.0240059318 0.9984605272 5.7127976100
0.9911744937 -0.0086544094 -0.1322808534 763.2058627930 0.0100414026 0.9999013471 0.0098217278 -5398.9884611206 0.1321828022 -0.0110633314 0.9911636139 5.7726253104
0.9877771443 0.0126854585 -0.1553556965 764.1949331579 -0.0090561182 0.9996698090 0.0240470312 -5398.9828744433 0.1556094470 -0.0223461883 0.9875658701 5.9224119056
0.9962473925 0.0090596495 -0.0860758718 765.2475745139 -0.0056305153 0.9991838924 0.0399980802 -5398.9790979728 0.0863679932 -0.0393633316 0.9954853579 6.0581407358
0.9970848824 0.0240868196 -0.0723986352 766.2596826677 -0.0210315232 0.9988677823 0.0426711677 -5398.9591071548 0.0733444769 -0.0410241227 0.9964625477 6.1404132947
0.9953558854 0.0213838562 -0.0938583618 767.2670804230 -0.0172385036 0.9988491687 0.0447568113 -5398.9771108643 0.0947074199 -0.0429309778 0.9945790244 6.2275751846
0.9954193703 0.0082161310 -0.0952511022 768.2743082404 -0.0039622850 0.9989897906 0.0447626921 -5398.9830189860 0.0955226548 -0.0441802387 0.9944463429 6.3290160471
0.9965767046 0.0061349372 -0.0824453413 769.2984248776 -0.0014900896 0.9984137805 0.0562823462 -5398.9766724993 0.0826598536 -0.0559668242 0.9950050569 6.4222769929
0.9964869817 0.0165453923 -0.0820971699 770.3068279221 -0.0107718598 0.9974693861 0.0702765310 -5398.9666376196 0.0830521665 -0.0691453090 0.9941434825 6.4993048643
0.9958845561 0.0050834838 -0.0904881715 771.3060684154 0.0027080784 0.9963108144 0.0857754473 -5398.9590378609 0.0905903819 -0.0856674923 0.9921967867 6.5758463622
0.9968288067 0.0143851060 -0.0782649275 772.3208168343 -0.0060132042 0.9943297878 0.1061702149 -5398.9466028553 0.0793484186 -0.1053629056 0.9912630764 6.6527523954
0.9978843095 0.0240299327 -0.0604108205 773.3287873436 -0.0164869343 0.9923446427 0.1223939998 -5398.9384490288 0.0628894737 -0.1211390628 0.9906413284 6.7287418817
0.9976081744 -0.0157838063 -0.0672963733 774.3374895813 0.0229776961 0.9939391463 0.1075034830 -5398.9578710847 0.0651916856 -0.1087926690 0.9919244927 6.7903239480
0.9967711057 0.0197511270 -0.0778283738 775.3313859574 -0.0112402277 0.9940534111 0.1083119249 -5398.9344616882 0.0795048431 -0.1070873885 0.9910657249 6.8615534421
0.9959668198 0.0266782064 -0.0856642696 776.3549101332 -0.0178142498 0.9945612931 0.1026181603 -5398.9451764847 0.0879360352 -0.1006782381 0.9910253004 6.9502376436
0.9963090454 0.0419778905 -0.0748741793 777.3677344950 -0.0333176461 0.9929931334 0.1133780025 -5398.9414571090 0.0791089153 -0.1104648981 0.9907266454 7.0314757770
0.9974788399 0.0335157977 -0.0625512213 778.4064392223 -0.0248829078 0.9906668284 0.1340152082 -5398.9389187603 0.0664590466 -0.1321208781 0.9890031692 7.1077729826
0.9973293037 0.0070063646 -0.0726991803 779.4223724244 0.0032278142 0.9901871958 0.1397100518 -5398.9417852542 0.0729646571 -0.1395715882 0.9875200912 7.1781491790
0.9971259788 0.0204013649 -0.0729627760 780.4540502044 -0.0095679275 0.9892600330 0.1458528090 -5398.9281808726 0.0751547546 -0.1447355224 0.9866120775 7.2466933688
0.9848206410 0.0277846104 -0.1713368624 781.4216352513 -0.0047670331 0.9910623804 0.1333140412 -5398.9305836016 0.1735095974 -0.1304736511 0.9761511389 7.3205650816
0.9972594299 0.0092092637 -0.0734085754 782.4759020851 -0.0016108905 0.9946901957 0.1029019901 -5398.9602534155 0.0739664418 -0.1025017268 0.9919790126 7.3863936110
0.9999186071 0.0073169982 0.0104518237 783.5356636550 -0.0085162187 0.9927695523 0.1197334120 -5398.9444454103 -0.0095001631 -0.1198126766 0.9927510612 7.4299100280
0.9950360859 0.0201139369 -0.0974608503 784.4966360559 -0.0063301162 0.9901703840 0.1397230841 -5398.9357278650 0.0993132289 -0.1384125722 0.9853825868 7.4429848194
0.7408849579 0.6217107919 -0.2540967737 785.3724449822 -0.5855772644 0.7832238015 0.2089491427 -5399.2360462855 0.3289205780 -0.0060139831 0.9443384379 7.6396530084
0.6284545062 0.7329543757 -0.2604281412 786.0105713345 -0.7009965695 0.6787827680 0.2187641731 -5399.9424333817 0.3371182925 0.0450759032 0.9403825922 7.9668696246
0.6572296425 0.7196281167 -0.2240191301 786.6791381103 -0.6976863710 0.6933318632 0.1803459319 -5400.6878798794 0.2851016042 0.0377664016 0.9577529818 8.2850145766
0.6771423543 0.7141597432 -0.1773530186 787.3774257553 -0.6745909609 0.6987473550 0.2380738737 -5401.3508926473 0.2939477292 -0.0415691601 0.9549171364 8.5493629704
0.6770736694 0.7215254875 -0.1448178757 788.0871982874 -0.6864458206 0.6901420661 0.2291201958 -5402.0401779712 0.2652609689 -0.0557216262 0.9625651764 8.8319419184
0.6879486246 0.7220422855 -0.0733595797 788.8178813235 -0.7055440582 0.6890518648 0.1655750875 -5402.7676270997 0.1701007698 -0.0621487382 0.9834649269 9.0674389815
0.6929320943 0.7171734630 -0.0742114320 789.5341229250 -0.7124238854 0.6968813947 0.0825138124 -5403.5302850386 0.1108932828 -0.0043064721 0.9938229893 9.2018804242
0.6981384891 0.7097267535 -0.0942899007 790.2398399531 -0.7052121928 0.7044026344 0.0805772408 -5404.2508492579 0.1236058779 0.0102403145 0.9922785511 9.3080845116
0.8806197241 0.4696207513 -0.0629702431 791.0218878971 -0.4645014517 0.8818687463 0.0809068331 -5404.9044792168 0.0935270171 -0.0419983837 0.9947305328 9.4291738911
0.9988296430 -0.0203077273 -0.0438969300 792.0265006779 0.0236212202 0.9968025503 0.0763329140 -5405.0503196217 0.0422064238 -0.0772804763 0.9961156287 9.4903291445
0.9957826912 -0.0454462486 -0.0796961133 793.0248251838 0.0520291307 0.9952262938 0.0825687215 -5404.9831623895 0.0755632288 -0.0863670232 0.9933936459 9.5347061252
0.9893094306 0.0075882935 -0.1456340220 793.9964637133 0.0052740122 0.9961302766 0.0877305920 -5404.9480478717 0.1457361841 -0.0875607776 0.9854410560 9.6188269977
0.9890801049 0.0331052576 -0.1436126317 794.9979629935 -0.0181322927 0.9943761982 0.1043417286 -5404.9355847302 0.1462592425 -0.1005983016 0.9841179887 9.7249695015
0.9181358950 0.0890776664 -0.3861238761 795.9274930531 -0.0847212166 0.9960020871 0.0283223918 -5404.9781910492 0.3871030790 0.0067090800 0.9220120360 9.8428795887
0.9908920954 0.0115553535 -0.1341615786 797.0253812067 0.0043861295 0.9930130009 0.1179234579 -5405.0034746114 0.1345868390 -0.1174378723 0.9839180499 10.0228824221
0.9936756267 -0.0057062222 -0.1121436041 798.0299344583 0.0212701154 0.9901919708 0.1380849130 -5404.9527185103 0.1102557532 -0.1395969199 0.9840509991 10.1400698475
0.9946965537 0.0159797527 -0.1016042009 799.0282676855 -0.0006255003 0.9887787404 0.1493861146 -5404.9239269301 0.1028512270 -0.1485302999 0.9835448008 10.2492628568
0.9940372654 0.0396739864 -0.1015671690 800.0510940461 -0.0240494068 0.9882910723 0.1506730978 -5404.9201380598 0.1063557288 -0.1473320439 0.9833522908 10.3544258855
0.9921836839 0.0317756360 -0.1206724755 801.0745513984 -0.0141313115 0.9894261282 0.1443476457 -5404.9348161974 0.1239832385 -0.1415141185 0.9821414923 10.4641701087
0.9906489784 0.0348763504 -0.1319023952 802.0893266563 -0.0157291263 0.9895242593 0.1435072642 -5404.9261892253 0.1355256295 -0.1400906152 0.9808197710 10.5878904219
0.9928592244 0.0275748826 -0.1160611324 803.0918613471 -0.0106251988 0.9894917969 0.1441980893 -5404.9327228738 0.1188177838 -0.1419352305 0.9827190466 10.7073935764
0.9937713837 0.0267894007 -0.1081700743 804.1208770722 -0.0115385526 0.9901935099 0.1392252660 -5404.9339977301 0.1108390669 -0.1371099591 0.9843350854 10.8200617188
0.9946116318 0.0317566530 -0.0986874703 805.1533153778 -0.0181440787 0.9905579755 0.1358885188 -5404.9306919703 0.1020710253 -0.1333657082 0.9857966797 10.9259550625
0.9957290181 0.0182115757 -0.0905100048 806.1532088539 -0.0065413892 0.9918044321 0.1275977222 -5404.9386264821 0.0920919795 -0.1264606934 0.9876875824 11.0229973112
0.9965508307 0.0225169859 -0.0798713163 807.1886208952 -0.0127015660 0.9925305689 0.1213331777 -5404.9379310586 0.0820067804 -0.1199001882 0.9893931639 11.1183925807
0.9966093341 0.0136233449 -0.0811433278 808.1952989461 -0.0037111073 0.9926363132 0.1210759163 -5404.9436164181 0.0821952727 -0.1203642567 0.9893211728 11.2037809207
0.8864826727 0.4508247281 -0.1044295725 809.1907173065 -0.4381627867 0.8903042577 0.1239826649 -5405.0905921424 0.1488685442 -0.0641513316 0.9867739170 11.3140149204
0.6402330920 0.7601470513 -0.1108063548 809.9054505235 -0.7523040223 0.6496184918 0.1097017467 -5405.7721248756 0.1553713164 0.0131253779 0.9877689398 11.4673334153
0.6502686449 0.7539072027 -0.0936729373 810.5759060967 -0.7446903242 0.6569457922 0.1177223304 -5406.5409419959 0.1502897548 -0.0067938102 0.9886186493 11.6296242026
0.6869190118 0.7197154732 -0.1007566813 811.2662417446 -0.7085027632 0.6940788104 0.1275869880 -5407.2698530998 0.1617594070 -0.0162555406 0.9866963320 11.7848400827
0.7286418959 0.6725519404 -0.1294406237 811.9610871626 -0.6572849977 0.7397867759 0.1438469952 -5407.9608404697 0.1925030374 -0.0197335673 0.9810979395 11.9456779778
0.6917428066 0.7126876776 -0.1164824606 812.6960415989 -0.6985448942 0.7012737927 0.1423028405 -5408.6648896532 0.1831035778 -0.0170687381 0.9829454400 12.1052203239
0.6868441657 0.7141341648 -0.1351202676 813.3970181689 -0.6980249977 0.6999446358 0.1511244833 -5409.3840275006 0.2024998632 -0.0094816452 0.9792363881 12.2977320188
0.6949374246 0.7048730631 -0.1421827722 814.1036653426 -0.6863121946 0.7091843265 0.1613479553 -5410.0930379637 0.2145636210 -0.0145449621 0.9766017083 12.5056837321
0.6869111379 0.7140964570 -0.1349790306 814.8154367449 -0.6959218436 0.6998500298 0.1609432306 -5410.8020654864 0.2093940693 -0.0166188418 0.9776901032 12.7191827183
0.6933677190 0.7079620914 -0.1342791250 815.5226346195 -0.6868453524 0.7056798331 0.1739523932 -5411.5121338051 0.2179097705 -0.0283839812 0.9755560883 12.9336640624
0.6929682934 0.7068574192 -0.1419420067 816.2285581621 -0.6841179308 0.7068168048 0.1799796134 -5412.2166525329 0.2275469207 -0.0276150937 0.9733754699 13.1519296816
0.6934063062 0.7114702826 -0.1140075942 816.9405133739 -0.6965046825 0.7023576929 0.1468839623 -5412.9252395733 0.1845776850 -0.0224434426 0.9825616368 13.3499110851
0.6840048985 0.7191217405 -0.1224794721 817.6506574211 -0.7070492959 0.6948768353 0.1312534837 -5413.6459984035 0.1794953815 -0.0031790013 0.9837536795 13.5322820774
0.6856946514 0.7140155488 -0.1414377640 818.3525120695 -0.6985430469 0.7001250654 0.1478597457 -5414.3572710456 0.2045982812 -0.0025862701 0.9788426097 13.7168001164
0.6884068160 0.7164098288 -0.1133711290 819.0821747404 -0.6977770183 0.6967889780 0.1661094602 -5415.0626872790 0.1979982031 -0.0352431162 0.9795685960 13.9079001040
0.6917676468 0.7174009809 -0.0824218138 819.8168296521 -0.6982354327 0.6936282281 0.1770512970 -5415.7721739921 0.1841868708 -0.0649285282 0.9807443514 14.0891722110
0.6948690433 0.7166455116 -0.0598015334 820.5244609514 -0.7015960080 0.6938268876 0.1623800839 -5416.4784901814 0.1578608701 -0.0708763764 0.9849144557 14.2423628813
0.7051736811 0.7057307243 -0.0683682989 821.2311948788 -0.6862610331 0.7035857688 0.1844257586 -5417.1826563577 0.1782578863 -0.0831336916 0.9804656625 14.4084475605
0.6851701589 0.7260551135 -0.0581878471 821.9554349223 -0.7036987461 0.6804555730 0.2044218383 -5417.8689374003 0.1880157658 -0.0991170283 0.9771519260 14.5910707239
0.6868368377 0.7255197119 -0.0433163487 822.6771716269 -0.7021093300 0.6777194681 0.2184921311 -5418.5884146721 0.1878766808 -0.1196556319 0.9748768551 14.7832136451
0.6832705573 0.7301371886 -0.0064055787 823.3939553999 -0.7093674273 0.6658618043 0.2311404565 -5419.2804198246 0.1730294733 -0.1533875596 0.9728993051 14.9635147929
0.6929612046 0.7176780923 -0.0688688960 824.0708868955 -0.6879481212 0.6867739991 0.2346675450 -5419.9907075558 0.2157131231 -0.1152372771 0.9696330329 15.0962112938
0.6731895852 0.7281483479 -0.1289021562 824.7608450873 -0.6749323767 0.6762510241 0.2952132099 -5420.6868426680 0.3021292262 -0.1117342197 0.9466960414 15.2747806227
0.6119761267 0.7100361826 -0.3483300730 825.3483078696 -0.6100959442 0.7040962468 0.3633612721 -5421.3429524774 0.5032575476 -0.0098536591 0.8640802892 15.5832791966
0.6520918236 0.6998502307 -0.2915234266 826.0559918050 -0.6506067628 0.7139822408 0.2587280426 -5422.0255600728 0.3892134297 0.0209526717 0.9209092744 16.0043193680
0.6969903446 0.6891561226 -0.1981623028 826.7736501798 -0.6510531834 0.7239974279 0.2279418277 -5422.6872095476 0.3005565037 -0.0298590550 0.9532965042 16.3708989892
0.9851075439 0.0841528466 -0.1499380718 827.7273825408 -0.0533850776 0.9786421425 0.1985184890 -5422.9905432853 0.1634416118 -0.1875576055 0.9685602636 16.6098241487
0.9951037196 0.0694764894 -0.0702965486 828.7742055298 -0.0566682926 0.9837909688 0.1701294631 -5422.9342796343 0.0809771075 -0.1653128762 0.9829111664 16.7275355531
0.6926001526 0.7213199855 0.0015833902 829.7581376544 -0.7148457214 0.6860868732 0.1352050185 -5423.2770728156 0.0964397387 -0.0947748962 0.9908163785 16.8171203427
0.5344354462 0.8438523884 -0.0478737967 830.3370462411 -0.8282064608 0.5341476267 0.1695888298 -5424.0905923601 0.1686796140 -0.0509848942 0.9843514253 16.9392022268
0.6406099943 0.7582722488 -0.1210042641 830.9172639629 -0.7259073049 0.6494167851 0.2265312869 -5424.8581321105 0.2503545885 -0.0572803272 0.9664582475 17.1323499101
0.6792972846 0.7182172187 -0.1507289813 831.5874226727 -0.6762154089 0.6923865968 0.2516615214 -5425.5512240399 0.2851103644 -0.0690277284 0.9560058854 17.4002518872
0.6846925388 0.7193795932 -0.1170005482 832.2916921438 -0.6873742396 0.6907409114 0.2244852956 -5426.2440002997 0.2423072059 -0.0732802441 0.9674281492 17.6695186083
0.6911587225 0.7139694297 -0.1120146146 832.9876822860 -0.6865630314 0.6970614855 0.2067280564 -5426.9466888819 0.2256785861 -0.0659768060 0.9719651418 17.9022985112
0.6935139269 0.7105679147 -0.1188767086 833.7004403385 -0.6805974861 0.7002916475 0.2153570764 -5427.6514583332 0.2362741948 -0.0684459427 0.9692727469 18.1303917192
0.6910918926 0.7128030494 -0.1195985312 834.3945181707 -0.6891464817 0.6997418282 0.1882511637 -5428.3582766600 0.2178740984 -0.0476779460 0.9748116181 18.3534041538
0.6893012938 0.7151001152 -0.1161703563 835.1011007544 -0.6971077829 0.6983368187 0.1623774206 -5429.0792611470 0.1972421492 -0.0309437066 0.9798663284 18.5626235471
0.6893455113 0.7148558108 -0.1174050077 835.8047163291 -0.6999403034 0.6990191922 0.1464777818 -5429.7951023303 0.1867788471 -0.0187973047 0.9822221356 18.7603730524
0.6950755832 0.7088696697 -0.1198904711 836.5142620522 -0.6938535933 0.7050966074 0.1463077761 -5430.5027207389 0.1882475093 -0.0185085286 0.9819472031 18.9359718336
0.6958724689 0.7050261304 -0.1367467088 837.2110851320 -0.6861882173 0.7089091670 0.1630752075 -5431.1966520906 0.2119132780 -0.0196455669 0.9770909959 19.1191470388
0.7584317578 0.6363238726 -0.1409723300 837.9485423577 -0.6133875667 0.7700048871 0.1756364619 -5431.8645519631 0.2203110567 -0.0467375961 0.9743093120 19.3240471586
0.6594252047 0.7398502479 -0.1333417043 838.6615565448 -0.7125908771 0.6716607311 0.2026970749 -5432.5429569660 0.2395258678 -0.0386454781 0.9701205521 19.5575751852
0.6687406793 0.7417552510 -0.0508434015 839.3649445980 -0.7240488539 0.6652626691 0.1821505924 -5433.2779852963 0.1689353753 -0.0849984043 0.9819552486 19.7778298065
0.6833752181 0.7294146593 0.0308636691 840.1118369605 -0.7251815725 0.6733124274 0.1440904645 -5434.0209967810 0.0843208051 -0.1208496167 0.9890830966 19.9080048439
0.7492467751 0.6622772381 0.0042579215 840.8199461825 -0.6524645600 0.7370116324 0.1763628407 -5434.7250917526 0.1136629574 -0.1349174325 0.9843160156 19.9965144431
0.9969927215 0.0589544263 -0.0502980013 841.7590935514 -0.0467519962 0.9752002554 0.2163301013 -5435.0020316943 0.0618042407 -0.2133280044 0.9750237937 20.0601302606
0.9761123828 0.0840359212 -0.2003561333 842.7023881644 -0.0336748755 0.9695423631 0.2425976276 -5434.9034685681 0.2146406741 -0.2300555805 0.9492122054 20.1162069280
0.8151531900 0.4414909153 -0.3749813977 843.5283257745 -0.3596864155 0.8932290363 0.2697546501 -5435.1733841865 0.4540384999 -0.0850156487 0.8869167831 20.4431621886
0.3878313010 0.8934138861 -0.2267123950 842.9427309550 -0.8537714581 0.4408944194 0.2769231090 -5434.5173378719 0.3473631807 0.0861611224 0.9337639325 20.0791251987
0.5094663551 0.7856536808 -0.3509876449 843.3261034780 -0.7305395726 0.6104503986 0.3060428789 -5435.3484260564 0.4547042621 0.1004918141 0.8849550437 20.4182635788
0.5669836958 0.7342978136 -0.3732776575 843.8696769800 -0.6794593352 0.6730926717 0.2920295655 -5436.0780150001 0.4656871272 0.0880509867 0.8805580749 20.8733497144
0.6538205720 0.7214232553 -0.2281822658 844.5439451359 -0.6834680403 0.6924767601 0.2309705061 -5436.7945071599 0.3246384105 0.0049420176 0.9458252898 21.2928485879
0.7874278484 0.6162592177 0.0134892599 845.4301361742 -0.6132690538 0.7810266276 0.1178917925 -5437.4619590172 0.0621164327 -0.1011038261 0.9929348242 21.4985739199
0.7159472610 0.6945960951 0.0703973308 846.2245433267 -0.6979862903 0.7099143860 0.0940037396 -5438.1111239663 0.0153185525 -0.1164380917 0.9930798119 21.5224384971
0.5597057082 0.8285183818 0.0169355023 846.9085997996 -0.8246448975 0.5548391704 0.1100649264 -5438.8558505190 0.0817943347 -0.0755697432 0.9937801068 21.5574713825
-0.0093423670 0.9993766795 -0.0340436860 847.1306766828 -0.9966361409 -0.0065338899 0.0816927834 -5439.8332391776 0.0814194249 0.0346923719 0.9960759592 21.6462123638
0.0516420765 0.9982011748 -0.0304550579 847.0485779157 -0.9884708200 0.0554374518 0.1408975758 -5440.8132807514 0.1423324765 0.0228276926 0.9895556390 21.7397910014
0.7002263469 0.7110346504 -0.0641310304 847.4991086578 -0.6963364434 0.7000324636 0.1583354273 -5441.6976353465 0.1574757784 -0.0662138642 0.9853005143 21.8823157965
0.7433359238 0.6510312237 -0.1536556219 848.2403438430 -0.6200850014 0.7568002994 0.2067556478 -5442.2994111571 0.2508910031 -0.0584093539 0.9662515469 22.0533096996
0.6938550447 0.6884166176 -0.2113001127 848.9617919170 -0.6456509139 0.7246669352 0.2408167985 -5442.9463079569 0.3189044909 -0.0306658396 0.9472906270 22.3292838213
0.6647776443 0.7049574837 -0.2471955294 849.6395147265 -0.6713713376 0.7088999291 0.2161513767 -5443.6349307074 0.3276144239 0.0222673902 0.9445490737 22.6503948717
0.6728555721 0.6906031383 -0.2652031003 850.3102321136 -0.6754868539 0.7197181688 0.1603847487 -5444.3651729226 0.3016337005 0.0712254361 0.9507597215 22.9708790914
0.6796885149 0.6516827339 -0.3366498731 850.9630099282 -0.6563856625 0.7452362770 0.1173914543 -5445.0915014172 0.3273856819 0.1411825268 0.9342837414 23.2511213923
0.6876215483 0.5958212622 -0.4149381035 851.6260541078 -0.6491258890 0.7605058664 0.0163219919 -5445.8366383409 0.3252878517 0.2581237120 0.9097032279 23.5186217060
0.6969062136 0.6028937225 -0.3883824002 852.2913198427 -0.6238283423 0.7767699856 0.0864094255 -5446.5114513006 0.3537794916 0.1820646834 0.9174380210 23.8096235324
0.7006147952 0.6893462224 -0.1842300041 853.1038938902 -0.6602219284 0.7242126275 0.1990554580 -5447.1043861045 0.2706398233 -0.0178285103 0.9625155740 24.0904869058
0.6828844878 0.7299460604 -0.0291122862 853.8932104622 -0.7038701005 0.6681108742 0.2412358624 -5447.7738500567 0.1955394024 -0.1442449605 0.9700297591 24.2946969254
0.6807816237 0.7318061215 -0.0315623399 854.5935627762 -0.7027432463 0.6646854762 0.2536634531 -5448.4764061717 0.2066114967 -0.1505091963 0.9667774673 24.4733527880
0.6841576334 0.7267969149 -0.0607830335 855.2742033296 -0.7051608133 0.6804592259 0.1993074740 -5449.2138340312 0.1862164332 -0.0934959164 0.9780500773 24.6438034977
0.6995414504 0.7099348043 -0.0814514143 855.9845067345 -0.6900567603 0.7007319271 0.1810978571 -5449.9434459134 0.1856432783 -0.0704793585 0.9800863397 24.8242197707
0.6838175898 0.7258076227 -0.0748117545 856.7123543085 -0.7063910614 0.6842108857 0.1812929460 -5450.6493674678 0.1827708189 -0.0711249508 0.9805794558 25.0086058979
0.6961519914 0.7153163966 -0.0607853406 857.4261351131 -0.6981009587 0.6942725405 0.1750448258 -5451.3663971978 0.1674140269 -0.0794234995 0.9826822738 25.1812706757
0.6872368692 0.7237428883 -0.0624637266 858.1461545835 -0.7057987412 0.6855915000 0.1783603991 -5452.0807815263 0.1719116705 -0.0784890227 0.9819805756 25.3518652970
0.6826320188 0.7281742545 -0.0614473917 858.8533976517 -0.7094196836 0.6805217381 0.1833408749 -5452.7916593834 0.1753203907 -0.0815623624 0.9811270772 25.5225820910
0.6979635898 0.7126488240 -0.0705583521 859.5539145648 -0.6902471683 0.6957119956 0.1988558923 -5453.4961322305 0.1908027097 -0.0900914697 0.9774854746 25.7028255448
0.6907913961 0.7194381447 -0.0722219004 860.2650077040 -0.6954187740 0.6884173762 0.2060928065 -5454.1981488200 0.1979898376 -0.0921426721 0.9758635930 25.8978356616
0.6863442169 0.7233537794 -0.0754382247 860.9701831291 -0.6967881475 0.6837428758 0.2167532178 -5454.8978979742 0.2083696080 -0.0962028567 0.9733073085 26.0993174798
0.6924647027 0.7168581648 -0.0812834978 861.6703889842 -0.6875086452 0.6898355503 0.2268452697 -5455.5996373638 0.2186881302 -0.1011992347 0.9705329549 26.3119689673
0.6845806741 0.7235831000 -0.0881861553 862.3725804180 -0.6951980787 0.6844791769 0.2195173975 -5456.3016428829 0.2192006660 -0.0889705222 0.9716147972 26.5314494298
0.6757155534 0.7314514540 -0.0915819925 863.0806401444 -0.7027727706 0.6767049925 0.2195012211 -5457.0057672913 0.2225284788 -0.0839590585 0.9713042534 26.7466598976
0.6985655581 0.7090095909 -0.0964964301 863.7643190803 -0.6812380091 0.7002533817 0.2134478306 -5457.7141761960 0.2189085105 -0.0833702670 0.9721771765 26.9683379830
0.7037849001 0.7045308300 -0.0912311573 864.4897123736 -0.6781271889 0.7045119052 0.2093000025 -5458.4105416783 0.2117317410 -0.0854358531 0.9735863520 27.1907476624
0.6789964596 0.7286845854 -0.0893453015 865.2041102374 -0.7069971357 0.6818178222 0.1878283992 -5459.1297106692 0.1977848781 -0.0643679458 0.9781298020 27.4005172044
0.7073704308 0.7019570853 -0.0829658000 865.9112062572 -0.6827251375 0.7089110259 0.1770071865 -5459.8670950211 0.1830668191 -0.0685668126 0.9807064454 27.5982664753
0.6973510044 0.7117106310 -0.0846732215 866.6259462457 -0.6937446027 0.6999389471 0.1697171074 -5460.5713817897 0.1800555551 -0.0596108049 0.9818485367 27.7801492815
0.7075630016 0.7001914009 -0.0953236635 867.3228039107 -0.6817500843 0.7118849538 0.1686316550 -5461.2749396875 0.1859339166 -0.0543306043 0.9810590013 27.9645987902
0.6901284275 0.7196068500 -0.0767380939 868.0511486035 -0.7032223342 0.6918705292 0.1636872614 -5461.9875543687 0.1708833002 -0.0590012908 0.9835231291 28.1430002010
0.7031319421 0.7077203679 -0.0688284305 868.7526877257 -0.6906527598 0.7027692585 0.1706286455 -5462.6942853419 0.1691278728 -0.0724379054 0.9829285388 28.3167682447
0.6687744921 0.7374612707 -0.0942950312 869.4457725232 -0.7137514148 0.6723591759 0.1961939257 -5463.3763993502 0.2080855512 -0.0639062811 0.9760206917 28.4924401714
0.6929594408 0.7184134790 -0.0607394972 870.1720456475 -0.6993622965 0.6902691089 0.1855287998 -5464.1081992587 0.1752129891 -0.0860850191 0.9807597962 28.6585691548
0.6883396561 0.7233681638 -0.0541019179 870.8920348451 -0.7054575843 0.6849254530 0.1822271126 -5464.8235100623 0.1688730725 -0.0872675397 0.9817669081 28.8323955151
0.6847723975 0.7261317730 -0.0618013897 871.6052903301 -0.7058521882 0.6819549668 0.1915988302 -5465.5416818989 0.1812717630 -0.0875789442 0.9795256385 29.0067769397
0.6903541911 0.7214202465 -0.0544418842 872.3271856023 -0.7032664235 0.6868313210 0.1835185935 -5466.2667726110 0.1697864202 -0.0884056810 0.9815075176 29.1752305086
0.6983975449 0.7125271653 -0.0674233493 873.0323787425 -0.6950917735 0.6977105086 0.1733420684 -5466.9779129830 0.1705529120 -0.0741962596 0.9825510772 29.3463100880
0.6875930675 0.7227432612 -0.0696990097 873.7526891999 -0.7038173966 0.6870139005 0.1807013357 -5467.6864986621 0.1784848612 -0.0751936102 0.9810652758 29.5220940903
0.6873035931 0.7232633686 -0.0671108831 874.4692983163 -0.7059323043 0.6868704791 0.1728251332 -5468.4109107008 0.1710945725 -0.0714075947 0.9826635247 29.6994593437
0.7098752995 0.7014695009 -0.0633845285 875.1615828546 -0.6844513733 0.7082719244 0.1728502205 -5469.1253577689 0.1661426398 -0.0793184745 0.9829065077 29.8694417958
0.6989766111 0.7134443049 -0.0492840840 875.8953525733 -0.6977142667 0.6954415164 0.1719182925 -5469.8367589706 0.1569283248 -0.0857806570 0.9838776244 30.0344790904
0.6937024454 0.7187637834 -0.0464278038 876.6152876769 -0.7034204193 0.6899309414 0.1708654731 -5470.5472597021 0.1548438922 -0.0858715313 0.9841999030 30.1957943124
0.6924476680 0.7203450071 -0.0402404982 877.3371240356 -0.7062629498 0.6881895511 0.1660957178 -5471.2719138640 0.1473393114 -0.0865922195 0.9852882395 30.3525306198
0.6768759241 0.7291918471 -0.1005894308 878.0233138006 -0.6762103225 0.6699639272 0.3064113836 -5471.9211234324 0.2908239728 -0.1393828770 0.9465695064 30.5321660950
0.7382940185 0.6167633340 -0.2729925494 878.6054274136 -0.6740967363 0.6611098291 -0.3294349466 -5472.9696965050 -0.0227053383 0.4272432371 0.9038515829 30.5306562092
-0.2967495703 0.9527755721 0.0644856712 947.3745569762 -0.9543743363 -0.2935368972 -0.0548244131 -5698.5197959987 -0.0333064377 -0.0778125907 0.9964115023 -0.0798606337
-0.2879625595 0.9540394382 0.0829838219 947.0992099332 -0.9576290826 -0.2873198598 -0.0198453628 -5699.4862285836 0.0049096413 -0.0851824427 0.9963532741 -0.0926566646
-0.3140107453 0.9468778195 0.0694236765 946.7922928280 -0.9493561897 -0.3123053158 -0.0344704923 -5700.5028029338 -0.0109579614 -0.0767319020 0.9969915437 -0.0970982756
-0.3319814264 0.9427782187 0.0309445129 946.4392420065 -0.9430507230 -0.3309874824 -0.0332057278 -5701.4960318290 -0.0210633905 -0.0402059302 0.9989693773 -0.1178472638
-0.3337060659 0.9425881052 -0.0129586111 946.0753060891 -0.9402464209 -0.3338006830 -0.0671846118 -5702.4910990571 -0.0676530092 -0.0102356248 0.9976564049 -0.1644491897
-0.3428840094 0.9393732854 -0.0028960061 945.7372462051 -0.9371466398 -0.3422803545 -0.0678257652 -5703.4450254220 -0.0647049579 -0.0205423879 0.9976929782 -0.2372080983
-0.3378543644 0.9401836929 0.0436927001 945.4161623194 -0.9403624383 -0.3352342330 -0.0577623897 -5704.3882347246 -0.0396599680 -0.0606022494 0.9973737786 -0.3053012356
-0.3508678520 0.9356618307 0.0377980033 945.0764126700 -0.9347403358 -0.3475311017 -0.0740448372 -5705.3510011218 -0.0561449462 -0.0613112713 0.9965383450 -0.3488683203
-0.3625894681 0.9315707669 0.0265477678 944.7202820928 -0.9309906763 -0.3607781439 -0.0556371425 -5706.2828620682 -0.0422520811 -0.0448891662 0.9980980535 -0.4078459289
-0.3751385669 0.9269165806 -0.0098340310 944.3281437918 -0.9266569420 -0.3747161384 0.0299119943 -5707.1977038678 0.0240409533 0.0203339158 0.9995041593 -0.4504801164
-0.3762826916 0.9260027761 -0.0304990914 943.9313582529 -0.9250025124 -0.3735950278 0.0692611521 -5708.1289939778 0.0527417102 0.0542735089 0.9971322371 -0.4236037885
-0.3741085793 0.9269691519 -0.0277662087 943.5431020941 -0.9267810709 -0.3726171138 0.0472581539 -5709.0825637367 0.0334606863 0.0434128775 0.9984967223 -0.3812671022
-0.3603803208 0.9324679773 -0.0250897514 943.1638112948 -0.9322813007 -0.3591459472 0.0431945028 -5710.0304565270 0.0312666081 0.0389571549 0.9987515904 -0.3483243955
-0.3435655947 0.9387863730 -0.0253540541 942.7994952165 -0.9387956773 -0.3425996970 0.0358904431 -5710.9871463709 0.0250071676 0.0361329978 0.9990340575 -0.3192830940
-0.3419765721 0.9393565078 -0.0257172211 942.4477050802 -0.9396131169 -0.3414239190 0.0235986879 -5711.9529774453 0.0133871066 0.0322344367 0.9993906776 -0.2956362054
-0.3403218070 0.9398236740 -0.0302081046 942.0929719325 -0.9403087358 -0.3401207212 0.0117207711 -5712.9192493226 0.0007410559 0.0323937786 0.9994749091 -0.2841968709
-0.3363496415 0.9412025966 -0.0317268168 941.7479251730 -0.9415959943 -0.3366916607 -0.0059757070 -5713.8909370089 -0.0163065056 0.0278639167 0.9994787141 -0.2895853081
-0.3381413250 0.9406159621 -0.0300342520 941.4076099156 -0.9410490814 -0.3382689028 0.0008807874 -5714.8408452300 -0.0093311708 0.0285615358 0.9995484820 -0.3018884380
-0.3382338627 0.9406247239 -0.0286876782 941.0665131782 -0.9410333245 -0.3383046765 0.0024956104 -5715.7935270863 -0.0073577429 0.0278401611 0.9995853085 -0.3135562752
-0.3411507379 0.9396839499 -0.0247032026 940.7298150046 -0.9400076514 -0.3409951722 0.0103878694 -5716.7346401015 0.0013376414 0.0267650288 0.9996408575 -0.3185287467
-0.3438332713 0.9387558195 -0.0227198800 940.3696325829 -0.9389201266 -0.3433208224 0.0236602771 -5717.7173004003 0.0144110149 0.0294673431 0.9994618544 -0.3132662942
-0.3442639821 0.9386571202 -0.0201276263 940.0119740702 -0.9386113552 -0.3435830024 0.0309748980 -5718.6892418212 0.0221592982 0.0295555603 0.9993174843 -0.2978603462
-0.3398317809 0.9402713677 -0.0201026304 939.6654507924 -0.9400368538 -0.3389311135 0.0381629890 -5719.6278311154 0.0290701589 0.0318662100 0.9990693022 -0.2726617195
-0.3353968030 0.9419301573 -0.0166301917 939.3303067335 -0.9413530930 -0.3343950010 0.0451036308 -5720.5748314429 0.0369234171 0.0307824960 0.9988438813 -0.2407545957
-0.3536604539 0.9352829478 -0.0130418935 938.9797592550 -0.9344858903 -0.3526829624 0.0484855524 -5721.5497862729 0.0407480568 0.0293348879 0.9987387347 -0.2012170703
-0.3639074710 0.9314131674 -0.0063925018 938.6102347023 -0.9302980649 -0.3631156654 0.0518895353 -5722.5172316576 0.0460093789 0.0248299216 0.9986323708 -0.1551321098
-0.3725637414 0.9279862803 -0.0061418301 938.2272468104 -0.9264101167 -0.3715266140 0.0610923127 -5723.4664822565 0.0544109747 0.0284506341 0.9981132237 -0.1037263678
-0.3886339145 0.9213913105 -0.0013165947 937.8331441845 -0.9196991698 -0.3878328095 0.0611485811 -5724.4326106436 0.0558311527 0.0249752835 0.9981278062 -0.0449907892
-0.4004787255 0.9163053567 -0.0011330085 937.4278130511 -0.9140535661 -0.3994073046 0.0705682877 -5725.3792232771 0.0642095682 0.0292967283 0.9975063073 0.0163980694
-0.4140703818 0.9102322340 0.0047957362 937.0074914732 -0.9077747618 -0.4133288780 0.0714438272 -5726.3286263562 0.0670126907 0.0252293245 0.9974330957 0.0823753075
-0.4291086185 0.9032204142 0.0076600836 936.5657884076 -0.8999468419 -0.4282475587 0.0818517583 -5727.2781058023 0.0772105911 0.0282296269 0.9966150775 0.1523400487
-0.4416189776 0.8971506699 0.0096619960 936.1162978125 -0.8938760680 -0.4408825385 0.0812906038 -5728.2212189737 0.0771897250 0.0272628463 0.9966436091 0.2276127140
-0.4419222799 0.8970001597 0.0097679060 935.6677060565 -0.8936056498 -0.4411514702 0.0827908386 -5729.1206985389 0.0785725215 0.0278584602 0.9965190741 0.3011360568
-0.4452929486 0.8953057996 0.0119044204 935.2183299440 -0.8921358578 -0.4447695039 0.0792066896 -5730.0328208556 0.0762089318 0.0246498201 0.9967871313 0.3758492066
-0.4508538582 0.8924821131 0.0143692863 934.7610415070 -0.8892294501 -0.4504915170 0.0795511037 -5730.9382133399 0.0774711787 0.0230883295 0.9967272172 0.4530526845
-0.4600255057 0.8876563734 0.0210403602 934.3039051379 -0.8842635006 -0.4601539723 0.0796014031 -5731.8459930352 0.0803404981 0.0180134531 0.9966046959 0.5325309274
-0.4635478433 0.8857571444 0.0236152092 933.8296341768 -0.8820292100 -0.4638119846 0.0830837868 -5732.7574501938 0.0845450748 0.0176840059 0.9962627195 0.6186965701
-0.4657144034 0.8848162569 0.0145012421 933.3467541498 -0.8808535463 -0.4650762119 0.0883241028 -5733.6661882638 0.0848947848 0.0283603363 0.9959862282 0.7100308037
-0.4765398896 0.8791366988 -0.0053290309 932.8558163257 -0.8771140447 -0.4750134574 0.0709448233 -5734.5936628327 0.0598388363 0.0384822061 0.9974660062 0.7933857815
-0.4709700754 0.8816155453 -0.0306792831 932.3446582597 -0.8816705910 -0.4692843661 0.0492864354 -5735.5086687092 0.0290543797 0.0502614578 0.9983133921 0.8418498218
-0.4645708307 0.8848510273 -0.0348224450 931.8556425946 -0.8852381553 -0.4630356250 0.0441748624 -5736.4261666686 0.0229641398 0.0513485095 0.9984167361 0.8659443539
-0.4593066159 0.8880238872 -0.0212369578 931.3792011219 -0.8878781542 -0.4582516662 0.0409608789 -5737.3501721290 0.0266423676 0.0376694336 0.9989350319 0.8849509555
-0.4454720685 0.8951036925 -0.0185476666 930.9051225905 -0.8948720573 -0.4445283052 0.0399823340 -5738.2742991009 0.0275433720 0.0344088016 0.9990282263 0.9102648148
-0.4408392978 0.8972930944 -0.0229306836 930.4391744255 -0.8974467142 -0.4401768862 0.0288739320 -5739.2173691152 0.0158148229 0.0333078306 0.9993200087 0.9294564626
-0.4393982135 0.8981156910 -0.0178161621 929.9989620937 -0.8981829638 -0.4389487133 0.0243185234 -5740.1332979120 0.0140204660 0.0266876890 0.9995454936 0.9410272980
-0.4224644651 0.9062894901 -0.0127724662 929.5649078234 -0.9059506652 -0.4217892392 0.0367046315 -5741.0357626738 0.0278777330 0.0270776268 0.9992445317 0.9594358355
-0.3925532949 0.9196942024 -0.0080302366 929.1511452681 -0.9190393072 -0.3919057339 0.0421502963 -5741.9763566090 0.0356182874 0.0239263408 0.9990790098 0.9901596466
-0.4197158936 0.9075591846 -0.0132247935 928.7447161980 -0.9070570410 -0.4188655856 0.0424163357 -5742.9200527863 0.0329559242 0.0297984523 0.9990124921 1.0264357431
-0.4362002664 0.8997088123 -0.0159179363 928.3031962696 -0.8993274434 -0.4352763860 0.0417686175 -5743.8517123784 0.0306508915 0.0325349190 0.9990005014 1.0626999029
-0.4506240081 0.8925705829 -0.0159924341 927.8479887706 -0.8923002640 -0.4497977194 0.0385000052 -5744.7743525968 0.0271706117 0.0316190798 0.9991306179 1.0959587901
-0.4645209452 0.8854648364 -0.0131268778 927.3784049811 -0.8850287026 -0.4636757043 0.0415816893 -5745.6869802518 0.0307325094 0.0309332292 0.9990488718 1.1252076260
-0.4781612972 0.8781782346 -0.0128359681 926.8930391461 -0.8778294611 -0.4774053818 0.0387238785 -5746.5933561421 0.0278785071 0.0297840509 0.9991675031 1.1541629151
-0.4961374624 0.8681763808 -0.0108346736 926.3923637664 -0.8679241391 -0.4955773896 0.0333277623 -5747.4975484085 0.0235649568 0.0259388262 0.9993857464 1.1792045092
-0.5066025229 0.8621163002 -0.0104579512 925.8794450048 -0.8618180432 -0.5060014438 0.0351026974 -5748.3840507255 0.0249708692 0.0267959661 0.9993289908 1.2006806969
-0.5136600223 0.8579771735 -0.0053433290 925.3536318328 -0.8577727724 -0.5133763788 0.0258952630 -5749.2778407297 0.0194744057 0.0178847235 0.9996503810 1.2203251308
-0.5208046778 0.8536720334 -0.0025587214 924.8176353365 -0.8535455541 -0.5206704684 0.0190328770 -5750.1689014015 0.0149155842 0.0120963967 0.9998155843 1.2358190877
-0.5294113331 0.8483238657 -0.0083820815 924.2688338148 -0.8483329943 -0.5292791573 0.0139536524 -5751.0546925091 0.0074007553 0.0144980180 0.9998675094 1.2482141950
-0.5364550252 0.8438899433 -0.0081098435 923.7176724902 -0.8439274448 -0.5364114139 0.0070187478 -5751.9327339855 0.0015728380 0.0106093620 0.9999424822 1.2559539737
-0.5598538412 0.8270955380 -0.0497659269 923.1252997646 -0.8140864639 -0.5378714692 0.2189920361 -5752.6932514758 0.1543596637 0.1631173001 0.9744566900 1.2270775813
-0.5765542376 0.8167346533 -0.0230155871 922.5622270289 -0.8170029669 -0.5766155456 0.0045458336 -5753.6209927078 -0.0095584055 0.0214247226 0.9997247712 1.2489411604
-0.5732259548 0.8185276897 -0.0377415673 921.9603092986 -0.8190192889 -0.5737523836 -0.0039505295 -5754.4762017455 -0.0248879320 0.0286465256 0.9992797243 1.2315977566
-0.5636343679 0.8247092065 -0.0465942490 921.3746973125 -0.8253288901 -0.5645774188 -0.0091957240 -5755.3187152953 -0.0338898591 0.0332725537 0.9988715706 1.2020106680
-0.5565632211 0.8289587685 -0.0553601025 920.7940131002 -0.8296320118 -0.5580820306 -0.0159741035 -5756.1758539838 -0.0441373516 0.0370379147 0.9983386635 1.1610633124
-0.5517053268 0.8317096562 -0.0622918943 920.2239368731 -0.8327536093 -0.5534615649 -0.0142029027 -5757.0263612370 -0.0462888606 0.0440379828 0.9979569116 1.1111542872
-0.5446988378 0.8361884663 -0.0639689365 919.6715248293 -0.8372856814 -0.5465601869 -0.0149883196 -5757.8677085930 -0.0474959339 0.0453961543 0.9978393285 1.0594202154
-0.5345127473 0.8429755727 -0.0607314310 919.1226579625 -0.8437544974 -0.5363871466 -0.0191618673 -5758.7110630648 -0.0487285450 0.0410001558 0.9979701980 1.0100029212
-0.5217859734 0.8513478248 -0.0542796387 918.5671517011 -0.8519719704 -0.5232912067 -0.0176089352 -5759.6046439640 -0.0433953863 0.0370566354 0.9983704955 0.9612886249
-0.5084748460 0.8598124099 -0.0466470865 918.0250927471 -0.8610296588 -0.5071332450 0.0379973493 -5760.4703438889 0.0090143041 0.0594852213 0.9981884846 0.9476669904
-0.4171246871 0.8013716063 0.4287313192 917.7612783927 -0.8870420526 -0.4616886333 -0.0000535930 -5761.4008414427 0.1978974290 -0.3803250644 0.9034320412 0.8346048894
-0.4195165013 0.9031326365 -0.0914185215 917.0518974555 -0.9077165194 -0.4182041515 0.0340001180 -5762.2737363253 -0.0075249890 0.0972457127 0.9952319558 0.9029813664
-0.4378001293 0.8990211635 -0.0095913754 916.6668210228 -0.8990420821 -0.4376729880 0.0128720718 -5763.1986902733 0.0073743790 0.0142584448 0.9998711493 0.8783865554
-0.4626806811 0.8865235850 0.0015876222 916.2191719999 -0.8862298670 -0.4625721114 0.0249732785 -5764.0903497838 0.0228737901 0.0101476553 0.9996868584 0.8873119621
-0.4857943383 0.8740267292 0.0090076341 915.7457333267 -0.8738409878 -0.4858770214 0.0180401797 -5764.9783913547 0.0201442017 0.0008925773 0.9997966866 0.9024315336
-0.5090007774 0.8606210528 0.0157991197 915.2491696431 -0.8605982120 -0.5091782496 0.0104032572 -5765.8573277294 0.0169978302 -0.0083014282 0.9998210640 0.9173059833
-0.5332806096 0.8456118451 0.0235031680 914.7236756932 -0.8457736994 -0.5335191913 0.0049114143 -5766.7280076479 0.0166925413 -0.0172591994 0.9997116980 0.9311753304
-0.5562918431 0.8305210922 0.0278226658 914.1752622649 -0.8309504234 -0.5562695976 -0.0092481724 -5767.5854533501 0.0077961009 -0.0282639388 0.9995700929 0.9449581845
-0.5789340313 0.8147609717 0.0316219279 913.5960776408 -0.8153460106 -0.5788019016 -0.0141153030 -5768.4303390283 0.0068022340 -0.0339546421 0.9994002261 0.9536598167
-0.5984781633 0.8007065816 0.0263221992 912.9903463682 -0.8011368874 -0.5982309277 -0.0173044722 -5769.2634280191 0.0018909488 -0.0314440335 0.9995037254 0.9617411884
-0.6185638835 0.7853829436 0.0235022128 912.3668339408 -0.7857342422 -0.6182621511 -0.0193290751 -5770.0856735613 -0.0006501973 -0.0304227611 0.9995369092 0.9635956014
-0.6406177663 0.7677040072 0.0154736819 911.7155082245 -0.7678298831 -0.6406408945 -0.0040638519 -5770.8929103007 0.0067932380 -0.0144845311 0.9998720169 0.9654513431
-0.6526866879 0.7575862564 0.0079467958 911.0461955398 -0.7575793749 -0.6527277069 0.0044756334 -5771.6820465060 0.0085777722 -0.0030991423 0.9999584077 0.9741540021
-0.6614103558 0.7500241046 0.0004287239 910.3610650467 -0.7498761684 -0.6612910392 0.0194908595 -5772.4672873403 0.0149021257 0.0125699664 0.9998099432 0.9835199816
-0.6631729716 0.7483496867 -0.0132044010 909.6648442448 -0.7482262977 -0.6624106423 0.0370074101 -5773.2447133786 0.0189477480 0.0344221942 0.9992277495 1.0009832938
-0.6615780891 0.7497225459 -0.0151834155 908.9989455229 -0.7494930446 -0.6604571653 0.0453487473 -5773.9934216776 0.0239709827 0.0413816020 0.9988558229 1.0203598712
-0.6579333966 0.7526589591 -0.0250626599 908.3339846535 -0.7529619340 -0.6568896984 0.0392969481 -5774.7462273637 0.0131137969 0.0447260034 0.9989132159 1.0390523202
-0.6535253414 0.7564210559 -0.0270520652 907.6622691493 -0.7567891099 -0.6523837052 0.0408135297 -5775.5066504821 0.0132238867 0.0471453843 0.9988005014 1.0490514720
-0.6457815498 0.7625410979 -0.0386944944 906.9975327343 -0.7635219802 -0.6449921914 0.0319258318 -5776.2725036530 -0.0006128879 0.0501612102 0.9987409461 1.0551515421
-0.6423889036 0.7652282671 -0.0419785155 906.3403646351 -0.7663625113 -0.6417681921 0.0286720935 -5777.0487125024 -0.0049997796 0.0505893953 0.9987070217 1.0546344076
-0.6377845649 0.7689871966 -0.0434688414 905.6897097179 -0.7702066894 -0.6370204282 0.0314106602 -5777.8243434069 -0.0035361444 0.0535132267 0.9985608796 1.0515670778
-0.6318881945 0.7743767187 -0.0325270235 905.0531316977 -0.7749885050 -0.6307053983 0.0400439466 -5778.6008021419 0.0104941306 0.0505113664 0.9986683509 1.0524970985
-0.6166637537 0.7866727674 -0.0295257858 904.4292694161 -0.7869199148 -0.6149428322 0.0510133398 -5779.3778905372 0.0219741348 0.0546925064 0.9982614222 1.0644963295
-0.5993561600 0.7999576188 -0.0289827798 903.8056247722 -0.8001473652 -0.5976648777 0.0506052152 -5780.1922030307 0.0231600379 0.0535210424 0.9982981071 1.0838455598
-0.5772196700 0.8158967686 -0.0336142156 903.2110440876 -0.8165023302 -0.5760698380 0.0383077882 -5781.0082777746 0.0118910648 0.0495580943 0.9987004545 1.0995275499
-0.5625449149 0.8257467293 -0.0410555459 902.6286232110 -0.8267631685 -0.5617028080 0.0308645199 -5781.8625033148 0.0024252609 0.0513058919 0.9986800406 1.1063880450
-0.5751701769 0.8171531771 -0.0379467100 902.0571916064 -0.8180230664 -0.5747809129 0.0215676858 -5782.6879911787 -0.0041869416 0.0434463737 0.9990469869 1.1046347773
-0.5897992376 0.8064871864 -0.0414159094 901.4665111157 -0.8073583481 -0.5900003579 0.0084897241 -5783.5021642707 -0.0175885477 0.0384447129 0.9991059238 1.0958701474
-0.6080132266 0.7929635249 -0.0390994183 900.8391652969 -0.7936943758 -0.6082894195 0.0057636693 -5784.3385103985 -0.0192133829 0.0345373756 0.9992187026 1.0803145189
-0.6226281636 0.7815253502 -0.0393992001 900.1920871148 -0.7822602135 -0.6229256151 0.0057128243 -5785.1631105022 -0.0200780540 0.0343773920 0.9992072191 1.0635219084
-0.6364575459 0.7703629393 -0.0382457062 899.5386407038 -0.7711704440 -0.6365072426 0.0124368998 -5785.9691653853 -0.0147627423 0.0374095169 0.9991909675 1.0446359769
-0.6485046795 0.7605013342 -0.0328542432 898.8699174785 -0.7611541008 -0.6483783898 0.0158081777 -5786.7731880575 -0.0092798410 0.0352588192 0.9993351291 1.0283959550
-0.6634043478 0.7476710943 -0.0297086861 898.1852776838 -0.7482598573 -0.6629524669 0.0245196374 -5787.5638044872 -0.0013628226 0.0384962513 0.9992578153 1.0198872653
-0.6703355328 0.7420327097 -0.0061425661 897.5003594398 -0.7411944228 -0.6691330941 0.0537748082 -5788.3344723699 0.0357924724 0.0406000005 0.9985341951 1.0184569721
-0.6781558683 0.7348375978 -0.0108776444 896.8207429026 -0.7348143500 -0.6777371511 0.0268370101 -5789.0821922045 0.0123486603 0.0261927251 0.9995806379 1.0134427851
-0.6844223425 0.7288794687 -0.0173429281 896.1311023704 -0.7290665412 -0.6840378861 0.0235403695 -5789.8195205543 0.0052948722 0.0287557035 0.9995724455 1.0082895459
-0.6900302605 0.7236621917 -0.0130870865 895.4385818757 -0.7237660971 -0.6897895595 0.0187883014 -5790.5423980759 0.0045690478 0.0224364860 0.9997378296 1.0117185150
-0.7023113647 0.7112505127 -0.0296893123 894.7344341618 -0.7117454081 -0.7023575227 0.0106011459 -5791.2729609503 -0.0133124413 0.0285765369 0.9995029567 1.0054696491
-0.7020292448 0.7109845699 -0.0406925153 894.0268222621 -0.7114607967 -0.7027156395 -0.0037768853 -5791.9927775843 -0.0312805741 0.0262996455 0.9991645782 0.9930933012
-0.6980396068 0.7149348124 -0.0401113625 893.2889377864 -0.7157532823 -0.6982829773 0.0099056800 -5792.7290557964 -0.0209271661 0.0356243963 0.9991461135 0.9612608796
-0.6798390430 0.7315954903 -0.0508617173 892.5479752820 -0.7328430928 -0.6803296887 0.0096185244 -5793.4749137835 -0.0275658672 0.0438127066 0.9986593862 0.9279820042
-0.6789410898 0.7332781817 -0.0366347492 891.8364193446 -0.7341740366 -0.6784343357 0.0267457679 -5794.2271056955 -0.0052421837 0.0450550825 0.9989707498 0.8911848862
-0.6783403099 0.7324540166 -0.0580132525 891.1415465734 -0.7342514087 -0.6786676802 0.0168833811 -5794.9712407089 -0.0270054192 0.0540489903 0.9981730381 0.8513512056
-0.6798763933 0.7316581126 -0.0494418464 890.4660527161 -0.7329809363 -0.6800797749 0.0151804774 -5795.7055605960 -0.0225174803 0.0465607791 0.9986616329 0.8197189980
-0.6804018854 0.7306954871 -0.0560123157 889.7535282876 -0.7325338319 -0.6803350887 0.0232024199 -5796.4692998471 -0.0211532403 0.0568178865 0.9981604421 0.7930275255
-0.6822727631 0.7292100636 -0.0525029505 889.0640724000 -0.7309493668 -0.6818197280 0.0288943185 -5797.2008723920 -0.0147275196 0.0580908049 0.9982026641 0.7730054188
-0.6943917336 0.7191667837 -0.0248848856 888.3611248933 -0.7188882352 -0.6917579978 0.0683416247 -5797.9304250600 0.0319347078 0.0653453108 0.9973515753 0.7621620383
-0.6514995844 0.7571917256 -0.0469998109 887.6503715454 -0.7586475567 -0.6503673750 0.0384208573 -5798.6870029083 -0.0014751884 0.0606874643 0.9981557271 0.7486421239
-0.6643150648 0.7464164684 -0.0393440014 886.9664615528 -0.7473816781 -0.6626056482 0.0487276321 -5799.4657313749 0.0103015495 0.0617754859 0.9980369068 0.7526221026
-0.6763480995 0.7356858073 -0.0363268666 886.2936272635 -0.7363592690 -0.6741075463 0.0579140998 -5800.2009853887 0.0181183663 0.0659197163 0.9976604211 0.7659838590
-0.6881206179 0.7250160991 -0.0290115722 885.5799328275 -0.7250049692 -0.6853961098 0.0678230590 -5800.9628715725 0.0292883909 0.0677039793 0.9972754691 0.7859426093
-0.7035468397 0.7097836428 -0.0350574488 884.8773670090 -0.7103681412 -0.7010261082 0.0627654340 -5801.6921247155 0.0199736915 0.0690621175 0.9974123899 0.8023507908
-0.7114147868 0.7017266856 -0.0383230977 884.1618579622 -0.7025405531 -0.7087214118 0.0644261720 -5802.4037708961 0.0180491642 0.0727572616 0.9971863459 0.8203388853
-0.7184819877 0.6942098324 -0.0430852868 883.4392240796 -0.6955243623 -0.7165966761 0.0522978510 -5803.1078699233 0.0054309091 0.0675419306 0.9977016552 0.8285560015
-0.7240962306 0.6879000672 -0.0497809836 882.7029969330 -0.6896685748 -0.7228532707 0.0428999533 -5803.8107492769 -0.0064734661 0.0653960745 0.9978383876 0.8290784067
-0.7342892627 0.6770599234 -0.0490829789 881.9572500882 -0.6786889652 -0.7337163873 0.0322730776 -5804.5120169804 -0.0141621785 0.0570098505 0.9982731638 0.8166771033
-0.7446333459 0.6657434029 -0.0480302155 881.2009267833 -0.6672216165 -0.7444000508 0.0261510774 -5805.1898995884 -0.0183437876 0.0515197623 0.9985034900 0.7970384489
-0.7517682905 0.6575808776 -0.0493135557 880.4311085987 -0.6590859614 -0.7516811755 0.0241061397 -5805.8655601909 -0.0212163350 0.0506241037 0.9984923972 0.7747964976
-0.7581895220 0.6500419014 -0.0509330451 879.6614650700 -0.6515546535 -0.7583123091 0.0209517418 -5806.5293069360 -0.0250036450 0.0490710537 0.9984822730 0.7540380508
-0.7615955457 0.6453322554 -0.0593169863 878.8755110171 -0.6474604004 -0.7616177147 0.0270829569 -5807.1883206999 -0.0276993619 0.0590316591 0.9978717395 0.7256874694
-0.7704563559 0.6339005116 -0.0675806551 878.0857787112 -0.6366175617 -0.7706160853 0.0294776063 -5807.8451710111 -0.0333928702 0.0657342410 0.9972782590 0.6930859126
-0.7716207796 0.6332235060 -0.0602442025 877.3020241657 -0.6357333473 -0.7708693047 0.0400453015 -5808.4953348540 -0.0210827803 0.0691990353 0.9973800729 0.6624960009
-0.7701886779 0.6357062375 -0.0518360881 876.5165285172 -0.6377134067 -0.7689757581 0.0446978103 -5809.1464084889 -0.0114460184 0.0674823157 0.9976548129 0.6413575138
-0.7703541827 0.6358604613 -0.0472853769 875.7250185071 -0.6375796643 -0.7689828945 0.0464486775 -5809.8038399183 -0.0068267685 0.0659301277 0.9978008887 0.6333569167
-0.7679493022 0.6387079361 -0.0480212627 874.9333839356 -0.6404685239 -0.7665972635 0.0461378957 -5810.4542160426 -0.0073443285 0.0661876720 0.9977801626 0.6258155163
-0.7652936840 0.6420857105 -0.0452936818 874.1372051642 -0.6436362002 -0.7641759049 0.0420431699 -5811.1118527799 -0.0076170217 0.0613280256 0.9980886004 0.6094223603
-0.7609234185 0.6472470078 -0.0454627537 873.3410956999 -0.6488103418 -0.7597054321 0.0435062853 -5811.7781640585 -0.0063789879 0.0626016561 0.9980182068 0.5969972554
-0.7563980167 0.6519026712 -0.0537117087 872.5490718647 -0.6539512835 -0.7554769437 0.0400288193 -5812.4473037713 -0.0144830633 0.0654025604 0.9977538504 0.5834806611
-0.7520757098 0.6562508534 -0.0609667467 871.7565375806 -0.6588582923 -0.7509842715 0.0439132624 -5813.1244211580 -0.0169669519 0.0731945446 0.9971733456 0.5660199670
-0.7488301931 0.6590297633 -0.0702361227 870.9630046320 -0.6623660703 -0.7478307713 0.0449480413 -5813.8135097954 -0.0229026367 0.0801804750 0.9965172154 0.5450738529
-0.7380807867 0.6702300808 -0.0776427142 870.2011313538 -0.6743978160 -0.7363490958 0.0545673434 -5814.4872205083 -0.0205994674 0.0926371846 0.9954868226 0.5201849904
-0.7067576457 0.7034513621 -0.0751652272 869.4729730306 -0.7073976937 -0.7040606108 0.0623470861 -5815.1689484288 -0.0090627331 0.0972359881 0.9952200910 0.4976005062
-0.7205631823 0.6897762947 -0.0706920329 868.7306280473 -0.6932025278 -0.7189816118 0.0503557071 -5815.8933244233 -0.0160920986 0.0852883645 0.9962263494 0.4824772101
-0.7373677714 0.6714115750 -0.0741300656 867.9929165396 -0.6751092020 -0.7361909651 0.0474386793 -5816.5790142712 -0.0227230061 0.0850256427 0.9961196239 0.4582856000
-0.7491703434 0.6593840470 -0.0629005181 867.2116710983 -0.6622000944 -0.7477821283 0.0480928639 -5817.2798181177 -0.0153242160 0.0776824764 0.9968603720 0.4327287200
-0.7632813889 0.6438815801 -0.0530851408 866.4551066482 -0.6459282520 -0.7622358314 0.0421097450 -5817.9359496991 -0.0133497073 0.0664307768 0.9977017276 0.4145230715
-0.7710870173 0.6329406348 -0.0693611179 865.6322210601 -0.6357155007 -0.7714234880 0.0277777682 -5818.6142297418 -0.0359251173 0.0655130142 0.9972048089 0.3894361619
-0.7796753590 0.6220175722 -0.0721143144 864.8156723015 -0.6244212935 -0.7809425763 0.0150579097 -5819.2778780961 -0.0469508540 0.0567699946 0.9972827007 0.3482876660
-0.7895202098 0.6090139088 -0.0758939865 863.9849221047 -0.6116370283 -0.7909861809 0.0155244050 -5819.9178522516 -0.0505765160 0.0586764039 0.9969950329 0.2951580854
-0.7998920619 0.5957057063 -0.0728519106 863.1518004378 -0.5982359811 -0.8011243567 0.0177052555 -5820.5499246500 -0.0478163183 0.0577449275 0.9971856011 0.2415105853
-0.8103414791 0.5812467461 -0.0741546182 862.3084113094 -0.5832793781 -0.8122384154 0.0073432772 -5821.1762706741 -0.0559629736 0.0492034217 0.9972197195 0.1809112266
-0.8150203642 0.5747121099 -0.0738091910 861.4619775927 -0.5767082198 -0.8169178816 0.0072666278 -5821.7831422001 -0.0561198290 0.0484888167 0.9972459072 0.1129088484
-0.8165890965 0.5729779819 -0.0698461149 860.6160626147 -0.5744222065 -0.8185588565 0.0007260099 -5822.3923471266 -0.0567571683 0.0407140112 0.9975575137 0.0484700684
-0.8138647165 0.5776023055 -0.0632439713 859.7667724964 -0.5789243718 -0.8153748813 0.0032209933 -5822.9916520017 -0.0497070924 0.0392349292 0.9979928984 -0.0124532719
-0.8128149773 0.5793471372 -0.0607347298 858.9265766817 -0.5800820618 -0.8145317777 -0.0065409969 -5823.5978920798 -0.0532598752 0.0299145070 0.9981325102 -0.0740302815
-0.8117585607 0.5812621846 -0.0564119840 858.0799870915 -0.5816092503 -0.8133834592 -0.0117485414 -5824.2030414111 -0.0527135575 0.0232727527 0.9983384495 -0.1307294071
-0.8100835111 0.5835294724 -0.0570794175 857.2361137569 -0.5836136838 -0.8118552083 -0.0169171177 -5824.8061354438 -0.0562118592 0.0196080510 0.9982263026 -0.1870739964
-0.8091603956 0.5855482543 -0.0489151926 856.3921721218 -0.5850479798 -0.8105981227 -0.0254861693 -5825.4171284492 -0.0545739452 0.0079953358 0.9984777209 -0.2480465837
-0.8069880955 0.5879401876 -0.0556466490 855.5487225885 -0.5870304717 -0.8088831640 -0.0332152402 -5826.0241874352 -0.0645402120 0.0058619751 0.9978978897 -0.3129803871
-0.8054856855 0.5893894875 -0.0617482188 854.7072069712 -0.5881556587 -0.8078315134 -0.0384859328 -5826.6352541094 -0.0725653613 0.0053176963 0.9973494826 -0.3867062657
-0.8021418750 0.5934447096 -0.0662705738 853.8691784622 -0.5914231787 -0.8048747558 -0.0489413034 -5827.2528798942 -0.0823834695 -0.0000639155 0.9966007023 -0.4636982803
-0.8035386019 0.5920249276 -0.0619047687 853.0412363664 -0.5906339581 -0.8059105631 -0.0407393147 -5827.8640386250 -0.0740083968 0.0038274466 0.9972502734 -0.5483788540
-0.8064046444 0.5882595927 -0.0605161216 852.2119651450 -0.5863732919 -0.8086682012 -0.0471391861 -5828.4836763799 -0.0766675416 -0.0025282212 0.9970535072 -0.6361378354
-0.8061463754 0.5876255377 -0.0694568127 851.3869033582 -0.5847300713 -0.8091055957 -0.0586419537 -5829.0959651970 -0.0906574054 -0.0066605114 0.9958598659 -0.7238780816
-0.8043712266 0.5894315152 -0.0745480973 850.5776084065 -0.5860239154 -0.8077827402 -0.0637417861 -5829.6846004419 -0.0977900839 -0.0075850908 0.9951781579 -0.8209580727
-0.8091177501 0.5818511753 -0.0823266441 849.7370282549 -0.5794361903 -0.8132817742 -0.0531644353 -5830.2984830460 -0.0978885483 0.0046867487 0.9951863476 -0.9210341930
-0.8138379937 0.5768589851 -0.0700102225 848.9239170504 -0.5753947760 -0.8168183144 -0.0415775540 -5830.8877806974 -0.0811700175 0.0064461232 0.9966794248 -1.0125936137
-0.8199380946 0.5685337332 -0.0668649033 848.1067191199 -0.5673713674 -0.8226256401 -0.0371050910 -5831.4551702523 -0.0761002798 0.0075133540 0.9970718615 -1.0986430933
-0.8314526361 0.5506508248 -0.0739606862 847.2659151800 -0.5499918324 -0.8346003095 -0.0308432762 -5832.0203687109 -0.0787114871 0.0150330500 0.9967840835 -1.1847764354
-0.8426245674 0.5348774688 -0.0623693172 846.4292055182 -0.5345546600 -0.8448165237 -0.0231593781 -5832.5632193263 -0.0650780593 0.0138251482 0.9977844013 -1.2599993431
-0.8522396749 0.5196389968 -0.0605214809 845.5781697750 -0.5201355293 -0.8540416412 -0.0084797538 -5833.0889193158 -0.0560942756 0.0242525899 0.9981308753 -1.3259480090
-0.8632835658 0.5006589497 -0.0638913227 844.7103020412 -0.5013177140 -0.8652394267 -0.0064252691 -5833.6034300005 -0.0584981599 0.0264830227 0.9979361777 -1.3849770601
-0.8640946831 0.4985850328 -0.0689444974 843.8333065894 -0.4987583653 -0.8665950507 -0.0159094678 -5834.1001827993 -0.0676791828 0.0206393583 0.9974936316 -1.4411552779
-0.8615894234 0.4989078120 -0.0935663433 842.9395578425 -0.5005547403 -0.8656794007 -0.0066428328 -5834.6121149023 -0.0843126171 0.0411116822 0.9955908859 -1.5153353994
-0.8636153846 0.4950617075 -0.0953014860 842.0757563090 -0.4965421214 -0.8679641357 -0.0091750088 -5835.1170505039 -0.0872604674 0.0393975232 0.9954061714 -1.5974641086
-0.8684672381 0.4864345327 -0.0956352541 841.2058397747 -0.4875860647 -0.8729851192 -0.0125224277 -5835.6126721460 -0.0895794950 0.0357550990 0.9953376749 -1.6894147780
-0.8655804187 0.4895205823 -0.1055468540 840.2818318086 -0.4908048278 -0.8711363188 -0.0152359791 -5836.1252878774 -0.0994040232 0.0386149404 0.9942976046 -1.7918328135
-0.8659508774 0.4903025125 -0.0986535565 839.3695616049 -0.4912355899 -0.8708745877 -0.0162802889 -5836.6414350464 -0.0938971419 0.0343642076 0.9949886572 -1.9003911984
-0.8722649682 0.4862670939 -0.0519436099 838.4871706454 -0.4871358338 -0.8733131577 0.0047757826 -5837.1370236480 -0.0430407320 0.0294693416 0.9986385999 -1.9962750809
-0.8738785686 0.4696370130 -0.1256078158 837.5727489187 -0.4698611783 -0.8822403926 -0.0297045915 -5837.6433300205 -0.1247666644 0.0330600305 0.9916351717 -2.0767189626
-0.8778548862 0.4731907611 -0.0739006249 836.6802999886 -0.4737089893 -0.8806068090 -0.0114647913 -5838.1242842875 -0.0705024268 0.0249429673 0.9971997073 -2.1758477893
-0.8794530401 0.4716428249 -0.0641513519 835.7691258962 -0.4726615228 -0.8812436917 0.0008004354 -5838.6258730292 -0.0561554545 0.0310258210 0.9979398596 -2.2453996323
-0.8780165918 0.4737493690 -0.0681791751 834.8500296061 -0.4747538922 -0.8801170322 -0.0016587809 -5839.1225657887 -0.0607914997 0.0309118916 0.9976717138 -2.3076680215
-0.8746404729 0.4805072048 -0.0641628347 833.9383468767 -0.4812974577 -0.8765502266 -0.0035295085 -5839.6197757008 -0.0579379016 0.0277943582 0.9979332008 -2.3710647349
-0.8684975865 0.4928835872 -0.0527040008 833.0317843295 -0.4932150432 -0.8698757223 -0.0074262256 -5840.1336607273 -0.0495061955 0.0195447470 0.9985825652 -2.4274073868
-0.8576843102 0.5111287721 -0.0559017205 832.1613005932 -0.5120634232 -0.8589429737 0.0028316908 -5840.6325610477 -0.0465690314 0.0310539232 0.9984322607 -2.4696637559
-0.8500420794 0.5246163904 -0.0469692048 831.2824672702 -0.5243439637 -0.8512959821 -0.0189356426 -5841.1743163383 -0.0499186438 0.0085319260 0.9987168444 -2.5270951076
-0.8370048250 0.5445012067 -0.0542342958 830.4255242037 -0.5442968908 -0.8386597168 -0.0197680065 -5841.7114080505 -0.0562478225 0.0129736417 0.9983325433 -2.5848807616
-0.8394606043 0.5396825487 -0.0636289276 829.5893095348 -0.5398798670 -0.8415987669 -0.0155320564 -5842.2611029744 -0.0619324068 0.0213134275 0.9978527521 -2.6437766849
-0.8434904998 0.5338230551 -0.0596382644 828.7475270930 -0.5351201439 -0.8447460726 0.0071066514 -5842.7872068571 -0.0465854953 0.0379080296 0.9981947570 -2.7002824333
-0.8539442639 0.5188092695 -0.0402011933 827.8922259304 -0.5201340857 -0.8533138195 0.0362775179 -5843.3107144061 -0.0154831212 0.0518889892 0.9985328266 -2.7404509688
-0.8599754653 0.5087380808 -0.0403455595 827.0139454755 -0.5097337122 -0.8601108773 0.0195146457 -5843.8501167168 -0.0247738112 0.0373476083 0.9989952024 -2.7702844984
-0.8658267907 0.4986000745 -0.0417364848 826.1201084550 -0.4994552503 -0.8662461399 0.0127309856 -5844.3749483005 -0.0298063985 0.0318683349 0.9990475403 -2.7995715771
-0.8771196917 0.4784291037 -0.0420314063 825.2054010661 -0.4787991352 -0.8779233201 -0.0014255366 -5844.8959905839 -0.0375823699 0.0188742348 0.9991152730 -2.8346323174
-0.8800955060 0.4717832612 -0.0534083771 824.3189415575 -0.4719436843 -0.8815678012 -0.0103619820 -5845.3717951608 -0.0519717152 0.0160862125 0.9985189906 -2.8767071607
-0.8875895667 0.4572773414 -0.0555175128 823.4290920618 -0.4558182691 -0.8892896907 -0.0373303027 -5845.8498711587 -0.0664414534 -0.0078280906 0.9977596175 -2.9351937319
-0.8925603034 0.4473321454 -0.0568335852 822.5223922251 -0.4438675154 -0.8937948323 -0.0641282034 -5846.3169747189 -0.0794841715 -0.0320117065 0.9963219947 -3.0092745965
-0.8970823965 0.4316244962 -0.0945699113 821.5948828378 -0.4217506832 -0.9002451570 -0.1080972642 -5846.7914506297 -0.1317935318 -0.0570872281 0.9896320091 -3.1183769193
-0.8983817396 0.4186290175 -0.1328909167 820.6509578731 -0.4070106985 -0.9072104750 -0.1063552786 -5847.2157968349 -0.1650834374 -0.0414596154 0.9854078135 -3.2710344279
-0.9062701753 0.3974252771 -0.1439705474 819.7293150029 -0.3877806660 -0.9172473667 -0.0910133144 -5847.6206519655 -0.1682275972 -0.0266536576 0.9853877704 -3.4464274468
-0.9094986863 0.3956469748 -0.1275759030 818.7949278015 -0.3898208357 -0.9183120272 -0.0688675308 -5848.0213102871 -0.1444017163 -0.0129031837 0.9894350166 -3.6121783281
-0.9064836708 0.3984144374 -0.1398330816 817.8604700447 -0.3889828978 -0.9167887540 -0.0905024074 -5848.4313561506 -0.1642548624 -0.0276462771 0.9860304374 -3.7616714936
-0.9042356008 0.4126755840 -0.1098036457 816.9546972696 -0.4008020912 -0.9088859820 -0.1152560429 -5848.8564549164 -0.1473623491 -0.0602090864 0.9872482990 -3.9242105478
-0.9076737510 0.4091469065 -0.0934193267 816.0418673504 -0.3956137233 -0.9084543752 -0.1349089695 -5849.2748649119 -0.1400647836 -0.0854953627 0.9864443215 -4.0754045376
-0.9088480814 0.4055676207 -0.0975195876 815.1183511519 -0.3947258414 -0.9117896172 -0.1132749051 -5849.6710041764 -0.1348579812 -0.0644561789 0.9887662645 -4.2283678085
-0.9126695574 0.3903101073 -0.1212117948 814.1835347333 -0.3862049347 -0.9206703533 -0.0566731776 -5850.0445388124 -0.1337162199 -0.0049112906 0.9910074933 -4.3913481353
-0.9198144700 0.3870513142 -0.0642854647 813.2855113711 -0.3874280495 -0.9218733256 -0.0070055687 -5850.4063939324 -0.0619745697 0.0184621687 0.9979069601 -4.5166583938
-0.9288663118 0.3663819160 -0.0545129936 812.3293173747 -0.3606380272 -0.9280913847 -0.0926638814 -5850.8473325590 -0.0845434101 -0.0664128993 0.9942040729 -4.5807328415
-0.9214075353 0.3751787766 -0.1012375399 811.3657891257 -0.3632866475 -0.9241321298 -0.1183326603 -5851.2492836920 -0.1379527661 -0.0722543584 0.9877997479 -4.6765209885
-0.9089160155 0.3615204368 -0.2077851067 810.3967280113 -0.3508401599 -0.9323407678 -0.0874749960 -5851.5954614757 -0.2253505247 -0.0066080648 0.9742553436 -4.8388858587
-0.9179838355 0.3647270343 -0.1558199863 809.4816233587 -0.3577015395 -0.9310569822 -0.0719896139 -5851.9525357526 -0.1713338446 -0.0103482529 0.9851586813 -5.0522284445
-0.9044365905 0.4179185015 -0.0856655114 808.5835255425 -0.4134588971 -0.9081762396 -0.0653273160 -5852.3376320669 -0.1051008760 -0.0236652471 0.9941799444 -5.1959273652
-0.8987410263 0.4294013176 -0.0887641592 807.6510246831 -0.4192734890 -0.9008386375 -0.1126920165 -5852.7943064257 -0.1283522846 -0.0640644799 0.9896572303 -5.3193662999
-0.8959716759 0.4214353811 -0.1400963080 806.7184453821 -0.4063330226 -0.9052173860 -0.1243983874 -5853.2204916936 -0.1792434956 -0.0545316754 0.9822922506 -5.4647763035
-0.8984276775 0.4184072189 -0.1332783081 805.7857615842 -0.4075688117 -0.9075083490 -0.1015689930 -5853.6412551439 -0.1634483772 -0.0369323128 0.9858603513 -5.6450415271
-0.9028187917 0.4023872366 -0.1516665457 804.8416401054 -0.3878741576 -0.9142815018 -0.1168031391 -5854.0866124614 -0.1856660096 -0.0466245352 0.9815061312 -5.8284117518
-0.9100750740 0.3840913321 -0.1556830380 803.8993987551 -0.3743203889 -0.9230145587 -0.0890414001 -5854.4760657202 -0.1778977406 -0.0227590234 0.9837857596 -6.0172150200
-0.9128886664 0.3800584833 -0.1489625185 802.9679432503 -0.3683631273 -0.9242238180 -0.1005929451 -5854.8732934164 -0.1759059098 -0.0369578604 0.9837129802 -6.2060305805
-0.9133282331 0.3808774920 -0.1440967546 802.0356080543 -0.3742552186 -0.9245539048 -0.0716457145 -5855.2369068831 -0.1605134572 -0.0115070915 0.9869665733 -6.3720764520
-0.9167999386 0.3801809814 -0.1222304954 801.1206653729 -0.3709911608 -0.9241032277 -0.0916448758 -5855.6299018681 -0.1477952342 -0.0386735831 0.9882615659 -6.5397710356
-0.9185673679 0.3821477025 -0.1009808103 800.2074076735 -0.3748868953 -0.9232710065 -0.0838478643 -5856.0070817055 -0.1252749231 -0.0391635296 0.9913487840 -6.6810567816
-0.9278419453 0.3582596448 -0.1037272936 799.2801334120 -0.3501392892 -0.9324895512 -0.0886888667 -5856.3746086473 -0.1284982594 -0.0459702498 0.9906436965 -6.8144045278
-0.9360133021 0.3379740930 -0.0982477015 798.3538986231 -0.3299701842 -0.9397697970 -0.0891762649 -5856.7238740830 -0.1224694897 -0.0510513580 0.9911584046 -6.9441764776
-0.9385958506 0.3276362671 -0.1081309655 797.3973024618 -0.3182293100 -0.9431852481 -0.0955598972 -5857.0588415915 -0.1332964196 -0.0552816805 0.9895332235 -7.0734430699
-0.9437063339 0.3143418051 -0.1029931303 796.4575494844 -0.3049359277 -0.9473796516 -0.0973954603 -5857.3825497359 -0.1281890607 -0.0605064071 0.9899022878 -7.2077499588
-0.9481998312 0.3004803382 -0.1030953277 795.4986197921 -0.2912395750 -0.9518565816 -0.0956480945 -5857.6964724863 -0.1268723380 -0.0606680677 0.9900620159 -7.3534227848
-0.9449283572 0.3142075615 -0.0915642289 794.5519554026 -0.3047963526 -0.9467798046 -0.1034755286 -5858.0030463676 -0.1192039562 -0.0698685182 0.9904084041 -7.4862938230
-0.9464932000 0.3127761689 -0.0795090597 793.6010140416 -0.3041109274 -0.9468719220 -0.1046427595 -5858.3190077342 -0.1080146576 -0.0748640864 0.9913264862 -7.6008472086
-0.9461854001 0.3130705065 -0.0819758900 792.6433931399 -0.3044461297 -0.9469870703 -0.1026062512 -5858.6376215088 -0.1097530990 -0.0721272943 0.9913384441 -7.7157310606
-0.9428904917 0.3190148969 -0.0958489240 791.6853021661 -0.3099061834 -0.9456283878 -0.0987173219 -5858.9441636010 -0.1221297597 -0.0633754500 0.9904887047 -7.8311576652
-0.9408617596 0.3234775784 -0.1007045462 790.7353521953 -0.3137509857 -0.9440916629 -0.1012484617 -5859.2619481885 -0.1278259296 -0.0636646552 0.9897511523 -7.9586647506
-0.9381816791 0.3294632668 -0.1061559837 789.7899036105 -0.3205442917 -0.9426786898 -0.0927806282 -5859.5828611468 -0.1306387924 -0.0530173909 0.9900114455 -8.0977206545
-0.9375504417 0.3320634489 -0.1036003623 788.8471052434 -0.3235220638 -0.9418325174 -0.0910218846 -5859.9089502812 -0.1277992310 -0.0518206051 0.9904453450 -8.2346801032
-0.9424497342 0.3173389474 -0.1052829087 787.8941517175 -0.3080352329 -0.9465540572 -0.0956541276 -5860.2509365137 -0.1300107446 -0.0577183618 0.9898311962 -8.3724121661
-0.9429341665 0.3127361564 -0.1143295856 786.9293580023 -0.3018817707 -0.9477870712 -0.1027962262 -5860.5669116382 -0.1405081998 -0.0624160561 0.9881101567 -8.5133119593
-0.9363481964 0.3238453350 -0.1355590426 785.9554953708 -0.3104708468 -0.9440934352 -0.1108847999 -5860.8871657137 -0.1638899274 -0.0617396517 0.9845447207 -8.6564129411
-0.9349653544 0.3323749749 -0.1239623418 785.0178284145 -0.3208281227 -0.9413786507 -0.1042859131 -5861.2089912736 -0.1513575298 -0.0577331102 0.9867916630 -8.8092394168
-0.9373794821 0.3307747072 -0.1091228649 784.0537451925 -0.3201574487 -0.9416291533 -0.1040852809 -5861.5480504871 -0.1371820492 -0.0626309087 0.9885638344 -8.9648881197
-0.9433534866 0.3076296279 -0.1242908338 783.0723872413 -0.2967057447 -0.9498297340 -0.0989402723 -5861.8696628401 -0.1484920888 -0.0564578465 0.9873006691 -9.1123090177
-0.9538394297 0.2773595762 -0.1151607913 782.0902935466 -0.2692234420 -0.9596358729 -0.0813494294 -5862.1594402023 -0.1330754698 -0.0465903087 0.9900102335 -9.2651035117
-0.9569859918 0.2696190515 -0.1071605270 781.1019860368 -0.2629243498 -0.9620807260 -0.0726048415 -5862.4333221955 -0.1226727261 -0.0413067043 0.9915871916 -9.4036989731
-0.9606531977 0.2595338640 -0.0989323360 780.1116583674 -0.2543098444 -0.9651069790 -0.0624101121 -5862.7011348197 -0.1116778254 -0.0347950068 0.9931351221 -9.5273066389
-0.9639041740 0.2468646659 -0.0997325429 779.1108499603 -0.2425963972 -0.9686750992 -0.0530616653 -5862.9549431373 -0.1097074812 -0.0269516051 0.9935984499 -9.6446064075
-0.9590514072 0.2649335081 -0.1001530560 778.1226961168 -0.2617868309 -0.9641406360 -0.0435946004 -5863.1953373944 -0.1081113016 -0.0155907118 0.9940165372 -9.7592520000
-0.9611815180 0.2567728704 -0.1009840706 777.1281819394 -0.2536793645 -0.9663503988 -0.0425874008 -5863.4617502444 -0.1085212860 -0.0153166477 0.9939761218 -9.8727106317
-0.9637664452 0.2493055355 -0.0948735420 776.1356057827 -0.2470846030 -0.9683735617 -0.0346676204 -5863.7221828240 -0.1005158594 -0.0099696979 0.9948855045 -9.9759878882
-0.9660986648 0.2457404294 -0.0791518235 775.1372637170 -0.2438103171 -0.9692496598 -0.0333410607 -5863.9811331049 -0.0849111246 -0.0129127231 0.9963048542 -10.0725367709
-0.9666548017 0.2475571128 -0.0655283922 774.1234039154 -0.2463925159 -0.9688366361 -0.0254224435 -5864.2366745195 -0.0697798138 -0.0084290217 0.9975268062 -10.1502805590
-0.9695964584 0.2399304254 -0.0481258634 773.1164584287 -0.2386511702 -0.9706151532 -0.0308519596 -5864.4933950315 -0.0541140160 -0.0184286572 0.9983646918 -10.2175430100
-0.9716143825 0.2339545930 -0.0350819049 772.1365684940 -0.2326349835 -0.9718236872 -0.0379431878 -5864.7360445238 -0.0429704092 -0.0287048686 0.9986638946 -10.2747659121
-0.9745204640 0.2172671972 -0.0557210045 771.1292125723 -0.2131347418 -0.9743850156 -0.0717455454 -5864.9882308340 -0.0698816654 -0.0580414203 0.9958653254 -10.3264208982
-0.9742847960 0.2128431244 -0.0739387635 770.1330282370 -0.2091793119 -0.9763696856 -0.0542793939 -5865.1953741449 -0.0837445631 -0.0374171285 0.9957845182 -10.4163816291
-0.9702084464 0.2253998680 -0.0888283175 769.1349049804 -0.2201755179 -0.9732986749 -0.0649032409 -5865.4172211444 -0.1010856656 -0.0434118517 0.9939301280 -10.5168469391
-0.9690685985 0.2254298236 -0.1004362786 768.1489812229 -0.2177589161 -0.9725637582 -0.0818583574 -5865.6514166321 -0.1161339997 -0.0574554685 0.9915703521 -10.6330064812
-0.9682073463 0.2232697389 -0.1128058429 767.1613360553 -0.2121434028 -0.9718304808 -0.1026678785 -5865.8924849240 -0.1325507870 -0.0754727789 0.9882986130 -10.7633106159
-0.9651361229 0.2332992612 -0.1186748458 766.1703865811 -0.2192794776 -0.9682396604 -0.1201185693 -5866.1401860972 -0.1429292658 -0.0899078120 0.9856408120 -10.9030387897
-0.9638791974 0.2252051154 -0.1421954597 765.1745868031 -0.2092939969 -0.9706387439 -0.1185599077 -5866.3718004732 -0.1647207200 -0.0845167725 0.9827125722 -11.0352352427
-0.9303969731 0.2912296919 -0.2225909677 764.1807509913 -0.2356806073 -0.9403773770 -0.2452448574 -5866.6719349887 -0.2807420947 -0.1757146986 0.9435614559 -11.2236108018
-0.9540627670 0.2572152411 -0.1536377441 763.2448457751 -0.2353830354 -0.9607553643 -0.1467785974 -5866.9023556013 -0.1853619791 -0.1038722763 0.9771650254 -11.3437773543
-0.9681336229 0.2269922838 -0.1057912632 762.2934051633 -0.2118506309 -0.9675939907 -0.1374088039 -5867.1370247489 -0.1335537287 -0.1106181373 0.9848487342 -11.5150349684
-0.9694730804 0.2200563280 -0.1081534047 761.3224083400 -0.2042393382 -0.9687989388 -0.1404097889 -5867.3532137850 -0.1356769663 -0.1140343307 0.9841686503 -11.6678853712
-0.9743265220 0.2095875851 -0.0822245265 760.3264427419 -0.1970873224 -0.9705530031 -0.1385043523 -5867.5702583422 -0.1088320539 -0.1187430521 0.9869425878 -11.8027481372
-0.9785265999 0.1828562116 -0.0951278040 759.3128996337 -0.1686567202 -0.9756148883 -0.1404652996 -5867.8023427310 -0.1184930544 -0.1214050886 0.9855050485 -11.9244120050
-0.9753342855 0.1869144100 -0.1174139468 758.2945325503 -0.1708651395 -0.9760721374 -0.1344927015 -5867.9873226202 -0.1397431060 -0.1111133925 0.9839337774 -12.0522707674
-0.9817009660 0.1678185203 -0.0900008755 757.2925580033 -0.1556495049 -0.9794207870 -0.1284840600 -5868.1718215868 -0.1097107331 -0.1121243341 0.9876192023 -12.1840298051
-0.9871302274 0.1483926909 -0.0596114366 756.2950653081 -0.1392712931 -0.9809260652 -0.1356007429 -5868.3452583351 -0.0785965711 -0.1255534304 0.9889686118 -12.2855844968
-0.9888287713 0.1331644464 -0.0669693313 755.2653727648 -0.1256651719 -0.9864035217 -0.1059073036 -5868.4873985038 -0.0801618717 -0.0963084764 0.9921183154 -12.3749467462
-0.9903329449 0.1269067979 -0.0559939538 754.2335159240 -0.1205877222 -0.9871758176 -0.1046064360 -5868.6222955177 -0.0685511449 -0.0968430165 0.9929361363 -12.4597935153
-0.9909191363 0.1210632997 -0.0585059215 753.1955240238 -0.1157576459 -0.9894717091 -0.0868671645 -5868.7558781043 -0.0684063797 -0.0793058279 0.9945004539 -12.5413630333
-0.9923345361 0.1121079114 -0.0519998535 752.1675688041 -0.1074472665 -0.9905605832 -0.0851164849 -5868.8823375990 -0.0610512365 -0.0788767854 0.9950131654 -12.6189194554
-0.9923213964 0.1097683918 -0.0570012848 751.1711698134 -0.1052434533 -0.9914530703 -0.0771013937 -5868.9908870723 -0.0649773948 -0.0705103506 0.9953924998 -12.6877862550
-0.9924555160 0.1071898312 -0.0595179715 750.1763683917 -0.1030015729 -0.9922521145 -0.0694724210 -5869.1009710377 -0.0665035702 -0.0628178428 0.9958068055 -12.7567486972
-0.9916750825 0.1120904213 -0.0633740348 749.1701456374 -0.1078246329 -0.9918996777 -0.0671481788 -5869.2083841382 -0.0703873524 -0.0597558937 0.9957283032 -12.8256627130
-0.9882202421 0.1350073799 -0.0720677489 748.1730767528 -0.1313784438 -0.9899176425 -0.0529411529 -5869.3163302444 -0.0784885825 -0.0428493702 0.9959937118 -12.8887776240
-0.9886166888 0.1347386253 -0.0669518147 747.1787769851 -0.1304625819 -0.9893459068 -0.0646079833 -5869.4618644814 -0.0749436947 -0.0551378239 0.9956622233 -12.9531172975
-0.9879989902 0.1436935997 -0.0566581397 746.1771989709 -0.1411352199 -0.9888811466 -0.0468500549 -5869.6005589296 -0.0627602192 -0.0382913479 0.9972938020 -13.0284633922
-0.9883106307 0.1413441399 -0.0571308275 745.1728024927 -0.1391891699 -0.9894533231 -0.0401060645 -5869.7427412746 -0.0621970443 -0.0316852574 0.9975608112 -13.0985304365
-0.9881070854 0.1409918954 -0.0613650822 744.1658744636 -0.1391845907 -0.9897226555 -0.0328133335 -5869.8777561912 -0.0653608262 -0.0238820135 0.9975758677 -13.1745725615
-0.9884649698 0.1405354811 -0.0564515893 743.1547994192 -0.1387105987 -0.9897122126 -0.0350586091 -5870.0215359590 -0.0607978059 -0.0268237732 0.9977896131 -13.2514277219
-0.9887867752 0.1380592086 -0.0569242305 742.1486819726 -0.1361943895 -0.9900476555 -0.0354503620 -5870.1663296389 -0.0612519498 -0.0273000883 0.9977489182 -13.3175753356
-0.9883015060 0.1392692198 -0.0621628326 741.1516200695 -0.1374440419 -0.9899679260 -0.0327511948 -5870.3100637332 -0.0661004438 -0.0238241441 0.9975285166 -13.3809712874
-0.9868766227 0.1444355911 -0.0722003579 740.1528797070 -0.1418830451 -0.9891013820 -0.0393402807 -5870.4561082636 -0.0770956105 -0.0285799967 0.9966139928 -13.4497076439
-0.9877948699 0.1389340659 -0.0704174714 739.1632594307 -0.1357252293 -0.9895590253 -0.0484932726 -5870.6031958732 -0.0764196119 -0.0383439784 0.9963381867 -13.5203179945
-0.9874844515 0.1269326717 -0.0936085196 738.1382302556 -0.1216060649 -0.9907275148 -0.0605884175 -5870.7467878246 -0.1004311857 -0.0484467566 0.9937637993 -13.5818896017
-0.9908841725 0.1195236694 -0.0621502144 737.1422874934 -0.1154215116 -0.9911298578 -0.0658747269 -5870.8736526355 -0.0694725223 -0.0581007526 0.9958904916 -13.6632999823
-0.9912033280 0.1174222467 -0.0610571745 736.1392161880 -0.1128169030 -0.9908500990 -0.0740839231 -5871.0109724559 -0.0691976081 -0.0665439498 0.9953811299 -13.7387854883
-0.9924653822 0.1139892879 -0.0449322543 735.1371259844 -0.1100423876 -0.9905186340 -0.0822405538 -5871.1382438532 -0.0538807773 -0.0766764501 0.9955991080 -13.8117627580
-0.9940853290 0.1028297002 -0.0349343878 734.1319856476 -0.0994615232 -0.9911998990 -0.0873508193 -5871.2567221822 -0.0436092203 -0.0833595405 0.9955648763 -13.8698671957
-0.9946122759 0.0943438351 -0.0429611607 733.1166864875 -0.0904245091 -0.9922264749 -0.0854987170 -5871.3533581689 -0.0506934779 -0.0811533317 0.9954116274 -13.9210098630
-0.9952378401 0.0803104045 -0.0552438281 732.0960729341 -0.0754133882 -0.9934673123 -0.0856476513 -5871.4465754168 -0.0617613350 -0.0810736593 0.9947927419 -13.9794841625
-0.9958719590 0.0674517576 -0.0607396226 731.0803254062 -0.0622422614 -0.9945267125 -0.0839197175 -5871.5264148213 -0.0660677097 -0.0797927220 0.9946196154 -14.0403036161
-0.9967739692 0.0518778517 -0.0612400434 730.0560343041 -0.0468792883 -0.9956585181 -0.0804142257 -5871.5843390889 -0.0651458881 -0.0772839173 0.9948784898 -14.0976263882
-0.9971513798 0.0374839596 -0.0654528728 729.0367266782 -0.0319425998 -0.9959749599 -0.0837469374 -5871.6355635085 -0.0683285892 -0.0814176392 0.9943351406 -14.1535479030
-0.9980460934 0.0211332175 -0.0587995115 728.0202737715 -0.0171240572 -0.9975471380 -0.0678710109 -5871.6636630544 -0.0600896172 -0.0667315111 0.9959599105 -14.2180418904
-0.9984920362 0.0258380577 -0.0484360249 726.9999517587 -0.0229398677 -0.9979667716 -0.0594649922 -5871.6747754375 -0.0498740033 -0.0582642051 0.9970545954 -14.2786297970
-0.9986804389 0.0139762240 -0.0494170639 725.9605030606 -0.0114739800 -0.9986550507 -0.0505612248 -5871.6971859601 -0.0500572554 -0.0499274958 0.9974976272 -14.3387021435
-0.9986985299 0.0052742141 -0.0507289760 724.9190086292 -0.0031031406 -0.9990796365 -0.0427814268 -5871.7057358756 -0.0509079253 -0.0425683289 0.9977957309 -14.4006491477
-0.9978744293 -0.0035915390 -0.0650670740 723.9125958394 0.0053184182 -0.9996376746 -0.0263862469 -5871.6990980768 -0.0649487313 -0.0266762150 0.9975319754 -14.4686893244
-0.9980864147 -0.0059288321 -0.0615496370 722.9149646750 0.0071595876 -0.9997784267 -0.0197948955 -5871.6892682975 -0.0614186386 -0.0201976863 0.9979077133 -14.5381028705
-0.9970673931 -0.0056287278 -0.0763212355 721.9008907298 0.0060000875 -0.9999712467 -0.0046373157 -5871.6789103909 -0.0762929388 -0.0050816504 0.9970724970 -14.6080911203
-0.9967868188 -0.0052152735 -0.0799302123 720.8857897000 0.0043529971 -0.9999304809 0.0109583188 -5871.6635576934 -0.0799818062 0.0105751718 0.9967402251 -14.6802635866
-0.9963376251 -0.0071811763 -0.0852042699 719.8706885329 0.0048326572 -0.9996035539 0.0277377083 -5871.6525015287 -0.0853696804 0.0272243593 0.9959773350 -14.7582424105
-0.9941516523 0.0089148207 -0.1076244314 718.8467298902 -0.0130450124 -0.9992027010 0.0377331402 -5871.6465446773 -0.1072022384 0.0389164257 0.9934753102 -14.8495793973
-0.9925057817 0.0293132878 -0.1186296947 717.8382271444 -0.0313800614 -0.9993859111 0.0155914208 -5871.6807808226 -0.1180998097 0.0191971824 0.9928161477 -14.9658232018
-0.9942062495 0.0494928806 -0.0954169175 716.8533203215 -0.0495414507 -0.9987703340 -0.0018613159 -5871.7265171556 -0.0953917085 0.0028765606 0.9954356571 -15.0852897347
-0.9925066130 0.0810533806 -0.0914383543 715.8580591926 -0.0805061863 -0.9967072689 -0.0096630274 -5871.7920678257 -0.0919204934 -0.0022292654 0.9957638542 -15.1888308189
-0.9922684003 0.0678533327 -0.1039199068 714.8257830359 -0.0666336611 -0.9976622149 -0.0151677373 -5871.8739132370 -0.1047061459 -0.0081259026 0.9944700059 -15.2975695287
-0.9920718721 0.0566108514 -0.1121989848 713.7882709438 -0.0557331807 -0.9983856946 -0.0109461169 -5871.9402877896 -0.1126375303 -0.0046061284 0.9936254678 -15.4149200804
-0.9914412028 0.0474243556 -0.1216358162 712.7094218986 -0.0462800469 -0.9988537914 -0.0122172242 -5871.9965109025 -0.1220757902 -0.0064833482 0.9924996059 -15.5434277954
-0.9898423534 0.0403098970 -0.1363349830 711.6718068560 -0.0372196504 -0.9989907987 -0.0251412351 -5872.0456450609 -0.1372108342 -0.0198115189 0.9903437235 -15.6817769676
-0.9915899388 0.0196976626 -0.1279116703 710.6629580858 -0.0152351048 -0.9992438043 -0.0357730504 -5872.0806691934 -0.1285195896 -0.0335234491 0.9911401987 -15.8142417062
-0.9911698286 0.0143304735 -0.1318218812 709.6395965221 -0.0087534391 -0.9990457428 -0.0427899659 -5872.0953709736 -0.1323092897 -0.0412582284 0.9903494386 -15.9394457845
-0.9935725741 -0.0008131091 -0.1131939874 708.6347426961 0.0051080454 -0.9992776196 -0.0376582912 -5872.0992679582 -0.1130815980 -0.0379944454 0.9928589901 -16.0618739815
-0.9945413266 -0.0168087848 -0.1029806509 707.6253260822 0.0209569404 -0.9990063971 -0.0393322405 -5872.0930420115 -0.1022172019 -0.0412756980 0.9939054082 -16.1720181674
-0.9945020195 -0.0226316825 -0.1022425551 706.6113885961 0.0268386818 -0.9988407448 -0.0399606270 -5872.0676491144 -0.1012196537 -0.0424849796 0.9939565424 -16.2820845995
-0.9936365516 -0.0464929665 -0.1025904836 705.5899726803 0.0516794663 -0.9974858548 -0.0484891975 -5872.0424577481 -0.1000781496 -0.0534824604 0.9935411367 -16.3970609806
-0.9938369834 -0.0585070058 -0.0941540267 704.5760488843 0.0638705703 -0.9964416510 -0.0549962402 -5871.9860337614 -0.0906013285 -0.0606709688 0.9940374404 -16.5012430364
-0.9939272534 -0.0715183259 -0.0836286071 703.5707592097 0.0768193767 -0.9951163227 -0.0619861889 -5871.9222092008 -0.0787870435 -0.0680340600 0.9945672267 -16.5945604159
-0.9944301567 -0.0781300715 -0.0707414688 702.5588144384 0.0825999724 -0.9946126696 -0.0626329155 -5871.8436000332 -0.0654668470 -0.0681273034 0.9955263746 -16.6693772490
-0.9942441621 -0.0845386713 -0.0658161011 701.5500839639 0.0888346426 -0.9939011257 -0.0653372684 -5871.7659648186 -0.0598911711 -0.0708079475 0.9956903546 -16.7287729270
-0.9942758593 -0.0831017926 -0.0671536126 700.5313546406 0.0871235352 -0.9944275200 -0.0593582099 -5871.6820524574 -0.0618466267 -0.0648690953 0.9959753989 -16.7855812851
-0.9946492649 -0.0817874897 -0.0631161332 699.5133262287 0.0857459924 -0.9943366554 -0.0627872644 -5871.5983743403 -0.0576234720 -0.0678632619 0.9960291728 -16.8415101718
-0.9955877599 -0.0814200654 -0.0466453145 698.5092342949 0.0847262054 -0.9936574310 -0.0739349710 -5871.5275022554 -0.0403296732 -0.0775608326 0.9961715890 -16.8849710307
-0.9961750897 -0.0775984289 -0.0401705676 697.4845561234 0.0794053322 -0.9958021325 -0.0455291779 -5871.4362770118 -0.0364689442 -0.0485447901 0.9981550077 -16.9284232220
-0.9967694781 -0.0701203562 -0.0391630339 696.4629213673 0.0723232422 -0.9956937854 -0.0579933997 -5871.3735583955 -0.0349278716 -0.0606384483 0.9975485063 -16.9786010342
-0.9961162772 -0.0722363139 -0.0503416051 695.4234847904 0.0748233568 -0.9958633123 -0.0515531608 -5871.3056468304 -0.0464093473 -0.0551196705 0.9974006188 -17.0307728158
-0.9957936018 -0.0705760895 -0.0584304561 694.3895778099 0.0734566456 -0.9961080736 -0.0487116722 -5871.2306105796 -0.0547651697 -0.0527988769 0.9971023291 -17.0869103584
-0.9954818677 -0.0674224085 -0.0668585812 693.3590339523 0.0705020585 -0.9965040583 -0.0448232248 -5871.1538347792 -0.0636027577 -0.0493343752 0.9967551398 -17.1489193662
-0.9951959801 -0.0587558879 -0.0783116008 692.3496106948 0.0621919661 -0.9971723637 -0.0421833670 -5871.0857989785 -0.0756116429 -0.0468510697 0.9960360720 -17.2146144130
-0.9948030969 -0.0575398416 -0.0839997922 691.3230973217 0.0612667683 -0.9972168617 -0.0424842784 -5871.0317293954 -0.0813214705 -0.0474098875 0.9955597024 -17.2875928143
-0.9930033410 -0.0748086950 -0.0913675208 690.2920737935 0.0783854246 -0.9962656087 -0.0362016875 -5870.9640104302 -0.0883181177 -0.0431102786 0.9951589893 -17.3680647071
-0.9914225776 -0.0852034910 -0.0991041764 689.2611897995 0.0890265372 -0.9954208664 -0.0348076765 -5870.8842169974 -0.0956846296 -0.0433320180 0.9944680929 -17.4565484598
-0.9886536825 -0.1013254198 -0.1108920889 688.2288317416 0.1057649105 -0.9937786293 -0.0348972730 -5870.7964715649 -0.1066662073 -0.0462298093 0.9932195754 -17.5537443817
-0.9881809284 -0.1167971351 -0.0992818308 687.2056962969 0.1203452453 -0.9922630570 -0.0305130742 -5870.6864827543 -0.0949498533 -0.0421005343 0.9945914088 -17.6626764796
-0.9861225809 -0.1242438635 -0.1101168374 686.1771309780 0.1287195040 -0.9910812438 -0.0344856132 -5870.5644504418 -0.1048501063 -0.0481812266 0.9933202025 -17.7753958845
-0.9869818731 -0.1309643169 -0.0933548599 685.1726099265 0.1346313805 -0.9903087492 -0.0341023833 -5870.4416280554 -0.0879839393 -0.0462269278 0.9950486911 -17.8875002175
-0.9867917186 -0.1371370823 -0.0862294890 684.1549837143 0.1403556395 -0.9895704499 -0.0324132569 -5870.3048350077 -0.0808850947 -0.0440879285 0.9957478878 -17.9841734346
-0.9878482535 -0.1468550220 -0.0508864475 683.1586158242 0.1489033060 -0.9880784971 -0.0390984535 -5870.1600895479 -0.0445380003 -0.0462004992 0.9979388160 -18.0652532704
-0.9863463626 -0.1440074693 -0.0798918132 682.1340322506 0.1466819754 -0.9887686206 -0.0286533253 -5870.0097235070 -0.0748682251 -0.0399807922 0.9963916324 -18.1458711636
-0.9846346037 -0.1564456860 -0.0775850796 681.1291810019 0.1588565120 -0.9869618201 -0.0259031726 -5869.8669300268 -0.0725210718 -0.0378300553 0.9966491765 -18.2102847770
-0.9853793889 -0.1613406098 -0.0547418263 680.1441518904 0.1609940518 -0.9868972453 0.0107117913 -5869.6905438849 -0.0557528045 0.0017420699 0.9984430830 -18.2771758059
-0.9831669459 -0.1648171808 -0.0788546352 679.1287245297 0.1602234679 -0.9851659569 0.0614530525 -5869.4994434846 -0.0878134210 0.0477842468 0.9949901853 -18.3452119121
-0.9806356667 -0.1690515196 -0.0988699795 678.1206488750 0.1636166236 -0.9846504788 0.0607703466 -5869.3309746048 -0.1076256921 0.0434167971 0.9932430177 -18.4579197664
-0.9768693075 -0.1658973797 0.1349237392 677.2227331917 0.1727580946 -0.9841206931 0.0407566224 -5869.1586687168 0.1260198269 0.0631230616 0.9900174152 -18.5128917480
-0.9300283917 -0.1694719087 0.3260773878 676.3307081386 0.1944587417 -0.9798610159 0.0453672495 -5868.9715459406 0.3118220461 0.1056014287 0.9442538588 -18.3315811237
-0.9836530212 -0.1724227720 0.0519338190 675.2533445205 0.1774472741 -0.9771992968 0.1165933067 -5868.7330662078 0.0306463502 0.1239028730 0.9918209915 -18.0803902982
-0.9211856901 -0.2148997651 -0.3243994688 674.0715504277 0.1283904960 -0.9548392568 0.2679512534 -5868.4615246017 -0.3673320091 0.2051830516 0.9071753471 -18.2427628143
-0.9432392614 -0.2307786462 -0.2388323936 673.1456957248 0.1120613959 -0.8981106077 0.4252523720 -5868.1563510645 -0.3126370728 0.3743508419 0.8729945635 -18.6252214369
-0.9808731044 -0.1938778940 -0.0173007285 672.2887977515 0.1675004061 -0.8860053249 0.4323634792 -5867.9207405877 -0.0991542584 0.4211958290 0.9015334196 -18.8570647160
-0.9865708159 -0.1557203463 -0.0492869045 671.2672926044 0.1202014940 -0.8965047260 0.4264163189 -5867.6792684721 -0.1105876397 0.4147655361 0.9031832173 -18.9815617101
-0.9820743864 -0.1148011971 -0.1495011195 670.2288308869 0.0517756584 -0.9269222650 0.3716643592 -5867.5655579394 -0.1812434297 0.3572615286 0.9162505222 -19.1636874685
-0.9948281611 -0.0986709895 0.0241032322 669.3057949790 0.1014831872 -0.9556267454 0.2765478009 -5867.5152376013 -0.0042535518 0.2775636130 0.9606978443 -19.3250250337
-0.9512630132 -0.0068518800 0.3083046082 668.4119130084 0.0600271305 -0.9847442691 0.1633262628 -5867.4814181166 0.3024821041 0.1738728738 0.9371620993 -19.2418529103
-0.9843687768 -0.0608006206 0.1652918503 667.3738651427 0.0732592337 -0.9948287747 0.0703476627 -5867.4549544511 0.1601599074 0.0813571970 0.9837325910 -18.9966519739
-0.9942624967 -0.0901346779 -0.0576005861 666.2671841379 0.0866644048 -0.9944201677 0.0601482428 -5867.3785561923 -0.0627006270 0.0548112215 0.9965261469 -18.9522151971
-0.9833341767 -0.1187282169 -0.1376862646 665.2162647859 0.1091649612 -0.9911849669 0.0750691185 -5867.2715302875 -0.1453853782 0.0587875141 0.9876270146 -19.0636986787
-0.9650074830 -0.1436469264 -0.2193766584 664.1926751765 0.1352740873 -0.9894001936 0.0528032033 -5867.1507002382 -0.2246363261 0.0212795091 0.9742102974 -19.2503636031
-0.9663658165 -0.1479641883 -0.2103418828 663.2157755035 0.1501455426 -0.9886477462 0.0056524236 -5867.0344804241 -0.2087903846 -0.0261195872 0.9776115499 -19.4796670873
-0.9744433245 -0.1606240772 -0.1570353881 662.2439858138 0.1639487739 -0.9864333739 -0.0083665086 -5866.8886064282 -0.1535610850 -0.0338984478 0.9875575368 -19.6559875551
-0.9711764256 -0.1757499006 -0.1610227400 661.2643317692 0.1800889749 -0.9835690547 -0.0126441975 -5866.7236265305 -0.1561547678 -0.0412781667 0.9868696983 -19.8049399834
-0.9622908894 -0.1961032534 -0.1885199146 660.2723930098 0.2030450440 -0.9790030237 -0.0180496473 -5866.5511694562 -0.1810219718 -0.0556470455 0.9819034841 -19.9806536745
-0.9632413792 -0.2015238341 -0.1776349898 659.3024374477 0.2097556265 -0.9773340103 -0.0286497722 -5866.3530351023 -0.1678351050 -0.0648565846 0.9836793182 -20.1691531637
-0.9643960414 -0.2154219909 -0.1534067832 658.3126165333 0.2223733242 -0.9745155087 -0.0294894558 -5866.1324517577 -0.1431446120 -0.0625530908 0.9877230031 -20.3381124217
-0.9616718202 -0.2306411907 -0.1482968354 657.3040545950 0.2377971266 -0.9707796554 -0.0322395278 -5865.8972195031 -0.1365277877 -0.0662684068 0.9884172507 -20.4924449345
-0.9517358597 -0.2653096391 -0.1543037550 656.3362213522 0.2717174840 -0.9621336133 -0.0216453028 -5865.6560144614 -0.1427181219 -0.0625276389 0.9877863291 -20.6331377306
-0.9480081882 -0.2833548350 -0.1448810291 655.3496903082 0.2910027051 -0.9561109169 -0.0341956165 -5865.3876596994 -0.1288328403 -0.0745784958 0.9888580015 -20.7729377909
-0.9454577197 -0.2915980034 -0.1451905804 654.3544418198 0.2979166153 -0.9543056446 -0.0233757804 -5865.0773321995 -0.1317398595 -0.0653554983 0.9891275288 -20.9079412740
-0.9422818905 -0.2971220142 -0.1543481375 653.3509543870 0.3043690658 -0.9522232909 -0.0251053015 -5864.7720454208 -0.1395145536 -0.0706350693 0.9876975126 -21.0394557356
-0.9414460644 -0.3006812412 -0.1525453999 652.3672504080 0.3071857601 -0.9514295024 -0.0204648658 -5864.4548765969 -0.1389827927 -0.0661263420 0.9880845562 -21.1791438413
-0.9416676111 -0.3015326075 -0.1494663737 651.3810282878 0.3087790558 -0.9507404714 -0.0273505159 -5864.1392153099 -0.1338566583 -0.0719071807 0.9883884623 -21.3280731084
-0.9451410428 -0.3004079108 -0.1283101566 650.4076451187 0.3064110844 -0.9514431504 -0.0294648752 -5863.8403530344 -0.1132283381 -0.0671641171 0.9912962851 -21.4608501035
-0.9432166843 -0.3065184032 -0.1280185729 649.4087624860 0.3126691731 -0.9493695263 -0.0305857926 -5863.5180846650 -0.1121618236 -0.0688764913 0.9913000324 -21.5866023859
-0.9457417897 -0.2931872378 -0.1400489585 648.4103930554 0.2993956474 -0.9538000174 -0.0250554020 -5863.2077899831 -0.1262327750 -0.0656259893 0.9898275183 -21.7178044685
-0.9487600346 -0.2811306150 -0.1442912819 647.4150031202 0.2879598283 -0.9572206903 -0.0284198411 -5862.9099514776 -0.1301289130 -0.0685137022 0.9891270589 -21.8570268982
-0.9538735445 -0.2698451851 -0.1315630542 646.4365026759 0.2754643828 -0.9609536569 -0.0262191366 -5862.6245994924 -0.1193508903 -0.0612506763 0.9909610081 -21.9902249204
-0.9590501397 -0.2475636398 -0.1376047741 645.4643017567 0.2544500641 -0.9664647555 -0.0346560421 -5862.3623176816 -0.1244105885 -0.0682504256 0.9898807428 -22.1087952889
-0.9621846042 -0.2281822158 -0.1487738681 644.4941739889 0.2366802262 -0.9706825623 -0.0419265288 -5862.1266075214 -0.1348453112 -0.0755528933 0.9879820354 -22.2320282495
-0.9595270809 -0.2385126204 -0.1497314625 643.4789421739 0.2468949330 -0.9682218594 -0.0398663146 -5861.8783276031 -0.1354646559 -0.0752207479 0.9879226519 -22.3674187568
-0.9544106992 -0.2558291655 -0.1537909471 642.5138565019 0.2655550950 -0.9629938249 -0.0460801982 -5861.6299892398 -0.1363110737 -0.0848194038 0.9870283481 -22.4935514193
-0.9538107066 -0.2644132247 -0.1425860531 641.5567972110 0.2733045047 -0.9608024396 -0.0465115012 -5861.3702054729 -0.1246987717 -0.0833325785 0.9886889793 -22.6235933806
-0.9528374299 -0.2662992419 -0.1455525542 640.5982139947 0.2749400042 -0.9605212793 -0.0425072478 -5861.0956993275 -0.1284866777 -0.0805207166 0.9884369418 -22.7543772049
-0.9497245717 -0.2785890491 -0.1428683999 639.6427567399 0.2866187246 -0.9572637212 -0.0386765415 -5860.8307054376 -0.1259878752 -0.0776808203 0.9889857155 -22.8918736679
-0.9448453854 -0.2958019298 -0.1406001994 638.6819736077 0.3024174115 -0.9527705948 -0.0277831410 -5860.5375166699 -0.1257414289 -0.0687707210 0.9896765537 -23.0236528858
-0.9361147122 -0.3220127389 -0.1414108965 637.7176190792 0.3293010169 -0.9437181754 -0.0309329220 -5860.2407749762 -0.1234912383 -0.0755235154 0.9894675905 -23.1590469067
-0.9310961031 -0.3335711167 -0.1476155716 636.7747310653 0.3408960489 -0.9397214331 -0.0267116463 -5859.9075887108 -0.1298072828 -0.0751926749 0.9886840400 -23.2779998907
-0.9335259795 -0.3301017930 -0.1398644054 635.8261352957 0.3348368203 -0.9422106685 -0.0111067540 -5859.5694481678 -0.1281153755 -0.0572001962 0.9901083719 -23.4050974573
-0.9302623492 -0.3401856155 -0.1374252842 634.8781039903 0.3417526121 -0.9397032826 0.0127629482 -5859.2175095176 -0.1334807620 -0.0350925597 0.9904299059 -23.5275529554
-0.9232089760 -0.3494745416 -0.1598522175 633.9184375291 0.3541421405 -0.9351912987 -0.0007610309 -5858.8780975307 -0.1492264419 -0.0573129970 0.9871406634 -23.6788502746
-0.9241428545 -0.3515758582 -0.1495138806 632.9864459521 0.3546248574 -0.9349850265 0.0066491161 -5858.5197884224 -0.1421309083 -0.0468766055 0.9887372698 -23.8286283352
-0.9216211559 -0.3581482673 -0.1494799774 632.0440304735 0.3601368430 -0.9327869169 0.0144921383 -5858.1547199995 -0.1446233014 -0.0404769859 0.9886585428 -23.9812900865
-0.9170465394 -0.3717452474 -0.1443298846 631.1089504135 0.3744532828 -0.9272025660 0.0089521313 -5857.7925484440 -0.1371509516 -0.0458352781 0.9894891327 -24.1333888127
-0.9142010526 -0.3727150113 -0.1591224554 630.1659452697 0.3755960862 -0.9266962318 0.0127151081 -5857.4067910063 -0.1521972915 -0.0481416062 0.9871769701 -24.2948371821
-0.9122441089 -0.3716161175 -0.1723721179 629.2361517110 0.3757632874 -0.9266704712 0.0091536698 -5857.0382007106 -0.1631338029 -0.0564207324 0.9849893722 -24.4518376953
-0.9131865257 -0.3607169863 -0.1896671430 628.3021514064 0.3667278595 -0.9303211153 0.0036468580 -5856.6726845117 -0.1777668316 -0.0662259638 0.9818416753 -24.6203929707
-0.9192738378 -0.3546730611 -0.1707121288 627.3825579910 0.3583899295 -0.9335227463 0.0095885638 -5856.3121873960 -0.1627644606 -0.0523669919 0.9852742910 -24.7900648529
-0.9264280724 -0.3486458581 -0.1420460923 626.4299034609 0.3529080535 -0.9356436743 -0.0051788541 -5855.9511269937 -0.1310989417 -0.0549270457 0.9898464968 -24.9540378312
-0.9250175087 -0.3501226001 -0.1475017745 625.4553381614 0.3553211328 -0.9346946792 -0.0096306481 -5855.5889303368 -0.1344972162 -0.0613190158 0.9890149024 -25.0980865414
-0.9268490850 -0.3440576791 -0.1502500816 624.4818620174 0.3494147120 -0.9369148474 -0.0099963886 -5855.2265205570 -0.1373321980 -0.0617647326 0.9885974839 -25.2442479517
-0.9332241960 -0.3303800131 -0.1412148965 623.5296483458 0.3356218326 -0.9418871445 -0.0143733260 -5854.8793580507 -0.1282598360 -0.0608083379 0.9898746186 -25.3915175489
-0.9439170205 -0.3022310348 -0.1329551050 622.5910394840 0.3071048380 -0.9515180106 -0.0173232214 -5854.5578904494 -0.1212735619 -0.0571828395 0.9909706585 -25.5271230629
-0.9362556000 -0.3224319750 -0.1395101177 621.6145469932 0.3278845787 -0.9445574356 -0.0174055728 -5854.2445253436 -0.1261632058 -0.0620392812 0.9900676609 -25.6589737938
-0.9318027758 -0.3336988088 -0.1427889774 620.6191191923 0.3385039962 -0.9409110554 -0.0100712600 -5853.9107642524 -0.1309909599 -0.0577190675 0.9897019135 -25.7976058189
-0.9280069316 -0.3390884564 -0.1543442701 619.6321192269 0.3441693672 -0.9388840111 -0.0066528438 -5853.5610966166 -0.1426554648 -0.0592944549 0.9879947297 -25.9379825532
-0.9221954565 -0.3437399618 -0.1771958765 618.6506484051 0.3500333045 -0.9367261316 -0.0045651084 -5853.1982640414 -0.1644147978 -0.0662343804 0.9841650172 -26.0899123385
-0.9145899841 -0.3617607876 -0.1807049901 617.6881273818 0.3671541191 -0.9301521230 0.0038575842 -5852.8280648082 -0.1694786529 -0.0628184736 0.9835297787 -26.2584765975
-0.9132443374 -0.3751253600 -0.1589520196 616.7430954772 0.3791327306 -0.9253260220 0.0054886862 -5852.4418761855 -0.1491413854 -0.0552514016 0.9872710518 -26.4238670848
-0.9086402141 -0.3884405307 -0.1532544143 615.7903015402 0.3930744870 -0.9195066303 0.0000675836 -5852.0481405130 -0.1409447023 -0.0601789911 0.9881867637 -26.5800150059
-0.9040192054 -0.4025141908 -0.1439847301 614.8474958279 0.4077788524 -0.9130472674 -0.0078163301 -5851.6386160915 -0.1283186806 -0.0657800405 0.9895490400 -26.7254734341
-0.9020615954 -0.4105691569 -0.1331083973 613.9029393559 0.4143686429 -0.9101086567 -0.0009277789 -5851.2138271699 -0.1207621873 -0.0559928596 0.9911010513 -26.8612633455
-0.8956823636 -0.4233225910 -0.1362023771 612.9950799768 0.4291958229 -0.9030759827 -0.0156433698 -5850.8166054808 -0.1163789037 -0.0724689818 0.9905575185 -26.9911328245
-0.8878670315 -0.4364338534 -0.1456627134 612.0975398059 0.4406744347 -0.8976601986 0.0034943552 -5850.3766940139 -0.1322806751 -0.0610873111 0.9893281374 -27.1160461540
-0.8845398380 -0.4426071917 -0.1472689680 611.2041775407 0.4475994635 -0.8942337484 -0.0008506122 -5849.9341635121 -0.1313163942 -0.0666699115 0.9890961164 -27.2459340762
-0.8842066622 -0.4423763718 -0.1499390681 610.3063643015 0.4461187195 -0.8949228615 0.0095477759 -5849.4880889575 -0.1384076104 -0.0584484180 0.9886491369 -27.3826525857
-0.8788255603 -0.4549819238 -0.1437257237 609.4099020517 0.4571275278 -0.8891836175 0.0196702236 -5849.0381256438 -0.1367481551 -0.0484142895 0.9894220528 -27.5224462758
-0.8795454151 -0.4622951783 -0.1126189632 608.5203760141 0.4633023660 -0.8860040791 0.0186464322 -5848.5701448684 -0.1084010165 -0.0357762482 0.9934632755 -27.6568913789
-0.8776875455 -0.4633806949 -0.1222411719 607.6005647063 0.4657729506 -0.8848481282 0.0099673682 -5848.0894630921 -0.1127835581 -0.0481883964 0.9924503753 -27.7717811876
-0.8653957482 -0.4407562014 -0.2383782078 606.6362450796 0.4405267809 -0.8959117532 0.0572563160 -5847.5954463371 -0.2388019144 -0.0554626121 0.9694831326 -27.9411276619
-0.8436244138 -0.4454586801 -0.2997739361 605.7058055210 0.4539100783 -0.8899106418 0.0449965609 -5847.1600115926 -0.2868161245 -0.0981102135 0.9529485278 -28.2373870521
-0.8564252864 -0.4474423011 -0.2575482789 604.8588216035 0.4604253392 -0.8876297854 0.0110395252 -5846.7061575542 -0.2335470740 -0.1091272251 0.9662023665 -28.5170234119
-0.8443006850 -0.4455029217 -0.2977977501 603.9402965109 0.4468215075 -0.8920574673 0.0677053576 -5846.1960378953 -0.2958156414 -0.0758987598 0.9522250178 -28.7881332048
-0.8252169254 -0.4653197512 -0.3201477084 603.0855015868 0.4592903988 -0.8827361087 0.0991427861 -5845.7307250075 -0.3287390389 -0.0652264635 0.9421656716 -29.1009468957
-0.8471371866 -0.4269474784 -0.3163454406 602.2162287386 0.4410915337 -0.8969806386 0.0293937566 -5845.3033213012 -0.2963053256 -0.1146367513 0.9481885726 -29.4164411265
-0.9000145364 -0.4015953971 -0.1693959009 601.3811879550 0.4142169848 -0.9090309528 -0.0456838746 -5844.8997396201 -0.1356396835 -0.1112828105 0.9844887061 -29.6439931662
-0.9262728940 -0.3727639737 -0.0553673714 600.4899934531 0.3767087600 -0.9199404554 -0.1086281214 -5844.5311625948 -0.0104420346 -0.1214766581 0.9925393622 -29.7376437776
-0.9223658137 -0.3853861648 -0.0268106256 599.5422667213 0.3862219890 -0.9183699660 -0.0861926953 -5844.1390740209 0.0085953989 -0.0898560486 0.9959176721 -29.7468442365
-0.9034295944 -0.4016599128 -0.1499475991 598.5342532612 0.4132647797 -0.9089385864 -0.0551621970 -5843.7276669479 -0.1141367155 -0.1118032228 0.9871539138 -29.8139200077
-0.8667656599 -0.4382543442 -0.2380134885 597.6022054551 0.4445949303 -0.8952504726 0.0293588007 -5843.2809611804 -0.2259483100 -0.0803723901 0.9708180263 -29.9942160493
-0.8548133155 -0.4512226328 -0.2563051528 596.7116600787 0.4578458910 -0.8882692246 0.0368093034 -5842.8378991593 -0.2442771701 -0.0858831784 0.9658947892 -30.2337729244
-0.8603178904 -0.4486970703 -0.2419174790 595.8350037352 0.4578085120 -0.8888155151 0.0204535218 -5842.3744777550 -0.2241974440 -0.0931553504 0.9700812269 -30.4830269147
-0.8714263462 -0.4737226185 -0.1272910206 594.9815744368 0.4772481664 -0.8787628541 0.0031676579 -5841.8994378042 -0.1133592117 -0.0579890257 0.9918603541 -30.6851919652
-0.8676000603 -0.4958912191 -0.0369057468 594.1419611869 0.4964184659 -0.8680612236 -0.0061982883 -5841.4101491824 -0.0289627710 -0.0236983295 0.9992995282 -30.7696565512
-0.8643143488 -0.4980207128 -0.0702572141 593.2562303527 0.4997058502 -0.8661614953 -0.0076372395 -5840.9206629555 -0.0570505901 -0.0417089166 0.9974996724 -30.8128918290
-0.8519176674 -0.4920425687 -0.1792495428 592.3464620187 0.5016692009 -0.8650036774 -0.0098311219 -5840.4120851299 -0.1502141832 -0.0982992814 0.9837545174 -30.9381627245
-0.8429898228 -0.5060803149 -0.1823482207 591.4499986923 0.5188667464 -0.8544159103 -0.0273998489 -5839.9083855806 -0.1419346968 -0.1177122218 0.9828521632 -31.1096890110
-0.8445815756 -0.5142373160 -0.1491373361 590.5818123654 0.5253509657 -0.8496748826 -0.0453757283 -5839.3813030938 -0.1033843558 -0.1166729476 0.9877748216 -31.2469845499
-0.8166744159 -0.5586800204 -0.1446358641 589.7286478514 0.5692588421 -0.8210399103 -0.0428699941 -5838.8553622256 -0.0948012077 -0.1173460719 0.9885558307 -31.3580950667
-0.8102213195 -0.5635647290 -0.1610472278 588.8892878996 0.5768522361 -0.8153922822 -0.0487537069 -5838.2935726386 -0.1038407970 -0.1324017462 0.9857417849 -31.4612648895
-0.8091788459 -0.5627967903 -0.1687879383 588.0562746908 0.5762987829 -0.8161926772 -0.0413427943 -5837.7129547369 -0.1144958873 -0.1307259979 0.9847849538 -31.5724844932
-0.8256297280 -0.5391219274 -0.1663823896 587.2358009404 0.5514619021 -0.8334238292 -0.0359790424 -5837.1521043146 -0.1192699576 -0.1214589160 0.9854046930 -31.6885347352
-0.8350276255 -0.5309187519 -0.1444096380 586.3951011580 0.5398904620 -0.8412334296 -0.0290621046 -5836.5944184639 -0.1060525988 -0.1022330464 0.9890911235 -31.7983727954
-0.8329215439 -0.5317487842 -0.1532479438 585.5340228888 0.5418580407 -0.8399091853 -0.0306989286 -5836.0497732148 -0.1123902376 -0.1086084295 0.9877108097 -31.9162996713
-0.8305910286 -0.5414212184 -0.1303134972 584.6798667300 0.5485459830 -0.8357800940 -0.0238524445 -5835.4917847394 -0.0959992074 -0.0912945718 0.9911858823 -32.0281981860
-0.8392364465 -0.5302329746 -0.1205619320 583.8222745612 0.5359728725 -0.8440235793 -0.0189017859 -5834.9394475167 -0.0917347632 -0.0804809927 0.9925258400 -32.1270888663
-0.8487489341 -0.5097046765 -0.1408062128 582.9340783029 0.5167421074 -0.8559874981 -0.0162171970 -5834.3961771012 -0.1122623766 -0.0865248278 0.9899043454 -32.2323202522
-0.8476140860 -0.5126635356 -0.1368446582 582.0370763599 0.5212231743 -0.8527520095 -0.0337700012 -5833.8979172672 -0.0993819091 -0.0999505359 0.9900167304 -32.3549657967
-0.8474876045 -0.5068921462 -0.1575598690 581.1760141289 0.5159878932 -0.8563528361 -0.0204037780 -5833.3796030201 -0.1245843258 -0.0985909338 0.9872986243 -32.4758381730
-0.8546746236 -0.4903678165 -0.1705012973 580.3142247748 0.4998294247 -0.8659962590 -0.0148669301 -5832.8716709571 -0.1403632216 -0.0979279533 0.9852452903 -32.6070512989
-0.8568823984 -0.4844276791 -0.1763019542 579.4018824083 0.4930003934 -0.8700111153 -0.0055920771 -5832.3656126476 -0.1506757029 -0.0917086852 0.9843202475 -32.7551573988
-0.8534207250 -0.4946109059 -0.1644175108 578.5481986996 0.5015088482 -0.8651523638 -0.0005124173 -5831.8701792573 -0.1419927509 -0.0828941440 0.9863907033 -32.8961505587
-0.8501956337 -0.4986600468 -0.1688358435 577.6764213385 0.5063219493 -0.8623402591 -0.0027131478 -5831.3711675698 -0.1442410067 -0.0877919998 0.9856404500 -33.0351631721
-0.8219499679 -0.5443024594 -0.1677291951 576.8213048740 0.5523126899 -0.8336359639 -0.0013312668 -5830.8616024201 -0.1391004775 -0.0937331977 0.9858322093 -33.1814828200
-0.8215030038 -0.5390625858 -0.1858610859 575.9715202325 0.5478659581 -0.8365527102 0.0047386835 -5830.3050987273 -0.1580370421 -0.0979341192 0.9825646043 -33.3120511020
-0.8220300768 -0.5355050701 -0.1936514206 575.1236627800 0.5462905071 -0.8375912549 -0.0027516651 -5829.7582434404 -0.1607272058 -0.1080518843 0.9810665399 -33.5010180840
-0.8089598301 -0.5480063400 -0.2127746332 574.2879526927 0.5608723706 -0.8279022691 -0.0001293638 -5829.2083198388 -0.1760857095 -0.1194440630 0.9771012940 -33.6761765999
-0.8025573440 -0.5556341290 -0.2171921369 573.4717944019 0.5664442465 -0.8239666947 0.0148257059 -5828.6494320251 -0.1871967553 -0.1111287571 0.9760162776 -33.8552318119
-0.7937742038 -0.5643203180 -0.2268591898 572.6416904114 0.5814894361 -0.8134787933 -0.0110584140 -5828.1128354106 -0.1783046523 -0.1406941061 0.9738647850 -34.0298267469
-0.7811558614 -0.5906760842 -0.2022307687 571.8162732069 0.6034861009 -0.7973706967 -0.0021208650 -5827.5101108831 -0.1600001447 -0.1237001841 0.9793356004 -34.2110278298
-0.7732047682 -0.6026239071 -0.1974811711 571.0280869864 0.6155578968 -0.7880740702 -0.0052664548 -5826.9108057645 -0.1524560988 -0.1256331423 0.9802925336 -34.3727998164
-0.7805082336 -0.5910324949 -0.2036847741 570.2160055568 0.6054237994 -0.7958315773 -0.0106828683 -5826.2797429539 -0.1557848528 -0.1316536765 0.9789782373 -34.5401614504
-0.7688417683 -0.5961274923 -0.2313316845 569.3886547419 0.6175705305 -0.7860550384 -0.0269094133 -5825.7240847981 -0.1657979951 -0.1635527120 0.9725027173 -34.6984343756
-0.7493942880 -0.6303117781 -0.2027689905 568.5865436229 0.6457702658 -0.7634113658 -0.0135591402 -5825.0863090635 -0.1462496662 -0.1411033271 0.9791327215 -34.8724466121
-0.7506969446 -0.6286407057 -0.2031377868 567.7967318666 0.6448615165 -0.7640743991 -0.0185455435 -5824.4387042053 -0.1435538989 -0.1449178241 0.9789745157 -35.0299835658
-0.7495193996 -0.6275336230 -0.2107657980 566.9955759310 0.6426082614 -0.7661845128 -0.0039893335 -5823.7759979933 -0.1589820494 -0.1384299258 0.9775284465 -35.1890176451
-0.7556437353 -0.6252337656 -0.1951545123 566.2198837211 0.6394837774 -0.7686880611 -0.0133851846 -5823.1250116336 -0.1416440743 -0.1349125756 0.9806811679 -35.3582352225
-0.7574575501 -0.6310945564 -0.1672654199 565.4327716130 0.6433519653 -0.7651066406 -0.0266472740 -5822.4785254882 -0.1111589340 -0.1277947155 0.9855517247 -35.5167369025
-0.7561767338 -0.6262613670 -0.1897193913 564.6288316965 0.6373650467 -0.7705553277 0.0032069132 -5821.8028544473 -0.1481976536 -0.1184955155 0.9818331163 -35.6819040415
-0.7600863974 -0.6235508574 -0.1829016041 563.8376731897 0.6350000198 -0.7724940825 -0.0052789578 -5821.1668960035 -0.1379987081 -0.1201549863 0.9831170509 -35.8315815119
-0.7723857813 -0.6103665423 -0.1757068266 563.0386427902 0.6222585960 -0.7826341197 -0.0166755631 -5820.5265892348 -0.1273359518 -0.1222150511 0.9843012936 -35.9735065588
-0.7815307094 -0.6001163865 -0.1704994810 562.2413984420 0.6122390319 -0.7902851438 -0.0247539766 -5819.9108975614 -0.1198879399 -0.1237324301 0.9850467845 -36.1050080690
-0.7895674067 -0.5899897711 -0.1688057470 561.4442696492 0.6021817011 -0.7978672969 -0.0280174120 -5819.3122259567 -0.1181545986 -0.1237733672 0.9852510565 -36.2306641926
-0.8065371532 -0.5617407066 -0.1842422296 560.6176299741 0.5753854399 -0.8174547739 -0.0264440591 -5818.7199185690 -0.1357549856 -0.1273384125 0.9825250697 -36.3677067924
-0.7972103334 -0.5734885032 -0.1885911476 559.7714840769 0.5883062680 -0.8080989681 -0.0295261390 -5818.1219757305 -0.1354674105 -0.1344878974 0.9816117288 -36.5148144204
-0.8101724079 -0.5521355370 -0.1968934185 558.9262090277 0.5618971477 -0.8271730419 0.0075069370 -5817.4842650150 -0.1670097746 -0.1045519370 0.9803961585 -36.6598487993
-0.8163151977 -0.5459841954 -0.1884960379 558.0765656115 0.5549942727 -0.8318330446 0.0059281677 -5816.9083206827 -0.1600339190 -0.0997749681 0.9820560577 -36.8231657738
-0.8069298724 -0.5568574117 -0.1969111579 557.2481655778 0.5662744016 -0.8241546411 0.0101207554 -5816.3626213441 -0.1679210623 -0.1033390083 0.9803690969 -36.9851229655
-0.8003763576 -0.5763886703 -0.1648447358 556.4183324159 0.5848603991 -0.8111262185 -0.0035455994 -5815.7721944896 -0.1316662438 -0.0992489719 0.9863131561 -37.1530078745
-0.7823143181 -0.5907484909 -0.1974855139 555.6092015911 0.5999047984 -0.7999043850 0.0163464903 -5815.1737357235 -0.1676261930 -0.1056844140 0.9801695078 -37.3259294373
-0.7928949008 -0.5733236812 -0.2064403858 554.8078778572 0.5798204990 -0.8140436288 0.0337810492 -5814.5274354680 -0.1874189562 -0.0929135459 0.9778758653 -37.5076580992
-0.7710058563 -0.5898098971 -0.2401546478 553.9693949612 0.6054758868 -0.7957932976 0.0105819663 -5813.9284996536 -0.1973548075 -0.1372490904 0.9706769633 -37.7315715778
-0.7592699110 -0.6180018065 -0.2039190263 553.1827085034 0.6334960733 -0.7736153043 -0.0142156995 -5813.3176575171 -0.1489695516 -0.1399754554 0.9788845410 -37.9206766248
-0.7363437655 -0.6526031373 -0.1786253177 552.3962657168 0.6633414385 -0.7483166856 -0.0005235312 -5812.6567170348 -0.1333266476 -0.1188750742 0.9839170299 -38.0803712881
-0.7555975540 -0.6316552663 -0.1734472857 551.6378251214 0.6425257066 -0.7662148560 -0.0086896915 -5811.9865978292 -0.1274089976 -0.1180102494 0.9848048174 -38.2149759272
-0.7421328273 -0.6493096057 -0.1662404961 550.8520414958 0.6616593170 -0.7493155375 -0.0270771774 -5811.3285202230 -0.1069851153 -0.1300894353 0.9857134086 -38.3457349007
-0.7580041879 -0.6258890854 -0.1835551796 550.0437472820 0.6515933233 -0.7392594277 -0.1700636337 -5810.7321336870 -0.0292539248 -0.2485122761 0.9681868913 -38.5262630778
-0.7614895680 -0.6254030890 -0.1703074108 549.2454724566 0.6402239247 -0.7667528708 -0.0469399770 -5810.0253149363 -0.1012272895 -0.1447791818 0.9842723324 -38.6690062763
-0.7483987106 -0.6586435051 -0.0780262976 548.5151778164 0.6625502763 -0.7478177379 -0.0423764364 -5809.3793564338 -0.0304384848 -0.0834108154 0.9960502671 -38.7503504142
-0.7235494924 -0.6841178302 -0.0919724226 547.7332259161 0.6859561694 -0.7274911689 0.0148570818 -5808.6443494815 -0.0770731198 -0.0523392167 0.9956507121 -38.7946325561
-0.7192040567 -0.6737009774 -0.1699191509 546.9858203766 0.6802333565 -0.7325588508 0.0253004106 -5807.9392803803 -0.1415206893 -0.0973885164 0.9851331744 -38.9187327499
-0.7234296131 -0.6756132863 -0.1421136244 546.2713347867 0.6833969330 -0.7299987635 -0.0083926874 -5807.2771796423 -0.0980725590 -0.1031915336 0.9898147708 -39.0598424965
-0.7027886111 -0.6914114762 -0.1674465252 545.5233691964 0.6990901731 -0.7148204789 0.0174531586 -5806.5663112796 -0.1317615194 -0.1047943392 0.9857266601 -39.1751746665
-0.6831993666 -0.6951821323 -0.2235182956 544.7758472511 0.7013462859 -0.7099183594 0.0642597087 -5805.8199518477 -0.2033519430 -0.1128615341 0.9725791800 -39.3610030032
-0.6802297726 -0.7017537370 -0.2117289519 544.0669636580 0.7162776283 -0.6977235962 0.0113200049 -5805.1305987021 -0.1556721415 -0.1439565072 0.9772628656 -39.5461718316
-0.6569931993 -0.7156900626 -0.2369549967 543.3436852758 0.7407660114 -0.6712404432 -0.0264949757 -5804.4160027362 -0.1400915862 -0.1929352267 0.9711592793 -39.7050426870
-0.5849179762 -0.7007221591 -0.4084842921 542.5995158512 0.7713334939 -0.6362990036 -0.0129699348 -5803.6856786302 -0.2508298274 -0.3226639643 0.9126731966 -39.9061734995
-0.5698111313 -0.6738000963 -0.4704345914 541.9311499988 0.7582981739 -0.6517354709 0.0149918455 -5802.9423231412 -0.3167004169 -0.3481871711 0.8823075086 -40.2072007383
-0.5466350443 -0.7006249217 -0.4586009676 541.3261760375 0.7809787623 -0.6241471060 0.0226398497 -5802.2149561356 -0.3020965096 -0.3457818809 0.8883538651 -40.5492488302
-0.6209635736 -0.7389566709 -0.2614331249 540.7978892474 0.7740486313 -0.6306462004 -0.0559829114 -5801.4805674881 -0.1235028610 -0.2371253012 0.9635967180 -40.8375570956
-0.5638273575 -0.6879447910 -0.4569799508 540.0388293986 0.7582520882 -0.6504937185 0.0437229117 -5800.6529853513 -0.3273415368 -0.3218538282 0.8884017287 -41.0559292235
-0.5026576751 -0.7868892698 -0.3579672315 539.2800711686 0.8608965428 -0.4179468501 -0.2901337158 -5800.3203081866 0.0786918309 -0.4540106911 0.8875144439 -41.5192907541
-0.3413518747 -0.9273067094 -0.1535615977 538.6881219841 0.9021768185 -0.2773961557 -0.3303458203 -5799.5767123515 0.2637344988 -0.2513038787 0.9312843147 -41.3553151736
-0.3708994831 -0.9048425974 -0.2090297764 538.2649889122 0.9267848627 -0.3749930503 -0.0212139199 -5798.4962385903 -0.0591894551 -0.2015938646 0.9776791509 -41.3448317204
-0.4324798714 -0.8768646887 -0.2099273173 537.8377194490 0.8996432301 -0.4351618321 -0.0357244788 -5797.5860338184 -0.0600268220 -0.2043098078 0.9770641141 -41.4182970305
-0.4867728001 -0.8505211487 -0.1991632913 537.3532096680 0.8707647738 -0.4905749688 -0.0332401677 -5796.6988691638 -0.0694330598 -0.1896047878 0.9794024069 -41.4953391615
-0.5306530603 -0.8245039942 -0.1964700818 536.8034925213 0.8437179085 -0.5359713636 -0.0295768196 -5795.8404591198 -0.0809161318 -0.1814603563 0.9800636299 -41.5858420020
-0.5651511796 -0.8046050175 -0.1822495817 536.2043650779 0.8206702984 -0.5708743317 -0.0245511434 -5794.9913275699 -0.0842876350 -0.1634419262 0.9829457418 -41.6835735391
-0.6037718954 -0.7772555811 -0.1770120332 535.5974357657 0.7923913829 -0.6094235773 -0.0268104399 -5794.1957684942 -0.0870367425 -0.1564501999 0.9838434532 -41.7757802745
-0.6389901063 -0.7573077925 -0.1348204416 534.9541291955 0.7665149755 -0.6415629009 -0.0291862375 -5793.4042466833 -0.0643928285 -0.1219916045 0.9904401103 -41.8606798084
-0.6800544273 -0.7273760704 -0.0919240345 534.3123991635 0.7288876542 -0.6842732895 0.0222002898 -5792.6307516541 -0.0790491210 -0.0519048885 0.9955185177 -41.9260927907
-0.6919748456 -0.7091457190 -0.1352152443 533.5804601770 0.7074820774 -0.7034067586 0.0684692790 -5791.8657258908 -0.1436660128 -0.0482833432 0.9884476696 -42.0199136189
-0.6872954872 -0.6610355552 -0.3010928562 532.8008928950 0.6757714103 -0.7339037943 0.0686893133 -5791.1819944754 -0.2663792679 -0.1562600890 0.9511176952 -42.2432049750
-0.6933026888 -0.6102253817 -0.3833488818 532.0361275441 0.6579180100 -0.7530377522 0.0088337925 -5790.5683796124 -0.2940667846 -0.2460876414 0.9235613672 -42.5576077937
-0.7597585361 -0.5700987634 -0.3126569475 531.2850295554 0.6110486208 -0.7903882206 -0.0436582606 -5789.9832021661 -0.2222308480 -0.2242183327 0.9488622605 -42.8483530184
-0.7435118571 -0.5319712375 -0.4052119454 530.4450981138 0.6010197695 -0.7972605301 -0.0561327336 -5789.4163801084 -0.2931984907 -0.2852757430 0.9124978879 -43.1375880665
-0.7365300107 -0.4789230368 -0.4776570612 529.6144487345 0.5478858567 -0.8365310620 -0.0060720956 -5788.8490071109 -0.3966669022 -0.2661738288 0.8785253904 -43.5611910005
-0.8026197442 -0.4719073903 -0.3648355263 528.8601718818 0.5297420432 -0.8450694615 -0.0723254648 -5788.3535879904 -0.2741804404 -0.2513185631 0.9282586202 -43.9142617950
-0.8209421297 -0.4903912238 -0.2925243020 528.0589546056 0.5383757850 -0.8354494074 -0.1103440155 -5787.8644825922 -0.1902775180 -0.2480740518 0.9498703759 -44.1547057486
-0.7962015315 -0.5350380445 -0.2824843574 527.2101894971 0.5831337657 -0.8030828008 -0.1225276555 -5787.3258841475 -0.1613013717 -0.2622828740 0.9514145056 -44.3390240263
-0.7325456963 -0.5958061163 -0.3292292130 526.3698012835 0.6587263844 -0.7423972990 -0.1221711951 -5786.7397692499 -0.1716285332 -0.3063679523 0.9363131551 -44.5288934021
-0.6436653323 -0.6547660974 -0.3962023444 525.6194892076 0.7305569751 -0.6799193558 -0.0632153123 -5786.0489470999 -0.2279943994 -0.3301378912 0.9159844576 -44.7499233683
-0.6380926332 -0.6964579894 -0.3283048286 524.9523103991 0.7496722543 -0.6592065372 -0.0586366133 -5785.2980687357 -0.1755827514 -0.2835366119 0.9427500661 -45.0037566047
-0.6369949595 -0.7385366371 -0.2209096131 524.3356511632 0.7638371403 -0.6433285812 -0.0517799164 -5784.5493664799 -0.1038761026 -0.2017225129 0.9739187764 -45.1774535308
-0.6097064042 -0.7590920951 -0.2281168380 523.6789240857 0.7824083200 -0.6224470252 -0.0199228913 -5783.7557753586 -0.1268673379 -0.1906276264 0.9734299084 -45.2973038673
-0.5931779017 -0.7635466322 -0.2552185680 523.0347916464 0.7930134141 -0.6088176989 -0.0216964205 -5782.9810482477 -0.1388153525 -0.2152615851 0.9666399267 -45.4350574260
-0.5623089499 -0.7588389563 -0.3285910578 522.3765801121 0.8081237865 -0.5885324628 -0.0237799471 -5782.1761805430 -0.1753413542 -0.2789139269 0.9441728819 -45.6105615619
-0.5419156414 -0.7707270581 -0.3351227230 521.7581375687 0.8221358137 -0.5689014159 -0.0210685272 -5781.3436283711 -0.1744137077 -0.2869337570 0.9419388927 -45.8155984104
-0.5416682854 -0.8028957939 -0.2489052284 521.1977131760 0.8349472235 -0.5481617008 -0.0488045474 -5780.5171849396 -0.0972553475 -0.2342586048 0.9672974224 -45.9709103549
-0.5648015200 -0.8187682120 -0.1030429915 520.6583185876 0.8239273589 -0.5524942438 -0.1260706858 -5779.7076068181 0.0462920103 -0.1561048548 0.9866551191 -46.0495779777
-0.5502409611 -0.8338572036 -0.0437841144 520.1235592796 0.8338391756 -0.5459452306 -0.0815845231 -5778.8541145390 0.0441261138 -0.0814000563 0.9957042316 -46.0241819532
-0.5336142648 -0.8257842920 -0.1825818160 519.5009398374 0.8416506765 -0.5396921420 -0.0188820202 -5777.9719548040 -0.0829454957 -0.1637458243 0.9830093335 -46.0362118050
-0.4956258435 -0.7895247953 -0.3619469862 518.8534326337 0.8341397005 -0.5488117976 0.0549233183 -5777.0991099007 -0.2420040978 -0.2746929347 0.9305792864 -46.2194020328
-0.4493040034 -0.8074121658 -0.3823761330 518.2275731763 0.8662323557 -0.4984393539 0.0346369238 -5776.3114642787 -0.2185575863 -0.3156640699 0.9233573395 -46.5233932024
-0.5205447420 -0.8009243444 -0.2958941806 517.7215198525 0.8390566635 -0.5440327397 -0.0035062168 -5775.5179936515 -0.1581679073 -0.2500971266 0.9552142903 -46.7376146222
-0.5424675006 -0.7920401304 -0.2800025760 517.1079289245 0.8186580971 -0.5731926267 0.0353430712 -5774.6748928596 -0.1884885427 -0.2100539086 0.9593484376 -46.9222152245
-0.5443789282 -0.7922653977 -0.2756213384 516.5519623422 0.8176494026 -0.5745521519 0.0365961638 -5773.8641408825 -0.1873527073 -0.2054394423 0.9605694137 -47.1324329200
-0.5331073519 -0.8115251313 -0.2392143655 515.9764280770 0.8336955955 -0.5520266076 0.0147742548 -5773.0319813870 -0.1440423738 -0.1915556990 0.9708543705 -47.3298609040
-0.5097844624 -0.8314416749 -0.2209627639 515.4139663028 0.8539149626 -0.5202644828 -0.0124138889 -5772.2300495997 -0.1046376535 -0.1950118180 0.9752032364 -47.4599403968
-0.5010262246 -0.8273384143 -0.2539367451 514.8316233742 0.8562484337 -0.5165226885 -0.0065522537 -5771.3612125486 -0.1257431591 -0.2207157912 0.9671986339 -47.5853450506
-0.5083765661 -0.8124616473 -0.2854108244 514.2692479436 0.8457980500 -0.5333731859 0.0117772299 -5770.4868535795 -0.1617990283 -0.2354126510 0.9583329057 -47.7376893107
-0.5281268534 -0.8010584289 -0.2817577332 513.7143788656 0.8341803163 -0.5514750545 0.0042970075 -5769.6371452303 -0.1588245154 -0.2327673899 0.9594759588 -47.9158359022
-0.5377464355 -0.7819952025 -0.3151385003 513.1301373468 0.8223716688 -0.5688889239 0.0083803651 -5768.8270060253 -0.1858322076 -0.2546544630 0.9490086907 -48.1004373031
-0.5514745042 -0.7764449524 -0.3049739448 512.5535583349 0.8151643246 -0.5792294061 0.0006472910 -5768.0031011250 -0.1771524627 -0.2482469153 0.9523604748 -48.3009511820
-0.5702389706 -0.7603190675 -0.3110344547 511.9840183772 0.8030398664 -0.5957088066 -0.0160620871 -5767.2027911349 -0.1730736527 -0.2589322949 0.9502628991 -48.4897747717
-0.5854013074 -0.7706864197 -0.2516897927 511.4053436000 0.8044338109 -0.5908029680 -0.0619523749 -5766.4165311479 -0.1009532225 -0.2387347804 0.9658230436 -48.6412079671
-0.6006735876 -0.7719714293 -0.2079695974 510.7887797461 0.7970957707 -0.5983897318 -0.0810435756 -5765.6168948240 -0.0618835468 -0.2144524219 0.9747720684 -48.7378905802
-0.5681832478 -0.7940016799 -0.2161692143 510.1683485172 0.8154367652 -0.5785590438 -0.0182295012 -5764.7817330864 -0.1105923993 -0.1866300221 0.9761857180 -48.8434000582
-0.5515178329 -0.8053043736 -0.2175153922 509.5647008937 0.8224361994 -0.5685224374 0.0195175844 -5763.9184749870 -0.1393799770 -0.1681282367 0.9758617310 -48.9829616450
-0.5485003708 -0.8101027730 -0.2070768951 509.0015365441 0.8257596145 -0.5637312927 0.0181132168 -5763.0958616638 -0.1314092929 -0.1610606309 0.9781569766 -49.1350225085
-0.5343093938 -0.8231925989 -0.1920088980 508.4548394522 0.8335873926 -0.5508043720 0.0417923761 -5762.2614138358 -0.1401625152 -0.1377261375 0.9805029222 -49.2743324631
-0.5214022913 -0.8302710363 -0.1969508997 507.9112743550 0.8387504261 -0.5411234449 0.0606888793 -5761.4065821723 -0.1569629680 -0.1335493303 0.9785331895 -49.4310934176
-0.5358003986 -0.8312092996 -0.1483544170 507.3838007049 0.8406838085 -0.5415219883 -0.0021610889 -5760.5948392876 -0.0785408617 -0.1258770686 0.9889318969 -49.5829040483
-0.5135168810 -0.8328902919 -0.2063835616 506.8195010086 0.8465453452 -0.5310455912 0.0367635489 -5759.7251880625 -0.1402190834 -0.1558343404 0.9777802754 -49.7482121427
-0.5104009396 -0.8406298004 -0.1811971839 506.3007958489 0.8459826022 -0.5286503080 0.0695865551 -5758.8643343760 -0.1542864790 -0.1177726221 0.9809818000 -49.8925289799
-0.4961053482 -0.8505959704 -0.1742583675 505.7672033708 0.8543897098 -0.5139789944 0.0764448630 -5758.0128587991 -0.1545888329 -0.1109598507 0.9817281723 -50.0524907557
-0.4858478336 -0.8614922175 -0.1475907919 505.2740787856 0.8640585847 -0.4988513912 0.0674540706 -5757.1529672805 -0.1317370288 -0.0947546767 0.9867456139 -50.2052617782
-0.4775364223 -0.8740505239 -0.0894127905 504.8026872952 0.8685981370 -0.4849635244 0.1017234309 -5756.2425474572 -0.1322733601 -0.0290871399 0.9907864031 -50.3413079128
-0.4686283409 -0.8798259378 -0.0793334563 504.3276942720 0.8710164430 -0.4751759120 0.1246523510 -5755.3565450356 -0.1473697191 -0.0106851205 0.9890237581 -50.4804862435
-0.4553140064 -0.8778681872 -0.1484473017 503.8181994464 0.8605211618 -0.4766925125 0.1796317866 -5754.4658405831 -0.2284567481 -0.0459531761 0.9724689300 -50.6607133222
-0.4643618641 -0.8599589710 -0.2117513340 503.3044052102 0.8331599956 -0.5052575928 0.2248537003 -5753.5680849355 -0.3003539260 -0.0720092570 0.9511057702 -50.9540506404
-0.4854594145 -0.8616870054 -0.1477317216 502.8555567209 0.8431369451 -0.5061304777 0.1815269441 -5752.7354212439 -0.2311909357 -0.0364341085 0.9722259547 -51.2220585491
-0.4793106104 -0.8751709599 -0.0658568881 502.3971923429 0.8658055202 -0.4837954124 0.1277607144 -5751.8697877217 -0.1436737274 0.0042178087 0.9896161226 -51.4185133996
-0.5015892612 -0.8649344660 -0.0172215720 501.9187503959 0.8641940674 -0.5018750380 0.0359174071 -5751.0124819396 -0.0397092805 0.0031330054 0.9992063637 -51.5234521541
-0.5014489953 -0.8631005976 -0.0600521734 501.3937347985 0.8649569526 -0.5017077315 -0.0117822871 -5750.1703458836 -0.0199593407 -0.0578507609 0.9981257006 -51.5454907993
-0.5096745894 -0.8342808454 -0.2102552827 500.8033105691 0.8504439421 -0.5255300604 0.0237330358 -5749.2596761919 -0.1302954885 -0.1667142062 0.9773584087 -51.6144712155
-0.5164203371 -0.7960699785 -0.3155671479 500.1970734187 0.8277310296 -0.5584901141 0.0543151462 -5748.4268228096 -0.2194797897 -0.2331552742 0.9473474759 -51.8130727069
-0.5378867429 -0.7877116586 -0.3003134941 499.6496739613 0.8255061385 -0.5643901899 0.0018245082 -5747.6326758289 -0.1709311764 -0.2469292541 0.9538388105 -52.0249361931
-0.5198417704 -0.8089158215 -0.2746265236 499.0875459819 0.8429879382 -0.5378078995 -0.0115758061 -5746.7875847380 -0.1383324611 -0.2375244345 0.9614812912 -52.1971299883
-0.5165623039 -0.8155359218 -0.2608918288 498.5441929689 0.8492927480 -0.5267641820 -0.0349474566 -5745.9716714275 -0.1089275646 -0.2396260769 0.9647352637 -52.3484063851
-0.4918420357 -0.8202591844 -0.2920039080 498.0022619675 0.8559006866 -0.5170291290 0.0107188824 -5745.1035402436 -0.1597667880 -0.2446543484 0.9563570585 -52.5097517046
-0.4620540446 -0.8308150826 -0.3102456420 497.4712925840 0.8639327961 -0.5006887199 0.0541380607 -5744.2345627404 -0.2003152107 -0.2430166751 0.9491136455 -52.7001133766
-0.4500405640 -0.8432121306 -0.2940353611 496.9945025192 0.8714094576 -0.4866459705 0.0618163131 -5743.3695179233 -0.1952153887 -0.2284053461 0.9537934524 -52.9111859091
-0.5036150354 -0.8181798865 -0.2774050639 496.4950717860 0.8463559348 -0.5316784091 0.0316180473 -5742.4879033498 -0.1733595334 -0.2188600981 0.9602326435 -53.1073303294
-0.4727647430 -0.8352713817 -0.2807404792 495.9484495698 0.8649499922 -0.5007525808 0.0332920972 -5741.6375960000 -0.1683894555 -0.2270871455 0.9592061403 -53.3014145528
-0.4442334483 -0.8590284604 -0.2544145194 495.4731021852 0.8804121817 -0.4711691401 0.0536099970 -5740.7387482867 -0.1659247835 -0.2001742883 0.9656082127 -53.4961168308
-0.4363542315 -0.8712916177 -0.2246016507 495.0243276110 0.8899569183 -0.4547052530 0.0349258712 -5739.8585825316 -0.1325581692 -0.1846457412 0.9738245643 -53.6604275275
-0.4179179864 -0.8805031441 -0.2237381727 494.5821527528 0.8950596209 -0.4412424537 0.0646016419 -5738.9365843739 -0.1556047291 -0.1732608159 0.9725059681 -53.8122340392
-0.3812691330 -0.8997813547 -0.2121965175 494.1282630987 0.9163071053 -0.3982395949 0.0422671714 -5738.0178156837 -0.1225362679 -0.1783220089 0.9763125136 -53.9795881554
-0.3797588241 -0.9005468730 -0.2116567148 493.7101039947 0.9231279874 -0.3837795976 -0.0234081044 -5737.1239712472 -0.0601494336 -0.2042756714 0.9770637112 -54.1088852813
-0.3887776047 -0.9005446772 -0.1946053915 493.2801533453 0.9210783065 -0.3749487322 -0.1050152441 -5736.2084468247 0.0216038743 -0.2200743795 0.9752438362 -54.1395264774
-0.3807072853 -0.8993680596 -0.2149396575 492.8398901005 0.9239303568 -0.3605185902 -0.1279806310 -5735.2646025624 0.0376119494 -0.2473124331 0.9682055059 -54.1106667133
-0.3128505973 -0.8747170682 -0.3701277540 492.3312070637 0.9495293208 -0.2973788918 -0.0997991163 -5734.3434659293 -0.0227721908 -0.3826693680 0.9236046676 -54.1013439772
-0.2328630369 -0.8274631586 -0.5109594183 491.8658526602 0.9598170865 -0.2801545198 0.0162666974 -5733.3452879882 -0.1566076833 -0.4866396677 0.8594509104 -54.2226014687
-0.2370836841 -0.8496458242 -0.4710555170 491.4409177152 0.9456918878 -0.3128408129 0.0883033358 -5732.4134212190 -0.2223919514 -0.4245381010 0.8776726159 -54.5165609936
-0.2460245157 -0.8799221830 -0.4064589642 491.0824111285 0.9595687983 -0.2802762853 0.0259408030 -5731.4979535889 -0.1367466966 -0.3836432663 0.9133007091 -54.7743125453
-0.2917210718 -0.8640807885 -0.4101989850 490.6611639110 0.9462165591 -0.3234255997 0.0083728595 -5730.5621020212 -0.1399036797 -0.3856945325 0.9119576130 -54.9825920345
-0.2681661153 -0.8488627888 -0.4555424245 490.2581817722 0.9408822702 -0.3323530329 0.0654371084 -5729.5810456859 -0.2069480327 -0.4110637753 0.8878057695 -55.1828061220
-0.2187546438 -0.8420781643 -0.4930017961 489.8120236801 0.9438783425 -0.3107424020 0.1119501415 -5728.7127082899 -0.2474673320 -0.4408441049 0.8627956854 -55.5175215075
-0.2825071843 -0.8565826041 -0.4318054344 489.4526861399 0.9277294614 -0.3584450648 0.1040921802 -5727.8125362056 -0.2439420777 -0.3711918344 0.8959402239 -55.8423006308
-0.3221910503 -0.8889202513 -0.3255974724 489.1509300563 0.9068513233 -0.3885152687 0.1633296156 -5726.8533705306 -0.2716865924 -0.2426451583 0.9312946487 -56.1294547503
-0.3269463979 -0.9261688192 -0.1879291658 488.8768059002 0.8956908445 -0.3671058243 0.2509406798 -5725.8936005053 -0.3014033244 -0.0862822819 0.9495848587 -56.4190954601
-0.3682499962 -0.9270441644 -0.0705766071 488.5646294670 0.9142807333 -0.3748668744 0.1535108047 -5724.9852585507 -0.1687681278 -0.0079964788 0.9856233436 -56.6676431847
-0.3709040059 -0.9284757123 -0.0190543993 488.2064795685 0.9148440123 -0.3688320701 0.1643877649 -5724.0132340143 -0.1596579206 0.0435402774 0.9862117382 -56.8566801598
-0.3452440309 -0.9370682503 -0.0520543308 487.8141527524 0.9228152263 -0.3490488309 0.1630244517 -5723.0802090957 -0.1709345410 0.0082466897 0.9852478748 -57.0342405121
-0.3307789849 -0.9247430668 -0.1882432563 487.3954617577 0.9166190952 -0.3622773175 0.1690105899 -5722.1448089620 -0.2244876332 -0.1166422119 0.9674708765 -57.2583290286
-0.2880281933 -0.9202438210 -0.2649359729 486.9820443444 0.9304431352 -0.3343751832 0.1498959942 -5721.2390776249 -0.2265288769 -0.2033335849 0.9525440258 -57.5646659229
-0.2922660294 -0.8890238679 -0.3524445068 486.5861132253 0.9161825217 -0.3659559955 0.1633578782 -5720.2946880031 -0.2742082330 -0.2751595386 0.9214646349 -57.8756330680
-0.3411846353 -0.8553669432 -0.3897953786 486.1954269325 0.9063530671 -0.4093040922 0.1048536020 -5719.3824214050 -0.2492331486 -0.3175177989 0.9149127199 -58.1668038775
-0.3477543728 -0.8686675409 -0.3528223343 485.7842654488 0.9180984033 -0.3918198370 0.0597707056 -5718.4986878848 -0.1901636614 -0.3031400975 0.9337793439 -58.4601598067
-0.3853806070 -0.8756490961 -0.2910677725 485.3810738603 0.9187007836 -0.3936442925 -0.0321409567 -5717.6463114067 -0.0864329677 -0.2797906921 0.9561623872 -58.6264981855
-0.3742053689 -0.9108655268 -0.1740526758 485.0230892019 0.9235860408 -0.3829489858 0.0184092234 -5716.7006442728 -0.0834216227 -0.1538637915 0.9845642521 -58.7522353454
-0.3404114894 -0.9256928568 -0.1649628832 484.6379528118 0.9221285924 -0.3629659624 0.1339200106 -5715.6951756377 -0.1838447088 -0.1065290810 0.9771656348 -58.9022030348
-0.3229849566 -0.9343642912 -0.1504795305 484.3014210164 0.8880007948 -0.3541888400 0.2932658421 -5714.6700010999 -0.3273153010 -0.0389054874 0.9441139003 -59.1125436562
-0.1584577275 -0.9624282530 -0.2205062503 483.9203850302 0.9383881021 -0.2162586515 0.2695551253 -5713.7410271515 -0.3071138527 -0.1642073491 0.9373990762 -59.4963882594
-0.1803463754 -0.9635850526 -0.1974310798 483.7514189296 0.9685168294 -0.2089865498 0.1352766540 -5712.8048822239 -0.1716110020 -0.1668186692 0.9709383068 -59.7716281262
-0.2213432072 -0.9694235694 -0.1059487033 483.5831193075 0.9743548378 -0.2243546480 0.0172523011 -5711.8582506820 -0.0404948714 -0.0994129519 0.9942219221 -59.9053103564
-0.2790844486 -0.9585345933 -0.0576481047 483.3476116618 0.9599485263 -0.2800337678 0.0089395581 -5710.8827451965 -0.0247122917 -0.0528443215 0.9982969400 -59.9464901069
-0.2739989195 -0.9325187207 -0.2352305840 482.9418607640 0.9594687355 -0.2818147968 -0.0004073578 -5709.9114054560 -0.0659115905 -0.2258080066 0.9719395076 -59.9776262359
-0.2523883959 -0.9274752570 -0.2758436971 482.5735214493 0.9512312483 -0.2900712071 0.1049657426 -5708.9417905389 -0.1773674433 -0.2358990089 0.9554540531 -60.1412079404
-0.2871003896 -0.9130047952 -0.2898199619 482.2679854820 0.9211869429 -0.3461173720 0.1778127697 -5707.9724162946 -0.2626556349 -0.2159282492 0.9404185284 -60.4072889122
-0.3394874685 -0.9202368259 -0.1947111785 481.9736727156 0.9288391303 -0.3606245481 0.0848987951 -5707.0569408153 -0.1483446285 -0.1520332847 0.9771794879 -60.6523227082
-0.3238089312 -0.9427038318 -0.0803570879 481.6475955469 0.9440910335 -0.3275088924 0.0378159464 -5706.1220101211 -0.0619668984 -0.0636192650 0.9960485393 -60.7950172452
-0.3386705510 -0.9399135330 -0.0431834281 481.3268289569 0.9365940552 -0.3411519787 0.0800431337 -5705.1386534101 -0.0899657366 -0.0133370899 0.9958555559 -60.8701061860
-0.3389252843 -0.9154671863 -0.2169089267 480.8886357599 0.9091002930 -0.3780337290 0.1750061627 -5704.1695180172 -0.2422112897 -0.1378779554 0.9603766764 -61.0466167198
-0.3379513683 -0.8561413075 -0.3909103916 480.4168600855 0.8696810299 -0.4428496578 0.2180346003 -5703.2857199453 -0.3597829609 -0.2662822604 0.8942315018 -61.3842484015
-0.3657853849 -0.8623480685 -0.3500812206 480.0208025948 0.8549044834 -0.4600038812 0.2398640315 -5702.4417420851 -0.3678850044 -0.2115472479 0.9054879267 -61.7587469022
-0.3972695188 -0.8897977965 -0.2245814123 479.6460050811 0.8943776667 -0.4302230179 0.1224611946 -5701.6151374762 -0.2055857941 -0.1522104996 0.9667297684 -62.0651752484
-0.4198457397 -0.9006849434 -0.1117863479 479.2756260521 0.9018527532 -0.4278463116 0.0600761617 -5700.7460093945 -0.1019370710 -0.0755921051 0.9919146471 -62.2456850431
-0.3886141021 -0.9046227022 -0.1750338431 478.8156053795 0.9117137925 -0.4049998843 0.0689423982 -5699.8364850439 -0.1332555448 -0.1327887807 0.9821456610 -62.3636230293
-0.3748294513 -0.8888235042 -0.2636202968 478.3501544586 0.8961164224 -0.4202399208 0.1427367033 -5698.9072035320 -0.2376515095 -0.1827325570 0.9540076376 -62.5454112977
-0.3855303580 -0.8754840135 -0.2913658957 477.9068595722 0.8829009184 -0.4417641961 0.1591551550 -5697.9829816132 -0.2680528145 -0.1958880730 0.9432791482 -62.8287189538
-0.3413505892 -0.8933048992 -0.2923801162 477.4953390360 0.8894670009 -0.4075550532 0.2067542817 -5697.0631360611 -0.3038556066 -0.1894867692 0.9336843871 -63.1308399133
-0.2894121820 -0.9228161196 -0.2542656060 477.1700853152 0.9205788093 -0.3411157735 0.1901964378 -5696.1513978875 -0.2622503476 -0.1790263627 0.9482480249 -63.4281061845
-0.2670892872 -0.9418535867 -0.2038998134 476.8990535758 0.9308272777 -0.3069144760 0.1984038396 -5695.2030275642 -0.2494471723 -0.1368039681 0.9586765787 -63.6905413283
-0.2623351382 -0.9360054713 -0.2346785739 476.5677667328 0.9334213786 -0.3078218035 0.1843102470 -5694.2460230552 -0.2447545815 -0.1707029439 0.9544399928 -63.9657650344
-0.1985772640 -0.9489185751 -0.2451950410 476.2618315330 0.9540721567 -0.2444161819 0.1732254307 -5693.2912890105 -0.2243064646 -0.1995351294 0.9538722881 -64.2188092393
-0.1948353355 -0.9492369400 -0.2469583442 476.0434523243 0.9591621955 -0.2370297502 0.1543527785 -5692.3387455860 -0.2050538338 -0.2067997323 0.9566539583 -64.4370394313
-0.1807074931 -0.9536798278 -0.2404986237 475.8318377857 0.9671006139 -0.2168101081 0.1330780961 -5691.3589563497 -0.1790564284 -0.2085381575 0.9614835580 -64.6414743282
-0.1503536191 -0.9539107130 -0.2597077991 475.6040064201 0.9778087420 -0.1822498862 0.1033201000 -5690.3668252663 -0.1458898671 -0.2384100053 0.9601441642 -64.8179275791
-0.1388324643 -0.9655703493 -0.2199987441 475.4418060934 0.9839369383 -0.1596652504 0.0798442818 -5689.3652319117 -0.1122214257 -0.2053799123 0.9722270533 -64.9702812200
-0.1327853005 -0.9692876562 -0.2070012161 475.2748846640 0.9878419963 -0.1464601557 0.0521307313 -5688.3556669791 -0.0808471047 -0.1975622998 0.9769508091 -65.0849266695
-0.1325811403 -0.9711314001 -0.1983079547 475.1269424267 0.9882148192 -0.1449567919 0.0491833255 -5687.3284067293 -0.0765095567 -0.1894500782 0.9789049778 -65.1742509323
-0.1400670905 -0.9687697262 -0.2046128729 474.9600524849 0.9863023162 -0.1546937504 0.0572501927 -5686.2949848954 -0.0871145862 -0.1937912825 0.9771673284 -65.2662813387
-0.1005033391 -0.9781694050 -0.1818892356 474.8140972087 0.9902789841 -0.1160158351 0.0767323904 -5685.2873151051 -0.0961593082 -0.1724092260 0.9803205834 -65.3468798442
-0.1274911882 -0.9726162636 -0.1943285898 474.6807019990 0.9870853398 -0.1435817649 0.0710408949 -5684.3009766656 -0.0969975716 -0.1827618140 0.9783606648 -65.4441295884
-0.2232043366 -0.9376513551 -0.2664390370 474.4217033540 0.9746430580 -0.2102359950 -0.0766272530 -5683.3618136379 0.0158345716 -0.2767864929 0.9608009699 -65.5783338431
-0.1817060036 -0.9657781905 -0.1850821844 474.2522239970 0.9755107550 -0.2007580913 0.0898607577 -5682.3210047925 -0.1239423060 -0.1642214223 0.9786059622 -65.6897117902
-0.1852052046 -0.9651512292 -0.1848841178 474.0512375175 0.9740337588 -0.2052245640 0.0956091784 -5681.3398214321 -0.1302200785 -0.1623760548 0.9780985370 -65.8154552025
-0.1927326036 -0.9593828642 -0.2060064644 473.8392902163 0.9675484058 -0.2207689659 0.1229274021 -5680.3459738650 -0.1634142773 -0.1756291079 0.9707987384 -65.9581648664
-0.2075516709 -0.9558704115 -0.2079280173 473.6063222574 0.9659994052 -0.2337730749 0.1104323261 -5679.3703963713 -0.1541669650 -0.1779379273 0.9718902412 -66.1338816365
-0.1933178563 -0.9575292726 -0.2139296578 473.3717840430 0.9690842486 -0.2204197860 0.1108640478 -5678.3771041136 -0.1533099004 -0.1858838616 0.9705376162 -66.3090609844
-0.1819649577 -0.9715805705 -0.1513933589 473.1394968829 0.9776403763 -0.1952620090 0.0780515371 -5677.4058785532 -0.1053947284 -0.1338056157 0.9853872378 -66.4463819315
-0.1697359928 -0.9652866593 -0.1985229409 472.9291954606 0.9826093842 -0.1811605024 0.0407390541 -5676.4148479216 -0.0752893812 -0.1881556209 0.9792491876 -66.5700681661
-0.1710861913 -0.9616227844 -0.2145020644 472.7065122879 0.9842666304 -0.1765692209 0.0065200158 -5675.4101780736 -0.0441442581 -0.2100117395 0.9767017732 -66.6443526292
-0.1579364079 -0.9510927225 -0.2654782935 472.4727564120 0.9874463027 -0.1514601433 -0.0448288329 -5674.4393222326 0.0024269963 -0.2692256642 0.9630740633 -66.6729034919
-0.0613057618 -0.9550708223 -0.2899678049 472.1981718081 0.9979724074 -0.0636325010 -0.0014067550 -5673.4085405627 -0.0171078260 -0.2894661105 0.9570353667 -66.7117409995
-0.0517576179 -0.9513081884 -0.3038649037 472.0645344854 0.9936294378 -0.0795563206 0.0798206246 -5672.3641952265 -0.1001083875 -0.2977977880 0.9493654661 -66.7907237176
-0.0772620091 -0.9325997681 -0.3525453936 471.9178964695 0.9893248931 -0.1155351923 0.0888137107 -5671.3617581124 -0.1235590458 -0.3419200081 0.9315706469 -66.9158845552
-0.0794889320 -0.9527001917 -0.2933323275 471.7823255215 0.9902483019 -0.1092412323 0.0864560796 -5670.3510650457 -0.1144107085 -0.2835995378 0.9520932160 -67.0764589971
-0.0719601772 -0.9580227111 -0.2775143563 471.6415769529 0.9937631355 -0.0926293668 0.0620856739 -5669.3632856441 -0.0851854647 -0.2713158408 0.9587132789 -67.2047887034
-0.0947662532 -0.9359547415 -0.3391284109 471.4750258279 0.9950892040 -0.0792809553 -0.0592621814 -5668.3727567128 0.0285802953 -0.3430790754 0.9388716178 -67.3127088658
-0.0380410203 -0.9112898004 -0.4100046102 471.2945621190 0.9949944512 -0.0724847695 0.0687895363 -5667.3281635010 -0.0924062925 -0.4053354879 0.9094856895 -67.4317068683
-0.0307998383 -0.9226857962 -0.3843205583 471.2083508206 0.9906133639 -0.0794104145 0.1112616257 -5666.3241854960 -0.1331785765 -0.3772862410 0.9164707083 -67.5707123469
-0.0891051034 -0.9544136643 -0.2848768820 471.1529916901 0.9894366357 -0.1176539774 0.0846917089 -5665.3402330374 -0.1143478225 -0.2743211602 0.9548154149 -67.7253250893
-0.1383754445 -0.9691199786 -0.2041046385 471.0472942519 0.9901233387 -0.1400600939 -0.0062405335 -5664.3566083725 -0.0225390891 -0.2029523027 0.9789291866 -67.8242951858
-0.1607363666 -0.9738075984 -0.1608184748 470.8961006118 0.9858703148 -0.1661916942 0.0209772059 -5663.3406732840 -0.0471544573 -0.1551743605 0.9867610526 -67.8648825846
-0.1568352567 -0.9648557771 -0.2108459905 470.6580824216 0.9849824456 -0.1684157369 0.0380226435 -5662.3078105258 -0.0721961501 -0.2017163083 0.9767795283 -67.9378423267
-0.1211903224 -0.9542745339 -0.2732636452 470.3842236814 0.9858747996 -0.1477754473 0.0788244673 -5661.3240886994 -0.1156018392 -0.2598509788 0.9587041690 -68.0638904675
-0.1610407222 -0.9465289501 -0.2795511267 470.1999988199 0.9759982846 -0.1948070716 0.0973527264 -5660.3248741326 -0.1466057103 -0.2571636667 0.9551825031 -68.2093045671
-0.1404489371 -0.9668773657 -0.2131249770 470.0343183415 0.9867795922 -0.1542805802 0.0496340515 -5659.3645985066 -0.0808710861 -0.2033363281 0.9757633961 -68.3606070327
-0.1281630712 -0.9610369403 -0.2449126917 469.8110761392 0.9890214935 -0.1421676189 0.0403094720 -5658.3699542417 -0.0735575459 -0.2370577304 0.9687068287 -68.4570239725
-0.1196098429 -0.9709987555 -0.2070142564 469.6784200528 0.9907177842 -0.1302979458 0.0387390940 -5657.3705262456 -0.0645891444 -0.2004591285 0.9775706523 -68.5572114449
-0.0848179614 -0.9749497390 -0.2056183841 469.5393199116 0.9950451902 -0.0936234439 0.0334622201 -5656.3586773976 -0.0518746840 -0.2017613868 0.9780599981 -68.6245574686
-0.0747936653 -0.9761964424 -0.2035839226 469.4380990660 0.9959043433 -0.0835231845 0.0346181537 -5655.3217936798 -0.0507980960 -0.2001608942 0.9784452820 -68.6800412885
-0.0742707460 -0.9771351114 -0.1992255768 469.3411462538 0.9960232823 -0.0825428650 0.0335305314 -5654.3197668979 -0.0492085094 -0.1959429753 0.9793798410 -68.7348883524
-0.0727993854 -0.9714335158 -0.2258698160 469.1860576142 0.9962154686 -0.0816104558 0.0299077507 -5653.3197416558 -0.0474867301 -0.2228377387 0.9736982863 -68.7927337538
-0.0694553623 -0.9821831611 -0.1746201327 469.0989902336 0.9971611390 -0.0734564446 0.0165473173 -5652.3258777425 -0.0290794705 -0.1729751105 0.9844968235 -68.8475751890
-0.0661290922 -0.9883526441 -0.1370620079 469.0359710862 0.9949654678 -0.0756820627 0.0656958391 -5651.2827832352 -0.0753037918 -0.1320275586 0.9883815370 -68.8836645973
-0.0657975099 -0.9921337505 -0.1064955814 468.9732612309 0.9909053849 -0.0775219129 0.1099857769 -5650.2359775191 -0.1173763425 -0.0982902548 0.9882114248 -68.9783640109
-0.0469677932 -0.9983568541 -0.0328270959 468.9372606623 0.9953919669 -0.0495281278 0.0821084451 -5649.2523606901 -0.0835993936 -0.0288193751 0.9960826196 -69.0768029303
-0.0176932816 -0.9948805472 -0.0994969580 468.8880462926 0.9885786241 -0.0323028595 0.1472033603 -5648.2111792556 -0.1496637958 -0.0957560553 0.9840891860 -69.2428364458
0.9960909748 0.0220750461 0.0855304751 670.9213225974 -0.0099687123 0.9901769061 -0.1394644020 -5511.0756429153 -0.0877689843 0.1380666034 0.9865263394 -0.0786837247
-0.1214944688 -0.9892547797 0.0813269623 671.2787815703 0.9796614283 -0.1326906777 -0.1505213274 -5510.2431258281 0.1596952724 0.0613853793 0.9852559339 0.0173863348
-0.1242286346 -0.9901875637 0.0639987109 671.0544136740 0.9798298346 -0.1325923231 -0.1495084317 -5509.2669280095 0.1565271275 0.0441346180 0.9866870800 0.1833956169
0.5660679786 -0.8223466347 0.0575591518 671.4095170550 0.8180972421 0.5518080371 -0.1619407076 -5508.3551910352 0.1014097933 0.1387584323 0.9851203740 0.3065279978
0.8477911350 -0.5269601105 0.0596928257 672.2044141069 0.5294493251 0.8345192300 -0.1525157921 -5507.7132970909 0.0305549277 0.1609058628 0.9864966800 0.3595451790
0.7121179792 -0.6997812996 0.0565165150 673.0233615714 0.6988667947 0.6989096202 -0.1520215314 -5507.1116573648 0.0668818888 0.1477547814 0.9867600202 0.4016526049
0.6874802947 -0.7243363773 0.0520351517 673.7289489352 0.7233858189 0.6767476298 -0.1368415234 -5506.3649234582 0.0639046277 0.1317173416 0.9892253234 0.4675777948
0.7030547553 -0.7088339524 0.0571702629 674.4314762534 0.7091443849 0.6928047376 -0.1309039221 -5505.6475703778 0.0531813155 0.1325745958 0.9897452825 0.5244976630
0.6978737279 -0.7147071464 0.0465398188 675.1464159297 0.7141499275 0.6894474529 -0.1210458204 -5504.9283449827 0.0544255534 0.1177111062 0.9915553210 0.5740753024
0.6986608037 -0.7146697392 0.0334700636 675.8652103619 0.7133712212 0.6922989047 -0.1087369636 -5504.1933577665 0.0545397291 0.0998468345 0.9935069338 0.6282582078
0.7058519248 -0.7083445010 -0.0045965335 676.5542479208 0.7045519884 0.7027150825 -0.0989848903 -5503.4813091830 0.0733454561 0.0666301785 0.9950783202 0.6823603976
0.7052083336 -0.7070786335 -0.0521633222 677.2533304647 0.7019464615 0.7066524296 -0.0889579050 -5502.7565387302 0.0997615723 0.0261179965 0.9946685272 0.7621861807
0.7133068496 -0.6999412323 -0.0357156776 677.9710021909 0.6998275003 0.7140930671 -0.0176794028 -5502.0170573431 0.0378788607 -0.0123839743 0.9992055990 0.8348000324
0.7086698226 -0.7053905580 -0.0145342074 678.7087211325 0.7052983966 0.7088159077 -0.0115836424 -5501.2966225578 0.0184730694 -0.0020419754 0.9998272731 0.8554023629
0.7045066104 -0.7096971660 -0.0006070928 679.4276391239 0.7091554803 0.7040017951 -0.0384704727 -5500.5940639983 0.0277297799 0.0266721792 0.9992595530 0.8677506281
0.7030651130 -0.7107571617 0.0228845787 680.1503962688 0.7110815105 0.7022996714 -0.0337380642 -5499.8739389982 0.0079077386 0.0399928567 0.9991686740 0.8860370749
0.7114531179 -0.7016609643 0.0388117540 680.8730920151 0.7026449396 0.7111547324 -0.0234315059 -5499.1498864110 -0.0111601895 0.0439413004 0.9989717775 0.8804854276
0.7061487179 -0.7065213085 0.0467079105 681.5988197849 0.7079850098 0.7055149783 -0.0317150004 -5498.4384872866 -0.0105458069 0.0554640073 0.9984049929 0.8668387818
0.7036844074 -0.7095077074 0.0377765524 682.3014519821 0.7104783459 0.7031777642 -0.0275962294 -5497.7277412598 -0.0069838942 0.0462584588 0.9989050907 0.8572580674
0.8288784939 -0.5582980349 0.0355492134 683.0606820257 0.5589545933 0.8291178213 -0.0115499362 -5497.0237625430 -0.0230261797 0.0294438899 0.9993011820 0.8441289009
0.9993969296 -0.0160367045 0.0307993712 684.0202954639 0.0168079029 0.9995474953 -0.0249459221 -5496.7510187656 -0.0303853840 0.0254485508 0.9992142411 0.8163605037
0.9749759600 0.2204507180 0.0286942221 685.0127841334 -0.2196159025 0.9751371524 -0.0296038732 -5496.9336076941 -0.0345069971 0.0225613572 0.9991497647 0.7773244106
0.9995051523 0.0106687689 0.0295910090 686.0411266035 -0.0096182865 0.9993262999 -0.0354180025 -5497.0515560936 -0.0299489400 0.0351158612 0.9989344009 0.7385369899
0.9987444844 -0.0432330372 0.0253053223 687.0518324419 0.0443107758 0.9980614265 -0.0437029059 -5497.0365527951 -0.0233668567 0.0447693346 0.9987240343 0.7091731818
0.9997997868 -0.0050328618 0.0193663804 688.0859656454 0.0060679866 0.9985350419 -0.0537675523 -5497.0184413007 -0.0190674048 0.0538743023 0.9983656613 0.6842647757
0.9998414383 0.0039772594 0.0173574068 689.1170620031 -0.0029902218 0.9983966815 -0.0565254370 -5497.0201400805 -0.0175543937 0.0564645717 0.9982502669 0.6633060415
0.9999792671 0.0027138345 0.0058395583 690.1429951884 -0.0023279767 0.9978761730 -0.0650978029 -5497.0284724719 -0.0060038207 0.0650828588 0.9978618019 0.6515657326
0.9999975838 -0.0020705705 -0.0007383452 691.1660846903 0.0020149227 0.9976328166 -0.0687364769 -5497.0336216847 0.0008789212 0.0687348231 0.9976345782 0.6467352501
0.9999909423 -0.0041151171 -0.0010867597 692.1859926015 0.0040266535 0.9974204731 -0.0716671889 -5497.0324342273 0.0013788752 0.0716621638 0.9974280089 0.6504539240
0.9999927193 -0.0015709899 0.0034775542 693.2093276202 0.0018468093 0.9967296207 -0.0807876999 -5497.0354958665 -0.0033392646 0.0807935340 0.9967252651 0.6466533585
0.9999500097 -0.0008280188 0.0099645649 694.2289857271 0.0016925378 0.9962010629 -0.0870665121 -5497.0389545111 -0.0098546175 0.0870790250 0.9961526640 0.6390416212
0.9998492334 -0.0041406658 0.0168631344 695.2496255034 0.0056660280 0.9957947097 -0.0914373683 -5497.0423597799 -0.0164136084 0.0915191296 0.9956680382 0.6216825615
0.9997797954 -0.0009238856 0.0209644263 696.2643963022 0.0028739793 0.9956450464 -0.0931809089 -5497.0399648889 -0.0207870387 0.0932206413 0.9954284560 0.5970774742
0.9999791594 0.0007673666 0.0064103046 697.2941507421 -0.0000476611 0.9937614510 -0.1115265721 -5497.0496146908 -0.0064558954 0.1115239423 0.9937407769 0.5769138293
0.9999833515 -0.0050499509 0.0027918981 698.3256955768 0.0053421710 0.9931049336 -0.1171070108 -5497.0531762134 -0.0021812632 0.1171199759 0.9931153777 0.5724935716
0.9997889627 -0.0072618216 0.0192170747 699.3629481506 0.0098334793 0.9904791323 -0.1373112930 -5497.0628873444 -0.0180369814 0.1374712859 0.9903415132 0.5669905101
0.9999551885 -0.0094537712 -0.0004971984 700.3673617361 0.0092515247 0.9870012280 -0.1604462066 -5497.0740862671 0.0020075571 0.1604344169 0.9870444608 0.5529760581
0.9988901366 -0.0121239023 -0.0455137997 701.3491483281 0.0036186331 0.9832018148 -0.1824858815 -5497.0826878584 0.0469616915 0.1821186494 0.9821544670 0.5691816243
0.9959300687 -0.0220414089 -0.0873926460 702.3320800017 0.0043061221 0.9801650936 -0.1981359297 -5497.0889495003 0.0900264161 0.1969532067 0.9762708020 0.6228387106
0.9071165698 0.4023086281 -0.1236418075 703.2916112798 -0.4203674466 0.8805224623 -0.2190237505 -5497.3165604013 0.0207542442 0.2506550642 0.9678539663 0.6645687448
0.6107811727 0.7852722250 -0.1014588178 704.0354083897 -0.7793786465 0.5736367609 -0.2520114917 -5498.0120877935 -0.1396971172 0.2329987105 0.9623909374 0.5887714683
0.6388847545 0.7670805307 -0.0584271333 704.6556577559 -0.7488184718 0.6026679680 -0.2757937936 -5498.8312711837 -0.1763438879 0.2199517668 0.9594394475 0.4164796875
0.6745729489 0.7372484511 -0.0376305458 705.3324543144 -0.7201457253 0.6460046089 -0.2531169288 -5499.5832573471 -0.1623005577 0.1978453098 0.9667035545 0.2366729348
0.7173723069 0.6966894601 0.0008772149 706.0419533227 -0.6714057242 0.6916730009 -0.2660879804 -5500.3062956542 -0.1859874373 0.1902951813 0.9639483478 0.0679225566
0.7411287282 0.6703562457 0.0367520343 706.7781138433 -0.6374029061 0.7197748034 -0.2750304850 -5500.9890858420 -0.2108215917 0.1804071401 0.9607328038 -0.1372668213
0.9959576415 0.0021889729 0.0897974655 707.6368460368 0.0188282596 0.9724066505 -0.2325312941 -5501.5297429730 -0.0878286573 0.2332820492 0.9684346196 -0.3428325617
0.9921667849 -0.1045321565 0.0683966309 708.6265430376 0.1146075283 0.9795346077 -0.1654601666 -5501.4433475526 -0.0497009590 0.1720028503 0.9838418746 -0.4309630056
0.9327052284 -0.3560205414 -0.0575354762 709.5626150419 0.3382217762 0.9188942464 -0.2030748482 -5501.2875092231 0.1251678355 0.1699492218 0.9774713679 -0.4267710200
0.9924742699 -0.1070263251 -0.0594994903 710.5402911322 0.0888868190 0.9638671396 -0.2511160500 -5501.1293767388 0.0842256315 0.2439374980 0.9661265653 -0.3328175210
0.9991451697 -0.0207828030 -0.0357352056 711.5657986879 0.0108650337 0.9660676440 -0.2580605710 -5501.1158044785 0.0398858479 0.2574517088 0.9654676259 -0.2860436272
0.9994326390 -0.0102189161 -0.0320932071 712.5823636854 0.0026407632 0.9737036461 -0.2278030640 -5501.0999195375 0.0335771732 0.2275890668 0.9731781903 -0.2598103216
0.9998608514 -0.0104506122 -0.0130024058 713.6092923602 0.0074111495 0.9765818226 -0.2150186471 -5501.0956429964 0.0149449897 0.2148923648 0.9765233837 -0.2369696433
0.9961524300 -0.0265499722 -0.0835190710 714.6064383803 0.0072182653 0.9746243366 -0.2237304161 -5501.1030733988 0.0873397555 0.2222667348 0.9710660460 -0.2067018889
0.9773494008 -0.0675709059 -0.2005550333 715.5564031929 0.0195687507 0.9724531488 -0.2322755635 -5501.1133091275 0.2107254438 0.2230897714 0.9517487805 -0.0854230296
0.9805691952 -0.0823937887 -0.1780317863 716.5514275559 0.0349146049 0.9663320334 -0.2549183624 -5501.1171665771 0.1930415078 0.2437491840 0.9504321709 0.1151725764
0.6937553803 -0.7071274610 -0.1366536724 717.5414337552 0.6520667981 0.6972675252 -0.2977026858 -5500.9030892979 0.3057979123 0.1174255174 0.9448274365 0.3275515134
0.5295664470 -0.8431969028 -0.0926194440 718.1428591364 0.7945852948 0.5313123443 -0.2938390750 -5500.1388202668 0.2969740519 0.0820132667 0.9513570500 0.6380520560
0.9172400254 -0.3886951730 -0.0871022286 718.8122774038 0.3538638226 0.8955187494 -0.2698639741 -5499.4105095310 0.1828965029 0.2167077109 0.9589508002 0.9102652872
0.8725053587 0.4755035977 -0.1123865101 719.7361793651 -0.4885113825 0.8444575332 -0.2196545101 -5499.6413433715 -0.0095408747 0.2465518265 0.9690826428 0.9411118956
0.5729824997 0.8137944462 -0.0971064071 720.4346503249 -0.8126787618 0.5488339977 -0.1957919124 -5500.3574261456 -0.1060390733 0.1911016541 0.9758257389 0.8621784035
0.9033022947 0.4289407743 -0.0074011204 721.0372361861 -0.4228183873 0.8872250258 -0.1845436669 -5501.2039488441 -0.0725918441 0.1698280476 0.9827964481 0.7429352429
0.9808227923 0.1125870388 0.1590937108 722.0624255798 -0.0907503246 0.9862051001 -0.1384336630 -5501.4384702277 -0.1724848652 0.1213410860 0.9775097504 0.5912272076
0.9626729539 -0.2624797155 -0.0660695296 722.9689884229 0.2518040283 0.9580217668 -0.1370730669 -5501.4334837627 0.0992749471 0.1153199605 0.9883550939 0.4902707735
0.8140783545 0.5454073551 -0.1995175425 723.8516395811 -0.5624123363 0.8260430659 -0.0366772037 -5501.6791601083 0.1448060659 0.1420692449 0.9792076046 0.5635166551
0.5697021247 0.8056918974 -0.1621729186 724.4925167265 -0.8203746275 0.5693205413 -0.0534751505 -5502.4530326132 0.0492438784 0.1635074546 0.9853123123 0.6598682114
0.8531305278 -0.5059940279 -0.1270367908 725.4652000136 0.4897503856 0.8606835682 -0.1391702386 -5502.8149883909 0.1797577880 0.0565140618 0.9820861971 0.7732964276
0.4979947904 -0.8458389881 -0.1912004052 726.0894612785 0.8139708733 0.5319792196 -0.2333442249 -5502.1308631655 0.2990862854 -0.0394273524 0.9534111798 0.9753660186
0.8872131848 -0.4498333297 -0.1024828775 726.7572064908 0.4289627754 0.8860741074 -0.1756804299 -5501.3650569241 0.1698343369 0.1119046542 0.9790983844 1.2452531519
0.8884551490 0.4391371556 0.1334391503 727.7821818418 -0.3959471800 0.8803918453 -0.2610287905 -5501.6385848499 -0.2321061804 0.1790775176 0.9560637864 1.1573619889
0.7880313984 0.6066686198 0.1046885900 728.5470382350 -0.5660836291 0.7808907816 -0.2641191249 -5502.2096204664 -0.2419831398 0.1488716664 0.9587916286 0.8984576970
0.7005160375 0.7093579147 -0.0780296744 729.1268287505 -0.7076265485 0.6762910455 -0.2046829000 -5502.9191095449 -0.0924226651 0.1985995232 0.9757132162 0.6984693303
0.9659830764 -0.1867145934 -0.1789255619 729.9893379429 0.1607390990 0.9755054583 -0.1501733760 -5503.3616292808 0.2025824231 0.1163046061 0.9723340992 0.7230444708
0.9921873960 0.1070821444 0.0640123868 731.0756728300 -0.0996655869 0.9889694294 -0.1095729824 -5503.1732760390 -0.0750396036 0.1023370999 0.9919154076 0.8419380218
0.8073446990 0.5506915817 0.2119748073 732.0405046782 -0.5328462988 0.8347085204 -0.1390557724 -5503.5844482250 -0.2535140210 -0.0006840508 0.9673314702 0.6602561907
0.7871355107 0.6056919369 0.1164257935 732.7163813548 -0.5725810575 0.7877620252 -0.2271165433 -5504.2930063842 -0.2292784779 0.1121082923 0.9668831937 0.4139313256
0.6193482966 0.7846027288 -0.0283944621 733.2336593620 -0.7359162832 0.5675550850 -0.3691997421 -5505.1267392108 -0.2735597038 0.2495591784 0.9289161991 0.1654470328
0.8410415471 -0.5251318031 -0.1299450094 734.1172094489 0.4547954673 0.8164357016 -0.3558002643 -5505.5939815329 0.2929337792 0.2401444035 0.9254839094 0.0619725306
0.9415376298 -0.3307299182 -0.0642231484 735.0341636719 0.2896293463 0.8919498656 -0.3471891114 -5505.2027202854 0.1721096550 0.3082907046 0.9355934524 0.3181747566
0.9957138763 -0.0663349150 -0.0644480851 736.0362309091 0.0420003805 0.9451510483 -0.3239220030 -5505.1559412408 0.0824005138 0.3198267891 0.9438861056 0.3925214005
0.9772922734 -0.0702424887 -0.1999144946 736.9968192935 0.0085563283 0.9557691117 -0.2939935279 -5505.1506656913 0.2117229360 0.2856070692 0.9346667858 0.4918085392
0.9541480195 -0.1579989608 -0.2542398185 737.9760389761 0.0707425268 0.9443123099 -0.3213561206 -5505.1821134051 0.2908557234 0.2886357388 0.9121909660 0.6999086604
0.9472822883 -0.1738275448 -0.2691472663 738.9379589594 0.0731637930 0.9351969410 -0.3464877211 -5505.2005450255 0.3119348100 0.3085298465 0.8986133808 0.9550872980
0.9473486536 -0.1545523289 -0.2804355650 739.8869606291 0.0580664922 0.9442020673 -0.3242078632 -5505.1616098770 0.3148949206 0.2908539732 0.9034628688 1.2677470239
0.9870781521 -0.1055083096 -0.1206014856 740.9425953112 0.0621261136 0.9457471355 -0.3189086101 -5505.1637911049 0.1477060179 0.3072952200 0.9400811561 1.5340195333
0.9977151378 -0.0675520011 0.0011094516 742.0020484083 0.0630344626 0.9248321783 -0.3751161134 -5505.1901276006 0.0243137876 0.3743289585 0.9269771683 1.6035924067
0.9962344779 -0.0642579045 -0.0582046974 742.9808094516 0.0376711993 0.9254721640 -0.3769378654 -5505.1835467082 0.0780880647 0.3733258568 0.9244079504 1.6091238560
