0.5165050703 0.8543614242 -0.0573504069 -670.7115816443 -0.8562709717 0.5149660805 -0.0401242930 1845.0041345006 -0.0047471339 0.0698318894 0.9975474785 -0.0872443017
0.5198994679 0.8518909096 -0.0631381141 -670.1816561391 -0.8542144678 0.5188770751 -0.0329275560 1844.1290559857 0.0047102343 0.0710525094 0.9974614552 -0.0884042972
0.5217810416 0.8503708868 -0.0679256916 -669.6464258795 -0.8529207429 0.5215634225 -0.0223114909 1843.2515882035 0.0164545139 0.0695769443 0.9974408743 -0.0811818121
0.5221741845 0.8500906980 -0.0684099869 -669.1104520426 -0.8523758576 0.5228517883 -0.0090224649 1842.3813360823 0.0280983705 0.0630223195 0.9976164939 -0.0611762467
0.5230957513 0.8492022624 -0.0722935161 -668.5737169883 -0.8516862609 0.5240005321 -0.0073454325 1841.5085408005 0.0316440830 0.0654137590 0.9973563516 -0.0291592350
0.5220098308 0.8492433948 -0.0793183010 -668.0384866739 -0.8522931262 0.5229735266 -0.0097528245 1840.6272742878 0.0331988498 0.0726935130 0.9968016300 0.0038049203
0.5213007564 0.8488805338 -0.0874491890 -667.5180155724 -0.8525108233 0.5226377958 -0.0086620119 1839.7724638646 0.0383512381 0.0790668934 0.9961313211 0.0398005550
0.5203992361 0.8486445201 -0.0948003882 -666.9957891453 -0.8524188463 0.5228579567 0.0012913803 1838.9129027553 0.0506630601 0.0801376043 0.9954954639 0.0843423150
0.5198245586 0.8474905688 -0.1074344641 -666.4720993543 -0.8521795742 0.5232326099 0.0041963361 1838.0448935707 0.0597695704 0.0893720973 0.9942033125 0.1340538788
0.5188943563 0.8469662290 -0.1157447794 -665.9459493222 -0.8520070834 0.5234240020 0.0105472232 1837.1735060456 0.0695167375 0.0931424773 0.9932229871 0.1975478790
0.5208454031 0.8454065533 -0.1183546608 -665.4258597574 -0.8503857525 0.5259571146 0.0146008738 1836.3212781890 0.0745931503 0.0930423193 0.9928640334 0.2663647119
0.5194424325 0.8456190917 -0.1229142429 -664.9043913932 -0.8508623184 0.5251173655 0.0168839440 1835.4624884485 0.0788217888 0.0958128607 0.9922736625 0.3393903988
0.5193451536 0.8448489922 -0.1284943263 -664.3794225316 -0.8510157083 0.5249975663 0.0122400819 1834.5896862645 0.0778002295 0.1029938629 0.9916347052 0.4166708061
0.5192589188 0.8458229976 -0.1222850444 -663.8449576717 -0.8516022027 0.5241109785 0.0090205621 1833.7128137127 0.0717207332 0.0994542059 0.9924540278 0.4936999456
0.5200814280 0.8477895905 -0.1037695449 -663.3167350422 -0.8521430796 0.5232903893 0.0043977760 1832.8575901328 0.0580299943 0.0861392979 0.9945916454 0.5617722426
0.5214081055 0.8496089491 -0.0793613333 -662.7852258391 -0.8524369453 0.5228184516 -0.0034815130 1831.9999706055 0.0385336448 0.0694658216 0.9968398356 0.6118903366
0.5218256734 0.8504460606 -0.0666293071 -662.2579430795 -0.8524750937 0.5227520182 -0.0040672084 1831.1446258218 0.0313716634 0.0589221986 0.9977695091 0.6474585852
0.5221259678 0.8511716227 -0.0537712048 -661.7306144553 -0.8526577221 0.5223597168 -0.0107301043 1830.2886937670 0.0189547510 0.0514508991 0.9984956296 0.6682329995
0.5207974079 0.8521660458 -0.0508241115 -661.2035003461 -0.8531739891 0.5216154418 0.0033874956 1829.4399708446 0.0293973501 0.0415976110 0.9987018747 0.6850937934
0.5190817781 0.8535125029 -0.0455029128 -660.6773061612 -0.8530795305 0.5206494152 0.0343438663 1828.5992849105 0.0530039842 0.0209903283 0.9983736694 0.7144444457
0.5184992188 0.8549635742 -0.0139945308 -660.1351884088 -0.8547172479 0.5186864157 0.0205627887 1827.7279363719 0.0248392083 0.0012995770 0.9996906146 0.7564441772
0.5190882529 0.8545327158 -0.0179227044 -659.6128874966 -0.8545181084 0.5193076082 0.0108816607 1826.8582024425 0.0186061319 0.0096667332 0.9997801589 0.7742113117
0.5206292342 0.8522187440 -0.0516566823 -659.1062831392 -0.8519283830 0.5225322887 0.0343225513 1826.0089974561 0.0562426060 0.0261384702 0.9980749219 0.8024241850
0.5201781527 0.8531123524 -0.0401746639 -658.5703821423 -0.8522771207 0.5215549747 0.0400514395 1825.1432944572 0.0551216736 0.0134060631 0.9983896427 0.8607501194
0.5205122178 0.8535947734 -0.0210474238 -658.0291374480 -0.8529845503 0.5209363216 0.0322909541 1824.2693113568 0.0385277572 0.0011452912 0.9992568740 0.9107379731
0.5163270698 0.8560015394 -0.0258403104 -657.4995391651 -0.8547758455 0.5169708894 0.0458187027 1823.4018299361 0.0525795683 -0.0015697633 0.9986155040 0.9541204766
0.5141014136 0.8565666382 -0.0446467350 -656.9756538819 -0.8544776164 0.5159863102 0.0602173621 1822.5246770890 0.0746172875 0.0071918047 0.9971863108 1.0103621289
0.5149726824 0.8553162426 -0.0568969370 -656.4614196529 -0.8530865721 0.5178672140 0.0636933996 1821.6600963356 0.0839430575 0.0157376521 0.9963462698 1.0828871406
0.5150082023 0.8542862180 -0.0704386924 -655.9378571218 -0.8502215490 0.5195499217 0.0848009231 1820.7940003380 0.1090406770 0.0162153231 0.9939050227 1.1737022592
0.5168871521 0.8535184650 -0.0658323773 -655.4106409832 -0.8488999499 0.5209709137 0.0892086435 1819.9350630652 0.1104379782 0.0097743001 0.9938349541 1.2813783058
0.5236965055 0.8505918698 -0.0472804515 -654.8816063753 -0.8479914028 0.5258009279 0.0666630703 1819.0753118490 0.0815631709 0.0051821995 0.9966547015 1.3819682532
0.5226860225 0.8515392631 -0.0409903076 -654.3472158193 -0.8500600561 0.5242256504 0.0508465192 1818.2100161775 0.0647859782 0.0082674583 0.9978649338 1.4599412033
0.5240882709 0.8510002874 -0.0336154005 -653.8084010935 -0.8508788311 0.5248915209 0.0222284960 1817.3259633522 0.0365608952 0.0169529386 0.9991876194 1.5195586190
0.5243809017 0.8509238791 -0.0308742913 -653.2797969196 -0.8514807396 0.5239368966 -0.0216951229 1816.4452800210 -0.0022847178 0.0376653726 0.9992877963 1.5390965810
0.5256116845 0.8503962804 -0.0236331002 -652.7486896880 -0.8501726576 0.5240674133 -0.0505944518 1815.5727566402 -0.0306399959 0.0466852507 0.9984396216 1.5251412226
0.5251582669 0.8508741458 -0.0148990860 -652.2137641153 -0.8497370264 0.5233404750 -0.0637317279 1814.7052005092 -0.0464303847 0.0461295488 0.9978558433 1.4859510804
0.5208173644 0.8536345057 -0.0075765205 -651.6823149952 -0.8514354464 0.5187932846 -0.0768843840 1813.8382733222 -0.0617005152 0.0464936403 0.9970112275 1.4292960675
0.5182888979 0.8551292005 -0.0114310424 -651.1647370474 -0.8535321968 0.5163927755 -0.0694355129 1812.9876299347 -0.0534734269 0.0457444182 0.9975209476 1.3672546357
0.5171779381 0.8558107742 -0.0107191009 -650.6302024795 -0.8543834774 0.5154946376 -0.0655297805 1812.1095811592 -0.0505554532 0.0430487795 0.9977930390 1.3134644196
0.5175477329 0.8554289499 -0.0196381229 -650.1068960097 -0.8549279060 0.5160266122 -0.0530547936 1811.2401933740 -0.0352508123 0.0442475674 0.9983984841 1.2674384095
0.5184958628 0.8543721252 -0.0347895371 -649.6024446892 -0.8547757826 0.5167967098 -0.0477443430 1810.3799347581 -0.0228123175 0.0544924981 0.9982535579 1.2346341575
0.5184454450 0.8537571438 -0.0480942819 -649.0889838355 -0.8551081122 0.5174846759 -0.0316184540 1809.5284887344 -0.0021064271 0.0575182541 0.9983422326 1.2207332798
0.5180641245 0.8540020150 -0.0478552123 -648.5670163637 -0.8553250141 0.5175928332 -0.0227327814 1808.6680416002 0.0053556739 0.0527087986 0.9985955634 1.2214304610
0.5188540059 0.8538301436 -0.0420072176 -648.0418352473 -0.8548524344 0.5184636377 -0.0205614144 1807.8050134246 0.0042232594 0.0465783445 0.9989057122 1.2258294901
0.5187740340 0.8541119589 -0.0369629990 -647.5176779676 -0.8548139095 0.5175768833 -0.0375146643 1806.9361450613 -0.0129105296 0.0510581194 0.9986122304 1.2180052243
0.5204365886 0.8531881820 -0.0348666493 -646.9949386595 -0.8535088069 0.5185277917 -0.0514941343 1806.0684595622 -0.0258548602 0.0565584239 0.9980644623 1.1941910654
0.5229501468 0.8517355673 -0.0327057708 -646.4688046111 -0.8517678045 0.5207659474 -0.0573971712 1805.2045602836 -0.0318551605 0.0578735817 0.9978155628 1.1594347128
0.5252251077 0.8503481941 -0.0323501940 -645.9441047343 -0.8500937031 0.5225908560 -0.0651113905 1804.3466547248 -0.0384614377 0.0616988333 0.9973534839 1.1231018923
0.5244932238 0.8505285171 -0.0388342611 -645.4047516212 -0.8507705954 0.5217773044 -0.0627521994 1803.4673336267 -0.0331096991 0.0659521508 0.9972733134 1.0834937754
0.5271653279 0.8484686046 -0.0468801029 -644.8710323671 -0.8494932772 0.5248063476 -0.0542168741 1802.5941325083 -0.0213983399 0.0684055885 0.9974280859 1.0567289123
0.5255778789 0.8492878125 -0.0497805660 -644.3319722455 -0.8506114746 0.5235561136 -0.0484676714 1801.7231627514 -0.0151000830 0.0678174566 0.9975834702 1.0412215052
0.5241250156 0.8504292224 -0.0454214231 -643.7925562397 -0.8511590475 0.5212879867 -0.0615395053 1800.8402268330 -0.0286573514 0.0709152494 0.9970706011 1.0233061905
0.5233629993 0.8510641817 -0.0422010623 -643.2618015462 -0.8514705983 0.5204106456 -0.0645800291 1799.9648768893 -0.0329998675 0.0697317615 0.9970198043 0.9945723059
0.5220886101 0.8522376469 -0.0333837747 -642.7250950509 -0.8516730947 0.5188521542 -0.0737928305 1799.0869392745 -0.0455677848 0.0669584591 0.9967146742 0.9518603468
0.5219006754 0.8523252585 -0.0340784220 -642.2010949166 -0.8515576323 0.5182710495 -0.0790235292 1798.2283086842 -0.0496918904 0.0702621736 0.9962900898 0.8996189072
0.5207122125 0.8524421180 -0.0469172371 -641.6794699936 -0.8528388818 0.5168677807 -0.0742532079 1797.3681037930 -0.0390465536 0.0786773962 0.9961351485 0.8485085406
0.5204014085 0.8512317663 -0.0677263174 -641.1684995059 -0.8537861993 0.5172665257 -0.0590293766 1796.5157036473 -0.0152151236 0.0885427659 0.9959561630 0.8151555236
0.5187325467 0.8503286871 -0.0886434931 -640.6587362972 -0.8549365666 0.5159234054 -0.0539120286 1795.6578905783 -0.0001096917 0.1037504875 0.9946033502 0.8054810708
0.5195050792 0.8486926887 -0.0991725409 -640.1445431183 -0.8544637703 0.5163285076 -0.0574154820 1794.7903061210 0.0024775102 0.1145669777 0.9934124368 0.8124302422
0.5202730743 0.8465679081 -0.1124219961 -639.6295352614 -0.8536764237 0.5191731915 -0.0411796174 1793.9282399855 0.0235051439 0.1173966537 0.9928068966 0.8239608950
0.5257757545 0.8439943942 -0.1059873507 -639.1051580877 -0.8500207922 0.5259975139 -0.0281294907 1793.0649752824 0.0320079505 0.1048812560 0.9939695233 0.8481644061
0.5249753072 0.8446432588 -0.1047792550 -638.5722992143 -0.8501094219 0.5263547837 -0.0162669134 1792.2028664037 0.0414113233 0.0976135597 0.9943624567 0.8845400767
0.5238237374 0.8443986345 -0.1122481099 -638.0426068511 -0.8499313925 0.5268860241 -0.0027831131 1791.3368686668 0.0567919034 0.0968610530 0.9936763136 0.9271195721
0.5268701264 0.8422639435 -0.1140145576 -637.5091962950 -0.8471361526 0.5312805361 0.0100663256 1790.4612487916 0.0690522184 0.0912822074 0.9934280798 0.9839737262
0.5235483547 0.8443737877 -0.1137102761 -636.9759572758 -0.8489921342 0.5282325162 0.0135190549 1789.6021235478 0.0714806009 0.0894612511 0.9934219689 1.0497014301
0.5287792098 0.8415059077 -0.1107264854 -636.4459182988 -0.8463729944 0.5325621374 0.0055067369 1788.7273839993 0.0636026854 0.0908040590 0.9938356611 1.1158158014
0.5255069274 0.8444371419 -0.1037708177 -635.9037761587 -0.8490178454 0.5283641692 0.0000536732 1787.8513121271 0.0548741055 0.0880750704 0.9946012339 1.1779284719
0.5254300233 0.8464103159 -0.0866768005 -635.3732481648 -0.8501678747 0.5263243555 -0.0140448445 1786.9910706637 0.0337324099 0.0810694142 0.9961374778 1.2246760125
0.5264469041 0.8478739415 -0.0629558303 -634.8369936826 -0.8501662392 0.5257098435 -0.0290951206 1786.1307257696 0.0084275051 0.0688399577 0.9975921197 1.2450599812
0.5251784657 0.8488951371 -0.0597044834 -634.3087410369 -0.8509831896 0.5242001696 -0.0322768218 1785.2692797079 0.0038974633 0.0677586035 0.9976941322 1.2535210099
0.5225717936 0.8501327134 -0.0647540751 -633.7831331113 -0.8525863536 0.5214046210 -0.0351245043 1784.4071170045 0.0039025839 0.0735635160 0.9972828982 1.2577509221
0.5210160011 0.8512679572 -0.0623313065 -633.2546881101 -0.8535141536 0.5189651934 -0.0467837319 1783.5320531570 -0.0074777133 0.0775757252 0.9969584197 1.2551066060
0.5233929632 0.8505715940 -0.0508701237 -632.7211354759 -0.8512706947 0.5193365132 -0.0750186011 1782.6471670706 -0.0373899785 0.0825684535 0.9958837482 1.2319649528
0.5214092764 0.8521312020 -0.0447747817 -632.1970989251 -0.8514986824 0.5161736939 -0.0922751951 1781.7823080595 -0.0555190084 0.0862388103 0.9947263479 1.1809118348
0.5531223605 0.8320628117 -0.0415587751 -631.6545698588 -0.8311334421 0.5477041029 -0.0961114824 1780.9008470836 -0.0572088787 0.0877022979 0.9945026150 1.1198034771
0.6232698765 0.7809662548 -0.0403282772 -631.0602814313 -0.7800093767 0.6171671031 -0.1033931291 1780.0618829587 -0.0558572588 0.0958982572 0.9938226657 1.0620148191
0.6836345864 0.7286385409 -0.0415888074 -630.3990717201 -0.7276518556 0.6760982050 -0.1158187996 1779.2774598303 -0.0562719231 0.1094399100 0.9923993031 1.0076561423
0.7325255789 0.6796932494 -0.0377274827 -629.6793431871 -0.6774395140 0.7224037207 -0.1385949824 1778.5373694569 -0.0669476001 0.1270824572 0.9896302683 0.9495619871
0.7862892937 0.6158038428 -0.0503465384 -628.9439125111 -0.6165090129 0.7765801259 -0.1297688140 1777.8666383138 -0.0408140132 0.1330749237 0.9902652579 0.8852272882
0.8711484733 0.4827376210 -0.0898038233 -628.1195798333 -0.4896972954 0.8675618986 -0.0867923439 1777.3054298795 0.0360124458 0.1195857072 0.9921705309 0.8686696342
0.9001862150 0.4288764569 -0.0756951984 -627.1970012240 -0.4339783288 0.8979182981 -0.0735223779 1776.8255015265 0.0364360868 0.0990339068 0.9944167622 0.9032111187
0.9198551993 0.3886949601 -0.0527507370 -626.2703086876 -0.3915533485 0.9179195435 -0.0641068402 1776.4070365366 0.0235029267 0.0796237380 0.9965478778 0.9336544431
0.9311829312 0.3573172095 -0.0722686677 -625.3408917590 -0.3612983414 0.9309832918 -0.0522840223 1776.0261504983 0.0485989412 0.0747965389 0.9960138657 0.9681916568
0.9312795666 0.3452005382 -0.1164257587 -624.4089127194 -0.3522786954 0.9347474257 -0.0463354185 1775.6640964956 0.0928336668 0.0841655428 0.9921179727 1.0322574717
0.9350628383 0.3383986283 -0.1055644675 -623.4600697260 -0.3449066416 0.9372744696 -0.0505566741 1775.3041197812 0.0818345711 0.0836835531 0.9931264602 1.1222091904
0.9401332361 0.3315951913 -0.0787027791 -622.4872026136 -0.3354342907 0.9411447699 -0.0415975811 1774.9601827522 0.0602771511 0.0655068794 0.9960298760 1.1882528441
0.9432569021 0.3244911166 -0.0705119267 -621.5215680503 -0.3269177262 0.9447000115 -0.0258203139 1774.6284586345 0.0582341555 0.0474067880 0.9971767043 1.2362848922
0.9440643975 0.3218344431 -0.0718679658 -620.5442740935 -0.3231094908 0.9463388249 -0.0065639539 1774.2997590982 0.0658989398 0.0294180170 0.9973925556 1.2925717733
0.9470217707 0.3168620935 -0.0524230811 -619.5557156646 -0.3174104647 0.9482855342 -0.0022677161 1773.9657323728 0.0489934962 0.0187872111 0.9986223901 1.3563120540
0.9500066023 0.3121636303 -0.0064283377 -618.5869783051 -0.3121442594 0.9500269178 0.0038492502 1773.6528437163 0.0073086898 -0.0016502444 0.9999719295 1.3867403083
0.9509305089 0.3083731761 0.0252418612 -617.5965582597 -0.3088224497 0.9509795789 0.0163258998 1773.3400906085 -0.0189700250 -0.0233200496 0.9995480546 1.3833676640
0.9483043634 0.3081272185 0.0760029708 -616.5924623910 -0.3094335505 0.9509036131 0.0057616267 1773.0173514861 -0.0704961856 -0.0289816448 0.9970909447 1.3496449074
0.9446200793 0.3142113542 0.0946790928 -615.5987606600 -0.3140113818 0.9492598838 -0.0173932502 1772.6836290923 -0.0953402213 -0.0133002993 0.9953558882 1.2689894348
0.9447413517 0.3210928838 0.0660540568 -614.6612974988 -0.3208476829 0.9470186252 -0.0145769659 1772.3670143629 -0.0672349821 -0.0074218286 0.9977095638 1.1885938584
0.9445427466 0.3251195198 0.0462201012 -613.6988536936 -0.3248999558 0.9456671474 -0.0123961708 1772.0379612960 -0.0477390683 -0.0033081956 0.9988543624 1.1269902459
0.9443385368 0.3274184446 0.0319670136 -612.7494467691 -0.3272737674 0.9448786792 -0.0098062607 1771.7101927074 -0.0334157002 -0.0012015351 0.9994408173 1.0790056098
0.9444450327 0.3276261306 0.0261667482 -611.7750354134 -0.3274747589 0.9448070482 -0.0099961979 1771.3713420080 -0.0279975437 0.0008719099 0.9996076117 1.0434314194
0.9467237800 0.3214503782 0.0195892487 -610.8075130336 -0.3212619628 0.9469118737 -0.0121924062 1771.0344760484 -0.0224685458 0.0052495604 0.9997337678 1.0124246253
0.9463438343 0.3228974258 0.0130613833 -609.8466300807 -0.3228796467 0.9464335387 -0.0035057851 1770.7090774271 -0.0134937402 -0.0008995767 0.9999085507 0.9915339508
0.9451302838 0.3266536061 0.0051154878 -608.8939048528 -0.3266801591 0.9451177077 0.0057089601 1770.3849874684 -0.0029698857 -0.0070668394 0.9999706193 0.9841323270
0.9426739358 0.3336859898 -0.0044171294 -607.9423365673 -0.3336322097 0.9426520942 0.0098274106 1770.0571903010 0.0074430855 -0.0077903472 0.9999419538 0.9909832989
0.9422834951 0.3348153403 -0.0007090406 -606.9852943413 -0.3347938240 0.9422431384 0.0095374869 1769.7190995435 0.0038613856 -0.0087496341 0.9999542658 1.0017246277
0.9434022570 0.3316298507 -0.0037180250 -606.0363793800 -0.3315826649 0.9433765283 0.0096779184 1769.3864314717 0.0067169842 -0.0078973374 0.9999462556 1.0075986065
0.9451782690 0.3265252599 -0.0043925415 -605.0915114269 -0.3265170082 0.9451880191 0.0025003793 1769.0547119330 0.0049682146 -0.0009290647 0.9999872268 1.0115940814
0.9483861482 0.3171055756 -0.0027870823 -604.1196881212 -0.3171090392 0.9483886657 -0.0008921723 1768.7249742344 0.0023603244 0.0017299328 0.9999957181 1.0094106362
0.8778145077 0.4789877250 0.0035283500 -603.1920655545 -0.4789609448 0.8778127275 -0.0064209578 1768.3250922485 -0.0061727905 0.0039464680 0.9999731607 1.0036997790
0.7907930860 0.6120119447 0.0093634802 -602.3309977771 -0.6119540619 0.7908479236 -0.0084727668 1767.7611901875 -0.0125905233 0.0009701856 0.9999202656 0.9928591831
0.7165373684 0.6973745339 0.0155871496 -601.5721209262 -0.6973185347 0.7166960725 -0.0096747463 1767.0966412607 -0.0179181706 -0.0039368911 0.9998317059 0.9778076138
0.6702542802 0.7418437437 0.0206654254 -600.8670359188 -0.7417303635 0.6705476630 -0.0142091349 1766.3540060569 -0.0243981106 -0.0058044400 0.9996854709 0.9544733970
0.6477087874 0.7616779118 0.0178909314 -600.1932111488 -0.7614188225 0.6479554006 -0.0198790237 1765.5748950390 -0.0267339389 -0.0007466736 0.9996423055 0.9207818301
0.6424178802 0.7662365143 0.0134488421 -599.5354941497 -0.7662903873 0.6424922383 -0.0016631131 1764.8015915510 -0.0099151146 -0.0092373048 0.9999081771 0.8964313449
0.6439236643 0.7650150373 0.0106914605 -598.8815721907 -0.7650801891 0.6439225840 0.0040012564 1764.0275117152 -0.0038234516 -0.0107563283 0.9999348392 0.8837632387
0.6577972496 0.7530577032 0.0143831209 -598.2145119860 -0.7531399424 0.6578601747 0.0004665506 1763.2533053229 -0.0091107429 -0.0111393985 0.9998964487 0.8727212961
0.6793331073 0.7333200455 0.0273539807 -597.5244397237 -0.7335044143 0.6796700862 -0.0044551293 1762.4974716608 -0.0218587180 -0.0170377488 0.9996158820 0.8516727857
0.7192110245 0.6941886623 0.0289413795 -596.8165710341 -0.6945769200 0.7194003118 0.0051081917 1761.7781079550 -0.0172743887 -0.0237758820 0.9995680582 0.8287279243
0.6964787884 0.7169590440 0.0297829896 -596.0781812360 -0.7175357420 0.6962853710 0.0181422441 1761.0693316083 -0.0077302140 -0.0340060478 0.9993917313 0.8145207383
0.6473972976 0.7609179415 0.0433661769 -595.3940564682 -0.7620391601 0.6472342792 0.0195986272 1760.3272080118 -0.0131551292 -0.0457348233 0.9988669924 0.8055040831
0.6016045741 0.7961341589 0.0651332279 -594.7501666234 -0.7985326123 0.6014910587 0.0235408872 1759.5407639450 -0.0204353498 -0.0661733121 0.9975988619 0.7906193792
0.5650916647 0.8222214573 0.0679947478 -594.1575471374 -0.8248315267 0.5648341670 0.0248055709 1758.7186628198 -0.0180100841 -0.0701016330 0.9973772596 0.7669073117
0.5410087661 0.8379199715 0.0721085046 -593.5868518892 -0.8405479203 0.5415790263 0.0130901471 1757.8623915075 -0.0280839580 -0.0676925379 0.9973108902 0.7417351253
0.5292501331 0.8451538925 0.0748945563 -593.0495042328 -0.8475000156 0.5307946874 -0.0008505312 1757.0132758561 -0.0404724624 -0.0630229938 0.9971910960 0.7034065385
0.5239394644 0.8469047919 0.0907728549 -592.5110633317 -0.8497596430 0.5270263008 -0.0123218264 1756.1618085263 -0.0582750957 -0.0706792177 0.9957953913 0.6530217497
0.5300909283 0.8439666817 0.0819990733 -591.9663907304 -0.8464590842 0.5323989222 -0.0076424036 1755.2866163970 -0.0501061523 -0.0653576917 0.9966031034 0.5954324689
0.5410089389 0.8391705376 0.0556968300 -591.4245810303 -0.8407799787 0.5412408669 0.0121388404 1754.4266232543 -0.0199588433 -0.0533960008 0.9983739338 0.5551815445
0.5486612795 0.8347260599 0.0469383148 -590.8826484924 -0.8358359190 0.5489138063 0.0084823243 1753.5869407282 -0.0186846719 -0.0438866524 0.9988617746 0.5348456479
0.5604935710 0.8266071340 0.0506715201 -590.3242284660 -0.8273173018 0.5616325085 -0.0107241579 1752.7434977987 -0.0373234384 -0.0359106037 0.9986577940 0.5065964179
0.5691998123 0.8215913527 0.0316104875 -589.7653288818 -0.8221144942 0.5692723209 0.0075354611 1751.9254087854 -0.0118039059 -0.0302766230 0.9994718575 0.4730870398
0.5731460898 0.8193228590 0.0146154869 -589.2001520441 -0.8193076716 0.5732892759 -0.0086223762 1751.0911728055 -0.0154434118 -0.0070326993 0.9998560107 0.4557081542
0.5740074510 0.8187208435 0.0145473896 -588.6248595515 -0.8183581856 0.5741877940 -0.0244592986 1750.2633844519 -0.0283782711 0.0021348443 0.9995949761 0.4314936595
0.5785605986 0.8154797802 0.0161357310 -588.0424705537 -0.8143170377 0.5786356047 -0.0454818547 1749.4307457435 -0.0464262414 0.0131744084 0.9988348407 0.3908695279
0.6512227899 0.7584656690 0.0252726528 -587.4234372766 -0.7560649236 0.6513106803 -0.0644998376 1748.6356478300 -0.0653812611 0.0228959979 0.9975976463 0.3336821699
0.7351975615 0.6772212997 0.0292550309 -586.7230820914 -0.6742739136 0.7350635257 -0.0709669121 1747.9149362760 -0.0695646106 0.0324487966 0.9970495678 0.2655524915
0.7919461087 0.6093349503 0.0391443400 -585.9433329447 -0.6065777176 0.7924606871 -0.0637928831 1747.2680794349 -0.0698915838 0.0267764412 0.9971951608 0.1929083357
0.8393649584 0.5418952996 0.0426139747 -585.1110643950 -0.5399032905 0.8402280594 -0.0502120020 1746.6924180200 -0.0630151051 0.0191387698 0.9978290455 0.1242976394
0.8662288205 0.4983490115 0.0359985182 -584.2430218518 -0.4975107614 0.8669388762 -0.0300004543 1746.1729261084 -0.0461592117 0.0080776080 0.9989014363 0.0677333726
0.8771802912 0.4795986013 0.0232361441 -583.3569216637 -0.4793970328 0.8774873130 -0.0139463397 1745.6834562883 -0.0270780667 0.0010941158 0.9996327232 0.0320410398
0.8793939235 0.4760942693 -0.0007575960 -582.4749019486 -0.4760746796 0.8793408572 -0.0106092578 1745.2011575591 -0.0043848217 0.0096903891 0.9999434332 0.0151283816
0.8745615911 0.4847651942 -0.0120303720 -581.5878419918 -0.4848707840 0.8745466076 -0.0082797324 1744.7173142991 0.0065073949 0.0130743118 0.9998933524 0.0098918195
0.8668174828 0.4980310655 -0.0243415133 -580.7173019120 -0.4980203151 0.8671376442 0.0069333806 1744.2236796532 0.0245604814 0.0061125926 0.9996796582 0.0170543663
0.8540784392 0.5195045822 -0.0257877635 -579.8381387665 -0.5193388128 0.8544652077 0.0132818042 1743.7118766421 0.0289347048 0.0020488839 0.9995792039 0.0344284149
0.8422732774 0.5383631891 -0.0272176934 -578.9693701751 -0.5385048584 0.8426188400 0.0024511225 1743.1623848024 0.0242537354 0.0125923451 0.9996265248 0.0572746779
0.8290597002 0.5586302337 -0.0243367119 -578.1136039355 -0.5590085135 0.8290629130 -0.0128128143 1742.5908255080 0.0130190398 0.0242270171 0.9996217066 0.0749392946
0.8194302362 0.5729014122 -0.0178342334 -577.2687650957 -0.5730763222 0.8194755853 -0.0065798133 1742.0106689432 0.0108451345 0.0156120749 0.9998193068 0.0866082609
0.8159570260 0.5780865459 -0.0054842668 -576.4277788791 -0.5780870804 0.8157952848 -0.0171283611 1741.4103326490 -0.0054276361 0.0171463904 0.9998382580 0.0885943234
0.8141743276 0.5804567792 -0.0137873749 -575.5980043883 -0.5805969675 0.8141255501 -0.0103319907 1740.8192423637 0.0052273801 0.0164169497 0.9998515681 0.0883378084
0.8134217171 0.5814561954 -0.0159311952 -574.7650505175 -0.5816612760 0.8132822214 -0.0155624032 1740.2209934616 0.0039077021 0.0219253561 0.9997519736 0.0951347447
0.8141289791 0.5802886022 -0.0214276363 -573.9375150558 -0.5806729483 0.8137874313 -0.0238525415 1739.6258278517 0.0035961832 0.0318614940 0.9994858241 0.0978998498
0.8164917808 0.5764737881 -0.0319240273 -573.1079188429 -0.5773395697 0.8156483364 -0.0373739560 1739.0261760117 0.0044936737 0.0489465320 0.9987912915 0.0968358178
0.8211194873 0.5694901830 -0.0379963041 -572.2760344306 -0.5707199242 0.8199975773 -0.0433905676 1738.4400845093 0.0064463750 0.0573140884 0.9983353843 0.0994314959
0.8262292497 0.5614064349 -0.0465622358 -571.4413275889 -0.5632004512 0.8250067118 -0.0465744264 1737.8609400867 0.0122669744 0.0647050256 0.9978290340 0.1031724615
0.8292902238 0.5558979946 -0.0570538723 -570.6034419265 -0.5584922516 0.8279619427 -0.0506500373 1737.2851916529 0.0190821807 0.0738677263 0.9970854674 0.1103364551
0.8308660801 0.5541154192 -0.0511630640 -569.7527665803 -0.5563152314 0.8292983339 -0.0527032887 1736.7182233329 0.0132257388 0.0722521667 0.9972987036 0.1249753891
0.7828709701 0.6212493583 -0.0340922131 -568.9388923791 -0.6221277838 0.7808869165 -0.0563262303 1736.1132784150 -0.0083704713 0.0653058835 0.9978301843 0.1268401836
0.7305891413 0.6823627988 -0.0249101884 -568.1737500088 -0.6825504354 0.7287975194 -0.0545809384 1735.4491040600 -0.0190895184 0.0568787009 0.9981985793 0.1134030424
0.6912056969 0.7221801093 -0.0262787799 -567.4562100020 -0.7225392616 0.6899756153 -0.0432511935 1734.7364718726 -0.0131034344 0.0488829215 0.9987185589 0.0962577109
0.6665904319 0.7447551766 -0.0315740875 -566.7664339552 -0.7454094425 0.6657127519 -0.0345151416 1733.9905782499 -0.0046860578 0.0465430861 0.9989052918 0.0862754778
0.6509039064 0.7582026762 -0.0381156975 -566.0961425244 -0.7591523616 0.6503034814 -0.0281615672 1733.2228534751 0.0034345952 0.0472660959 0.9988764287 0.0800130551
0.6486211958 0.7608041963 -0.0216221935 -565.4196357901 -0.7611032599 0.6482211948 -0.0230458318 1732.4434931553 -0.0035174014 0.0314047369 0.9995005605 0.0731623327
0.6519930963 0.7582173302 0.0033886050 -564.7347340211 -0.7580984875 0.6519594884 -0.0153462972 1731.6678837291 -0.0138450617 0.0074367835 0.9998764966 0.0557796183
0.6607031828 0.7500901879 0.0289139130 -564.0610269229 -0.7501713904 0.6611656557 -0.0101420254 1730.9139414771 -0.0267243199 -0.0149895219 0.9995304522 0.0286785085
0.6702988033 0.7416560386 0.0254132801 -563.3741148199 -0.7420451099 0.6702460626 0.0118012886 1730.1512703062 -0.0082806540 -0.0267681898 0.9996073703 0.0065335008
0.6776855108 0.7352512566 0.0121629819 -562.6884679256 -0.7353057316 0.6773650532 0.0224068221 1729.3930973351 0.0082358652 -0.0241282889 0.9996749453 0.0000724607
0.6815436589 0.7317671184 0.0038891529 -561.9902030947 -0.7313825409 0.6809916561 0.0364683877 1728.6400214964 0.0240378863 -0.0276992570 0.9993272393 0.0087385729
0.6866823604 0.7269494595 -0.0034379094 -561.2895276646 -0.7264276038 0.6863546150 0.0349324917 1727.8883345599 0.0277537809 -0.0214901335 0.9993837610 0.0298782399
0.6878844048 0.7257444507 -0.0104898951 -560.5809658024 -0.7248513863 0.6876409258 0.0417184005 1727.1409174963 0.0374901788 -0.0210938221 0.9990743402 0.0624418401
0.6884957923 0.7250863518 -0.0149441092 -559.8916400717 -0.7240059339 0.6883797251 0.0441447815 1726.4181082555 0.0422960003 -0.0195738726 0.9989133655 0.1028709711
0.6894617119 0.7239957775 -0.0217407899 -559.1979473962 -0.7229069671 0.6896799757 0.0417977040 1725.6900880688 0.0452555486 -0.0131013481 0.9988895284 0.1413273686
0.6888912021 0.7244993424 -0.0230133550 -558.4947265628 -0.7231500881 0.6890976156 0.0468873772 1724.9566232967 0.0498283220 -0.0156581919 0.9986350481 0.1810656753
0.6875027206 0.7258697576 -0.0212862423 -557.7869716031 -0.7241999627 0.6874959557 0.0537003253 1724.2217583761 0.0536136476 -0.0215036238 0.9983301913 0.2264282416
0.6849693504 0.7283217515 -0.0190896636 -557.0772728114 -0.7267872620 0.6848897318 0.0520224093 1723.4763746625 0.0509633669 -0.0217596316 0.9984634463 0.2799374021
0.6843354847 0.7291378360 -0.0065544267 -556.3641041287 -0.7279590717 0.6836911974 0.0513997709 1722.7216437232 0.0419587216 -0.0304033327 0.9986566492 0.3288925207
0.6851214076 0.7282903555 0.0142061594 -555.6679629465 -0.7277498768 0.6835106943 0.0565088268 1721.9937815697 0.0314447717 -0.0490539377 0.9983010255 0.3677831310
0.6834086343 0.7294650648 0.0288679365 -554.9747405369 -0.7300130381 0.6825385981 0.0349574941 1721.2496271292 0.0057967898 -0.0449642233 0.9989717793 0.3864108109
0.6857967487 0.7273327673 0.0258817518 -554.2876479578 -0.7277824632 0.6851605239 0.0297950116 1720.5157472398 0.0039377336 -0.0392696071 0.9992208926 0.3884202873
0.6871719581 0.7257948849 0.0318823642 -553.5698082398 -0.7264899635 0.6866655468 0.0265096163 1719.7615977780 -0.0026519771 -0.0413788825 0.9991400078 0.3901986685
0.6889837310 0.7234386676 0.0440217286 -552.8730629229 -0.7243527910 0.6893866625 0.0076852935 1719.0293895205 -0.0247881540 -0.0371823042 0.9990010129 0.3715285894
0.6884428172 0.7219477837 0.0695549076 -552.1627449727 -0.7232351524 0.6905425249 -0.0090518350 1718.2957233704 -0.0545655737 -0.0440728834 0.9975370565 0.3224376266
0.6890018319 0.7222092137 0.0607480631 -551.4586745870 -0.7232426970 0.6905603959 -0.0068074162 1717.5548172213 -0.0468665852 -0.0392452708 0.9981299174 0.2643181210
0.6884020423 0.7230205028 0.0578271619 -550.7551963010 -0.7234242509 0.6901829386 -0.0174603686 1716.8119214697 -0.0525355250 -0.0298138179 0.9981739101 0.2144954567
0.6874730805 0.7234715026 0.0630059394 -550.0523425786 -0.7240057538 0.6895565665 -0.0180944749 1716.0764229189 -0.0565369962 -0.0331771982 0.9978491076 0.1578929814
0.6855014638 0.7264780893 0.0481386423 -549.3703475013 -0.7271350261 0.6864738547 -0.0053198351 1715.3546931634 -0.0369106629 -0.0313565382 0.9988264967 0.1038332415
0.6812720166 0.7312920567 0.0328689409 -548.6700511808 -0.7316053224 0.6817196212 -0.0034655987 1714.5989743610 -0.0249417668 -0.0216860766 0.9994536619 0.0641363685
0.6811842354 0.7320588736 0.0088228754 -547.9828283734 -0.7321114340 0.6811496969 0.0069237722 1713.8507680058 -0.0009410900 -0.0111756924 0.9999371071 0.0451685046
0.6781264402 0.7347813167 -0.0155224901 -547.2938181434 -0.7345589158 0.6783035151 0.0180980836 1713.1025494293 0.0238270933 -0.0008706055 0.9997157154 0.0512756476
0.6787597570 0.7339522120 -0.0244814787 -546.6005793779 -0.7334642179 0.6792010802 0.0267606742 1712.3575732295 0.0362689028 -0.0002077800 0.9993420453 0.0742824409
0.6807435047 0.7316930765 -0.0348356517 -545.9055639415 -0.7314650259 0.6815458920 0.0213099262 1711.6024732041 0.0393344208 0.0109744670 0.9991658343 0.1089922158
0.6840519726 0.7276031077 -0.0516392921 -545.2112322803 -0.7280280501 0.6854133603 0.0135529981 1710.8477826950 0.0452554643 0.0283238981 0.9985738329 0.1495903288
0.6862907722 0.7239287938 -0.0702287508 -544.5129050155 -0.7253534142 0.6883390816 0.0071925854 1710.0932992710 0.0535481135 0.0460044592 0.9975049821 0.1970967525
0.6849205034 0.7254527032 -0.0678401021 -543.8047867228 -0.7266670385 0.6869281048 0.0092083694 1709.3401242742 0.0532815092 0.0429901651 0.9976537107 0.2517472430
0.6855721227 0.7258064508 -0.0565319429 -543.1144795543 -0.7262790258 0.6872253573 0.0154946748 1708.6127007486 0.0500963196 0.0304352474 0.9982805490 0.3030652894
0.6886337693 0.7236259796 -0.0463570209 -542.4180424783 -0.7238732710 0.6897848557 0.0142947662 1707.8798644616 0.0423204351 0.0237127496 0.9988226501 0.3500349517
0.6855528967 0.7267954859 -0.0422557403 -541.7115872022 -0.7266822274 0.6866576219 0.0208386828 1707.1430611748 0.0441606867 0.0164204762 0.9988894842 0.3918988170
0.6646043761 0.7461571226 -0.0393772984 -541.0304996147 -0.7455293463 0.6657183189 0.0317035276 1706.4108696630 0.0498700018 0.0082866284 0.9987213399 0.4337724193
0.6424654112 0.7651826261 -0.0416382541 -540.3700053642 -0.7643456337 0.6437605885 0.0367158960 1705.6536488646 0.0548994327 0.0082373245 0.9984579104 0.4777438595
0.6257765261 0.7791762746 -0.0358897270 -539.7224317768 -0.7784921262 0.6267653048 0.0333955421 1704.8741678607 0.0485154498 0.0070417235 0.9987976098 0.5249728620
0.6147602935 0.7878504573 -0.0368976751 -539.0930167465 -0.7874768607 0.6157432076 0.0272120580 1704.0753772014 0.0441585251 0.0123271726 0.9989484799 0.5716336828
0.6083226072 0.7932640139 -0.0259963423 -538.4692399899 -0.7934469550 0.6086204263 0.0048069031 1703.2610743299 0.0196350482 0.0177025708 0.9996504809 0.6114345174
0.6019205548 0.7984551538 -0.0126890941 -537.8465115692 -0.7985548080 0.6018708492 -0.0078549046 1702.4407811758 0.0013654067 0.0148609657 0.9998886375 0.6246801573
0.6000674257 0.7998639683 -0.0116926030 -537.2348634602 -0.7998298821 0.5996609709 -0.0260553189 1701.6154524389 -0.0138291131 0.0249870414 0.9995921185 0.6114757168
0.6019998009 0.7977847288 -0.0337011301 -536.6358302780 -0.7984182395 0.6019945327 -0.0114410458 1700.8075994018 0.0111604045 0.0337951043 0.9993664675 0.5961853636
0.6056599659 0.7942919514 -0.0477106040 -536.0318715180 -0.7956381744 0.6053838311 -0.0216866889 1699.9924145963 0.0116576657 0.0510951371 0.9986257486 0.5989355003
0.6073113391 0.7934414733 -0.0402934978 -535.4128807434 -0.7944418247 0.6061345169 -0.0382509434 1699.1751283439 -0.0059266050 0.0552410716 0.9984554569 0.6035412361
0.6121914950 0.7898996583 -0.0357785319 -534.7967659323 -0.7900561404 0.6092199749 -0.0682811630 1698.3614900804 -0.0321382710 0.0700681961 0.9970243625 0.5803165701
0.6139779464 0.7871530248 -0.0584909979 -534.1898786779 -0.7892778056 0.6114601434 -0.0561875304 1697.5720103314 -0.0084632705 0.0806635510 0.9967054553 0.5514214177
0.6177733125 0.7830357100 -0.0721887199 -533.5598671904 -0.7862908425 0.6162974178 -0.0438657478 1696.7615673283 0.0101412747 0.0838604177 0.9964259054 0.5507574476
0.6216245867 0.7807306617 -0.0635807123 -532.9227094814 -0.7832647414 0.6204557442 -0.0391281775 1695.9573668047 0.0089004502 0.0741235673 0.9972093455 0.5572610595
0.6277355146 0.7751906875 -0.0709050185 -532.2881446830 -0.7780920570 0.6275278028 -0.0279572443 1695.1567063199 0.0228226750 0.0727203868 0.9970912049 0.5694814814
0.6285671308 0.7745438513 -0.0706058385 -531.6417019540 -0.7771021635 0.6291657183 -0.0162088398 1694.3544093510 0.0318683159 0.0650562938 0.9973725929 0.5920384953
0.6274942097 0.7760131466 -0.0636758442 -530.9950888041 -0.7779944442 0.6281696499 -0.0112931725 1693.5541571149 0.0312355824 0.0566258534 0.9979067347 0.6233397560
0.6267644401 0.7768732422 -0.0602851740 -530.3498595097 -0.7787943170 0.6270765347 -0.0159509098 1692.7477167868 0.0254115830 0.0569472139 0.9980537392 0.6523764404
0.6248001783 0.7791698652 -0.0501902214 -529.7197172131 -0.7805773454 0.6248237297 -0.0171555992 1691.9672946224 0.0179929154 0.0498961712 0.9985923228 0.6738263073
0.6232928421 0.7801617723 -0.0534194918 -529.0767647516 -0.7814706891 0.6239106556 -0.0062494789 1691.1682078287 0.0284533856 0.0456410225 0.9985526035 0.6872838508
0.6218600457 0.7818886397 -0.0440481409 -528.4287073425 -0.7826704032 0.6224358395 -0.0008159448 1690.3661738973 0.0267791636 0.0349825797 0.9990290764 0.7042833457
0.6240294910 0.7802376293 -0.0426196690 -527.7917351608 -0.7807219080 0.6248323285 0.0076068123 1689.5692134997 0.0325652682 0.0285272341 0.9990624106 0.7278791753
0.6209286063 0.7832786378 -0.0303684291 -527.1439486487 -0.7833498019 0.6214602512 0.0122574094 1688.7664927767 0.0284737385 0.0161781267 0.9994636134 0.7544602492
0.6203775463 0.7841556680 -0.0152180278 -526.5000973872 -0.7839533901 0.6205635620 0.0178310857 1687.9652348733 0.0234261005 0.0008682193 0.9997251942 0.7799746985
0.6199985264 0.7845229966 -0.0112024571 -525.8574494448 -0.7840578075 0.6200367374 0.0284217994 1687.1576418961 0.0292434902 -0.0088380998 0.9995332442 0.8059825184
0.6154861887 0.7881474219 -0.0006268641 -525.2333261271 -0.7875418751 0.6150440899 0.0387112702 1686.3769229618 0.0308957369 -0.0233325704 0.9992502412 0.8337322131
0.6133453339 0.7898137056 -0.0013460241 -524.6187606097 -0.7889303374 0.6127381903 0.0462691344 1685.5904464766 0.0373687569 -0.0273170385 0.9989281032 0.8641348498
0.6147018139 0.7887594694 0.0004235339 -524.0017655104 -0.7877716475 0.6139049336 0.0503643111 1684.8019588899 0.0394653177 -0.0312926814 0.9987308230 0.8990376007
0.6172577523 0.7867442375 -0.0051353624 -523.3834003210 -0.7857257632 0.6167671545 0.0472578265 1684.0080886065 0.0403471455 -0.0251352732 0.9988695240 0.9375644997
0.6166733786 0.7870833317 -0.0146209816 -522.7596057530 -0.7864064600 0.6167742188 0.0339770896 1683.2053145095 0.0357606454 -0.0094547323 0.9993156580 0.9751936612
0.6168496463 0.7866314474 -0.0265984928 -522.1417914475 -0.7861992550 0.6174058363 0.0264719620 1682.4094507504 0.0372457424 0.0045824948 0.9992956296 1.0082328429
0.6165469808 0.7869428664 -0.0243052559 -521.5161943626 -0.7867825814 0.6169723851 0.0178394410 1681.6134817813 0.0290342925 0.0081240985 0.9995454011 1.0395648662
0.6178373442 0.7857364324 -0.0299211464 -520.8945113436 -0.7852724141 0.6185287606 0.0277382046 1680.8209277205 0.0403020075 0.0063585522 0.9991673118 1.0735182163
0.6194366183 0.7843967700 -0.0319371743 -520.2724263309 -0.7837234853 0.6202416275 0.0328302011 1680.0280099951 0.0455606686 0.0046936848 0.9989505467 1.1107332440
0.6348371120 0.7718453531 -0.0351652112 -519.6421284000 -0.7705257225 0.6358083914 0.0451420021 1679.2430934143 0.0572009809 -0.0015621184 0.9983614614 1.1534601077
0.6637285996 0.7471182729 -0.0357579686 -518.9866611439 -0.7451538769 0.6646176180 0.0550374568 1678.4808788593 0.0648848656 -0.0098847452 0.9978437984 1.2107637308
0.6884009932 0.7247165492 -0.0298327986 -518.2848287696 -0.7229548282 0.6888918634 0.0525767722 1677.7254256711 0.0586548291 -0.0146261364 0.9981711713 1.2767338207
0.7053259089 0.7080912698 -0.0334979990 -517.5639362889 -0.7070289443 0.7061107278 0.0389578229 1676.9834957199 0.0512389907 -0.0037939069 0.9986792138 1.3364509662
0.7178653554 0.6949260514 -0.0417985000 -516.8250431017 -0.6938906011 0.7190790735 0.0379620838 1676.2581665742 0.0564372677 0.0017519215 0.9984046102 1.3898281137
0.7265116002 0.6857076884 -0.0445629991 -516.0925643667 -0.6852518039 0.7277974540 0.0272182135 1675.5558689422 0.0510965756 0.0107625277 0.9986357234 1.4403108825
0.7313765785 0.6807643054 -0.0405987790 -515.3544223970 -0.6804043874 0.7324357343 0.0242438583 1674.8666369740 0.0462403499 0.0098921972 0.9988813616 1.4830758254
0.7318165716 0.6809916313 -0.0263610246 -514.6088380223 -0.6806161578 0.7322899260 0.0226519321 1674.1786188904 0.0347296889 0.0013646800 0.9993958107 1.5206998807
0.7309867839 0.6822974135 -0.0113384893 -513.8598543797 -0.6820071951 0.7310317791 0.0214178400 1673.4854182415 0.0229021328 -0.0079232267 0.9997063143 1.5493103631
0.7261303151 0.6875562532 -0.0010789441 -513.1281635849 -0.6875348539 0.7261185505 0.0069047268 1672.7933164658 0.0055308294 -0.0042719197 0.9999755800 1.5619348609
0.7139828251 0.7001007703 0.0093507718 -512.3920330308 -0.7000797868 0.7140402431 -0.0059011396 1672.0815609425 -0.0108082197 -0.0023329740 0.9999388679 1.5584337820
0.6735349435 0.7390677966 0.0113785746 -511.6704383312 -0.7390643156 0.6736137992 -0.0053279296 1671.3364444398 -0.0116024661 -0.0048209517 0.9999210675 1.5442225119
0.6367660624 0.7710117190 0.0083612828 -510.9917482015 -0.7710254542 0.6368007022 -0.0021481868 1670.5558864283 -0.0069807479 -0.0050788694 0.9999627364 1.5309783955
0.6092766794 0.7929463050 -0.0042526765 -510.3562757056 -0.7929100573 0.6092900984 0.0076952583 1669.7601622661 0.0086930403 -0.0013165515 0.9999613481 1.5236610396
0.5935128897 0.8048180316 0.0032227024 -509.7269508770 -0.8048135398 0.5934791791 0.0075914507 1668.9350315023 0.0041971296 -0.0070992984 0.9999659915 1.5227480867
0.5844598331 0.8114119922 0.0041572107 -509.1228781915 -0.8113811478 0.5843704628 0.0131070689 1668.1101295154 0.0082058818 -0.0110336377 0.9999054567 1.5242710111
0.5814899514 0.8131524388 0.0255450136 -508.5135381705 -0.8134839109 0.5815643867 0.0051759783 1667.2717992150 -0.0106472108 -0.0237902369 0.9996602731 1.5211538764
0.5836374151 0.8110884442 0.0387672986 -507.9055680969 -0.8118193132 0.5838782693 0.0059640083 1666.4327481860 -0.0177980450 -0.0349528601 0.9992304675 1.5060898469
0.5882805057 0.8079546964 0.0336935465 -507.3085262507 -0.8086432333 0.5880022699 0.0186936320 1665.6079680702 -0.0047082740 -0.0382431577 0.9992573708 1.4894011184
0.5942895560 0.8040007711 0.0200669786 -506.7141129019 -0.8041400974 0.5936078554 0.0314391101 1664.7926069193 0.0133651527 -0.0348205969 0.9993042073 1.4812974945
0.6004261706 0.7996437316 0.0076365009 -506.1125770372 -0.7993965661 0.5999315305 0.0323618422 1663.9754315575 0.0212965666 -0.0255354896 0.9994470446 1.4911822040
0.6064813580 0.7950693208 0.0067184375 -505.4981259855 -0.7949896073 0.6062379229 0.0216126150 1663.1582170745 0.0131105555 -0.0184487361 0.9997438459 1.5048402391
0.6106593844 0.7918755218 -0.0053173474 -504.8821053004 -0.7917181933 0.6106517628 0.0169330127 1662.3466833955 0.0166558859 -0.0061304625 0.9998424870 1.5185251975
0.6147063537 0.7885140802 -0.0195357121 -504.2702508148 -0.7885960252 0.6148919894 0.0049142959 1661.5441119907 0.0158873444 0.0123849360 0.9997970822 1.5330292024
0.6167384148 0.7865847153 -0.0303020356 -503.6548837032 -0.7871519712 0.6165155605 -0.0173302627 1660.7376000093 0.0050499567 0.0345405458 0.9993905386 1.5446337576
0.6173183348 0.7861869395 -0.0287779367 -503.0286442621 -0.7866857509 0.6165764191 -0.0309685108 1659.9306786029 -0.0066032416 0.0417566223 0.9991059912 1.5453199206
0.6168036579 0.7865793564 -0.0290888910 -502.4073047676 -0.7870753407 0.6159692107 -0.0330808034 1659.1335433437 -0.0081028158 0.0432995094 0.9990292773 1.5385846749
0.6162889639 0.7871300439 -0.0247831994 -501.7814035739 -0.7874730488 0.6156028986 -0.0303194439 1658.3339807364 -0.0086087358 0.0382016402 0.9992329680 1.5284040289
0.6145200203 0.7885415821 -0.0238184355 -501.1583218393 -0.7888179440 0.6137363385 -0.0330750352 1657.5325905404 -0.0114628012 0.0391136806 0.9991690168 1.5123601230
0.6121498757 0.7903937706 -0.0234567070 -500.5362456009 -0.7907348033 0.6119995236 -0.0139661769 1656.7402281643 0.0033167143 0.0270974280 0.9996272949 1.5048470963
0.6033864940 0.7972582887 -0.0174344502 -499.9074648894 -0.7974150288 0.6034181399 -0.0039774679 1655.9392428163 0.0073491943 0.0163024430 0.9998400971 1.5080546972
0.5748074279 0.8177530121 -0.0296045933 -499.3045663630 -0.8179696025 0.5752173939 0.0071189340 1655.1167734455 0.0228506068 0.0201236413 0.9995363369 1.5170076370
0.5410278956 0.8408030943 -0.0184112120 -498.7361688509 -0.8406552150 0.5413045044 0.0169777216 1654.2920983771 0.0242409929 0.0062920603 0.9996863429 1.5323333191
0.5209940844 0.8535117205 -0.0091053287 -498.1970761837 -0.8533346509 0.5210719895 0.0174343125 1653.4471868588 0.0196249218 -0.0013132812 0.9998065502 1.5483158862
0.5063467595 0.8623292281 -0.0011231536 -497.6781453607 -0.8621457209 0.5062650702 0.0200108629 1652.5888082733 0.0178245654 -0.0091641136 0.9997991318 1.5654623529
0.4976664547 0.8673683888 -0.0004217310 -497.1749055702 -0.8670167898 0.4974784464 0.0282326341 1651.7251757762 0.0246978964 -0.0136847871 0.9996012908 1.5888129493
0.4938623393 0.8695349635 -0.0029894988 -496.6648054206 -0.8691525807 0.4937419568 0.0281544246 1650.8251999443 0.0259572976 -0.0113060795 0.9995991153 1.6153921182
0.4944295277 0.8692096868 -0.0037366380 -496.1550888789 -0.8685905801 0.4942315028 0.0358556254 1649.9284386251 0.0330128211 -0.0144824714 0.9993499946 1.6398331698
0.5007427224 0.8655953726 -0.0011734189 -495.6471834439 -0.8653733719 0.5006441315 0.0220086526 1649.0323186644 0.0196380531 -0.0100052272 0.9997570916 1.6624888977
0.5068207271 0.8620478319 -0.0025071953 -495.1258146871 -0.8617968866 0.5067395833 0.0228280715 1648.1387687351 0.0209493846 -0.0094090467 0.9997362618 1.6767978989
0.5124299505 0.8587253394 0.0025173925 -494.6130003441 -0.8586870054 0.5123736699 0.0113951366 1647.2728464764 0.0084954469 -0.0080008615 0.9999319045 1.6862820846
0.5158370833 0.8566800078 0.0033864104 -494.0799084425 -0.8566729765 0.5158471645 -0.0036213601 1646.3810209910 -0.0048492171 -0.0010330145 0.9999877089 1.6843153163
0.5194709359 0.8543774047 0.0137548929 -493.5384798194 -0.8544130512 0.5195713676 -0.0048920222 1645.4987548793 -0.0113262817 -0.0092110967 0.9998934298 1.6685489531
0.5231281126 0.8518811834 0.0252076785 -492.9963131039 -0.8521293810 0.5233286476 -0.0016262041 1644.6272944614 -0.0145772330 -0.0206294904 0.9996809133 1.6548265292
0.5251756986 0.8508721460 0.0143901615 -492.4672934954 -0.8509702588 0.5249602315 0.0163209674 1643.7683155715 0.0063327940 -0.0208169749 0.9997632466 1.6520390169
0.5258881241 0.8505503895 0.0023907974 -491.9376847356 -0.8501680652 0.5255629438 0.0315888113 1642.9103971399 0.0256113612 -0.0186447603 0.9994980896 1.6677955756
0.5244046845 0.8514671647 0.0018423522 -491.4024297205 -0.8504767001 0.5236877821 0.0494013103 1642.0551688926 0.0410987763 -0.0274731562 0.9987773107 1.6959825413
0.5237631935 0.8518499472 0.0048769567 -490.8632266775 -0.8509580481 0.5229337058 0.0490992850 1641.1829011746 0.0392748983 -0.0298664839 0.9987819960 1.7310638560
0.5229587774 0.8523299813 0.0069079791 -490.3276866901 -0.8517144368 0.5222319016 0.0430854868 1640.3141510541 0.0331154852 -0.0284155590 0.9990475067 1.7622644341
0.5192858013 0.8545981874 -0.0020480805 -489.7991255346 -0.8532322444 0.5185883912 0.0553246568 1639.4519901664 0.0483424622 -0.0269818204 0.9984663178 1.7924482220
0.5181085849 0.8553118061 -0.0022822421 -489.2651252411 -0.8534304481 0.5171422892 0.0649640128 1638.5854859895 0.0567447310 -0.0317106778 0.9978849976 1.8350878085
0.5175600046 0.8556306685 -0.0052726455 -488.7335332505 -0.8538336675 0.5168543691 0.0618839994 1637.7110524749 0.0556750376 -0.0275267208 0.9980694213 1.8915003592
0.5175625848 0.8555604375 -0.0120544022 -488.2037457088 -0.8547335553 0.5176099572 0.0388649153 1636.8192492557 0.0394907626 -0.0098117240 0.9991717619 1.9455051905
0.5192246074 0.8546284926 -0.0039933233 -487.6662324179 -0.8542956101 0.5191432499 0.0258707694 1635.9317109567 0.0241830034 -0.0100212615 0.9996573196 1.9839726606
0.5194975002 0.8544311185 0.0083553004 -487.1289031608 -0.8543109757 0.5191849797 0.0244890513 1635.0542438315 0.0165862611 -0.0198600258 0.9996651816 2.0068873253
0.5212102155 0.8534197560 0.0038250916 -486.5959681524 -0.8532019213 0.5209634754 0.0253680660 1634.1743279182 0.0196568757 -0.0164856706 0.9996708608 2.0200294453
0.5224255252 0.8526600348 -0.0065142657 -486.0685436380 -0.8521484890 0.5223525753 0.0314760200 1633.3031802002 0.0302410878 -0.0108927546 0.9994832788 2.0360787098
0.5230894180 0.8522765178 0.0014825480 -485.5273501291 -0.8518911615 0.5227989300 0.0310278537 1632.4302829191 0.0256692366 -0.0174933115 0.9995174207 2.0630389658
0.5227595651 0.8523889835 0.0124682751 -484.9844204687 -0.8522411197 0.5222107308 0.0313213432 1631.5577274095 0.0201869008 -0.0269995085 0.9994315962 2.0808674645
0.5211455826 0.8532500890 0.0192760848 -484.4393882084 -0.8533201986 0.5205025148 0.0303606775 1630.6794564012 0.0158720001 -0.0322710055 0.9993531217 2.0881223672
0.5187767698 0.8548620075 0.0090339018 -483.9069070219 -0.8545583194 0.5182316121 0.0341478408 1629.8099148379 0.0245100382 -0.0254351025 0.9993759621 2.0993240623
0.5199555826 0.8541692366 0.0064114961 -483.3733139727 -0.8537461466 0.5194259225 0.0362522852 1628.9370275592 0.0276352895 -0.0243233682 0.9993221025 2.1207246555
0.5247487529 0.8501718848 0.0429710671 -482.8193866069 -0.8512486595 0.5243000599 0.0220265037 1628.0559060649 -0.0038034189 -0.0481374436 0.9988334799 2.1351418401
0.5245434793 0.8498240904 0.0515087723 -482.2862882673 -0.8512851827 0.5244422204 0.0165497771 1627.1977068480 -0.0129489757 -0.0525297323 0.9985354031 2.1310114060
0.5351121889 0.8438818834 0.0389655242 -481.7596118555 -0.8447728130 0.5347405934 0.0202828034 1626.3379159270 -0.0037201572 -0.0437705908 0.9990346820 2.1201422931
0.5905897820 0.8069713613 0.0009650996 -481.2114098846 -0.8061453683 0.5899303109 0.0459551243 1625.5170640023 0.0365151277 -0.0279186374 0.9989430390 2.1167129621
0.6443708700 0.7638672491 -0.0359584149 -480.6095408984 -0.7625873195 0.6453725150 0.0442142178 1624.7295083121 0.0569803655 -0.0010689228 0.9983747269 2.1457071469
0.6845648862 0.7275071261 -0.0458726284 -479.9418744828 -0.7264848928 0.6860688101 0.0391061175 1623.9758301636 0.0599217587 0.0065550967 0.9981815534 2.2001814968
0.7050943657 0.7071906891 -0.0521849079 -479.2355731766 -0.7061878922 0.7069593200 0.0388224271 1623.2479003600 0.0643474660 0.0094788755 0.9978825354 2.2609756310
0.7151151714 0.6973462798 -0.0481503645 -478.4995524818 -0.6957566795 0.7167343602 0.0470584723 1622.5360728237 0.0673270713 -0.0001512898 0.9977309470 2.3176629568
0.7203655500 0.6914162453 -0.0549276812 -477.7610647311 -0.6893029787 0.7224558514 0.0540272730 1621.8290647679 0.0770381590 -0.0010575720 0.9970275842 2.3812818796
0.7201768920 0.6915290765 -0.0559712485 -477.0176991087 -0.6896661125 0.7223457437 0.0507669162 1621.1183326342 0.0755373918 0.0020403134 0.9971408825 2.4520457415
0.7159945307 0.6962914749 -0.0502992450 -476.2958162430 -0.6948077739 0.7177552082 0.0454930602 1620.4197233213 0.0677789750 0.0023755242 0.9976975330 2.5226010522
0.7098267120 0.7030669920 -0.0429283560 -475.5776754494 -0.7018149690 0.7111235318 0.0419412891 1619.7167919152 0.0600149001 0.0003567155 0.9981974176 2.5841974168
0.6996915642 0.7135898830 -0.0349455834 -474.8670370068 -0.7125869976 0.7005618976 0.0378523244 1619.0047841651 0.0514925800 -0.0015831837 0.9986721222 2.6345200235
0.6943014177 0.7186371712 -0.0388092461 -474.1732863978 -0.7177283794 0.6953799883 0.0362304485 1618.2861082422 0.0530237201 0.0026996455 0.9985896039 2.6820555511
0.6893785254 0.7235810684 -0.0344628234 -473.4687795096 -0.7228090026 0.6902369584 0.0334677018 1617.5542884777 0.0480041098 0.0018381241 0.9988454469 2.7323035329
0.6850673557 0.7277113438 -0.0334502361 -472.7725493989 -0.7269912295 0.6858803072 0.0324338771 1616.8239262441 0.0465453585 0.0020986378 0.9989139729 2.7770324337
0.6790751884 0.7337687436 -0.0209837902 -472.0734721039 -0.7331919694 0.6793836435 0.0294516724 1616.0884396188 0.0358667604 -0.0046147535 0.9993459259 2.8100625772
0.6720805688 0.7402150410 -0.0197332738 -471.3726153653 -0.7396310314 0.6723476603 0.0299092136 1615.3289001220 0.0354068703 -0.0055060597 0.9993578122 2.8353305137
0.6379551909 0.7695507382 -0.0283696266 -470.7097652328 -0.7681534222 0.6385324657 0.0470808902 1614.5720632723 0.0543460614 -0.0082432725 0.9984881342 2.8743956993
0.6027894815 0.7973392689 -0.0299154021 -470.0765841669 -0.7958704362 0.6035059043 0.0486916037 1613.7734379937 0.0568778495 -0.0055420024 0.9983657629 2.9309334894
0.5760131648 0.8170815364 -0.0242197634 -469.4665656766 -0.8165286697 0.5765170907 0.0301492246 1612.9310990943 0.0385974823 0.0024097809 0.9992519339 2.9879329210
0.5563534384 0.8308325908 -0.0137134103 -468.8739198968 -0.8301795658 0.5564732899 0.0337544988 1612.0783310510 0.0356754842 -0.0073948385 0.9993360677 3.0286431437
0.5470918922 0.8370704070 -0.0018961146 -468.3180505012 -0.8370219352 0.5470823158 0.0097580593 1611.2339144694 0.0092055134 -0.0037514656 0.9999505913 3.0466884840
0.5418655068 0.8404509819 0.0048907609 -467.7699772124 -0.8399903675 0.5417457762 -0.0304581082 1610.3742820333 -0.0282480960 0.0123960062 0.9995240788 3.0293284678
0.5478951252 0.8365441207 0.0022058763 -467.2308620016 -0.8356596875 0.5474334796 -0.0446034986 1609.5262351866 -0.0385203650 0.0225946775 0.9990023333 2.9880266534
0.5505623436 0.8347499324 0.0085823236 -466.6767525813 -0.8333401660 0.5501809281 -0.0533396107 1608.6825680369 -0.0492470671 0.0222147861 0.9985395484 2.9382115579
0.5549005077 0.8316596852 0.0206783588 -466.1131323875 -0.8295978306 0.5550374005 -0.0608352155 1607.8427191239 -0.0620714587 0.0166027704 0.9979336060 2.8764271323
0.5536852335 0.8324134105 0.0228161410 -465.5370410803 -0.8310886464 0.5541064384 -0.0475154364 1606.9990603572 -0.0521950571 0.0073463597 0.9986098873 2.8142069024
0.5000196132 0.8660064756 0.0036291242 -465.0047586851 -0.8658204016 0.4999920205 -0.0190528640 1606.1409366719 -0.0183144367 0.0063846359 0.9998118912 2.7748180237
0.4370308833 0.8992071490 -0.0207487432 -464.5401877292 -0.8993942698 0.4371378130 0.0006927829 1605.2498784886 0.0096930155 0.0183585332 0.9997844816 2.7646693830
0.3959194780 0.9172349523 -0.0439068240 -464.1269297408 -0.9178804314 0.3967118769 0.0107331433 1604.3230301678 0.0272631727 0.0360517541 0.9989779730 2.7758222561
0.3674278727 0.9287637034 -0.0489360979 -463.7388027269 -0.9290179528 0.3689914413 0.0277661601 1603.3801882499 0.0438452029 0.0352604524 0.9984158946 2.8045477172
0.3536538797 0.9340020880 -0.0506856298 -463.3802759972 -0.9341412800 0.3554517153 0.0321581577 1602.4483758368 0.0480520805 0.0359746819 0.9981967841 2.8379194293
0.3480635569 0.9367160017 -0.0376150559 -463.0219164374 -0.9364268812 0.3492890731 0.0331939673 1601.5133625934 0.0442318483 0.0236701392 0.9987408413 2.8737747005
0.3550914006 0.9341939522 -0.0345218324 -462.6685631962 -0.9339729907 0.3561056404 0.0297191104 1600.5754301640 0.0400568324 0.0216894585 0.9989619700 2.9094305839
0.3667585891 0.9297858212 -0.0314080263 -462.3064418391 -0.9294671106 0.3676570225 0.0303183793 1599.6432595164 0.0397369806 0.0180732015 0.9990467115 2.9471164467
0.3708728819 0.9280641356 -0.0339155681 -461.9296332818 -0.9274997130 0.3719964623 0.0369176697 1598.6935490128 0.0468784366 0.0177649171 0.9987426194 2.9951514496
0.3804443645 0.9246009083 -0.0193712662 -461.5451249929 -0.9238094189 0.3809230062 0.0383903749 1597.7642389526 0.0428747365 0.0032899564 0.9990750388 3.0445925887
0.3881645971 0.9215662063 -0.0066312028 -461.1393434010 -0.9202211228 0.3879700204 0.0516947621 1596.8168084494 0.0502128537 -0.0139639036 0.9986409158 3.0954213594
0.3959219060 0.9182822959 0.0018626006 -460.7413982106 -0.9164279680 0.3949918746 0.0643521445 1595.9020688384 0.0583577229 -0.0271853630 0.9979255144 3.1498995825
0.3984970517 0.9170737391 0.0132610980 -460.3325718243 -0.9156993912 0.3969983253 0.0623454462 1594.9753028449 0.0519107378 -0.0369876559 0.9979665268 3.1998666851
0.3999473158 0.9164099314 0.0153291292 -459.9257889907 -0.9148646738 0.3981510152 0.0670700952 1594.0508976490 0.0553603929 -0.0408485834 0.9976305028 3.2452838646
0.3991972620 0.9164511693 0.0275463306 -459.5100074867 -0.9160592649 0.3974070459 0.0538800799 1593.1107193778 0.0384313564 -0.0467428518 0.9981673891 3.2843032956
0.3970838615 0.9174412978 0.0250174352 -459.1021721959 -0.9172641171 0.3957963006 0.0444052697 1592.1674721280 0.0308374200 -0.0405802116 0.9987003054 3.3166625113
0.3982451650 0.9171541795 0.0151327297 -458.6974688626 -0.9165207537 0.3971911513 0.0472111999 1591.2259693651 0.0372893630 -0.0326710930 0.9987702955 3.3502623297
0.3974577406 0.9175832521 0.0082655833 -458.2931308205 -0.9167130316 0.3966480850 0.0480365935 1590.2897800457 0.0407990459 -0.0266696839 0.9988113765 3.3927706616
0.3973984020 0.9176454683 0.0011421996 -457.8936264030 -0.9166389737 0.3969036092 0.0473340993 1589.3610791940 0.0429825786 -0.0198574800 0.9988784603 3.4432641180
0.4019245259 0.9156578925 -0.0052248843 -457.4925355021 -0.9147536570 0.4017701435 0.0425029270 1588.4164356980 0.0410173431 -0.0123034868 0.9990826802 3.4885130165
0.4383477559 0.8986828058 -0.0148478760 -457.0644179775 -0.8979918005 0.4385939273 0.0353000447 1587.4804370118 0.0382357315 -0.0021404245 0.9992664547 3.5305270473
0.4755966771 0.8794107573 -0.0210836597 -456.5940600814 -0.8780800192 0.4760416451 0.0485781031 1586.5696639797 0.0527568065 -0.0045904441 0.9985968392 3.5731509075
0.5011446264 0.8648202150 -0.0306603835 -456.1069522117 -0.8634661711 0.5020768163 0.0484256317 1585.6952883416 0.0572733330 0.0022059588 0.9983560983 3.6192162937
0.5187789659 0.8540665228 -0.0379309786 -455.5941430809 -0.8532083025 0.5200341778 0.0400005799 1584.8220634280 0.0538885615 0.0116115663 0.9984794412 3.6679916074
0.5281386658 0.8485204126 -0.0329037846 -455.0597853145 -0.8480167863 0.5290410515 0.0313543624 1583.9555835079 0.0440122693 0.0113435106 0.9989665885 3.7154897189
0.5325669889 0.8461712736 -0.0191462293 -454.5153312718 -0.8461880467 0.5327965209 0.0096776500 1583.0900614078 0.0183899938 0.0110473135 0.9997698560 3.7475829342
0.5318537094 0.8466998916 -0.0151962285 -453.9719337178 -0.8468285936 0.5318395630 -0.0052926571 1582.2229338860 0.0036006633 0.0156835201 0.9998705228 3.7600201717
0.5283037559 0.8489766207 -0.0115688834 -453.4334587224 -0.8490522963 0.5282898385 -0.0044771232 1581.3632677329 0.0023107506 0.0121878680 0.9999230552 3.7615985632
0.5223778669 0.8525790987 -0.0151738131 -452.9037785910 -0.8525216053 0.5225553406 0.0119510905 1580.5099578997 0.0181184070 0.0066930183 0.9998134460 3.7740066957
0.5159140951 0.8565626766 -0.0115337542 -452.3798506786 -0.8564406547 0.5160377728 0.0146431554 1579.6503205971 0.0184946332 0.0023233657 0.9998262602 3.7932654875
0.5109323513 0.8596206389 0.0006996011 -451.8559616403 -0.8595967097 0.5109116816 0.0079215067 1578.7821800457 0.0064520563 -0.0046487289 0.9999683796 3.8016812817
0.5060656217 0.8623137281 0.0176810872 -451.3332220102 -0.8624073590 0.5062000725 -0.0038773299 1577.9066646963 -0.0122936424 -0.0132861164 0.9998361593 3.7947229402
0.5017158470 0.8647398729 0.0224980244 -450.8241983214 -0.8645329204 0.5021402633 -0.0209281047 1577.0293889531 -0.0293945305 -0.0089503209 0.9995278152 3.7691965652
0.4979026011 0.8670299341 0.0187641458 -450.3259501084 -0.8661976031 0.4982487054 -0.0380780765 1576.1551070761 -0.0423640435 0.0027057152 0.9990985772 3.7285206301
0.4966953879 0.8674420540 0.0289477917 -449.8221484763 -0.8653684540 0.4975148851 -0.0601363279 1575.2776838056 -0.0665667371 0.0048189310 0.9977703380 3.6762100728
0.4961759120 0.8675688440 0.0336714320 -449.3149693819 -0.8627244234 0.4970206142 -0.0931508366 1574.3731739940 -0.0975501595 0.0171700345 0.9950824872 3.6004833868
0.4959321186 0.8676671062 0.0347149332 -448.8081306447 -0.8633146286 0.4969595393 -0.0878582287 1573.4916250554 -0.0934836123 0.0136018078 0.9955279027 3.5051979223
0.4972937426 0.8673782623 0.0188117933 -448.3189084206 -0.8653175031 0.4974446829 -0.0614361962 1572.6369905554 -0.0626462477 0.0142736619 0.9979337204 3.4266018161
0.5016619990 0.8650270314 -0.0079670380 -447.8247477522 -0.8647953878 0.5012557478 -0.0295230852 1571.7727329499 -0.0215447432 0.0217004677 0.9995323475 3.3718618142
0.5059361605 0.8620279986 -0.0305995275 -447.3302604041 -0.8624834538 0.5060716326 -0.0037141247 1570.9149290501 0.0122838733 0.0282706962 0.9995248242 3.3553179205
0.5074680899 0.8604433367 -0.0459717531 -446.8136694773 -0.8607343373 0.5086811144 0.0194916497 1570.0346588821 0.0401564227 0.0296780762 0.9987525587 3.3736466586
0.5091032395 0.8588186000 -0.0569605465 -446.3075460686 -0.8591526652 0.5110441692 0.0262784133 1569.1707080570 0.0516777453 0.0355593800 0.9980305312 3.4136940678
0.5105017365 0.8577938316 -0.0598140402 -445.7935523864 -0.8577851163 0.5128752389 0.0341128080 1568.3099437059 0.0599388965 0.0338929457 0.9976264817 3.4636302060
0.5121913688 0.8569743121 -0.0570528708 -445.2742904098 -0.8573548302 0.5141034552 0.0253047895 1567.4359985639 0.0510166326 0.0359536596 0.9980504183 3.5198637941
0.5131367144 0.8567328879 -0.0519564349 -444.7512771072 -0.8575525486 0.5142828872 0.0108045507 1566.5546800056 0.0359769193 0.0390111615 0.9985909025 3.5685885131
0.5103949622 0.8581297292 -0.0557705159 -444.2348408537 -0.8592465532 0.5115138568 0.0069953694 1565.6768187368 0.0345303262 0.0443502223 0.9984191076 3.6123970765
0.5079876806 0.8595590820 -0.0557377882 -443.7156460944 -0.8607414885 0.5090168307 0.0050947014 1564.7935539510 0.0327506691 0.0453877812 0.9984324429 3.6494013991
0.5075538435 0.8600317365 -0.0522925240 -443.1940008192 -0.8609955984 0.5085612549 0.0072131523 1563.9170661546 0.0327974915 0.0413625698 0.9986057592 3.6798395806
0.5068571875 0.8606337350 -0.0490445277 -442.6701667375 -0.8616769237 0.5074572058 -0.0002518465 1563.0238191308 0.0246712514 0.0423881880 0.9987965613 3.7029281169
0.5056067261 0.8618546222 -0.0396036443 -442.1459471166 -0.8626525279 0.5057465644 -0.0071434388 1562.1347729328 0.0138728013 0.0377759546 0.9991899332 3.7180495338
0.5045765535 0.8626446986 -0.0353075860 -441.6221824630 -0.8631361495 0.5049652197 0.0024727324 1561.2484830462 0.0199621924 0.0292275710 0.9993734337 3.7262022813
0.5041021230 0.8627919587 -0.0383547346 -441.1044879055 -0.8633197484 0.5046325904 0.0049960723 1560.3651930937 0.0236656201 0.0305938692 0.9992516968 3.7384485671
0.5037906958 0.8633659263 -0.0281817707 -440.5816197872 -0.8633910291 0.5043040157 0.0152771235 1559.4857673531 0.0274019280 0.0166354153 0.9994860666 3.7532512324
0.5023787259 0.8645768420 -0.0110679786 -440.0543262861 -0.8642022007 0.5024896027 0.0256662314 1558.6043334945 0.0277519734 -0.0033291972 0.9996092959 3.7763165286
0.5036989716 0.8638747568 0.0027839849 -439.5258373350 -0.8635210235 0.5033946950 0.0304174783 1557.7132562823 0.0248754484 -0.0177252820 0.9995334044 3.8045734425
0.5028628469 0.8643074577 0.0100784843 -439.0027599080 -0.8637543060 0.5020340319 0.0434779218 1556.8259672778 0.0325185500 -0.0305687657 0.9990035508 3.8360781586
0.5050530670 0.8629363932 0.0161919966 -438.4790374837 -0.8619026454 0.5032874815 0.0618509556 1555.9430518309 0.0452242113 -0.0451939396 0.9979540463 3.8778544271
0.5058881269 0.8624000314 0.0185307552 -437.9666479563 -0.8611161562 0.5036427534 0.0694474076 1555.0795833427 0.0505585659 -0.0510897516 0.9974134893 3.9199365392
0.5047770252 0.8629455104 0.0229172605 -437.4513240291 -0.8618578630 0.5022785412 0.0701233986 1554.2075540299 0.0490018238 -0.0551481017 0.9972750414 3.9617151173
0.5071040803 0.8615609121 0.0236272424 -436.9353692451 -0.8610375775 0.5051999824 0.0582002399 1553.3270037855 0.0382065694 -0.0498575227 0.9980252930 4.0021074966
0.5074938734 0.8612837805 0.0253025281 -436.4181799337 -0.8612669106 0.5061646704 0.0449069620 1552.4474997800 0.0258703922 -0.0445822383 0.9986706899 4.0305056316
0.5067558150 0.8617492912 0.0242219551 -435.9045669651 -0.8619267382 0.5059138537 0.0336670550 1551.5731760579 0.0167583382 -0.0379385266 0.9991395430 4.0512999022
0.5061120551 0.8620870053 0.0256238768 -435.3909734220 -0.8624647076 0.5058081925 0.0176833378 1550.6955994312 0.0022838089 -0.0310494399 0.9995152408 4.0651983451
0.5060819749 0.8622245624 0.0212094011 -434.8829420829 -0.8624836116 0.5058780651 0.0144707612 1549.8245877918 0.0017476750 -0.0256161523 0.9996703248 4.0692822287
0.5071595230 0.8615139861 0.0241427026 -434.3718512732 -0.8617793221 0.5065533396 0.0272050390 1548.9615635051 0.0112079549 -0.0346029765 0.9993382890 4.0783695935
0.5047985786 0.8630221157 0.0192671439 -433.8628481017 -0.8628068424 0.5037165931 0.0428246031 1548.1013356510 0.0272533995 -0.0382416224 0.9988968067 4.0928285901
0.5024173435 0.8644561752 0.0170977821 -433.3544458176 -0.8641937641 0.5014437713 0.0415124367 1547.2295819537 0.0273121059 -0.0356323648 0.9989916834 4.1111464254
0.5014055242 0.8651893411 0.0063169935 -432.8550108150 -0.8647456532 0.5008818921 0.0365004843 1546.3594855941 0.0284157623 -0.0237641371 0.9993136696 4.1285772210
0.5012657809 0.8652931883 -0.0005613923 -432.3508290641 -0.8647379103 0.5009671396 0.0355003033 1545.4858168449 0.0309994097 -0.0173096301 0.9993695079 4.1544995756
0.5023949928 0.8646360164 -0.0019571431 -431.8470414970 -0.8642802176 0.5022508150 0.0276373723 1544.6144512779 0.0248792442 -0.0121933574 0.9996160989 4.1776275581
0.5044782620 0.8632853138 0.0154967807 -431.3314677910 -0.8634094342 0.5044939131 0.0031687036 1543.7345685408 -0.0050825362 -0.0149786087 0.9998748967 4.1904826147
0.5068520536 0.8617407186 0.0224483768 -430.8193428335 -0.8615647437 0.5072631726 -0.0197551551 1542.8563068179 -0.0284110564 -0.0093277891 0.9995528021 4.1793347994
0.5081231480 0.8611075956 0.0174520868 -430.3091042081 -0.8607379171 0.5084181976 -0.0253214220 1541.9826301646 -0.0306774273 -0.0021552722 0.9995270133 4.1471902619
0.5094362662 0.8604837983 0.0065056540 -429.8046996858 -0.8604130133 0.5094778035 -0.0110369508 1541.1265619611 -0.0128116037 0.0000250736 0.9999179277 4.1161464342
0.5091411414 0.8606821567 0.0012341784 -429.2793470810 -0.8606816323 0.5091371893 0.0025397524 1540.2419295064 0.0015575535 -0.0023553271 0.9999960132 4.1000814561
0.5097702595 0.8603042656 0.0032943988 -428.7505461676 -0.8603076778 0.5097747413 -0.0006424056 1539.3477308555 -0.0022320656 -0.0025067173 0.9999943671 4.0914004459
0.5094336330 0.8605094231 -0.0009520027 -428.2238730499 -0.8605096531 0.5094340642 0.0002666712 1538.4550729146 0.0007144557 0.0006833562 0.9999995113 4.0840831124
0.5077863718 0.8614826730 -0.0007776743 -427.7012334008 -0.8614732999 0.5077847223 0.0042929476 1537.5726217168 0.0040931911 -0.0015099547 0.9999904829 4.0809448173
0.5085117720 0.8610200997 -0.0077566581 -427.1797581796 -0.8609070642 0.5085707539 0.0139576194 1536.6908956706 0.0159626003 -0.0004198520 0.9998725014 4.0823723881
0.5089287784 0.8607760727 0.0074867359 -426.6527376928 -0.8607632475 0.5087933914 0.0146940980 1535.8071158316 0.0088391262 -0.0139225564 0.9998640069 4.0866312184
0.5088590444 0.8606291227 0.0194932326 -426.1235201863 -0.8608277454 0.5085532096 0.0186875827 1534.9273872568 0.0061697319 -0.0262896610 0.9996353276 4.0901627311
0.5025555848 0.8638793105 0.0339178587 -425.5942294342 -0.8645399633 0.5020332328 0.0230929629 1534.0549594481 0.0029216407 -0.0409288418 0.9991577923 4.0936055236
0.5009068327 0.8646204290 0.0390366324 -425.0824192964 -0.8654911693 0.5006085341 0.0177800888 1533.1745207867 -0.0041690433 -0.0426920286 0.9990795813 4.0988115847
0.4986465101 0.8657403337 0.0429573345 -424.5713853501 -0.8667716016 0.4984522009 0.0158869153 1532.2952306631 -0.0076582346 -0.0451561525 0.9989505860 4.0936988745
0.5000709432 0.8642340448 0.0550324221 -424.0567535510 -0.8658872755 0.4999561100 0.0168259987 1531.4174914249 -0.0129721948 -0.0560660671 0.9983427860 4.0813249171
0.5026063748 0.8624733848 0.0593842791 -423.5439583391 -0.8642371992 0.5030002889 0.0092072169 1530.5346875929 -0.0219293300 -0.0559497090 0.9981927342 4.0561537046
0.5069136635 0.8598795943 0.0603789790 -423.0305620791 -0.8615720547 0.5076181135 0.0041767713 1529.6549742107 -0.0270579430 -0.0541381034 0.9981667864 4.0266196756
0.5090468147 0.8588458929 0.0570532444 -422.5173628217 -0.8601985463 0.5099566760 -0.0016277205 1528.7833266548 -0.0304926439 -0.0482485320 0.9983698102 3.9954312403
0.5102701263 0.8583576368 0.0533532144 -422.0071650754 -0.8594085182 0.5112564478 -0.0058175165 1527.9127517640 -0.0322706846 -0.0428837020 0.9985587569 3.9610401419
0.5094932197 0.8589384885 0.0513938917 -421.4946051329 -0.8600852013 0.5101502690 0.0003867680 1527.0544108944 -0.0258863978 -0.0444001814 0.9986783858 3.9306600586
0.5085356200 0.8598353741 0.0455483549 -420.9696436484 -0.8609256170 0.5086213808 0.0105533371 1526.1738480289 -0.0140927346 -0.0445804934 0.9989063892 3.9104046203
0.5056432586 0.8623843174 0.0248633071 -420.4554320966 -0.8626923572 0.5050925730 0.0253651246 1525.2893499273 0.0093162139 -0.0342750893 0.9993690141 3.9031254508
0.5021753586 0.8647448227 0.0060250170 -419.9453573729 -0.8646148263 0.5019453051 0.0221836161 1524.3998439442 0.0161589382 -0.0163493844 0.9997357583 3.9064464344
0.5004056616 0.8657710464 -0.0058880356 -419.4344669512 -0.8651754534 0.5002947025 0.0343022649 1523.5145931644 0.0326436608 -0.0120708637 0.9993941593 3.9153743388
0.5031188036 0.8640242693 -0.0182628451 -418.9234412391 -0.8631831553 0.5034380429 0.0382750219 1522.6283304164 0.0422647589 -0.0034927030 0.9991003409 3.9414064489
0.4998171509 0.8657766580 -0.0247708302 -418.4213518729 -0.8645170948 0.5004268370 0.0467244442 1521.7680887141 0.0528489213 -0.0019388724 0.9986006370 3.9835742484
0.4984841962 0.8659273200 -0.0410290447 -417.9263780220 -0.8636422632 0.5001535942 0.0629954240 1520.9066206316 0.0750702829 0.0040321937 0.9971700928 4.0380050946
0.4992090752 0.8656848909 -0.0371479331 -417.4186672124 -0.8628138321 0.5005794075 0.0705162953 1520.0360784087 0.0796403817 -0.0031506241 0.9968186812 4.1090689080
0.5015107860 0.8642892251 -0.0386143360 -416.9092238768 -0.8613741012 0.5029897770 0.0709643717 1519.1598892820 0.0807563580 -0.0023280089 0.9967311528 4.1900472032
0.5039249481 0.8628787190 -0.0387293549 -416.3969860210 -0.8594250945 0.5053790577 0.0773337891 1518.2834992968 0.0863026857 -0.0056854462 0.9962527401 4.2767572796
0.5051708475 0.8624955715 -0.0300633318 -415.8734095168 -0.8590669770 0.5058821796 0.0780201861 1517.4019058709 0.0825005688 -0.0135871080 0.9964983927 4.3665127101
0.5056281101 0.8623798328 -0.0253226817 -415.3505537731 -0.8594964569 0.5060506250 0.0719625281 1516.5159790960 0.0748735919 -0.0146215219 0.9970858320 4.4451861129
0.5068795063 0.8617533614 -0.0213145537 -414.8249876357 -0.8588347931 0.5069765973 0.0733316301 1515.6272377631 0.0739997587 -0.0188646202 0.9970798172 4.5183032922
0.5085572351 0.8608354976 -0.0182149580 -414.3165918927 -0.8591313214 0.5087267594 0.0555918774 1514.7599282000 0.0571218980 -0.0126226106 0.9982874128 4.5785452048
0.5087264330 0.8607047664 -0.0196143172 -413.7902442151 -0.8592275277 0.5090210178 0.0512411849 1513.8712259213 0.0540876318 -0.0092145839 0.9984936753 4.6301521388
0.5101411981 0.8597706908 -0.0234588418 -413.2812425294 -0.8585681485 0.5106708656 0.0455631593 1513.0076860176 0.0511536160 -0.0031026303 0.9986859773 4.6776583875
0.5077494189 0.8610993840 -0.0264268537 -412.7725833342 -0.8603325046 0.5084196006 0.0365717260 1512.1399311682 0.0449278211 0.0041666086 0.9989815465 4.7206371381
0.5063912064 0.8618266445 -0.0286841571 -412.2653599698 -0.8613487426 0.5071155915 0.0302013311 1511.2742845312 0.0405744951 0.0094133741 0.9991321728 4.7653850591
0.5067705571 0.8615038594 -0.0315389085 -411.7577581168 -0.8609691043 0.5076356230 0.0322222859 1510.4075660533 0.0437698971 0.0108247201 0.9989829936 4.8123341708
0.5088069318 0.8601355797 -0.0358090858 -411.2504478227 -0.8590914994 0.5099903913 0.0432619507 1509.5471422554 0.0554734327 0.0087513008 0.9984218112 4.8633162715
0.5067099197 0.8609868437 -0.0441215624 -410.7407624164 -0.8591529320 0.5085462054 0.0568946086 1508.6837218419 0.0714233626 0.0090781071 0.9974047780 4.9185164364
0.5064814353 0.8605647472 -0.0538968601 -410.2289080073 -0.8585739326 0.5091018663 0.0605482612 1507.8118757862 0.0795446912 0.0156078689 0.9967091033 4.9846847451
0.5087585068 0.8587179159 -0.0613866655 -409.7184219273 -0.8576568409 0.5117385868 0.0504813050 1506.9379733483 0.0747631265 0.0269659003 0.9968366542 5.0518166454
0.5070844230 0.8599275155 -0.0582241875 -409.1986420491 -0.8593517580 0.5096195208 0.0424558605 1506.0589652087 0.0661811452 0.0285063524 0.9974003428 5.1196868321
0.5053901815 0.8608399828 -0.0594582923 -408.6831375097 -0.8608775543 0.5077169152 0.0333672075 1505.1771261926 0.0589118071 0.0343228502 0.9976729629 5.1800648600
0.5047961878 0.8621102787 -0.0441211525 -408.1585850310 -0.8624169007 0.5058860517 0.0177874154 1504.2840213591 0.0376549892 0.0290718081 0.9988678250 5.2257363473
0.5069054579 0.8610799843 -0.0398511910 -407.6443744624 -0.8617359376 0.5073551878 0.0013737912 1503.3999273036 0.0214016526 0.0336448212 0.9992046814 5.2541594541
0.5070672122 0.8608490813 -0.0426813968 -407.1376276385 -0.8617246789 0.5073554112 -0.0045896102 1502.5269978100 0.0177036759 0.0391068538 0.9990781921 5.2801315485
0.4466437079 0.8933030929 -0.0501894644 -406.6577171369 -0.8944023663 0.4472615915 0.0012148714 1501.6513031146 0.0235330681 0.0443469611 0.9987389758 5.3031565316
0.3810865928 0.9227827146 -0.0569655195 -406.2423392951 -0.9242000844 0.3818919954 0.0035648056 1500.7277635574 0.0250442169 0.0512890384 0.9983697821 5.3293331282
0.3330226509 0.9414274250 -0.0530124275 -405.8820975486 -0.9423991918 0.3341789310 0.0144293230 1499.7859616325 0.0312997968 0.0451535774 0.9984895979 5.3531120977
0.2961921712 0.9539082507 -0.0482622722 -405.5613306132 -0.9541303530 0.2978140331 0.0306931774 1498.8294924718 0.0436516571 0.0369574200 0.9983630011 5.3816637121
0.2783022415 0.9593131069 -0.0476048878 -405.2750396957 -0.9591049243 0.2802225117 0.0399135072 1497.8700437509 0.0516295118 0.0345500638 0.9980684779 5.4187931528
0.2689013156 0.9621507706 -0.0442490349 -404.9959796809 -0.9616851489 0.2707519712 0.0430702270 1496.8898528692 0.0534205655 0.0309719990 0.9980916684 5.4665637551
0.2737947970 0.9610282823 -0.0382236808 -404.7139396216 -0.9604112852 0.2753126146 0.0425808345 1495.9086853673 0.0514448477 0.0250520435 0.9983615692 5.5222506107
0.2829593840 0.9585824356 -0.0324607629 -404.4253622371 -0.9583553222 0.2839299444 0.0306408721 1494.9232643557 0.0385883845 0.0224388226 0.9990032211 5.5754289265
0.2917960179 0.9563448215 -0.0161141670 -404.1221107349 -0.9563172667 0.2920160991 0.0135603547 1493.9373129101 0.0176739711 0.0114533986 0.9997782006 5.6136800263
0.2996701260 0.9540364741 -0.0034959368 -403.8129279953 -0.9539690386 0.2996905102 0.0113433497 1492.9598165486 0.0118696685 -0.0000642476 0.9999295509 5.6332390749
0.3035083737 0.9528184533 -0.0044342000 -403.5027396692 -0.9527098074 0.3035407298 0.0143891732 1491.9820258595 0.0150562301 -0.0001427287 0.9998866384 5.6458751855
0.3101511374 0.9505638769 -0.0153162626 -403.1941997116 -0.9500574978 0.3104917687 0.0313944652 1491.0192006612 0.0345980180 0.0048143011 0.9993897136 5.6637924255
0.3169250869 0.9482622359 -0.0189002981 -402.8730823248 -0.9467849059 0.3174861785 0.0529232312 1490.0548393043 0.0561856849 0.0011218173 0.9984197065 5.7020741109
0.3205126274 0.9471785984 -0.0111516122 -402.5435588660 -0.9459084621 0.3206634595 0.0493166015 1489.0791597592 0.0502875440 -0.0052581892 0.9987209392 5.7502044029
0.3207599528 0.9471363000 0.0067736185 -402.2038258211 -0.9460645364 0.3200366645 0.0503827974 1488.1083067793 0.0455515701 -0.0225690640 0.9987070100 5.7914114691
0.3174044339 0.9479893565 0.0238873456 -401.8745634735 -0.9477308395 0.3162514067 0.0423237947 1487.1562328806 0.0325681003 -0.0360725342 0.9988183474 5.8230988052
0.3217543838 0.9462612723 0.0326147379 -401.5492576587 -0.9465255415 0.3205987219 0.0361366677 1486.2056426858 0.0237384859 -0.0424978137 0.9988145074 5.8488325537
0.3202901784 0.9468431533 0.0300373876 -401.2267059725 -0.9471679962 0.3195109147 0.0280278846 1485.2493404949 0.0169407374 -0.0374275084 0.9991557401 5.8780232092
0.3228776222 0.9460436434 0.0274128764 -400.8940329438 -0.9462788845 0.3221513582 0.0278347841 1484.2710474479 0.0175018252 -0.0349274550 0.9992365881 5.9004831712
0.3237942233 0.9459004534 0.0207275965 -400.5729601501 -0.9459643932 0.3232538810 0.0256572622 1483.3238310687 0.0175689399 -0.0279152415 0.9994558878 5.9230449862
0.3213692359 0.9468821615 0.0116613220 -400.2424527505 -0.9466137461 0.3208993418 0.0307575689 1482.3496375621 0.0253816828 -0.0209233042 0.9994588463 5.9411036441
0.3191002414 0.9477148896 -0.0033947123 -399.9203113903 -0.9471360284 0.3190270749 0.0339863096 1481.3829374940 0.0332923368 -0.0076297853 0.9994165331 5.9600145995
0.3205392730 0.9470812539 -0.0170784361 -399.6122449677 -0.9464606472 0.3209540868 0.0346513689 1480.4260948513 0.0382990557 0.0050569431 0.9992535262 5.9821424848
0.3139848873 0.9489896541 -0.0288466103 -399.2917275924 -0.9489843647 0.3146219758 0.0210163746 1479.4493592950 0.0290200996 0.0207761581 0.9993628896 6.0029015179
0.3104754010 0.9500991771 -0.0302750549 -398.9773284675 -0.9504213858 0.3108500346 0.0084525428 1478.4818423866 0.0174417558 0.0261497530 0.9995058657 6.0247017217
0.3038803487 0.9522693506 -0.0289796063 -398.6619834327 -0.9526363457 0.3040949401 0.0032031584 1477.5073222825 0.0118628212 0.0266336493 0.9995748707 6.0407169400
0.3043576848 0.9523250305 -0.0210579211 -398.3501153297 -0.9525577779 0.3042898309 -0.0064326164 1476.5323931673 0.0002817697 0.0220167028 0.9997575633 6.0541551487
0.3069822551 0.9515401316 -0.0182557654 -398.0367570849 -0.9517114720 0.3069785246 -0.0030756422 1475.5603095135 0.0026775309 0.0183183889 0.9998286190 6.0626328191
0.3120595712 0.9498902487 -0.0180925256 -397.7231753580 -0.9499247599 0.3122820434 0.0110849412 1474.6044480602 0.0161794484 0.0137273760 0.9997748670 6.0774415057
0.3141010721 0.9492966562 -0.0132806234 -397.4051312472 -0.9491280526 0.3143121317 0.0190741598 1473.6483212733 0.0222812972 0.0066137982 0.9997298642 6.0965811154
0.4075581468 0.9131628013 -0.0054822764 -397.0424209322 -0.9127485750 0.4075429501 0.0282627433 1472.6831236329 0.0280427489 -0.0065147713 0.9995854951 6.1182127217
0.5403837813 0.8414056513 0.0046796273 -396.5553659227 -0.8410402949 0.5399656577 0.0329895565 1471.8005643403 0.0252307613 -0.0217627764 0.9994447410 6.1400557632
0.6339901632 0.7733380515 0.0021751082 -395.9495509055 -0.7729356689 0.6335642093 0.0341591042 1470.9740867823 0.0250384643 -0.0233377548 0.9994140406 6.1587621231
0.6823961983 0.7308675758 -0.0129620680 -395.2924216969 -0.7301266605 0.6823478949 0.0362823631 1470.2267717299 0.0353622426 -0.0152949952 0.9992575118 6.1841433828
0.7049513673 0.7081215716 -0.0400925121 -394.6047732137 -0.7073950955 0.7060696306 0.0325246930 1469.5011311040 0.0513395420 0.0054329196 0.9986664783 6.2271111654
0.7121114136 0.7004256697 -0.0479709896 -393.8996263375 -0.7000965923 0.7135686882 0.0261627335 1468.7920519872 0.0525556463 0.0149535452 0.9985060318 6.2763297650
0.7113757978 0.7006971455 -0.0544792116 -393.1866529022 -0.7006527045 0.7131279324 0.0231157884 1468.0812417825 0.0550478144 0.0217269945 0.9982473019 6.3287802742
0.7043056492 0.7072781493 -0.0609193889 -392.4805241389 -0.7074920931 0.7063879590 0.0217022932 1467.3738068450 0.0583822806 0.0278149383 0.9979067284 6.3809725965
0.6939017957 0.7170401422 -0.0659828187 -391.7819185355 -0.7181322468 0.6958406501 0.0095846628 1466.6486670470 0.0527861154 0.0407335751 0.9977747250 6.4304387635
0.6803090984 0.7306687662 -0.0574689890 -391.0864625470 -0.7318873044 0.6814256536 -0.0002288294 1465.9128622594 0.0389936449 0.0422164982 0.9983472657 6.4725276779
0.6690124679 0.7414463952 -0.0517644751 -390.4051185739 -0.7429471061 0.6691069120 -0.0180426644 1465.1584416889 0.0212582996 0.0505290344 0.9984963202 6.4995608131
0.6609461816 0.7487492625 -0.0502462640 -389.7349845301 -0.7503529756 0.6603720266 -0.0296512816 1464.3957053329 0.0109798519 0.0573003350 0.9982966065 6.5143318722
0.6518989923 0.7560980166 -0.0578229462 -389.0779266112 -0.7579585769 0.6520106920 -0.0195154611 1463.6382707245 0.0229455777 0.0565495075 0.9981360898 6.5253282579
0.6465515459 0.7615568778 -0.0447461770 -388.4180938921 -0.7620574414 0.6474576461 0.0081885563 1462.8855132317 0.0352073058 0.0288048334 0.9989648278 6.5433973476
0.6446883566 0.7637654371 -0.0322378644 -387.7633445070 -0.7633179675 0.6454544154 0.0270975666 1462.1281560481 0.0415042567 0.0071382555 0.9991128275 6.5704526700
0.5782511015 0.8157785911 -0.0114435127 -387.1183871158 -0.8153112878 0.5783199644 0.0285223206 1461.3475980146 0.0298859104 -0.0071630383 0.9995276501 6.6111438024
0.4206194479 0.9071417364 0.0131586560 -386.5991625839 -0.9070281499 0.4201669823 0.0275616101 1460.4686263149 0.0194734541 -0.0235282207 0.9995334949 6.6377402828
0.2844862235 0.9584631249 0.0203967339 -386.2306121400 -0.9583022770 0.2837124404 0.0341174019 1459.5355131246 0.0269134644 -0.0292521674 0.9992096758 6.6565377569
0.1875805951 0.9821061615 0.0167632910 -385.9842461167 -0.9814108357 0.1866882259 0.0445003124 1458.5420667467 0.0405745219 -0.0247990705 0.9988687172 6.6838628369
0.1225898627 0.9922947177 0.0179699424 -385.8217491389 -0.9916764205 0.1217551320 0.0418755884 1457.5485892499 0.0393649925 -0.0229538908 0.9989612186 6.7178947739
0.0055377752 0.9997829562 0.0200841607 -385.7606883066 -0.9998103332 0.0051606770 0.0187793759 1456.5151481204 0.0186716521 -0.0201843473 0.9996219093 6.7419542090
-0.0292787005 0.9994300939 0.0168001504 -385.7746575043 -0.9995362496 -0.0294142629 0.0078795168 1455.4974458196 0.0083691903 -0.0165616574 0.9998278193 6.7502078658
-0.0572833852 0.9983335579 0.0069800423 -385.8222379618 -0.9983520539 -0.0572576001 -0.0038397467 1454.4856358700 -0.0034336875 -0.0071884933 0.9999682672 6.7535877654
-0.0764667633 0.9968913390 -0.0189866332 -385.9018566294 -0.9970487396 -0.0765815405 -0.0053924507 1453.4860517552 -0.0068297130 0.0185182555 0.9998051956 6.7472004887
-0.0824649845 0.9957863326 -0.0401136645 -385.9945755563 -0.9964951371 -0.0818231536 0.0173900338 1452.4735393629 0.0140345314 0.0414071404 0.9990437831 6.7545414895
-0.0809534813 0.9951877888 -0.0552068731 -386.0889852625 -0.9965915185 -0.0799370081 0.0203818569 1451.4432819694 0.0158707028 0.0566686838 0.9982668887 6.7726788417
-0.0785512902 0.9948937803 -0.0633723979 -386.1787623945 -0.9968957542 -0.0780505751 0.0103422936 1450.4161828465 0.0053432314 0.0639880749 0.9979363588 6.7806455854
-0.0740408129 0.9951196618 -0.0652289566 -386.2693493357 -0.9972513253 -0.0740645876 0.0020569298 1449.3975658834 -0.0027842645 0.0652019601 0.9978682039 6.7760391992
-0.0700744887 0.9955529898 -0.0629587995 -386.3471743007 -0.9974357743 -0.0708473576 -0.0101256179 1448.3729391837 -0.0145410537 0.0620878114 0.9979647596 6.7601018705
-0.0656205872 0.9959841504 -0.0609057528 -386.4190507732 -0.9976555765 -0.0666739716 -0.0154250493 1447.3595644008 -0.0194239331 0.0597507632 0.9980243269 6.7334941155
-0.0580961605 0.9961769943 -0.0652398053 -386.4857700244 -0.9978750044 -0.0598778164 -0.0256928544 1446.3414064682 -0.0295010476 0.0636085148 0.9975387938 6.7056204073
-0.0536544077 0.9966203845 -0.0622013973 -386.5390133840 -0.9980868896 -0.0554412550 -0.0273647226 1445.3390978165 -0.0307207638 0.0606141612 0.9976884073 6.6781252787
-0.0542179725 0.9963373124 -0.0661239087 -386.5957714652 -0.9981541418 -0.0558933130 -0.0237538805 1444.3397977813 -0.0273627618 0.0647139661 0.9975286371 6.6526879813
-0.0472657575 0.9968606608 -0.0635198475 -386.6511523320 -0.9985106444 -0.0488871907 -0.0242184959 1443.3094115630 -0.0272477727 0.0622805383 0.9976866710 6.6312062195
-0.0443534745 0.9973438591 -0.0577753922 -386.6961330881 -0.9987557859 -0.0455873450 -0.0202156884 1442.2879239349 -0.0227958195 0.0568068712 0.9981249070 6.6043915351
-0.0460173706 0.9979842050 -0.0437027239 -386.7358285711 -0.9989267751 -0.0462031705 -0.0032503872 1441.2802303302 -0.0052630395 0.0435062468 0.9990392920 6.5805252828
-0.0465177503 0.9985713949 -0.0262919796 -386.7766217705 -0.9988982505 -0.0463374952 0.0074243991 1440.2696397178 0.0061954881 0.0266083787 0.9996267354 6.5704467482
-0.0504249640 0.9986202521 -0.0146599802 -386.8215277472 -0.9984119382 -0.0500344116 0.0258874342 1439.2700829839 0.0251182126 0.0159420722 0.9995573649 6.5763099190
-0.0232442442 0.9996985757 -0.0079033433 -386.8697193309 -0.9985550111 -0.0228330641 0.0486471073 1438.2571146191 0.0484519863 0.0090226883 0.9987847597 6.6028780547
0.1055737996 0.9943350770 -0.0123258855 -386.8317263099 -0.9934498654 0.1060085820 0.0426561305 1437.2385577230 0.0437211365 0.0077417795 0.9990137772 6.6463203181
0.2033363045 0.9789746285 -0.0162180149 -386.6727036331 -0.9780995184 0.2038507606 0.0420261774 1436.2176993373 0.0444486161 0.0073173849 0.9989848730 6.6905258861
0.2823092336 0.9590575718 -0.0225847435 -386.4295146928 -0.9577831399 0.2831113929 0.0499939615 1435.2455949052 0.0543410855 0.0075175296 0.9984941328 6.7443160465
0.3269562611 0.9446153060 -0.0283112532 -386.1173889399 -0.9424788678 0.3281278342 0.0637629056 1434.2803804377 0.0695211268 0.0058350766 0.9975634139 6.8105827905
0.3409939684 0.9392976902 -0.0379863494 -385.7865881960 -0.9362328456 0.3429714843 0.0764108614 1433.3443727692 0.0848007802 0.0095084251 0.9963525568 6.8901754486
0.3415535313 0.9390424984 -0.0392475678 -385.4399934167 -0.9345471786 0.3437605192 0.0919253850 1432.4105957606 0.0998136075 0.0052812639 0.9949921367 6.9801655221
0.3321484476 0.9418904785 -0.0501969650 -385.1000688683 -0.9366390580 0.3356400778 0.1002647154 1431.4589511835 0.1112864940 0.0137136684 0.9936937413 7.0799499134
0.3214304031 0.9454678491 -0.0526596831 -384.7638199890 -0.9388083986 0.3254485607 0.1127919553 1430.5042383492 0.1237791854 0.0131825891 0.9922222194 7.1878138261
0.3069396853 0.9499850079 -0.0575891864 -384.4483974703 -0.9454406460 0.3112973323 0.0961038799 1429.5452216938 0.1092246052 0.0249490630 0.9937039448 7.2991666985
0.2723440260 0.9603196424 -0.0601241710 -384.1582528780 -0.9582107327 0.2763689723 0.0738402530 1428.5713298411 0.0875267007 0.0375016741 0.9954560267 7.3983526459
0.3616498838 0.9299696114 -0.0660748322 -383.8420108162 -0.9287559955 0.3655495865 0.0615288596 1427.5869676248 0.0813735972 0.0391154917 0.9959158177 7.4820502603
0.4510869813 0.8901054646 -0.0650599508 -383.4404576435 -0.8900839048 0.4540171354 0.0402378329 1426.6603404089 0.0653542474 0.0397580525 0.9970697667 7.5596441930
0.5050897446 0.8602426595 -0.0697632909 -382.9606319262 -0.8601918929 0.5083521370 0.0405957164 1425.7735045092 0.0703864850 0.0395053372 0.9967372126 7.6295327946
0.5385977549 0.8388377206 -0.0791437736 -382.4288307225 -0.8385981797 0.5427949812 0.0461161731 1424.9032343575 0.0816428286 0.0415317571 0.9957959438 7.7059854454
0.5551205786 0.8288878397 -0.0691815899 -381.8749654077 -0.8293115594 0.5579520943 0.0305253661 1424.0612104262 0.0639021178 0.0404278333 0.9971369563 7.7772235323
0.5604785978 0.8263639041 -0.0546483250 -381.3059587447 -0.8268916410 0.5620579189 0.0184691594 1423.2252820443 0.0459777705 0.0348366746 0.9983348390 7.8284496987
0.5585356099 0.8282576900 -0.0450241194 -380.7314281421 -0.8288603957 0.5593937702 0.0083098854 1422.3790309675 0.0320689384 0.0326773425 0.9989513374 7.8629304349
0.5506729166 0.8337370486 -0.0405200276 -380.1664811387 -0.8341450017 0.5514473323 0.0103901795 1421.5369590193 0.0310073387 0.0280779881 0.9991247027 7.8923348747
0.5415317469 0.8397410750 -0.0397277487 -379.6140684220 -0.8397139090 0.5425701629 0.0223197087 1420.7002958212 0.0402978673 0.0212731123 0.9989612288 7.9243137389
0.5309033106 0.8462212304 -0.0452913232 -379.0781946042 -0.8464139188 0.5321268807 0.0206024481 1419.8497588200 0.0415349595 0.0273972985 0.9987613505 7.9646501595
0.5212309944 0.8519686008 -0.0496764900 -378.5525458231 -0.8520097036 0.5228298358 0.0269893994 1418.9963629827 0.0489664720 0.0282571400 0.9984006303 8.0076153621
0.5129368166 0.8574876213 -0.0401347907 -378.0270474174 -0.8573208343 0.5140880878 0.0267287300 1418.1295229409 0.0435523729 0.0206982426 0.9988367102 8.0565390004
0.5090171263 0.8602313048 -0.0300610603 -377.5048492358 -0.8599492859 0.5097416484 0.0255083831 1417.2575637532 0.0372664841 0.0128667835 0.9992225253 8.0985385122
0.5058922576 0.8622937620 -0.0228580770 -376.9853732406 -0.8619390339 0.5063636088 0.0256319634 1416.3849770988 0.0336767805 0.0067352570 0.9994100814 8.1312225113
0.5083048330 0.8611111156 -0.0106697382 -376.4622182026 -0.8609254245 0.5084167948 0.0178822849 1415.5087992701 0.0208233084 0.0000961971 0.9997831668 8.1552332424
0.5109334098 0.8595783953 -0.0084872246 -375.9386509767 -0.8596179465 0.5109301872 -0.0027073752 1414.6191773266 0.0020091781 0.0086790590 0.9999603178 8.1615124688
0.5124334739 0.8584985150 -0.0198049138 -375.4247846146 -0.8587219105 0.5123730109 -0.0084010817 1413.7465503682 0.0029351871 0.0213119089 0.9997685668 8.1607358287
0.5144768398 0.8567622414 -0.0356657113 -374.9144909687 -0.8574369189 0.5145125690 -0.0088739175 1412.8812252600 0.0107476193 0.0351465226 0.9993243771 8.1648894402
0.5175375189 0.8543333972 -0.0476378312 -374.4030620600 -0.8554310985 0.5178854135 -0.0056863121 1412.0181304651 0.0198129316 0.0436937621 0.9988484885 8.1799546750
0.5414074733 0.8393673924 -0.0483769414 -373.8779730651 -0.8404998807 0.5417751654 -0.0062945055 1411.1623614416 0.0209260227 0.0440687058 0.9988093165 8.2034294517
0.5832966273 0.8100562337 -0.0597824624 -373.3199677683 -0.8116721434 0.5840919772 -0.0049893639 1410.3287699460 0.0308767914 0.0514340385 0.9981989598 8.2286204038
0.6178840058 0.7841002914 -0.0583617030 -372.7157163083 -0.7859798982 0.6179663489 -0.0187933822 1409.5139897860 0.0213296720 0.0574832557 0.9981185904 8.2569787671
0.6446739060 0.7625151623 -0.0544626672 -372.0787765853 -0.7643234917 0.6442577294 -0.0272319335 1408.7290820998 0.0143232322 0.0591828129 0.9981443982 8.2740133842
0.6620533617 0.7481480836 -0.0442695307 -371.4128707683 -0.7494542300 0.6607435042 -0.0416698780 1407.9572372791 -0.0019244345 0.0607656699 0.9981502041 8.2788326591
0.6723195523 0.7395437987 -0.0325789727 -370.7354822425 -0.7400736832 0.6705079993 -0.0520573358 1407.2032751892 -0.0166542181 0.0591100050 0.9981125409 8.2724448508
0.6759684213 0.7364141303 -0.0275848184 -370.0556133125 -0.7365820464 0.6740240763 -0.0560217241 1406.4574801317 -0.0226623575 0.0581873984 0.9980484178 8.2551268346
0.6761901670 0.7365312506 -0.0169874925 -369.3752251288 -0.7359812580 0.6742886868 -0.0605504321 1405.7182828824 -0.0331428115 0.0534460829 0.9980205761 8.2224649443
0.6714170460 0.7410710374 -0.0035871821 -368.6767697981 -0.7398516750 0.6700180404 -0.0607891805 1404.9594102982 -0.0426456243 0.0434688747 0.9981441818 8.1786032591
0.6626249286 0.7483251626 -0.0306211516 -368.0115066181 -0.7489388262 0.6618228126 -0.0328815957 1404.2141867766 -0.0043403488 0.0447215344 0.9989900629 8.1392841741
0.6536328308 0.7550889019 -0.0510379542 -367.3619104921 -0.7558692644 0.6546972907 0.0057543708 1403.4742651065 0.0377594719 0.0348167753 0.9986801362 8.1506665170
0.6491076187 0.7595144657 -0.0423919291 -366.6978625204 -0.7597934062 0.6500442232 0.0125095090 1402.7096836517 0.0370577816 0.0240890906 0.9990227407 8.1853942567
0.6444569485 0.7633854991 -0.0437929373 -366.0420958453 -0.7636549748 0.6454768027 0.0138121922 1401.9375783524 0.0388113524 0.0245413312 0.9989451446 8.2149941322
0.6422704442 0.7644597628 -0.0555872976 -365.3922901397 -0.7650096188 0.6438390176 0.0152184937 1401.1589567811 0.0474231972 0.0327504286 0.9983378435 8.2560860148
0.6433067167 0.7637326320 -0.0535624417 -364.7461485836 -0.7640523524 0.6448844410 0.0186563793 1400.3950937178 0.0487900709 0.0289227354 0.9983902065 8.3046331093
0.6434996430 0.7642994983 -0.0418865897 -364.0761562663 -0.7643044585 0.6445648600 0.0193606806 1399.6100058146 0.0417959823 0.0195555162 0.9989347715 8.3513861527
0.6216755947 0.7802896919 -0.0683187504 -363.4502644459 -0.7811564560 0.6240418965 0.0191390340 1398.8246298308 0.0575677535 0.0414693626 0.9974799475 8.3997504615
0.5975047261 0.7981082203 -0.0775330320 -362.8261075936 -0.8004923378 0.5993427383 0.0005470080 1397.9925393298 0.0469054313 0.0617377582 0.9969896337 8.4572620477
0.5831437520 0.8096308307 -0.0666429473 -362.2203513649 -0.8123623612 0.5808422559 -0.0518620084 1397.1341307326 -0.0032800411 0.0843812282 0.9964281458 8.4898616529
0.5715245544 0.8185740893 -0.0574120560 -361.6287147509 -0.8200217829 0.5671410392 -0.0769111003 1396.2861667925 -0.0303967008 0.0910357188 0.9953836137 8.4711590230
0.5648556272 0.8229150566 -0.0612285063 -361.0487469745 -0.8236326823 0.5576796371 -0.1030661295 1395.4254841729 -0.0506687786 0.1086472821 0.9927882166 8.4183595691
0.5613238341 0.8241417695 -0.0755373881 -360.4837107270 -0.8263415731 0.5531093520 -0.1059700396 1394.5792705016 -0.0455539002 0.1219031930 0.9914960684 8.3566491677
0.5630822710 0.8220182405 -0.0849962844 -359.9227849814 -0.8248013380 0.5526159917 -0.1196591767 1393.7350883084 -0.0513917199 0.1374830101 0.9891700122 8.2950370412
0.5661806733 0.8191632876 -0.0917112502 -359.3500481396 -0.8237891696 0.5584858348 -0.0972881102 1392.8902336369 -0.0284754141 0.1306333824 0.9910217304 8.2486584081
0.5753191641 0.8136862339 -0.0832019964 -358.7701461316 -0.8175460560 0.5689544939 -0.0889338528 1392.0512863035 -0.0250261020 0.1191868139 0.9925563952 8.2197066254
0.5850387842 0.8083031298 -0.0661488568 -358.1773499557 -0.8105923784 0.5801901216 -0.0794947726 1391.2270697932 -0.0258769603 0.1001272843 0.9946380798 8.1865103804
0.5890155506 0.8065517467 -0.0503483973 -357.5787349048 -0.8080855105 0.5872553179 -0.0461410806 1390.4285611735 -0.0076478051 0.0678636243 0.9976652944 8.1554208146
0.5858529080 0.8082688334 -0.0589734105 -356.9898896514 -0.8102763178 0.5855557690 -0.0240152098 1389.6174029282 0.0151214751 0.0618541384 0.9979706441 8.1543501109
0.5824026256 0.8110117477 -0.0553816468 -356.3981983299 -0.8126829222 0.5824700218 -0.0165873961 1388.7966978302 0.0188055759 0.0546682616 0.9983274671 8.1670425937
0.5819774802 0.8115158792 -0.0523850212 -355.8047313222 -0.8130271370 0.5819886178 -0.0166169575 1387.9667688704 0.0170025612 0.0522611389 0.9984887011 8.1844491467
0.5819452804 0.8110371238 -0.0596529496 -355.2122975285 -0.8129989282 0.5819548186 -0.0190087328 1387.1382931372 0.0192985335 0.0595598264 0.9980381725 8.1949630524
0.5769418303 0.8141028744 -0.0661410190 -354.6234677988 -0.8167000230 0.5761568178 -0.0323170811 1386.3012980514 0.0117981705 0.0726624476 0.9972868052 8.2022258684
0.5759642903 0.8141762556 -0.0733632136 -354.0388399561 -0.8174615852 0.5741422190 -0.0460137927 1385.4592301967 0.0046575808 0.0864739103 0.9962432282 8.2066885147
0.5756198167 0.8145591066 -0.0718003375 -353.4474090283 -0.8177082094 0.5729726580 -0.0552776395 1384.6144861874 -0.0038872745 0.0905306301 0.9958860849 8.2083843834
0.5807304628 0.8113506252 -0.0668003933 -352.8624427551 -0.8140284858 0.5776682770 -0.0604730199 1383.7811802575 -0.0104763544 0.0894959479 0.9959320867 8.1988295554
0.5511723647 0.8329137729 -0.0496353827 -352.2806054430 -0.8339175243 0.5478792111 -0.0664073242 1382.9571076815 -0.0281173806 0.0779936974 0.9965572718 8.1783834991
0.4649156232 0.8843356258 -0.0424731011 -351.7727871524 -0.8842871170 0.4614647255 -0.0713204171 1382.0805805998 -0.0434713478 0.0707163923 0.9965487614 8.1395436503
0.3948594433 0.9173633582 -0.0503039660 -351.3416664030 -0.9177788310 0.3913481022 -0.0672954702 1381.1615583112 -0.0420480369 0.0727401670 0.9964641643 8.0932115444
0.3441794067 0.9369742049 -0.0601653995 -350.9706521696 -0.9386702251 0.3419569565 -0.0443130726 1380.2214214414 -0.0209462290 0.0717271162 0.9972043303 8.0546928216
0.3172367670 0.9456864095 -0.0709792121 -350.6364813755 -0.9482964422 0.3155623303 -0.0339746006 1379.2558239126 -0.0097309525 0.0780873267 0.9968990310 8.0293812107
0.3050151253 0.9492509230 -0.0767362916 -350.3182915895 -0.9522599474 0.3050880144 -0.0110587560 1378.2840556779 0.0129137885 0.0764459848 0.9969900930 8.0252970742
0.3078442394 0.9486648002 -0.0725742462 -350.0069497022 -0.9514323481 0.3071784403 -0.0204424285 1377.3236393398 0.0029002315 0.0753425694 0.9971534916 8.0332658666
0.3173093365 0.9458061759 -0.0690323302 -349.6901657824 -0.9482872985 0.3158323639 -0.0316404388 1376.3559686725 -0.0081230784 0.0755022886 0.9971125413 8.0287697890
0.3297883956 0.9420310354 -0.0617830266 -349.3612919755 -0.9439145699 0.3279042191 -0.0387828301 1375.3910914987 -0.0162757145 0.0711080263 0.9973358259 8.0151811778
0.3530676548 0.9341334913 -0.0523244836 -349.0208973596 -0.9354459073 0.3514501499 -0.0377325689 1374.4430251590 -0.0168578087 0.0622688736 0.9979170315 7.9950891761
0.3934568871 0.9189169839 -0.0279866871 -348.6294047012 -0.9187719299 0.3919573268 -0.0471974018 1373.4924469078 -0.0324009070 0.0442835253 0.9984934404 7.9694797655
0.4310821504 0.9022785514 -0.0078482710 -348.1983583311 -0.9006736982 0.4297588286 -0.0639862380 1372.5503255818 -0.0543605464 0.0346520563 0.9979199196 7.9249151537
0.4597689245 0.8879003495 0.0156686142 -347.7269340549 -0.8849784892 0.4595767725 -0.0748482714 1371.6218959665 -0.0736587375 0.0205465227 0.9970718283 7.8575324925
0.4829137458 0.8754792862 0.0181750793 -347.2343989377 -0.8735955873 0.4830942110 -0.0587429416 1370.7204043218 -0.0602085042 0.0124901049 0.9981076762 7.7826967831
0.4988540433 0.8665736954 0.0139525631 -346.7284582929 -0.8652913454 0.4988996743 -0.0486826724 1369.8291777994 -0.0491480525 0.0122125159 0.9987168384 7.7160337575
0.5043063286 0.8635028965 0.0061542317 -346.2182690326 -0.8622077637 0.5039178361 -0.0516196341 1368.9469584525 -0.0476749307 0.0207258818 0.9986478553 7.6640063097
0.5050533549 0.8630243936 0.0104883156 -345.7006948066 -0.8620632380 0.5050084083 -0.0425849887 1368.0788513314 -0.0420485717 0.0124661001 0.9990377941 7.6203184071
0.5079681997 0.8607216487 0.0335641396 -345.1746757983 -0.8590870361 0.5090723837 -0.0530544301 1367.2032745505 -0.0627516731 -0.0018845539 0.9980273924 7.5663367322
0.5044702023 0.8620591709 0.0486189339 -344.6586746178 -0.8608233945 0.5065211442 -0.0491875380 1366.3400415112 -0.0670290863 -0.0170386685 0.9976055259 7.4978104117
0.5003514826 0.8644017444 0.0495784044 -344.1364546363 -0.8640985116 0.5021475386 -0.0343745800 1365.4533874097 -0.0546091206 -0.0256412534 0.9981785262 7.4281464350
0.4947423535 0.8683633122 0.0342806322 -343.6358247369 -0.8685963712 0.4953649284 -0.0124069191 1364.5756123767 -0.0277551363 -0.0236378044 0.9993352324 7.3806805755
0.4834517721 0.8749988698 0.0255217917 -343.1382467830 -0.8751963281 0.4837322315 -0.0058749832 1363.6816054514 -0.0174863169 -0.0194963073 0.9996570025 7.3552602398
0.4736901199 0.8802460086 0.0280113298 -342.6437572798 -0.8800195350 0.4743314869 -0.0239845494 1362.7729830549 -0.0343989596 -0.0132892733 0.9993198221 7.3245944225
0.4687985316 0.8830518468 0.0211511854 -342.1652545287 -0.8818709682 0.4692671483 -0.0457377192 1361.8621253366 -0.0503143339 0.0027891592 0.9987295372 7.2716252831
0.4712410586 0.8818425257 0.0169004330 -341.6893686816 -0.8784819514 0.4709836634 -0.0802735942 1360.9485112418 -0.0787484968 0.0229814882 0.9966295829 7.2058315419
0.4742007901 0.8803034597 0.0141219529 -341.2089607721 -0.8754632502 0.4731712449 -0.0983517693 1360.0416530577 -0.0932615048 0.0342752360 0.9950515062 7.1201857010
0.4771328017 0.8787829768 0.0092070158 -340.7305222344 -0.8735013859 0.4753651763 -0.1049917999 1359.1519137976 -0.0966417012 0.0420526906 0.9944304666 7.0250810300
0.4767026969 0.8788632708 0.0188119658 -340.2453965288 -0.8719929826 0.4754685461 -0.1164383954 1358.2650814972 -0.1112779270 0.0391025949 0.9930197430 6.9207997291
0.4770760524 0.8785302660 0.0241456423 -339.7625856336 -0.8726606960 0.4767889247 -0.1055254986 1357.3869307047 -0.1042197192 0.0292727353 0.9941234114 6.8042048944
0.4744872118 0.8802560745 0.0033360361 -339.2915222860 -0.8789109891 0.4739652817 -0.0535946352 1356.5238339116 -0.0487581685 0.0224978902 0.9985572021 6.7157291688
0.4453296921 0.8953634550 0.0023976692 -338.8241893240 -0.8946631998 0.4450843432 -0.0384406867 1355.6384135541 -0.0354855510 0.0149736728 0.9992580071 6.6732758783
0.4090111728 0.9123879935 0.0160626859 -338.3766253281 -0.9113133924 0.4093112733 -0.0444092594 1354.7068590749 -0.0470931135 0.0035257424 0.9988842815 6.6281156970
0.3796251419 0.9249764532 0.0174158761 -337.9678236922 -0.9245603635 0.3799864093 -0.0282570881 1353.7708011006 -0.0327549373 -0.0053749277 0.9994489603 6.5765110051
0.3582254851 0.9335914269 -0.0090304670 -337.6036736902 -0.9336340209 0.3581936009 -0.0049859115 1352.8332858460 -0.0014201488 0.0102172318 0.9999467943 6.5449610494
0.3461347187 0.9373767163 -0.0389313269 -337.2558848798 -0.9376470362 0.3470431649 0.0194699046 1351.8775243800 0.0317614862 0.0297646333 0.9990521881 6.5537064025
0.3438646772 0.9378751184 -0.0463394653 -336.9086177518 -0.9377618691 0.3455387546 0.0347224128 1350.9351444894 0.0485773682 0.0315155723 0.9983220963 6.5899580430
0.3456242607 0.9381288023 -0.0214060928 -336.5439795154 -0.9375161566 0.3461934377 0.0348361855 1349.9750655625 0.0400914778 0.0080283270 0.9991637600 6.6283336131
0.3460589077 0.9382087844 -0.0027402930 -336.1794829146 -0.9379267014 0.3460240331 0.0236827206 1349.0109232268 0.0231675438 -0.0056254224 0.9997157694 6.6570104114
0.3563212019 0.9343559202 0.0037703279 -335.8295238519 -0.9341248698 0.3561360924 0.0240377048 1348.0705802650 0.0211170219 -0.0120871010 0.9997039429 6.6745902653
0.3557668373 0.9345489239 0.0069474020 -335.4672731885 -0.9344817531 0.3556167425 0.0167506882 1347.1208764203 0.0131837251 -0.0124515598 0.9998355605 6.6847689773
0.3588838077 0.9333814995 -0.0011785427 -335.1065027485 -0.9333816820 0.3588819206 -0.0015500856 1346.1645333389 -0.0010238635 0.0016563308 0.9999981041 6.6883931023
0.3590975124 0.9332852301 0.0052588869 -334.7327351070 -0.9332968449 0.3591053387 -0.0005957961 1345.2111121922 -0.0024445421 -0.0046941537 0.9999859945 6.6831807489
0.3698024007 0.9290779377 0.0077698130 -334.3514401538 -0.9288968273 0.3698837643 -0.0183489798 1344.2423815322 -0.0199215600 -0.0004318579 0.9998014528 6.6681947029
0.3755135211 0.9266762817 0.0161451010 -333.9704395280 -0.9262166479 0.3758402257 -0.0294422462 1343.3067791065 -0.0333514096 -0.0038978997 0.9994360859 6.6429571153
0.3858961652 0.9223779175 0.0174105405 -333.5853805603 -0.9217908379 0.3862747282 -0.0330678927 1342.3648481747 -0.0372263458 -0.0032881038 0.9993014498 6.6084104107
0.4128214758 0.9105121018 0.0233696722 -333.1736809563 -0.9097266345 0.4134460131 -0.0382079162 1341.4204496573 -0.0444508678 -0.0054869649 0.9989965033 6.5658895589
0.4369808848 0.8992604798 0.0194498277 -332.7410498484 -0.8984939784 0.4374117499 -0.0371420495 1340.4935463253 -0.0419079604 -0.0012451874 0.9991206996 6.5215629427
0.4640412887 0.8852503754 0.0315825160 -332.2751882773 -0.8844170296 0.4650163900 -0.0395761897 1339.5786582997 -0.0497212244 -0.0095671289 0.9987173123 6.4721320495
0.4826585797 0.8752734414 0.0306120592 -331.7919718439 -0.8740108204 0.4836119106 -0.0471657266 1338.6774953209 -0.0560872643 -0.0039903284 0.9984178965 6.4179100082
0.4946278626 0.8686441500 0.0282951962 -331.2977617950 -0.8675286278 0.4954289547 -0.0440934315 1337.7973513641 -0.0523197608 -0.0027370530 0.9986266325 6.3610353236
0.5000340292 0.8656025799 0.0264224032 -330.7968380317 -0.8639496088 0.5007158003 -0.0536167959 1336.9198961751 -0.0596409517 0.0039825976 0.9982119493 6.2987935250
0.5023638001 0.8642299741 0.0271507668 -330.2736001677 -0.8620767028 0.5030417914 -0.0614224266 1336.0223636102 -0.0667410725 0.0074503602 0.9977425126 6.2324805059
0.5023696501 0.8642451690 0.0265522594 -329.7541018107 -0.8611985787 0.5028688844 -0.0738910903 1335.1250878950 -0.0772123229 0.0142538731 0.9969127767 6.1607968765
0.4985594206 0.8666168820 0.0203392226 -329.2432112487 -0.8634807980 0.4985501330 -0.0764766399 1334.2427662038 -0.0764160694 0.0205656211 0.9968639022 6.0845613057
0.4971971796 0.8673616634 0.0218794290 -328.7328412541 -0.8639581684 0.4972511767 -0.0794830200 1333.3582882707 -0.0798200962 0.0206158220 0.9965960767 6.0066501809
0.4924707947 0.8698886128 0.0276824441 -328.2302810228 -0.8655915765 0.4928564997 -0.0885646284 1332.4775358182 -0.0906848342 0.0196538025 0.9956856878 5.9221046869
0.4892617541 0.8716996641 0.0276157848 -327.7404052436 -0.8686714337 0.4898932465 -0.0735836074 1331.6129093568 -0.0776715924 0.0120126014 0.9969066261 5.8333530713
0.4828060714 0.8754416748 0.0223645116 -327.2471246282 -0.8746426468 0.4833214741 -0.0374244984 1330.7382491100 -0.0435722143 -0.0014921805 0.9990491657 5.7634962792
0.4757442628 0.8792615981 0.0237999682 -326.7585398057 -0.8792940159 0.4761078030 -0.0127825507 1329.8594455529 -0.0225705566 -0.0148459444 0.9996350173 5.7219969237
0.4700953841 0.8823814317 0.0203307366 -326.2779868366 -0.8825469520 0.4696467636 0.0232979594 1328.9841492656 0.0110094221 -0.0288950928 0.9995218188 5.7084268189
0.4690703271 0.8829714901 0.0182859465 -325.7927220294 -0.8823245578 0.4676248817 0.0532009836 1328.0975668430 0.0384239882 -0.0410891424 0.9984163858 5.7286337229
0.4673372904 0.8839546381 0.0148342413 -325.3081893134 -0.8831287477 0.4659913946 0.0541815007 1327.1922735786 0.0409813600 -0.0384215807 0.9984209084 5.7708789480
0.4714848273 0.8818725282 0.0017034372 -324.8378173172 -0.8799508890 0.4703281840 0.0669166068 1326.3152825357 0.0582107427 -0.0330491059 0.9977571178 5.8187841229
0.4724561398 0.8813501721 0.0026589745 -324.3551458312 -0.8793403596 0.4711706413 0.0689837568 1325.4214664411 0.0595460152 -0.0349299431 0.9976142397 5.8770825864
0.4785917443 0.8780366934 0.0012277489 -323.8713353750 -0.8752328855 0.4769508661 0.0805311580 1324.5310395006 0.0701237358 -0.0396161136 0.9967513357 5.9437042643
0.4788691713 0.8777468980 0.0156428865 -323.3698773641 -0.8762688472 0.4768298537 0.0691823531 1323.6191516240 0.0532656005 -0.0468366702 0.9974813793 6.0114711805
0.4796298205 0.8769264252 0.0309076058 -322.8650647401 -0.8771540644 0.4782125758 0.0437433389 1322.6990015664 0.0235792840 -0.0480913419 0.9985645899 6.0518742845
0.4748182170 0.8787541123 0.0483618748 -322.3761300085 -0.8800371439 0.4746419893 0.0157989676 1321.8096849147 -0.0090711687 -0.0500618838 0.9987049222 6.0591945901
0.4724727185 0.8797988694 0.0521869682 -321.8951361299 -0.8811761770 0.4727131390 0.0084162488 1320.9276552763 -0.0172648594 -0.0499623610 0.9986018662 6.0425224876
0.4744790140 0.8791471509 0.0443841451 -321.4189324810 -0.8799700044 0.4750249687 -0.0020175618 1320.0436097851 -0.0228573108 -0.0380994256 0.9990125010 6.0181717759
0.4721346664 0.8810478484 0.0290438555 -320.9363631739 -0.8810439314 0.4727100101 -0.0175167737 1319.1303771569 -0.0291624370 -0.0173186365 0.9994246430 5.9883760999
0.4734830643 0.8801615159 0.0336079410 -320.4612944739 -0.8792638067 0.4745661871 -0.0410133189 1318.2395341073 -0.0520475373 -0.0101311342 0.9985932175 5.9452541425
0.4774031307 0.8778098000 0.0391944619 -319.9683230947 -0.8773878455 0.4786464976 -0.0329863436 1317.3389722832 -0.0477160277 -0.0186409608 0.9986869856 5.8918981275
0.4792686692 0.8769032067 0.0366375311 -319.4825173423 -0.8771460279 0.4800057994 -0.0144664565 1316.4527412263 -0.0302719095 -0.0252031456 0.9992239053 5.8451412157
0.4811396576 0.8763265913 0.0235867612 -319.0044899105 -0.8766373409 0.4808572988 0.0168294632 1315.5823583136 0.0034062399 -0.0287743577 0.9995801288 5.8252172346
0.4818104375 0.8762334188 0.0085847641 -318.5262742355 -0.8756343612 0.4810601368 0.0429605678 1314.7083430752 0.0335136974 -0.0282159644 0.9990398848 5.8361826195
0.4805121819 0.8769752442 0.0047396294 -318.0401779835 -0.8750480328 0.4790829417 0.0690686275 1313.8353845454 0.0583008008 -0.0373357203 0.9976006519 5.8772414115
0.4800623185 0.8772309449 0.0024575926 -317.5512907284 -0.8757312915 0.4790739457 0.0598569932 1312.9403923294 0.0513310381 -0.0308872777 0.9982039374 5.9290748096
0.4822954563 0.8759416176 0.0108339905 -317.0474764348 -0.8746374286 0.4808120057 0.0618803990 1312.0449866540 0.0489945041 -0.0393204489 0.9980247697 5.9817522068
0.4841574183 0.8748651225 0.0142341737 -316.5452080642 -0.8739208611 0.4827063276 0.0570695168 1311.1460433345 0.0430572041 -0.0400701713 0.9982687306 6.0326390126
0.4834258640 0.8753213255 0.0105835340 -316.0447564995 -0.8742806344 0.4821733355 0.0560557470 1310.2428430400 0.0439636928 -0.0363517768 0.9983715451 6.0772437442
0.4834864383 0.8751969922 0.0164647766 -315.5579246804 -0.8748272635 0.4824601179 0.0436977534 1309.3637143458 0.0303005443 -0.0355311066 0.9989091137 6.1166905004
0.4811980371 0.8762824182 0.0240327396 -315.0688686560 -0.8765712843 0.4807309181 0.0228159576 1308.4730936705 0.0084399415 -0.0320454034 0.9994507789 6.1396494916
0.4796896291 0.8765882446 0.0386122932 -314.5656342321 -0.8774303300 0.4794074438 0.0168676862 1307.5655343931 -0.0037250053 -0.0419708513 0.9991118916 6.1427808898
0.4776211591 0.8772491135 0.0480834813 -314.0814113824 -0.8785495163 0.4772305840 0.0200428810 1306.6857768003 -0.0053643083 -0.0518166233 0.9986422091 6.1380394833
0.4755132483 0.8782552524 0.0505456458 -313.5855883920 -0.8796951218 0.4750380181 0.0218030716 1305.7759978190 -0.0048624413 -0.0548324075 0.9984837323 6.1294764896
0.4746211757 0.8788311793 0.0488927181 -313.0930052632 -0.8801861610 0.4740539141 0.0233496986 1304.8680288196 -0.0026573412 -0.0541169553 0.9985310680 6.1179708888
0.4729582029 0.8799673300 0.0443625568 -312.6089990362 -0.8810260433 0.4729085736 0.0122715924 1303.9636107318 -0.0101808330 -0.0448885182 0.9989401241 6.1067913269
0.4755562381 0.8784987299 0.0456754428 -312.1313221035 -0.8795996786 0.4755930379 0.0107548923 1303.0812789095 -0.0122747633 -0.0452906609 0.9988984364 6.0960888857
0.4962248293 0.8671144423 0.0432835166 -311.6328794860 -0.8681359541 0.4961513647 0.0131828887 1302.1969411887 -0.0100441026 -0.0441176536 0.9989758499 6.0828391766
0.5152990924 0.8559139773 0.0433371533 -311.1046875131 -0.8570037031 0.5148358860 0.0221057320 1301.3078580454 -0.0033909167 -0.0485311645 0.9988159128 6.0718501365
0.5343156722 0.8434715050 0.0553406071 -310.5540561621 -0.8452850132 0.5331766209 0.0348702937 1300.4378316774 -0.0000942188 -0.0654103302 0.9978584468 6.0668067559
0.5443821822 0.8365073367 0.0624781185 -310.0017138223 -0.8388358576 0.5427303463 0.0424048963 1299.5896018449 0.0015632360 -0.0754933561 0.9971450795 6.0635625210
0.5517180556 0.8329242994 0.0429452965 -309.4579673505 -0.8334627242 0.5487110012 0.0652389808 1298.7615811491 0.0307745758 -0.0717868274 0.9969451223 6.0719155630
0.5571347548 0.8297355840 0.0337598222 -308.9048096705 -0.8293489814 0.5538887052 0.0734000637 1297.9304364790 0.0422034605 -0.0688924006 0.9967310094 6.1054776886
0.5568701211 0.8290017310 0.0514956141 -308.3233648787 -0.8303499247 0.5541118083 0.0589839513 1297.0743065473 0.0203634699 -0.0756057794 0.9969298347 6.1360455710
0.5560078131 0.8303753471 0.0364978727 -307.7582777888 -0.8294685292 0.5515156632 0.0883879653 1296.2398330954 0.0532660389 -0.0794182361 0.9954172356 6.1648240079
0.5516997340 0.8340425199 0.0006917590 -307.2183021471 -0.8314227746 0.5499007651 0.0796575075 1295.4025909713 0.0660573495 -0.0445221699 0.9968220518 6.2192498762
0.5493286182 0.8353478322 -0.0207862565 -306.6720819453 -0.8347181699 0.5497215505 0.0324313697 1294.5344699442 0.0385181276 -0.0004648135 0.9992577935 6.2738837299
0.5476711565 0.8365584916 -0.0150397653 -306.1142142402 -0.8364356215 0.5478601883 0.0149888363 1293.6786793306 0.0207787269 0.0043708421 0.9997745447 6.3059071644
0.5453854998 0.8381840289 0.0014799765 -305.5516486117 -0.8381430688 0.5453748796 -0.0090794805 1292.8156762375 -0.0084174175 0.0037113850 0.9999576855 6.3192674824
0.5379389166 0.8427141302 0.0213217438 -304.9893009759 -0.8420013180 0.5383608597 -0.0346607156 1291.9513729709 -0.0406878671 0.0006924114 0.9991716659 6.2979418117
0.5349071048 0.8432664745 0.0526881599 -304.4260963682 -0.8423797470 0.5370900139 -0.0439394908 1291.0871751661 -0.0653509841 -0.0208798930 0.9976438638 6.2455379753
0.5305781449 0.8452061608 0.0641356217 -303.8706146110 -0.8442874637 0.5336860732 -0.0485577380 1290.2213622514 -0.0752695874 -0.0283852268 0.9967591324 6.1719327943
0.5297899913 0.8456251425 0.0651205301 -303.3330251735 -0.8447620809 0.5329637965 -0.0482350324 1289.3707078937 -0.0754956411 -0.0294569171 0.9967109401 6.0937168216
0.5345039175 0.8429848317 0.0606806045 -302.8017968245 -0.8431164907 0.5368287236 -0.0311368685 1288.5339626052 -0.0588229993 -0.0345180401 0.9976714688 6.0225394733
0.5365072981 0.8418862080 0.0582025074 -302.2517189839 -0.8418753337 0.5387179352 -0.0320766094 1287.6714253097 -0.0583595897 -0.0317899203 0.9977893361 5.9613053544
0.5375756645 0.8413265448 0.0564096618 -301.7039114962 -0.8403085223 0.5400724346 -0.0469398856 1286.8072999300 -0.0699570752 -0.0221677794 0.9973036635 5.8984183764
0.5415484204 0.8384686154 0.0607921809 -301.1513752693 -0.8368674890 0.5445575549 -0.0557662553 1285.9503238152 -0.0798630962 -0.0206748723 0.9965914085 5.8244293883
0.5429369054 0.8373637543 0.0635724759 -300.6028996558 -0.8354969941 0.5462521230 -0.0596103260 1285.1056163925 -0.0846421263 -0.0207499666 0.9961953369 5.7420153443
0.5396428488 0.8402102137 0.0532202270 -300.0491152420 -0.8379214365 0.5421560482 -0.0628847011 1284.2456187048 -0.0816900361 -0.0106590898 0.9966007836 5.6505592857
0.5440251452 0.8381527372 0.0391998787 -299.5164966178 -0.8361055926 0.5454348170 -0.0585516736 1283.4015279106 -0.0704562242 -0.0009216550 0.9975144465 5.5669144947
0.5463565795 0.8372902694 0.0209640841 -298.9772022057 -0.8346941099 0.5463874905 -0.0688945077 1282.5545758633 -0.0691392143 0.0201423700 0.9974036565 5.4893132679
0.5457408274 0.8378980078 0.0096890584 -298.4355688575 -0.8356757148 0.5450727042 -0.0673932253 1281.7185887774 -0.0617498905 0.0286823238 0.9976794452 5.4170871079
0.5463781057 0.8374852506 -0.0094562480 -297.8884407563 -0.8370668659 0.5456566299 -0.0397228434 1280.8752383976 -0.0281074310 0.0296192038 0.9991659898 5.3661826745
0.5467844762 0.8372115641 -0.0101751417 -297.3263465293 -0.8371041521 0.5463892462 -0.0267475271 1280.0220926666 -0.0168337510 0.0231427859 0.9995904343 5.3409077802
0.5461076369 0.8376616193 -0.0094583540 -296.7655935781 -0.8375398661 0.5457277829 -0.0266112682 1279.1598552316 -0.0171295515 0.0224543653 0.9996011104 5.3260431370
0.5461207585 0.8374819393 -0.0193937734 -296.2218055475 -0.8375729598 0.5454740750 -0.0304888584 1278.3150901251 -0.0149550677 0.0328942987 0.9993469423 5.3100872750
0.5375275087 0.8429792727 -0.0212161067 -295.6740031908 -0.8431745626 0.5369837037 -0.0265548282 1277.4792514646 -0.0109924662 0.0321628321 0.9994221920 5.2968600691
0.3899057676 0.9206376680 -0.0199944149 -295.2068823118 -0.9205626849 0.3891433764 -0.0336418758 1276.5808234225 -0.0231912840 0.0315232737 0.9992339304 5.2782583606
0.2572912198 0.9661039911 -0.0210785832 -294.8852350725 -0.9657736461 0.2563381884 -0.0396484253 1275.6278098555 -0.0329012561 0.0305583319 0.9989913392 5.2475833571
0.1605195498 0.9868336006 -0.0198221817 -294.6752166969 -0.9865054563 0.1597451581 -0.0358952513 1274.6311773204 -0.0322561425 0.0253165800 0.9991589523 5.2110218613
0.1131311494 0.9934126127 -0.0182407224 -294.5400521949 -0.9932051294 0.1125650990 -0.0295409804 1273.6126381757 -0.0272931138 0.0214587841 0.9993971215 5.1733923597
0.0855561222 0.9961552605 -0.0188373820 -294.4384242655 -0.9961185424 0.0851298024 -0.0223778064 1272.6117092496 -0.0206881469 0.0206788238 0.9995721019 5.1447994936
0.0775146434 0.9968045649 -0.0192909176 -294.3548255251 -0.9969364974 0.0772931647 -0.0119744271 1271.6141330346 -0.0104451075 0.0201600133 0.9997422036 5.1242439541
0.0824501284 0.9963223898 -0.0233167728 -294.2740472307 -0.9965327636 0.0821605237 -0.0131186688 1270.5979263449 -0.0111547051 0.0243175640 0.9996420503 5.1106491647
0.0979961779 0.9946680685 -0.0321276004 -294.1885952666 -0.9951866309 0.0979633967 -0.0025966313 1269.5891997065 0.0005645426 0.0322274184 0.9994804024 5.1033345274
0.1174465527 0.9923247344 -0.0387030846 -294.0835595712 -0.9928707340 0.1181312071 0.0158972799 1268.5781786972 0.0203473062 0.0365600793 0.9991242904 5.1133695015
0.1386802148 0.9896813741 -0.0360357583 -293.9577897097 -0.9899249053 0.1395805578 0.0237896984 1267.5885898568 0.0285741126 0.0323735342 0.9990673022 5.1412902020
0.1547955297 0.9873388455 -0.0346460415 -293.8094761661 -0.9872283316 0.1559247929 0.0326753776 1266.6004305364 0.0376638464 0.0291455514 0.9988653420 5.1743415697
0.1682767183 0.9854733202 -0.0229190128 -293.6404497691 -0.9852922167 0.1688554146 0.0262125285 1265.5940574887 0.0297017469 0.0181709667 0.9993936273 5.2096554988
0.1745182186 0.9844210501 -0.0214146546 -293.4620642360 -0.9844731544 0.1748616486 0.0153626854 1264.5907451883 0.0188679527 0.0184010841 0.9996526399 5.2312262089
0.1771164133 0.9838500734 -0.0258613473 -293.2833696906 -0.9841841708 0.1771439495 -0.0012405652 1263.5799095176 0.0033606510 0.0256720531 0.9996647697 5.2394296615
0.1789513247 0.9833109377 -0.0328027937 -293.1070585175 -0.9838132768 0.1785260725 -0.0154879916 1262.5856958321 -0.0093733576 0.0350434206 0.9993418328 5.2366411497
0.2015522446 0.9785757757 -0.0420255157 -292.9256736736 -0.9793164005 0.2005546689 -0.0267808240 1261.5792852757 -0.0177786523 0.0465540120 0.9987575499 5.2229056958
0.3028964078 0.9520605628 -0.0428304906 -292.6745822305 -0.9528958415 0.3018143069 -0.0299606305 1260.6082963884 -0.0155974799 0.0498879637 0.9986330205 5.2065345739
0.3894003788 0.9195913950 -0.0521441389 -292.3292853751 -0.9210091936 0.3881078843 -0.0333816641 1259.6570901095 -0.0104599396 0.0610240639 0.9980814863 5.1935857133
0.4700602526 0.8807180072 -0.0581304633 -291.8946702239 -0.8826292819 0.4692597321 -0.0275835939 1258.7367314225 0.0029849178 0.0642736002 0.9979278504 5.1846303306
0.5205087100 0.8510060942 -0.0697087539 -291.3982146592 -0.8538207692 0.5194949680 -0.0333927001 1257.8368780720 0.0077959556 0.0768999731 0.9970083336 5.1807766858
0.5457220837 0.8341374790 -0.0800129582 -290.8546671489 -0.8379251286 0.5441477204 -0.0422461503 1256.9529975409 0.0082997715 0.0900995255 0.9958981822 5.1821690567
0.5579871106 0.8250143549 -0.0894522144 -290.3114448422 -0.8298144401 0.5537199082 -0.0692983283 1256.1015526217 -0.0076406437 0.1128963132 0.9935773966 5.1795487248
0.5576888783 0.8259195587 -0.0827042779 -289.7518184211 -0.8299885778 0.5536598136 -0.0676740094 1255.2639144468 -0.0101032529 0.1063846483 0.9942737203 5.1733875070
0.5458601533 0.8339967085 -0.0805368445 -289.2024272344 -0.8376460907 0.5409303432 -0.0757851606 1254.4143619943 -0.0196397516 0.1088294723 0.9938664025 5.1552431754
0.5322160242 0.8445059493 -0.0596305731 -288.6359729013 -0.8458100195 0.5273349018 -0.0807670248 1253.5410459848 -0.0367629506 0.0934216410 0.9949476783 5.1148649065
0.5124360464 0.8573792359 -0.0480639595 -288.0955630571 -0.8580232052 0.5089513437 -0.0690268722 1252.6717537292 -0.0347199902 0.0766118500 0.9964562944 5.0690935222
0.5000182642 0.8653264985 -0.0345222609 -287.5685960158 -0.8651443058 0.4973316217 -0.0647038500 1251.7900575565 -0.0388209439 0.0622198442 0.9973071870 5.0272246218
0.4866238784 0.8730175081 -0.0322122896 -287.0623384013 -0.8731850423 0.4849034372 -0.0491583009 1250.9083160033 -0.0272962074 0.0520488925 0.9982714209 4.9897258031
0.4766055914 0.8786231207 -0.0294706989 -286.5707606553 -0.8788951730 0.4754639610 -0.0384356180 1250.0206770095 -0.0197581674 0.0442202855 0.9988264019 4.9630979666
0.4758284784 0.8793392667 -0.0187006170 -286.0873594633 -0.8792220068 0.4749799771 -0.0369145523 1249.1307148516 -0.0235779967 0.0340069893 0.9991434345 4.9404133987
0.4739032857 0.8805665958 -0.0042598395 -285.6024693731 -0.8801347606 0.4735065170 -0.0339761922 1248.2503422884 -0.0279012381 0.0198506619 0.9994135641 4.9192080630
0.4730824446 0.8810003809 -0.0055972747 -285.1250521811 -0.8808556258 0.4728635911 -0.0222124012 1247.3657136078 -0.0169223864 0.0154386880 0.9997376054 4.8953425806
0.4737644219 0.8806191236 0.0075651614 -284.6389212103 -0.8805394207 0.4738237054 -0.0118922179 1246.4792973244 -0.0140570673 -0.0010273131 0.9999006668 4.8744328921
0.4765599446 0.8790761475 0.0107585375 -284.1550422167 -0.8790222585 0.4766613191 -0.0106703284 1245.5885361294 -0.0145082098 -0.0043719428 0.9998851924 4.8557245140
0.4797549545 0.8773417554 0.0103260759 -283.6754363785 -0.8772988482 0.4798459589 -0.0097255649 1244.7069308035 -0.0134875700 -0.0043931665 0.9998993877 4.8385601850
0.4607371648 0.8875164230 0.0059886367 -283.1884756462 -0.8874487768 0.4607760072 -0.0109608285 1243.8130111139 -0.0124873354 -0.0002645473 0.9999219952 4.8235993510
0.3878014178 0.9217375624 -0.0031506281 -282.7527631152 -0.9216799265 0.3877326684 -0.0130188686 1242.8822834035 -0.0107783788 0.0079526064 0.9999102873 4.8054530679
0.3264746357 0.9450945459 -0.0145124646 -282.4021245978 -0.9451128018 0.3261884157 -0.0190501816 1241.9440787788 -0.0132704249 0.0199353171 0.9997131983 4.7872293189
0.2851312200 0.9580811902 -0.0279395856 -282.1013671277 -0.9583345889 0.2844419453 -0.0262220427 1240.9886840902 -0.0171756558 0.0342521943 0.9992656224 4.7688966558
0.2465230758 0.9683767073 -0.0383787166 -281.8385519946 -0.9689786917 0.2455739052 -0.0278164021 1240.0162931646 -0.0175119446 0.0440455436 0.9988760293 4.7466933798
0.1790631707 0.9827913858 -0.0453593757 -281.6303798106 -0.9835926674 0.1777995656 -0.0305414330 1239.0310998878 -0.0219509800 0.0500839952 0.9985037546 4.7274402819
0.1229640400 0.9912013727 -0.0489865657 -281.4763253055 -0.9922457219 0.1218924981 -0.0243032163 1238.0157853873 -0.0181182865 0.0515951320 0.9985037156 4.7028121964
0.0804845690 0.9961412281 -0.0349983977 -281.3668106572 -0.9965037380 0.0796249109 -0.0253016533 1237.0205081224 -0.0224172757 0.0369124268 0.9990670340 4.6766564141
0.0451825282 0.9989488110 -0.0077338268 -281.2882324974 -0.9987276254 0.0449962401 -0.0227699054 1235.9943464171 -0.0223979768 0.0087527884 0.9997108179 4.6499829480
0.0192323582 0.9997638509 0.0101172508 -281.2487399548 -0.9997808939 0.0193143485 -0.0080697059 1234.9959657082 -0.0082632083 -0.0099598345 0.9999162570 4.6302567448
0.0027419363 0.9998890041 0.0146444931 -281.2369838363 -0.9998807798 0.0025187914 0.0152342308 1234.0002839636 0.0151956535 -0.0146845185 0.9997767036 4.6341452891
0.0003284760 0.9999765116 0.0068460535 -281.2404223406 -0.9999653193 0.0002714855 0.0083238564 1232.9838235602 0.0083218023 -0.0068485502 0.9999419208 4.6446211815
0.0056566963 0.9999839964 0.0000936649 -281.2377929318 -0.9999832727 0.0056565792 0.0012072283 1231.9731694189 0.0012066792 -0.0001004923 0.9999992669 4.6443449822
0.0161210351 0.9997944753 -0.0122930634 -281.2292893207 -0.9997889039 0.0159618772 -0.0129370019 1230.9518423923 -0.0127381227 0.0124990263 0.9998407446 4.6373862306
0.0248463847 0.9996005862 -0.0134657078 -281.2073973050 -0.9993476409 0.0244824399 -0.0265500067 1229.9372096786 -0.0262097289 0.0141165950 0.9995567877 4.6157305857
0.0385044258 0.9990566209 -0.0200817679 -281.1785616758 -0.9989104583 0.0379529286 -0.0271564254 1228.9214579750 -0.0263686447 0.0211055305 0.9994294628 4.5865981803
0.0839963270 0.9959703769 -0.0314265070 -281.1309007243 -0.9960888520 0.0830550635 -0.0301472286 1227.9046520360 -0.0274156161 0.0338358498 0.9990513096 4.5608649325
0.1631710232 0.9857872261 -0.0399845217 -281.0095389235 -0.9861385691 0.1617246695 -0.0370925029 1226.8811345250 -0.0300988320 0.0454827006 0.9985115844 4.5321666491
0.2373963840 0.9704337935 -0.0436028599 -280.8039028166 -0.9707872777 0.2353937460 -0.0464956537 1225.8686236392 -0.0348571131 0.0533670017 0.9979664046 4.5007105017
0.3109523856 0.9493674781 -0.0448330843 -280.5285558188 -0.9497777051 0.3086532138 -0.0515315867 1224.9051417491 -0.0350845369 0.0586053337 0.9976645178 4.4666938817
0.3621919718 0.9308595810 -0.0481395481 -280.1855091774 -0.9308888472 0.3586014651 -0.0696487135 1223.9272982095 -0.0475702598 0.0700387733 0.9964093740 4.4248891796
0.3988065466 0.9161434365 -0.0404294711 -279.7898378442 -0.9162023444 0.3961785839 -0.0601314711 1222.9784204337 -0.0390717619 0.0610224005 0.9973713772 4.3821484574
0.4153656052 0.9092626301 -0.0266998797 -279.3674627502 -0.9087785958 0.4134990378 -0.0560357881 1222.0441185437 -0.0399108735 0.0475396182 0.9980716943 4.3438252898
0.4145798605 0.9097146961 -0.0232961563 -278.9456382251 -0.9097238960 0.4136671908 -0.0358034681 1221.1282728759 -0.0229340856 0.0360364668 0.9990872839 4.3078283496
0.4030001818 0.9150422116 -0.0169883610 -278.5306320754 -0.9151237629 0.4026577975 -0.0203763768 1220.2083911843 -0.0118047489 0.0237581364 0.9996480375 4.2804770970
0.3883859153 0.9214294866 -0.0111392129 -278.1276364115 -0.9212473494 0.3879711444 -0.0279591207 1219.2793825654 -0.0214406651 0.0211208990 0.9995470001 4.2600334646
0.3638965744 0.9312884126 -0.0167682916 -277.7465924290 -0.9311763243 0.3633070461 -0.0303091306 1218.3458350077 -0.0221345036 0.0266436250 0.9993999104 4.2346852004
0.4071812402 0.9128870313 -0.0289949239 -277.3626970900 -0.9133088723 0.4066673410 -0.0221037900 1217.4199649999 -0.0083869746 0.0354815699 0.9993351374 4.2129789025
0.4654943337 0.8841372428 -0.0402039952 -276.9337376136 -0.8850348706 0.4652784679 -0.0151401810 1216.5215520050 0.0053200554 0.0426296062 0.9990767807 4.2076200363
0.5095744659 0.8592204095 -0.0455428556 -276.4491648114 -0.8602871316 0.5097305270 -0.0089911677 1215.6428389423 0.0154891890 0.0437616021 0.9989219225 4.2165138287
0.5396802160 0.8400979742 -0.0545954040 -275.9248842509 -0.8411504418 0.5407646882 0.0062838071 1214.7913589512 0.0348022803 0.0425317018 0.9984887859 4.2418129004
0.5537852056 0.8306734167 -0.0574771327 -275.3723965464 -0.8312126148 0.5555718971 0.0206265886 1213.9541253184 0.0490666384 0.0363530182 0.9981337200 4.2863315210
0.5636770054 0.8236440544 -0.0622792524 -274.8013674198 -0.8242316871 0.5657968583 0.0227165400 1213.1016119639 0.0539477485 0.0385277420 0.9978002072 4.3417041794
0.5654421773 0.8220754000 -0.0668369720 -274.2232725735 -0.8228345171 0.5678216805 0.0228450548 1212.2502780291 0.0567318393 0.0420782101 0.9975023422 4.3956306117
0.5606995169 0.8255626963 -0.0637360660 -273.6378295246 -0.8261381431 0.5629516247 0.0241088529 1211.3956019250 0.0557836915 0.0391369731 0.9976755370 4.4482875566
0.5527126540 0.8313631353 -0.0578278417 -273.0738447537 -0.8316523486 0.5546979944 0.0257780149 1210.5637888216 0.0535078791 0.0338448253 0.9979937047 4.4943859845
0.5451681853 0.8372149738 -0.0431594423 -272.5141610886 -0.8374618312 0.5462214841 0.0173139109 1209.7249854616 0.0380700801 0.0267053923 0.9989181603 4.5365932334
0.5384285626 0.8417899772 -0.0385268400 -271.9629186022 -0.8421686611 0.5391234680 0.0098910327 1208.8725644495 0.0290968958 0.0271204827 0.9992086119 4.5674986697
0.5331662500 0.8457767314 -0.0198864398 -271.4154927764 -0.8459483765 0.5332646340 -0.0004175968 1208.0173337026 0.0102515413 0.0170455500 0.9998021580 4.5901998942
0.5294475638 0.8482891040 -0.0095327477 -270.8755367500 -0.8483092009 0.5292934462 -0.0148306251 1207.1511821005 -0.0075350368 0.0159387559 0.9998445776 4.5961090952
0.5265911948 0.8501126705 -0.0031876496 -270.3394734479 -0.8499636747 0.5264199053 -0.0210673904 1206.2877438744 -0.0162316133 0.0138032887 0.9997729762 4.5866929549
0.5264132660 0.8502252749 -0.0024607546 -269.8049549813 -0.8501040829 0.5262842435 -0.0186532403 1205.4230847190 -0.0145644000 0.0119112107 0.9998229850 4.5732751338
0.5261599332 0.8503715492 0.0048941825 -269.2693718216 -0.8503262417 0.5261824907 -0.0087902878 1204.5674105748 -0.0100502438 0.0004634454 0.9999493876 4.5579884537
0.5237617514 0.8518235209 0.0083855204 -268.7360450167 -0.8518406170 0.5237956738 -0.0023781046 1203.7097872372 -0.0064180247 -0.0058975666 0.9999620131 4.5426907199
0.5221358765 0.8527731820 0.0123299028 -268.2065720819 -0.8528529682 0.5220079077 0.0122294238 1202.8613011396 0.0039926179 -0.0169010151 0.9998491960 4.5315481162
0.5253289684 0.8508182569 0.0117374879 -267.6771514004 -0.8508259548 0.5250527520 0.0203666962 1202.0082790814 0.0111655566 -0.0206857749 0.9997236764 4.5335715459
0.5357674593 0.8443300820 0.0077422312 -267.1493534464 -0.8441823704 0.5354376919 0.0257410888 1201.1619576538 0.0175884932 -0.0203270929 0.9996386618 4.5451398237
0.5817923864 0.8132110594 0.0143315063 -266.5664803826 -0.8131333025 0.5811614765 0.0326430787 1200.3138394189 0.0182167932 -0.0306449197 0.9993643166 4.5636107599
0.6209015674 0.7837211818 0.0161973076 -265.9434664427 -0.7836466684 0.6200642079 0.0376600210 1199.4961041936 0.0194715855 -0.0360761322 0.9991593317 4.5857996653
0.6440212794 0.7648296739 0.0164973209 -265.3073687043 -0.7648817693 0.6433745479 0.0320167172 1198.7135298778 0.0138733790 -0.0332379472 0.9993511736 4.6053186137
0.6585733870 0.7524922535 0.0060417116 -264.6549185889 -0.7521483475 0.6579788608 0.0365606633 1197.9513831724 0.0235362974 -0.0286221433 0.9993131719 4.6237635987
0.6675273305 0.7445737616 -0.0041444551 -263.9920041737 -0.7440600377 0.6672551342 0.0338414850 1197.1991740215 0.0279628907 -0.0195063927 0.9994186197 4.6449888577
0.6712182678 0.7412596005 -0.0004915208 -263.3113353944 -0.7408665729 0.6708836768 0.0321218521 1196.4496132408 0.0241403846 -0.0211966226 0.9994838393 4.6701842076
0.6710146702 0.7413782000 0.0098831609 -262.6189271970 -0.7413972816 0.6707629631 0.0201771691 1195.6907106835 0.0083296550 -0.0208665251 0.9997475706 4.6839208666
0.6692460619 0.7429403611 0.0122200002 -261.9322673200 -0.7429816652 0.6693098228 -0.0016144002 1194.9249641071 -0.0093783693 -0.0079988051 0.9999240298 4.6814871573
0.6637074825 0.7479253816 0.0100000576 -261.2558923012 -0.7478369857 0.6637827956 -0.0114996963 1194.1662864695 -0.0152387810 0.0001540215 0.9998838712 4.6677620884
0.6579353213 0.7530003063 0.0105665388 -260.5860037086 -0.7523802712 0.6578664552 -0.0336994767 1193.3940285328 -0.0323270877 0.0142220207 0.9993761522 4.6457979816
0.6541229535 0.7563222696 0.0099893042 -259.9285346178 -0.7555776920 0.6539762425 -0.0376487133 1192.6309437641 -0.0350073279 0.0170791922 0.9992411061 4.6167269361
0.6492776071 0.7605461812 0.0028452089 -259.2781697071 -0.7596727619 0.6487026736 -0.0456304305 1191.8618225796 -0.0365497443 0.0274653891 0.9989543376 4.5830746727
0.6448681756 0.7641279176 -0.0159236223 -258.6164008961 -0.7639947851 0.6438932013 -0.0413946087 1191.0708115266 -0.0213776640 0.0388596302 0.9990159782 4.5520584634
0.6428014070 0.7656609243 -0.0238683925 -257.9563968333 -0.7654176059 0.6407247083 -0.0600644385 1190.2679494180 -0.0306959247 0.0568787934 0.9979090956 4.5214681092
0.6426979365 0.7655771337 -0.0288273269 -257.2970732423 -0.7655911289 0.6404022384 -0.0612796574 1189.4776396402 -0.0284532198 0.0614542552 0.9977042592 4.4867822625
0.6409840898 0.7668681696 -0.0324439066 -256.6376016946 -0.7669277381 0.6381811695 -0.0674287728 1188.6876342361 -0.0310038893 0.0681029025 0.9971964468 4.4508358263
0.6413908319 0.7657485234 -0.0474025277 -255.9926419430 -0.7670020057 0.6385348578 -0.0630964237 1187.9081448762 -0.0180478270 0.0768273015 0.9968810569 4.4155863926
0.6436555965 0.7638962970 -0.0465824047 -255.3379031612 -0.7653142477 0.6423614994 -0.0408142925 1187.1407447617 -0.0012551436 0.0619205258 0.9980802939 4.3953274331
0.6497507031 0.7594544575 -0.0324492046 -254.6814159803 -0.7601469407 0.6491126962 -0.0287981970 1186.3835488075 -0.0008077284 0.0433778123 0.9990584132 4.3895245430
0.6601810496 0.7502075801 -0.0367364745 -254.0292415919 -0.7509356727 0.6602840588 -0.0109807664 1185.6307693294 0.0160186543 0.0348360231 0.9992646567 4.3954300287
0.6825149829 0.7300372691 -0.0349125158 -253.3522049478 -0.7304095271 0.6830031718 0.0029308827 1184.8878617887 0.0259850127 0.0235000628 0.9993860746 4.4174011654
0.6998226425 0.7137555883 -0.0283059924 -252.6505118391 -0.7136986310 0.7003159915 0.0138483286 1184.1593713396 0.0297074611 0.0105105742 0.9995033740 4.4499307986
0.7110504255 0.7028380532 -0.0206388817 -251.9278952546 -0.7026822285 0.7113404664 0.0152455450 1183.4356215513 0.0253964209 0.0036622241 0.9996707508 4.4825009942
0.7203102800 0.6934859177 -0.0151783555 -251.1953408764 -0.6935571577 0.7204011881 0.0007727133 1182.7200939571 0.0114703711 0.0099704637 0.9998845035 4.5023739511
0.7232779066 0.6904772432 -0.0104998312 -250.4572247891 -0.6905453591 0.7232705869 -0.0051734995 1182.0127073052 0.0040220354 0.0109924876 0.9999314919 4.5103361122
0.7246066666 0.6890836173 -0.0104377712 -249.7230053998 -0.6891581577 0.7244640384 -0.0145907752 1181.3103833753 -0.0024924742 0.0177658482 0.9998390682 4.5068081096
0.7249817463 0.6887679765 -0.0003767791 -248.9848706389 -0.6885342696 0.7247212824 -0.0264503786 1180.6121783773 -0.0179451139 0.0194354670 0.9996500565 4.4930298105
0.7263138128 0.6873576207 0.0027832585 -248.2571103453 -0.6867053736 0.7257898187 -0.0408028051 1179.9143619261 -0.0300661798 0.0277243623 0.9991633423 4.4674390074
0.7239547088 0.6896357770 0.0170901902 -247.5243259252 -0.6884503014 0.7238426284 -0.0456949878 1179.2203711050 -0.0438835066 0.0213153550 0.9988092378 4.4328607250
0.7191909653 0.6944478846 0.0225053556 -246.8000517696 -0.6930912881 0.7193114360 -0.0470693576 1178.5218964890 -0.0488755754 0.0182535908 0.9986380648 4.3903223485
0.7160049355 0.6977710765 0.0212710378 -246.0643615740 -0.6970076808 0.7162576984 -0.0339882673 1177.8110214735 -0.0389515744 0.0095096904 0.9991958470 4.3452164375
0.7121194238 0.7020165836 0.0076578406 -245.3432140043 -0.7019483935 0.7121585772 -0.0099304488 1177.1081404528 -0.0124249366 0.0016962566 0.9999213687 4.3136959089
0.7075236180 0.7066610594 -0.0063621521 -244.6249425898 -0.7064414681 0.7074850292 0.0201341897 1176.4057314293 0.0187291752 -0.0097509267 0.9997770439 4.3086586112
0.7062615932 0.7075691741 -0.0232470607 -243.9153102873 -0.7066211516 0.7065665243 0.0380827381 1175.7001542781 0.0433717664 -0.0104695105 0.9990041437 4.3331601529
0.7056981809 0.7078540632 -0.0305401823 -243.1997190920 -0.7063205409 0.7062490530 0.0482034092 1174.9873456914 0.0556899539 -0.0124459001 0.9983705367 4.3730479985
0.7802886102 0.6252995017 -0.0122563409 -242.4258666612 -0.6240730266 0.7797443496 0.0503150746 1174.3091617352 0.0410188036 -0.0316114279 0.9986581875 4.4117425519
0.8413322382 0.5405100315 0.0029951202 -241.5923275018 -0.5400599243 0.8403776476 0.0458332579 1173.7278768785 0.0222563036 -0.0401785418 0.9989446139 4.4366937566
0.8735617428 0.4866972299 -0.0039608053 -240.7172090578 -0.4862831607 0.8731028116 0.0349309022 1173.2042705728 0.0204589636 -0.0285882269 0.9993818810 4.4563412757
0.8925323484 0.4509675785 0.0037749379 -239.8050026987 -0.4509426368 0.8923079440 0.0209110360 1172.7192769323 0.0060617922 -0.0203660566 0.9997742137 4.4738691314
0.8997417562 0.4350174604 0.0349940176 -238.8689676154 -0.4356150327 0.9000609181 0.0113968006 1172.2592124860 -0.0265389404 -0.0254980976 0.9993225364 4.4701167424
0.9025454548 0.4289846716 0.0372001811 -237.9426484010 -0.4299891322 0.9024864710 0.0250502660 1171.8255830248 -0.0228264801 -0.0386046773 0.9989938091 4.4442618957
0.9026874314 0.4290008057 0.0333722928 -237.0174764482 -0.4300047344 0.9022148913 0.0332297802 1171.3923912517 -0.0158533770 -0.0443463489 0.9988904203 4.4245140996
0.8982444255 0.4373600661 0.0432796110 -236.0871816232 -0.4383689017 0.8986344169 0.0169967867 1170.9420435226 -0.0314588322 -0.0342397044 0.9989184073 4.4017424241
0.8926247543 0.4476704316 0.0530304873 -235.1672399999 -0.4485898593 0.8937157688 0.0062659995 1170.4863643439 -0.0445890800 -0.0293821251 0.9985732345 4.3602049616
0.8864326488 0.4587370751 0.0616234938 -234.2639833702 -0.4601415105 0.8877879927 0.0101128782 1170.0306310236 -0.0500694457 -0.0373199129 0.9980482327 4.3041856387
0.8770360549 0.4752799751 0.0701192104 -233.3686188870 -0.4777112020 0.8782341595 0.0222883074 1169.5687358399 -0.0509878996 -0.0530443815 0.9972895907 4.2406993457
0.8826361140 0.4652571230 0.0670022364 -232.4833286277 -0.4678485101 0.8833199177 0.0293886801 1169.0859429220 -0.0455111172 -0.0572864069 0.9973199115 4.1842965171
0.9092691436 0.4075699252 0.0843586432 -231.5519685891 -0.4116010007 0.9106149006 0.0369475177 1168.6409982992 -0.0617595404 -0.0683173397 0.9957502198 4.1231928497
0.9293165168 0.3544953608 0.1034594162 -230.5978561380 -0.3595484202 0.9324875713 0.0345233680 1168.2498847209 -0.0842362460 -0.0692818057 0.9940343486 4.0511889655
0.9437489875 0.3146842062 0.1015465357 -229.6362547422 -0.3198082704 0.9467007917 0.0384744224 1167.9077364900 -0.0840268927 -0.0687856191 0.9940865254 3.9618692903
0.9545899146 0.2811910258 0.0984362839 -228.6744867811 -0.2855518141 0.9577898333 0.0331481030 1167.6020690847 -0.0849603228 -0.0597515043 0.9945911227 3.8761964043
0.9621103536 0.2616529279 0.0766903698 -227.7188149352 -0.2653117483 0.9632463510 0.0420255098 1167.3323815355 -0.0628756212 -0.0607800341 0.9961688831 3.7994426274
0.9670148377 0.2533811948 0.0260820578 -226.7485441424 -0.2544112706 0.9658062269 0.0499323292 1167.0714295681 -0.0125383006 -0.0549208727 0.9984119835 3.7552670716
0.9665192428 0.2564849281 -0.0074856477 -225.7658860807 -0.2557274835 0.9652404892 0.0539838134 1166.8105209574 0.0210714847 -0.0502621086 0.9985137520 3.7564546330
0.9635356761 0.2670756411 -0.0164195872 -224.7993400013 -0.2662658508 0.9630709352 0.0399608619 1166.5439456658 0.0264858000 -0.0341317407 0.9990663275 3.7772731976
0.9592797449 0.2807290421 -0.0312021772 -223.8280314269 -0.2804240820 0.9597763704 0.0138438809 1166.2533961280 0.0338334918 -0.0045303127 0.9994172157 3.8004560971
0.9550440394 0.2899651203 -0.0617342038 -222.8715998635 -0.2909152852 0.9567246102 -0.0068056674 1165.9514672911 0.0570892259 0.0244591356 0.9980694219 3.8310610396
0.9517581866 0.2946953644 -0.0855043650 -221.9256826316 -0.2962141177 0.9551064915 -0.0053652920 1165.6555562217 0.0800846474 0.0304340606 0.9963233497 3.8947993681
0.9498845400 0.3026191647 -0.0783645439 -220.9596627857 -0.3029247682 0.9529788081 0.0082447593 1165.3605606730 0.0771747718 0.0159069919 0.9968906772 3.9749746800
0.9497445762 0.3061284852 -0.0653497552 -219.9830761931 -0.3067169333 0.9518001693 0.0010772827 1165.0470941712 0.0625296950 0.0190207331 0.9978618386 4.0498179101
0.9495183496 0.3118447271 -0.0341726506 -219.0127186752 -0.3121325687 0.9500328145 -0.0033031590 1164.7402238305 0.0314350668 0.0138028073 0.9994104858 4.1027583458
0.9493365937 0.3110675590 -0.0446878697 -218.0532977511 -0.3102118579 0.9503352536 0.0251298405 1164.4417381789 0.0502855361 -0.0099939701 0.9986848779 4.1348920880
0.9497238808 0.3124687186 0.0196939124 -217.0364786868 -0.3130280086 0.9464205928 0.0793821595 1164.1509814250 0.0061657174 -0.0815558788 0.9966496990 4.1577813627
0.9473274822 0.3068064001 0.0918720536 -216.0384190210 -0.3141125602 0.9460397839 0.0796368436 1163.8364527599 -0.0624815245 -0.1043003365 0.9925812304 4.1255205407
0.9412436386 0.2991769765 0.1566957227 -215.0409500619 -0.3061606934 0.9517271304 0.0219339728 1163.4939077903 -0.1425694309 -0.0686192835 0.9874033377 4.0292195444
0.9286612101 0.2916277048 0.2292196298 -214.0663302232 -0.2937311087 0.9555431018 -0.0256791045 1163.1676517764 -0.2265179744 -0.0434817477 0.9730359422 3.8441185371
0.9172611397 0.3459502208 0.1973586743 -213.1297825840 -0.3464003399 0.9374929799 -0.0333724010 1162.8375374367 -0.1965675611 -0.0377539053 0.9797631533 3.6178333694
0.8819495218 0.4467927643 0.1501374926 -212.2182370287 -0.4491772600 0.8932285672 -0.0195580135 1162.4537177912 -0.1428454763 -0.0501891670 0.9884716574 3.4448568009
0.8285878693 0.5448526106 0.1287547107 -211.3508670536 -0.5492079045 0.8356833644 -0.0019980272 1161.9718859890 -0.1086868001 -0.0690575638 0.9916744589 3.3110701758
0.7351856054 0.6682200468 0.1139477717 -210.5257721666 -0.6749630267 0.7371606483 0.0319232083 1161.3843508654 -0.0626660855 -0.1003800161 0.9929737228 3.2058073100
0.5531729666 0.8276291968 0.0950241111 -209.8281666949 -0.8330149020 0.5482599475 0.0741431257 1160.6856569379 0.0092651014 -0.1201704734 0.9927100358 3.1606738226
0.1867078801 0.9769279021 0.1036920518 -209.4218608702 -0.9789257534 0.1761169792 0.1033788128 1159.7805301206 0.0827317158 -0.1208084589 0.9892223104 3.2022286590
0.2237182201 0.9686123115 0.1083528861 -209.2022855043 -0.9719425221 0.2134264955 0.0988780298 1158.7888262695 0.0726491002 -0.1274335942 0.9891828887 3.2810564610
0.2772957559 0.9543147486 0.1113122835 -208.9348240377 -0.9582657427 0.2663226617 0.1039182666 1157.8108952434 0.0695257509 -0.1354828423 0.9883372751 3.3525910339
0.3240346219 0.9394535054 0.1114839679 -208.6165545096 -0.9436087433 0.3124961117 0.1093101995 1156.8395037219 0.0678535436 -0.1406175360 0.9877361010 3.4191023075
0.3665725092 0.9239491619 0.1092819367 -208.2649976171 -0.9279346005 0.3545475232 0.1150366508 1155.9076718286 0.0675423771 -0.1435757640 0.9873317716 3.4803205319
0.3590789397 0.9273844797 0.1049778161 -207.8564385224 -0.9303657468 0.3467526863 0.1190888392 1154.9679872009 0.0740398015 -0.1404300584 0.9873183410 3.5374116579
0.2282263619 0.9669392623 0.1137593549 -207.5270544223 -0.9697428520 0.2153620552 0.1149695009 1154.0000570780 0.0866690759 -0.1365563922 0.9868337363 3.6066814297
0.1151704683 0.9863763621 0.1174624855 -207.3394830097 -0.9890340757 0.1028604136 0.1059779808 1153.0077705136 0.0924519353 -0.1283799344 0.9874063156 3.6931783148
0.0335502825 0.9917921884 0.1233800374 -207.2538882596 -0.9943850867 0.0207286473 0.1037719741 1151.9867572983 0.1003627320 -0.1261688483 0.9869188132 3.7936164206
-0.0129946969 0.9930968837 0.1165749437 -207.2436354013 -0.9965001832 -0.0224897253 0.0805083664 1150.9584307081 0.0825743462 -0.1151207710 0.9899134737 3.8895109214
-0.0962108936 0.9912542042 0.0903247844 -207.2979124318 -0.9924448653 -0.1024744277 0.0674698522 1149.9459643318 0.0761357553 -0.0831510337 0.9936243014 3.9637610769
-0.1392846092 0.9888571516 0.0525483721 -207.4424069622 -0.9877558639 -0.1425034391 0.0634911274 1148.9500278614 0.0702719792 -0.0430616258 0.9965979858 4.0289302477
-0.1629592849 0.9865975171 0.0083433079 -207.6130825793 -0.9850384522 -0.1631706810 0.0554488652 1147.9536022888 0.0560670960 0.0008174283 0.9984266686 4.0807935074
-0.1793902040 0.9837712813 -0.0036360503 -207.7894671726 -0.9780635805 -0.1779491814 0.1082853701 1146.9641076087 0.1058810051 0.0229816230 0.9941132017 4.1440819730
-0.1885833590 0.9820061379 0.0100130881 -207.9670120951 -0.9672830119 -0.1874985705 0.1709030748 1146.0105870226 0.1697053081 0.0225439859 0.9852369650 4.2610869104
-0.1864248492 0.9818668715 0.0343979973 -208.1482906781 -0.9710510430 -0.1894676060 0.1454712969 1145.0157084537 0.1493507534 -0.0062827466 0.9887643195 4.4045551187
-0.1818463414 0.9820159187 0.0507606497 -208.3293472407 -0.9718130150 -0.1873539417 0.1431012387 1144.0275896114 0.1500379021 -0.0233074233 0.9884054795 4.5542180405
-0.1806059006 0.9816300106 0.0615144779 -208.5097879256 -0.9780652763 -0.1858452310 0.0940737230 1143.0034323943 0.1037777620 -0.0431749053 0.9936629729 4.6962305232
-0.1684110196 0.9835362021 0.0655306625 -208.6856089444 -0.9825531516 -0.1728211955 0.0687178188 1141.9824548130 0.0789115499 -0.0528145210 0.9954815888 4.7925026115
-0.1658408410 0.9844706956 0.0575696525 -208.8583124442 -0.9832400214 -0.1695524244 0.0670151893 1140.9729266961 0.0757355642 -0.0454909310 0.9960897046 4.8720743599
-0.1618023162 0.9851028508 0.0582441734 -209.0227797808 -0.9830897974 -0.1660383687 0.0772380113 1139.9648685398 0.0857581527 -0.0447619635 0.9953099547 4.9526291096
-0.1623890461 0.9852546020 0.0538810443 -209.1831166092 -0.9826772217 -0.1664234388 0.0815396651 1138.9791733058 0.0893043990 -0.0397065265 0.9952125984 5.0356755033
-0.1615116945 0.9855020769 0.0519579535 -209.3422264830 -0.9824846646 -0.1655291667 0.0855802480 1137.9893588311 0.0929400688 -0.0372256816 0.9949755737 5.1249272788
-0.1585137684 0.9861990081 0.0478006457 -209.5016223787 -0.9833314528 -0.1620495299 0.0824572847 1136.9950972771 0.0890653645 -0.0339332635 0.9954475850 5.2146433445
-0.1531004721 0.9873748840 0.0406335321 -209.6631736450 -0.9844227166 -0.1559813760 0.0811278331 1135.9965267827 0.0864416591 -0.0275798625 0.9958750879 5.2989235114
-0.1530649184 0.9872357886 0.0440071407 -209.8170619199 -0.9866640929 -0.1551677477 0.0491623615 1134.9775520628 0.0553633316 -0.0358952327 0.9978208425 5.3700979331
-0.1546201327 0.9864777540 0.0543530632 -209.9695467650 -0.9874149249 -0.1561491185 0.0250842349 1133.9623672954 0.0332322227 -0.0497904981 0.9982066548 5.4211453126
-0.1618611681 0.9848544749 0.0621500251 -210.1261580243 -0.9864469400 -0.1631963841 0.0170110184 1132.9527496076 0.0268960369 -0.0585542788 0.9979218404 5.4569772790
-0.1692390498 0.9843247178 0.0496285598 -210.3005916696 -0.9854942947 -0.1696550310 0.0042621112 1131.9354731213 0.0126150362 -0.0481873469 0.9987586498 5.4796465237
-0.1728562983 0.9841941968 0.0385030266 -210.4813826533 -0.9847095977 -0.1735408666 0.0151847256 1130.9334615463 0.0216265674 -0.0352895244 0.9991431034 5.4911469239
-0.1779617630 0.9831941024 0.0407304286 -210.6564339290 -0.9835729909 -0.1789968393 0.0233303025 1129.9360798234 0.0302288338 -0.0359094477 0.9988977571 5.5142070510
-0.1816874821 0.9823753843 0.0439119935 -210.8316133808 -0.9807071749 -0.1842928763 0.0651887483 1128.9584213738 0.0721324893 -0.0312208276 0.9969062965 5.5541452870
-0.1740686813 0.9829333268 0.0595161262 -211.0037645828 -0.9804324719 -0.1786342308 0.0827162594 1127.9667481268 0.0919361855 -0.0439532325 0.9947943763 5.6226881437
-0.1671253742 0.9841027484 0.0600906804 -211.1744399251 -0.9829118367 -0.1710727957 0.0679589571 1126.9505100026 0.0771584771 -0.0477061749 0.9958768449 5.7041574165
-0.1607763388 0.9851505024 0.0602449702 -211.3403655205 -0.9841003267 -0.1646746436 0.0665492950 1125.9395759405 0.0754818904 -0.0485875429 0.9959627176 5.7789480901
-0.1590124067 0.9851701558 0.0644578820 -211.4968127153 -0.9856830783 -0.1621249908 0.0463071975 1124.9384125362 0.0560707025 -0.0561716247 0.9968454368 5.8450902447
-0.1614912923 0.9842580722 0.0718095390 -211.6537392489 -0.9857486233 -0.1643537213 0.0358818325 1123.9396142292 0.0471191482 -0.0649915507 0.9967727345 5.9004626388
-0.1282126997 0.9891272840 0.0720327686 -211.7999431318 -0.9911464533 -0.1303232940 0.0253879341 1122.9354861290 0.0344994460 -0.0681399676 0.9970791007 5.9463842270
-0.1014585664 0.9926829108 0.0654736433 -211.9185746378 -0.9946461970 -0.1025171215 0.0130070251 1121.9047509203 0.0196240209 -0.0638034362 0.9977695221 5.9773432421
-0.0806763300 0.9950800558 0.0575066290 -212.0081360957 -0.9967338950 -0.0807490971 -0.0010610368 1120.8979505143 0.0035877918 -0.0574044069 0.9983445607 5.9904947793
-0.0637450467 0.9966674072 0.0508984133 -212.0802637518 -0.9979128890 -0.0631314354 -0.0135752684 1119.8930925889 -0.0103167377 -0.0516575388 0.9986115679 5.9873027627
-0.0507811441 0.9974288138 0.0505671508 -212.1386123059 -0.9987070865 -0.0505977248 -0.0049015985 1118.8633343145 -0.0023304128 -0.0507506806 0.9987086350 5.9772018162
-0.0457565558 0.9977741018 0.0485095807 -212.1838464751 -0.9989491290 -0.0458308004 0.0004187649 1117.8380967132 0.0026410656 -0.0484394422 0.9988226295 5.9695340346
-0.0449689161 0.9978284426 0.0481268708 -212.2249732578 -0.9988446250 -0.0457275122 0.0147786925 1116.8236806418 0.0169473218 -0.0474066845 0.9987318932 5.9695476741
-0.0451243840 0.9979541861 0.0452905330 -212.2737251318 -0.9986114844 -0.0462949203 0.0251372956 1115.8006596408 0.0271825909 -0.0440933414 0.9986575409 5.9837818110
-0.0505975726 0.9977990712 0.0428590607 -212.3281129082 -0.9975480655 -0.0525692499 0.0461988197 1114.7856348773 0.0483502081 -0.0404164249 0.9980124097 6.0152768642
-0.0595575259 0.9975625651 0.0363569781 -212.3897046138 -0.9965313016 -0.0615377265 0.0560220773 1113.7867867927 0.0581228529 -0.0328943304 0.9977673561 6.0620051958
-0.0680699134 0.9973065842 0.0273141730 -212.4598549271 -0.9962907009 -0.0693942108 0.0508849968 1112.7778160440 0.0526433878 -0.0237491192 0.9983309336 6.1161356483
-0.0657302743 0.9977014245 0.0164741786 -212.5359164409 -0.9965887981 -0.0664647525 0.0489203870 1111.7578121216 0.0499028920 -0.0132024314 0.9986668099 6.1681631987
-0.0721841625 0.9973647625 0.0072785502 -212.6070391472 -0.9967876808 -0.0723924088 0.0342587013 1110.7236927139 0.0346953333 -0.0047822335 0.9993864939 6.2120363574
-0.0654323544 0.9978471860 -0.0044272239 -212.6845821681 -0.9976008309 -0.0653143846 0.0229480569 1109.7216664492 0.0226094926 0.0059181476 0.9997268559 6.2386582299
-0.0589075787 0.9980865165 -0.0187936889 -212.7550188906 -0.9981978947 -0.0586775338 0.0125662259 1108.7169202285 0.0114394133 0.0195000666 0.9997444110 6.2527241155
-0.0567346005 0.9979845949 -0.0284241714 -212.8175297455 -0.9983889918 -0.0567337873 0.0008357270 1107.7103194511 -0.0007785682 0.0284257945 0.9995956023 6.2522431283
-0.0534745317 0.9979231012 -0.0359159921 -212.8770431106 -0.9984829979 -0.0539079456 -0.0112087559 1106.7020343147 -0.0131216338 0.0352621245 0.9992919520 6.2462348183
-0.0570354201 0.9979165198 -0.0301592509 -212.9315321408 -0.9981743149 -0.0575994511 -0.0181752673 1105.6971500068 -0.0198745558 0.0290675556 0.9993798473 6.2305862489
-0.0602107801 0.9978096394 -0.0273968164 -212.9916129250 -0.9978112051 -0.0609172637 -0.0257271439 1104.6585662776 -0.0273397312 0.0257877990 0.9992935147 6.2088228070
-0.0623610799 0.9977050697 -0.0263759303 -213.0572921947 -0.9973777332 -0.0632695285 -0.0351372172 1103.6198864720 -0.0367253724 0.0241155707 0.9990343769 6.1806830541
-0.0625257654 0.9977093940 -0.0258165409 -213.1221502560 -0.9973384929 -0.0634326926 -0.0359475199 1102.5906224935 -0.0375027910 0.0235001838 0.9990201610 6.1449893095
-0.0639775937 0.9975165210 -0.0294560331 -213.1869793995 -0.9970911303 -0.0651198676 -0.0396065743 1101.5710429956 -0.0414263852 0.0268364160 0.9987810878 6.1057865930
-0.0642881778 0.9971107090 -0.0404631226 -213.2576033161 -0.9968696925 -0.0660368139 -0.0434736174 1100.5551527302 -0.0460200652 0.0375416209 0.9982348322 6.0605103524
-0.0652362783 0.9965893642 -0.0505358009 -213.3262815728 -0.9969850325 -0.0672270186 -0.0387475544 1099.5556235230 -0.0420127718 0.0478556909 0.9979703201 6.0111762030
-0.0420087146 0.9973226163 -0.0598570533 -213.3883402977 -0.9986937760 -0.0436595798 -0.0265439813 1098.5610947782 -0.0290862467 0.0586637881 0.9978539724 5.9686387489
0.0006474966 0.9979814521 -0.0635027715 -213.4136834338 -0.9997848977 -0.0006703715 -0.0207294201 1097.5420815867 -0.0207301472 0.0635025342 0.9977663500 5.9390519092
0.0446809731 0.9974133421 -0.0563048464 -213.3930149391 -0.9989790320 0.0442325859 -0.0091854251 1096.5312262778 -0.0066711566 0.0566577747 0.9983713699 5.9193938744
0.0747203747 0.9960067314 -0.0488616071 -213.3353225916 -0.9971902465 0.0743673434 -0.0090061348 1095.5135818734 -0.0053364629 0.0493972598 0.9987649538 5.9157640082
0.0901088797 0.9946374511 -0.0507615071 -213.2526664599 -0.9958068454 0.0891727096 -0.0204194625 1094.4901988283 -0.0157834210 0.0523886311 0.9985020355 5.9064842396
0.0948590314 0.9932018648 -0.0674671769 -213.1700178360 -0.9954855355 0.0944218104 -0.0096472916 1093.4923429279 -0.0032113350 0.0680777315 0.9976748517 5.8947825628
0.0933287188 0.9927107092 -0.0762574457 -213.0779287655 -0.9952612170 0.0951191171 0.0201857266 1092.4949191824 0.0272921279 0.0740121702 0.9968838139 5.9051612885
0.0907785449 0.9924221513 -0.0828102008 -212.9885123645 -0.9953449169 0.0931191136 0.0248460668 1091.4883246368 0.0323689995 0.0801692227 0.9962555614 5.9375933955
0.0817152509 0.9931551266 -0.0834596448 -212.8996625135 -0.9955876958 0.0852166551 0.0392843694 1090.4882073033 0.0461276247 0.0798812633 0.9957365244 5.9652839932
0.0758627543 0.9951522649 -0.0625844400 -212.8087224942 -0.9969754109 0.0767647543 0.0121327051 1089.4720255375 0.0168781681 0.0614747274 0.9979659239 5.9839625973
0.0664625497 0.9965834244 -0.0490327214 -212.7369194569 -0.9977887043 0.0663499000 -0.0039233146 1088.4628102946 -0.0006565942 0.0491850491 0.9987894672 5.9852776265
0.1367957343 0.9901566734 -0.0296089379 -212.6425036302 -0.9905892078 0.1365984573 -0.0085955129 1087.4561526490 -0.0044663692 0.0305061239 0.9995246010 5.9755032514
0.2879490651 0.9574846287 -0.0175647857 -212.4259005309 -0.9576336683 0.2878049611 -0.0102986248 1086.4671627252 -0.0048055424 0.0197861096 0.9997926868 5.9702886644
0.3966188240 0.9177538240 -0.0205286873 -212.0676010510 -0.9179774321 0.3964364788 -0.0124720670 1085.5004373254 -0.0033079667 0.0237915283 0.9997114686 5.9695659356
0.4592934252 0.8880764795 -0.0192280023 -211.6334453392 -0.8882396041 0.4589446459 -0.0200054440 1084.5878932104 -0.0089417755 0.0262674421 0.9996149589 5.9653129781
0.5529763151 0.8329482526 -0.0203568999 -211.1334938297 -0.8331781606 0.5526345839 -0.0202279357 1083.7213750794 -0.0055988968 0.0281464938 0.9995881288 5.9579374253
0.6424627857 0.7661396148 -0.0164821019 -210.5122818746 -0.7662818997 0.6420793203 -0.0233708528 1082.9000310413 -0.0073225194 0.0276448395 0.9995909881 5.9505757815
0.7047426759 0.7090139119 -0.0252395206 -209.8340962353 -0.7094371334 0.7045747167 -0.0165354835 1082.1559869342 0.0060592403 0.0295591141 0.9995446685 5.9467248598
0.7494008350 0.6605008995 -0.0462271597 -209.1073716856 -0.6617598366 0.7494609493 -0.0195500422 1081.4650327877 0.0217326305 0.0452420956 0.9987396285 5.9572451683
0.7820206165 0.6196544183 -0.0668741892 -208.3418199663 -0.6222600573 0.7823207313 -0.0276892471 1080.8037014550 0.0351593003 0.0632666989 0.9973771345 5.9804738435
0.7918109900 0.6071038392 -0.0667853616 -207.5318549600 -0.6098884888 0.7917920448 -0.0331871808 1080.1711049866 0.0327320531 0.0670095977 0.9972152859 6.0127517052
0.7938442371 0.6050825329 -0.0607161894 -206.7113405015 -0.6074520180 0.7936909081 -0.0325082782 1079.5471235720 0.0285196962 0.0626886811 0.9976255591 6.0364978581
0.7919408545 0.6084649446 -0.0509911179 -205.8903847492 -0.6100760674 0.7919517427 -0.0248923525 1078.9239924301 0.0252363808 0.0508217316 0.9983888404 6.0543944132
0.7859125696 0.6170828259 -0.0393728207 -205.0964286739 -0.6179099443 0.7861430979 -0.0128969100 1078.3144481746 0.0229942095 0.0344647011 0.9991413567 6.0745516196
0.7762983915 0.6293987676 -0.0348998389 -204.3143577827 -0.6298478622 0.7767145544 -0.0024842233 1077.6936811546 0.0255436457 0.0239100875 0.9993877275 6.0986705747
0.7647905154 0.6436207321 -0.0291173610 -203.5390980859 -0.6436971735 0.7652393840 0.0079141612 1077.0557529239 0.0273754696 0.0126900875 0.9995446690 6.1259864118
0.7542673994 0.6557965167 -0.0318059573 -202.7730244266 -0.6558179090 0.7548358347 0.0112130684 1076.3988229818 0.0313617675 0.0124012645 0.9994311623 6.1574122858
0.7472240773 0.6637212305 -0.0336200318 -202.0090397395 -0.6635438359 0.7479257446 0.0177948978 1075.7306010629 0.0369561388 0.0090115888 0.9992762556 6.1920338430
0.7425840273 0.6689140645 -0.0335102481 -201.2478675826 -0.6689116053 0.7432293775 0.0129366403 1075.0538149664 0.0335593015 0.0128088514 0.9993546451 6.2260913273
0.7402769912 0.6717967773 -0.0260589008 -200.4819081606 -0.6719198111 0.7406069506 0.0050112058 1074.3633232902 0.0226659149 0.0137998113 0.9996478487 6.2506000446
0.7403351078 0.6722345538 -0.0021524102 -199.7126606999 -0.6721940121 0.7402462417 -0.0138098421 1073.6678587600 -0.0076901394 0.0116707482 0.9999023229 6.2581467924
0.7486639144 0.6628193374 0.0131479714 -198.9617923919 -0.6623274242 0.7486731559 -0.0284761103 1072.9861423036 -0.0287180498 0.0126107742 0.9995080000 6.2395271202
0.7485879069 0.6623870900 0.0293170364 -198.1947332695 -0.6611072903 0.7490505754 -0.0431321956 1072.3027515169 -0.0505301526 0.0129065335 0.9986391366 6.2006284021
0.7502786317 0.6598830173 0.0404521729 -197.4334990970 -0.6584870153 0.7513455983 -0.0432971434 1071.6339946030 -0.0589646116 0.0058476909 0.9982429459 6.1464827893
0.7527218229 0.6565224778 0.0488681236 -196.6755308018 -0.6551749526 0.7543063697 -0.0420438133 1070.9717312227 -0.0644642454 -0.0003698748 0.9979199488 6.0825249880
0.7538946154 0.6553104991 0.0470218953 -195.9166317234 -0.6541241931 0.7553589076 -0.0394266500 1070.3117794235 -0.0613551051 -0.0010346202 0.9981154646 6.0195449562
0.7564184710 0.6529592133 0.0384104480 -195.1612441274 -0.6521026320 0.7573930329 -0.0334357738 1069.6580321500 -0.0509240023 0.0002438827 0.9987025015 5.9603732298
0.7326889949 0.6803063507 0.0187111179 -194.4117961015 -0.6797075756 0.7328693154 -0.0300029719 1068.9847366825 -0.0341240164 0.0092647588 0.9993746624 5.9104614875
0.7074970515 0.7066434511 0.0101466840 -193.6845022375 -0.7063123946 0.7075051622 -0.0236483998 1068.2832511444 -0.0238898182 0.0095644445 0.9996688442 5.8720015343
0.6817465866 0.7314634776 0.0135193436 -192.9791565375 -0.7311936216 0.6818693511 -0.0202503289 1067.5586040924 -0.0240308021 0.0039203348 0.9997035318 5.8415819206
0.6595561644 0.7516518777 0.0022628863 -192.3089532236 -0.7514852428 0.6594680027 -0.0192842731 1066.8113822046 -0.0159873612 0.0110185356 0.9998114803 5.8205536120
0.6454247609 0.7636834918 -0.0146424848 -191.6423720191 -0.7637705491 0.6454875943 -0.0005602952 1066.0368016395 0.0090236540 0.0115451270 0.9998926361 5.8136977496
0.6345128478 0.7723100374 -0.0305065901 -191.0100706820 -0.7725378809 0.6349396922 0.0060671019 1065.2664282746 0.0240555286 0.0197178424 0.9995161521 5.8263188509
0.6285529796 0.7765244689 -0.0439420186 -190.3827289500 -0.7769844303 0.6294512067 0.0092937298 1064.4837743858 0.0348761652 0.0283006628 0.9989908536 5.8513636865
0.6277194777 0.7766207164 -0.0531838339 -189.7513306628 -0.7772182691 0.6290958388 0.0130456003 1063.6958587577 0.0435892120 0.0331464699 0.9984995203 5.8840576969
0.6320409386 0.7726574195 -0.0593697234 -189.1119334142 -0.7727212754 0.6341698483 0.0270265423 1062.9137228689 0.0585327469 0.0287943672 0.9978701328 5.9260515379
0.6400643047 0.7664932889 -0.0529690839 -188.4604760536 -0.7662125957 0.6418931711 0.0298565771 1062.1314168160 0.0568853592 0.0214754500 0.9981497187 5.9755610265
0.6477071781 0.7605968720 -0.0443600016 -187.7914841422 -0.7604940011 0.6489463488 0.0227488600 1061.3416507895 0.0460899729 0.0190009152 0.9987565667 6.0209235131
0.6553711706 0.7539680048 -0.0449541600 -187.1380867127 -0.7533565113 0.6567944924 0.0327866059 1060.5896113707 0.0542456965 0.0123791129 0.9984508811 6.0670403799
0.6614078921 0.7488966453 -0.0411511237 -186.4541461947 -0.7484395048 0.6625815221 0.0287059942 1059.8111114479 0.0487637970 0.0118127555 0.9987404823 6.1229548582
0.6669793757 0.7443101196 -0.0337780741 -185.7859674448 -0.7442473830 0.6676901766 0.0169015072 1059.0580124131 0.0351332511 0.0138662865 0.9992864358 6.1679231018
0.6685702744 0.7427944228 -0.0356403378 -185.1006490587 -0.7432000224 0.6690639316 0.0026799396 1058.2834093768 0.0258363088 0.0246961719 0.9993610880 6.1990066528
0.6668873993 0.7441870993 -0.0380362708 -184.4334668075 -0.7447435100 0.6673504477 -0.0006958791 1057.5342799878 0.0248656581 0.0287913389 0.9992761169 6.2206355828
0.6657628577 0.7452695316 -0.0365122236 -183.7634684526 -0.7461030533 0.6655338500 -0.0198728027 1056.7758050925 0.0094895264 0.0404724555 0.9991355910 6.2344022943
0.6642594933 0.7465487484 -0.0377397918 -183.0964988214 -0.7474914690 0.6636716733 -0.0282208067 1056.0216787105 0.0039786228 0.0469561112 0.9988890300 6.2361747386
0.6618976076 0.7485234738 -0.0400520438 -182.4173695807 -0.7495481146 0.6615042814 -0.0242839359 1055.2562070124 0.0083175024 0.0460944130 0.9989024598 6.2326088164
0.6563205902 0.7536808795 -0.0347622594 -181.7536526487 -0.7544731018 0.6558411266 -0.0253526191 1054.5041833586 0.0036907351 0.0428666356 0.9990739863 6.2307304534
0.6050182832 0.7956243007 -0.0305753012 -181.0953343910 -0.7962024358 0.6047491073 -0.0184444697 1053.7136330969 0.0038155178 0.0355033707 0.9993622729 6.2317701104
0.5430610894 0.8392222807 -0.0281179097 -180.5115495462 -0.8396725634 0.5429779103 -0.0111792365 1052.8896606868 0.0058855395 0.0296808456 0.9995420991 6.2379483770
0.5031914875 0.8632889214 -0.0391224370 -179.9914966948 -0.8638260893 0.5037588738 0.0056111031 1052.0308249014 0.0245522780 0.0309715225 0.9992186700 6.2544732088
0.4675079407 0.8827964956 -0.0458985052 -179.5024969114 -0.8830924092 0.4687416298 0.0207142795 1051.1492172463 0.0398010335 0.0308485314 0.9987313181 6.2855071302
0.4484410619 0.8927361209 -0.0438501140 -179.0312758390 -0.8923806590 0.4499593219 0.0345451596 1050.2404929557 0.0505704794 0.0236395256 0.9984406840 6.3288627972
0.4452756904 0.8943524788 -0.0431648372 -178.5871648296 -0.8935905721 0.4469201431 0.0419317914 1049.3467843761 0.0567930368 0.0199004842 0.9981876185 6.3766257893
0.4469563764 0.8939940537 -0.0316958911 -178.1411842763 -0.8928738053 0.4480076316 0.0454481009 1048.4488721006 0.0548303331 0.0079871124 0.9984637403 6.4239651507
0.4533689612 0.8908430780 -0.0292437243 -177.6822281701 -0.8898640465 0.4542596334 0.0423103318 1047.5381216088 0.0509761096 0.0068407477 0.9986764443 6.4703569169
0.4585273589 0.8884465863 -0.0203795090 -177.2193222579 -0.8877906018 0.4589737381 0.0342192225 1046.6316571985 0.0397556108 0.0024022868 0.9992065454 6.5149504959
0.4690145938 0.8829144939 -0.0220750377 -176.7538011032 -0.8824126279 0.4695038995 0.0302331339 1045.7404268923 0.0370575884 0.0052995110 0.9992990795 6.5546365271
0.4123871697 0.9109212921 -0.0126183180 -176.2932111854 -0.9105261572 0.4125799552 0.0268309093 1044.8265674867 0.0296469116 0.0004245859 0.9995603435 6.5944367155
0.3494112803 0.9369691878 0.0007058995 -175.8874329025 -0.9365951386 0.3492502996 0.0285267334 1043.8807852667 0.0264821346 -0.0106287045 0.9995927807 6.6279712722
0.3070501754 0.9516824326 0.0045538106 -175.5438113447 -0.9509549251 0.3066199735 0.0408524464 1042.9066682233 0.0374822663 -0.0168742194 0.9991548130 6.6611491835
0.2822278799 0.9593472179 -0.0005825744 -175.2475111103 -0.9577164434 0.2817834173 0.0581147115 1041.9506419627 0.0559163466 -0.0158436507 0.9983097420 6.7060390944
0.2670624051 0.9636253919 0.0101870405 -174.9653154114 -0.9624217368 0.2661591599 0.0538860096 1040.9734741416 0.0492145530 -0.0241951565 0.9984951288 6.7530588827
0.2602645059 0.9651137904 0.0285964785 -174.6869643962 -0.9644267393 0.2584309517 0.0556283000 1039.9839308015 0.0462974243 -0.0420572805 0.9980419499 6.7900291564
0.2603303857 0.9644964599 0.0444372495 -174.4197176168 -0.9653104113 0.2590401859 0.0327718170 1039.0073934303 0.0200972681 -0.0514272393 0.9984745059 6.8175121866
0.2619428963 0.9646543356 0.0287738062 -174.1572986510 -0.9646336800 0.2607943785 0.0383165176 1038.0184543468 0.0294581479 -0.0377929222 0.9988512965 6.8367714004
0.2665973701 0.9637858639 0.0065307642 -173.8956730830 -0.9627552542 0.2659834436 0.0485296641 1037.0283450146 0.0450351291 -0.0192254083 0.9988003909 6.8694167312
0.2667824740 0.9636498768 0.0143536227 -173.6204572718 -0.9631361420 0.2660466986 0.0398487900 1036.0626469820 0.0345815477 -0.0244554516 0.9991026211 6.9137151112
0.2752412490 0.9607986226 0.0332905628 -173.3358903540 -0.9612911022 0.2745941325 0.0227481694 1035.0932768966 0.0127150166 -0.0382631563 0.9991867990 6.9449378735
0.2816553869 0.9585575871 0.0428671821 -173.0477824571 -0.9595156290 0.2813729050 0.0126113441 1034.1302703314 0.0000270360 -0.0446837841 0.9990011805 6.9554183626
0.2858379050 0.9576394183 0.0349776576 -172.7642488158 -0.9582770502 0.2856980743 0.0090391060 1033.1693275598 -0.0013368452 -0.0361020056 0.9993472160 6.9536187357
0.2912833564 0.9562723259 0.0264053971 -172.4731515821 -0.9566204912 0.2913286782 0.0021993504 1032.1926708524 -0.0055894715 -0.0259005781 0.9996488973 6.9453035075
0.3020982872 0.9529966547 0.0231084606 -172.1797463953 -0.9532208905 0.3022543048 -0.0035027435 1031.2269844772 -0.0103227345 -0.0209692946 0.9997268276 6.9313566055
0.3487656105 0.9369766058 0.0209138475 -171.8548632195 -0.9370130989 0.3490628930 -0.0127102004 1030.2448031037 -0.0192094086 -0.0151636683 0.9997004860 6.9111782210
0.4238778245 0.9055607922 0.0169482024 -171.4619172877 -0.9054904516 0.4241171834 -0.0145484332 1029.2974521144 -0.0203625145 -0.0091796772 0.9997505196 6.8879736028
0.4811880063 0.8764522528 0.0170162056 -170.9930834699 -0.8763350705 0.4814350171 -0.0160364753 1028.3832115119 -0.0222474022 -0.0071953382 0.9997266027 6.8672742047
0.5196518684 0.8543514701 0.0067454535 -170.4774402770 -0.8541757476 0.5196844233 -0.0176604760 1027.4928963313 -0.0185937607 0.0034154965 0.9998212873 6.8499021228
0.5410016054 0.8410191536 -0.0020115010 -169.9311722173 -0.8409606532 0.5409320957 -0.0133284536 1026.6196468399 -0.0101213994 0.0089023080 0.9999091490 6.8374786197
0.5493042847 0.8355429202 -0.0115252424 -169.3736898672 -0.8356223696 0.5492480310 -0.0078648521 1025.7600872418 -0.0002412049 0.0139509473 0.9999026517 6.8304133903
0.5515505469 0.8338946281 -0.0202914640 -168.8083118146 -0.8341300743 0.5515069595 -0.0081910179 1024.8964423677 0.0043604378 0.0214434808 0.9997605532 6.8277476683
0.5468715851 0.8369014905 -0.0229644202 -168.2412731944 -0.8372152188 0.5466169784 -0.0167498129 1024.0284631368 -0.0014652014 0.0283861589 0.9995959580 6.8261459968
0.5358198228 0.8441442694 -0.0178204896 -167.6824504066 -0.8442899787 0.5354621382 -0.0213244078 1023.1600154943 -0.0084586792 0.0264717012 0.9996137753 6.8171413163
0.5246069562 0.8513427673 -0.0017418742 -167.1294387166 -0.8509768478 0.5243191497 -0.0304603656 1022.2808390253 -0.0250189139 0.0174620143 0.9995344576 6.7954348646
0.5143803094 0.8575604412 -0.0017282593 -166.5962316437 -0.8570738334 0.5140183421 -0.0347791316 1021.3999645617 -0.0289368504 0.0193709463 0.9993935287 6.7618966206
0.5043539503 0.8633126865 0.0178409157 -166.0665025881 -0.8620748736 0.5046011305 -0.0469532884 1020.5167335844 -0.0495379158 0.0083008713 0.9987377486 6.7188441936
0.4973173640 0.8672085919 0.0249939516 -165.5482619072 -0.8652108471 0.4978824555 -0.0593569766 1019.6249002472 -0.0639189301 0.0078942171 0.9979238707 6.6608673463
0.4920904447 0.8703283689 0.0193784546 -165.0491181059 -0.8675281842 0.4921154569 -0.0722303729 1018.7394350912 -0.0724005797 0.0187325208 0.9971997035 6.6003612796
0.4891441947 0.8721364409 0.0107696463 -164.5592171414 -0.8696830547 0.4886317482 -0.0699313877 1017.8657746616 -0.0662521027 0.0248403535 0.9974936670 6.5350882037
0.4897565877 0.8718400528 0.0057798847 -164.0702633164 -0.8702686077 0.4892526072 -0.0571352509 1017.0017238863 -0.0526406238 0.0229523133 0.9983497163 6.4752835948
0.4923441211 0.8703671400 0.0076359665 -163.5629646476 -0.8692502579 0.4921253820 -0.0470807553 1016.1132159017 -0.0447353953 0.0165423673 0.9988618996 6.4253131545
0.4964115860 0.8679369389 0.0161557250 -163.0522491449 -0.8668262154 0.4966073839 -0.0446477157 1015.2237717161 -0.0467744540 0.0081594374 0.9988721510 6.3762041942
0.4984701873 0.8664656706 0.0276534650 -162.5393655372 -0.8647553814 0.4992260223 -0.0545115488 1014.3349967400 -0.0610377151 0.0032588993 0.9981301403 6.3148602982
0.5017490901 0.8646977587 0.0233588683 -162.0366422780 -0.8631850827 0.5022608136 -0.0514352815 1013.4644913800 -0.0562082168 0.0056445790 0.9984031125 6.2494755597
0.5018235937 0.8645659107 0.0264360895 -161.5293330181 -0.8623327512 0.5024446610 -0.0627023832 1012.5864845287 -0.0674930151 0.0086688295 0.9976820858 6.1831047517
0.5036916921 0.8635986454 0.0221824009 -161.0272426404 -0.8616008101 0.5040605431 -0.0597244752 1011.7230336108 -0.0627592489 0.0109703474 0.9979684004 6.1177574241
0.5030734208 0.8640178588 0.0197553264 -160.5082870464 -0.8626689942 0.5034048463 -0.0488443158 1010.8407919562 -0.0521472882 0.0075299695 0.9986110153 6.0608742014
0.5027027392 0.8644312448 0.0069698704 -159.9973719277 -0.8637427177 0.5025979094 -0.0366586838 1009.9652810826 -0.0351919540 0.0124082459 0.9993035384 6.0162091047
0.5034309467 0.8640229888 -0.0046429198 -159.4912637247 -0.8640302801 0.5034020457 -0.0061689056 1009.1049763057 -0.0029928209 0.0071172412 0.9999701935 5.9943498048
0.5034366530 0.8640286316 -0.0024617469 -158.9745667167 -0.8639617967 0.5034299793 0.0113256237 1008.2304388391 0.0110249804 -0.0035748788 0.9999328328 5.9965059459
0.5023644495 0.8646558950 -0.0003781979 -158.4594744552 -0.8642506132 0.5021422769 0.0303975562 1007.3570891702 0.0264733353 -0.0149437938 0.9995378160 6.0089782987
0.4989854338 0.8665742125 0.0079165067 -157.9412459600 -0.8656399769 0.4979737125 0.0518614691 1006.4793297752 0.0409995995 -0.0327309623 0.9986229103 6.0326119275
0.5008976767 0.8653300086 0.0174783778 -157.4360376358 -0.8647350048 0.4994966478 0.0523112824 1005.6115536010 0.0365361313 -0.0413167649 0.9984778596 6.0667820033
0.5009609977 0.8652855041 0.0178626729 -156.9324353029 -0.8649520018 0.4998407199 0.0449142442 1004.7419159027 0.0299351532 -0.0379506393 0.9988311347 6.0950623306
0.5014992939 0.8647564670 0.0263573712 -156.4208519104 -0.8648757355 0.5003247058 0.0408062605 1003.8686548216 0.0221002337 -0.0432601616 0.9988193721 6.1198167482
0.5021816615 0.8641844033 0.0316053164 -155.9107597150 -0.8647084286 0.5014075929 0.0294916823 1002.9911450408 0.0096391063 -0.0421395655 0.9990652354 6.1417414428
0.5016532635 0.8645743664 0.0292432576 -155.3991188458 -0.8649782636 0.5008250631 0.0314143235 1002.1191896470 0.0125142625 -0.0410538801 0.9990785616 6.1551731039
0.5017271944 0.8647042603 0.0235873834 -154.8871906743 -0.8648833768 0.5009630128 0.0318245864 1001.2420859331 0.0157024488 -0.0363675963 0.9992151075 6.1683322647
0.5015222117 0.8646915514 0.0279998597 -154.3720160362 -0.8649271196 0.5004074577 0.0386452335 1000.3668307736 0.0194048683 -0.0435992809 0.9988606278 6.1831314781
0.5012725445 0.8647981807 0.0291537803 -153.8581140611 -0.8651600099 0.5003302399 0.0341732110 999.4778875515 0.0149664128 -0.0423527772 0.9989906149 6.1958839165
0.4993897392 0.8658273229 0.0308696507 -153.3484677854 -0.8661256553 0.4980686210 0.0418807588 998.6019099738 0.0208863010 -0.0476518176 0.9986456162 6.2066243790
0.4991188358 0.8658740730 0.0338005546 -152.8354560748 -0.8664805193 0.4982769384 0.0305221608 997.7089914972 0.0095863108 -0.0445217075 0.9989624218 6.2186870103
0.5010848416 0.8641077684 0.0472413595 -152.3257747912 -0.8652019916 0.5013865261 0.0060881130 996.8260791854 -0.0184253954 -0.0439239795 0.9988649502 6.2129587272
0.4666221546 0.8833002917 0.0452145945 -151.8254843158 -0.8839011919 0.4675309726 -0.0115530361 995.9471057445 -0.0313440235 -0.0345743313 0.9989104904 6.1871020470
0.3579843163 0.9329363575 0.0384315249 -151.3988369997 -0.9331580290 0.3589001829 -0.0201680864 995.0102028593 -0.0326086224 -0.0286428275 0.9990576891 6.1586129770
0.2692257705 0.9628124895 0.0225742007 -151.0869211772 -0.9625984646 0.2697569306 -0.0252070289 994.0586450430 -0.0303591893 -0.0149435092 0.9994273416 6.1282020044
0.2115753767 0.9771497805 0.0203510806 -150.8439684801 -0.9771026929 0.2119527795 -0.0186103926 993.0899161188 -0.0224986092 -0.0159475949 0.9996196711 6.1019966153
0.1662831136 0.9859514005 0.0158038580 -150.6518458443 -0.9859731253 0.1664778642 -0.0119212768 992.1034608172 -0.0143847921 -0.0135998723 0.9998040414 6.0802626569
0.0586056728 0.9981406006 0.0167545971 -150.5421405447 -0.9982611788 0.0587025649 -0.0053504935 991.0881939240 -0.0063240826 -0.0164118946 0.9998453159 6.0632530603
0.0441118723 0.9988940309 0.0162744527 -150.4921298616 -0.9990086979 0.0442027449 -0.0052667785 990.0743396516 -0.0059803291 -0.0160259924 0.9998536909 6.0518525290
0.0347091457 0.9992710819 0.0158927699 -150.4553966041 -0.9993874556 0.0347755499 -0.0039210669 989.0624144192 -0.0044708886 -0.0157469380 0.9998660136 6.0416981966
0.0230432489 0.9996370579 0.0139556840 -150.4305490311 -0.9997320952 0.0230713694 -0.0018573300 988.0536563022 -0.0021786326 -0.0139091462 0.9999008897 6.0329145984
0.0141732738 0.9998943491 0.0032262751 -150.4187797941 -0.9998684862 0.0141473245 0.0079286458 987.0501826296 0.0078821649 -0.0033382257 0.9999633632 6.0275266752
0.0139086660 0.9999004241 -0.0023855550 -150.4063495650 -0.9997112546 0.0139527090 0.0195634719 986.0415104248 0.0195948088 0.0021127644 0.9998057710 6.0397754351
0.0140431686 0.9998341834 -0.0115928883 -150.3943078511 -0.9994245456 0.0143935482 0.0307148739 985.0336799247 0.0308766437 0.0111548830 0.9994609554 6.0630972451
0.0129336179 0.9997609833 -0.0176266207 -150.3810750193 -0.9989855961 0.0136799962 0.0429026391 984.0216842389 0.0431335168 0.0170538538 0.9989237537 6.0988148821
0.0184186969 0.9994228447 -0.0285434612 -150.3703713480 -0.9990651886 0.0195137797 0.0385741005 983.0014504735 0.0391088281 0.0278062937 0.9988479912 6.1367578334
0.0254030642 0.9991855664 -0.0313510485 -150.3500037959 -0.9991606368 0.0263855865 0.0313340502 981.9729761269 0.0321357465 0.0305287527 0.9990171615 6.1650551535
0.0296382836 0.9987857951 -0.0393510830 -150.3289325808 -0.9992964738 0.0305126039 0.0218068456 980.9341163553 0.0229810716 0.0386770810 0.9989874643 6.1910454031
0.0327791293 0.9987124228 -0.0387172479 -150.3015009059 -0.9993177379 0.0334093476 0.0157440207 979.9287626095 0.0170172670 0.0381747573 0.9991261685 6.2066909064
0.0335803817 0.9987324964 -0.0374934475 -150.2691779693 -0.9993430081 0.0340654168 0.0123733386 978.9183851487 0.0136348853 0.0370533132 0.9992202670 6.2202115968
0.0341260623 0.9985135115 -0.0424991670 -150.2384134875 -0.9993989817 0.0343536793 0.0046368211 977.9051406414 0.0060899313 0.0423153878 0.9990857424 6.2252838118
0.0326027748 0.9983978490 -0.0462470988 -150.2052086408 -0.9993689458 0.0332173242 0.0125825056 976.8955163555 0.0140985514 0.0458076898 0.9988507829 6.2350217434
0.0339533721 0.9978705091 -0.0556921506 -150.1759066409 -0.9992239099 0.0350072276 0.0180574591 975.8796789590 0.0199686337 0.0550358168 0.9982846851 6.2544851472
0.0377708942 0.9974665083 -0.0602820395 -150.1423564001 -0.9990827153 0.0389124322 0.0178759768 974.8656300425 0.0201764089 0.0595515521 0.9980213050 6.2736186356
0.0379963394 0.9974124711 -0.0610298342 -150.1065532212 -0.9992275111 0.0385366902 0.0077009515 973.8410737641 0.0100329129 0.0606900813 0.9981062342 6.2861088117
0.0414758861 0.9976685137 -0.0541967499 -150.0652395618 -0.9990334297 0.0406200294 -0.0167993910 972.8074570256 -0.0145587499 0.0548411345 0.9983889486 6.2815193461
0.0408608956 0.9982998275 -0.0415673144 -150.0195398913 -0.9983958765 0.0391622446 -0.0408900044 971.7818715907 -0.0391926150 0.0431714375 0.9982986356 6.2504139066
0.0394308692 0.9987469674 -0.0308172315 -149.9761322097 -0.9982979813 0.0380494020 -0.0441970983 970.7606755609 -0.0429691407 0.0325075100 0.9985474024 6.2066328093
0.0380438142 0.9988069721 -0.0306153668 -149.9402221032 -0.9977757152 0.0362905965 -0.0559161411 969.7389478480 -0.0547383816 0.0326745328 0.9979659736 6.1539482271
0.0333635989 0.9990259828 -0.0288782965 -149.9032865297 -0.9990068181 0.0324812672 -0.0305015532 968.7365790353 -0.0295338405 0.0298672567 0.9991174602 6.1078198980
0.0977098561 0.9944314980 -0.0394813848 -149.8607265573 -0.9950478563 0.0968896277 -0.0221847645 967.7360226498 -0.0182358919 0.0414535375 0.9989740019 6.0830340272
0.2220227818 0.9740890614 -0.0430857832 -149.7006683856 -0.9749856846 0.2213205026 -0.0204975583 966.7309058328 -0.0104306801 0.0465589467 0.9988610841 6.0727190505
0.3334316447 0.9417893570 -0.0430830051 -149.4172598710 -0.9427639351 0.3332937046 -0.0105578926 965.7556682034 0.0044159835 0.0441374389 0.9990157084 6.0684192954
0.3978236777 0.9167180314 -0.0369374132 -149.0376466595 -0.9174589355 0.3976020410 -0.0134803029 964.7964951241 0.0023287541 0.0392513434 0.9992266554 6.0685067699
0.4355333008 0.8989588730 -0.0467299535 -148.6148183479 -0.8999304034 0.4360332021 0.0005618846 963.8629830130 0.0208809224 0.0418089865 0.9989074010 6.0676752282
0.4512568716 0.8899121683 -0.0665099136 -148.1812983194 -0.8915131039 0.4528684825 0.0107015483 962.9664905316 0.0396436817 0.0544653123 0.9977283740 6.0858799263
0.4479875078 0.8931311226 -0.0402987670 -147.7157249685 -0.8938694758 0.4483267617 -0.0006892209 962.0597929927 0.0174514510 0.0363306001 0.9991874370 6.1135051924
0.4362388268 0.8996417687 -0.0184492305 -147.2611765872 -0.8997119208 0.4357560117 -0.0252023377 961.1486010876 -0.0146337126 0.0275932308 0.9995121150 6.1152581289
0.4188407754 0.9080530354 -0.0034770487 -146.8228669848 -0.9071070710 0.4182229655 -0.0473952825 960.2282166071 -0.0415832485 0.0230051323 0.9988701604 6.0927266344
0.4028754136 0.9152292431 -0.0068435094 -146.4107472453 -0.9144956992 0.4022255356 -0.0437291061 959.3157635175 -0.0372695225 0.0238757417 0.9990199856 6.0574202689
0.3860415393 0.9224376123 -0.0089878397 -146.0148188190 -0.9222419055 0.3857009978 -0.0265444547 958.4037986841 -0.0210189846 0.0185362245 0.9996072282 6.0298000168
0.3730989485 0.9276586315 -0.0157047151 -145.6239474079 -0.9276961587 0.3727644022 -0.0206527872 957.4518866157 -0.0133045776 0.0222747371 0.9996633555 6.0125455749
0.3636403165 0.9312746519 -0.0222090756 -145.2578187786 -0.9311589233 0.3627070867 -0.0372374653 956.5141514874 -0.0266229185 0.0342212226 0.9990596219 5.9876201122
0.3583197748 0.9333428885 -0.0218630151 -144.8993809987 -0.9333659204 0.3576089507 -0.0307229067 955.5826263500 -0.0208565966 0.0314148183 0.9992888029 5.9542145687
0.3553261362 0.9345318154 -0.0198399325 -144.5435028541 -0.9346129975 0.3548437652 -0.0241753424 954.6495640689 -0.0155525503 0.0271327898 0.9995108453 5.9306896453
0.3550539495 0.9344133076 -0.0284334936 -144.1859716146 -0.9348456744 0.3548731074 -0.0113420739 953.6947753022 -0.0005079026 0.0306079766 0.9995313371 5.9149484826
0.3565951439 0.9338019068 -0.0292216053 -143.8184703529 -0.9340533845 0.3569984241 0.0098183540 952.7399729638 0.0196004648 0.0237933620 0.9995247359 5.9233852189
0.3600800996 0.9328910288 -0.0075266375 -143.4342241103 -0.9328976997 0.3601167332 0.0042214217 951.7737265936 0.0066485945 0.0055015329 0.9999627640 5.9395804901
0.3631094025 0.9316795689 0.0111688303 -143.0471977769 -0.9317439424 0.3631104626 0.0020044083 950.8100774384 -0.0021880528 -0.0111343095 0.9999356177 5.9478874700
0.3680844661 0.9296923411 0.0136373274 -142.6665808257 -0.9297744779 0.3679468402 0.0115992649 949.8561753564 0.0057659362 -0.0169491482 0.9998397273 5.9541360344
0.3716933256 0.9282525786 0.0138283057 -142.2761473182 -0.9280944703 0.3711943048 0.0292479462 948.9077149742 0.0220164932 -0.0237052405 0.9994765308 5.9650813642
0.3726661406 0.9278425863 0.0151024090 -141.8992609237 -0.9271186730 0.3715816338 0.0487653113 947.9796877034 0.0396347547 -0.0321749057 0.9986960807 5.9913905543
0.3774722664 0.9259308152 0.0129156357 -141.5187122348 -0.9247995800 0.3762216648 0.0565950157 947.0437061192 0.0475439270 -0.0333074234 0.9983136734 6.0283288747
0.3781446032 0.9257270091 0.0060136267 -141.1384765038 -0.9237222742 0.3768804307 0.0685441547 946.1121545351 0.0611867571 -0.0314745231 0.9976299590 6.0737011557
0.3771680603 0.9261279043 -0.0055999308 -140.7635029215 -0.9240356646 0.3767100699 0.0651737199 945.1737706829 0.0624687509 -0.0194069097 0.9978582199 6.1300136137
0.3567728098 0.9340128844 -0.0182508615 -140.3974416142 -0.9323496122 0.3572276425 0.0557907889 944.2343796628 0.0586290278 -0.0028884529 0.9982756603 6.1871295845
0.3176660053 0.9479919809 -0.0199878273 -140.0559090047 -0.9472190076 0.3182258766 0.0388386816 943.2651591493 0.0431794026 0.0065951211 0.9990455663 6.2443324814
0.2912026807 0.9564837337 -0.0184354544 -139.7483810443 -0.9565148424 0.2914412890 0.0118882878 942.2837285326 0.0167438064 0.0141718845 0.9997593724 6.2812076648
0.2663131906 0.9638074893 -0.0123453638 -139.4599383133 -0.9638864562 0.2662970206 -0.0029658625 941.2942348413 0.0004290131 0.0126893773 0.9999193946 6.2983099844
0.2504778937 0.9680183016 -0.0141912863 -139.1936103310 -0.9680234515 0.2502159179 -0.0179608396 940.2920260562 -0.0138355357 0.0182362912 0.9997379735 6.2945277314
0.2447025308 0.9695047173 -0.0134638258 -138.9374768229 -0.9695673952 0.2445604739 -0.0113684120 939.2981843688 -0.0077290094 0.0158359657 0.9998447302 6.2806147348
0.2411478526 0.9703296206 -0.0175539319 -138.6897793379 -0.9704861515 0.2411466867 -0.0022147983 938.3015890186 0.0020839881 0.0175699417 0.9998434648 6.2713450140
0.2463661652 0.9687652545 -0.0282417132 -138.4454920250 -0.9691459700 0.2464862144 0.0007968373 937.2995681173 0.0077331413 0.0271740288 0.9996008057 6.2695549704
0.2515492398 0.9672332241 -0.0343928791 -138.1938116537 -0.9675876998 0.2521422130 0.0140835908 936.3060707738 0.0222940136 0.0297354102 0.9993091525 6.2771319675
0.2566050031 0.9655284917 -0.0436875749 -137.9379696437 -0.9659273932 0.2577642713 0.0232777029 935.3066679397 0.0337363813 0.0362258503 0.9987740207 6.2977612731
0.2615622381 0.9639819245 -0.0482083476 -137.6824844930 -0.9643206231 0.2631167192 0.0292459896 934.3433656547 0.0408770276 0.0388386573 0.9984090481 6.3317938882
0.2647119912 0.9627900531 -0.0544323010 -137.4196086710 -0.9636826775 0.2661771199 0.0215740096 933.3618065374 0.0352598750 0.0467445665 0.9982843717 6.3718913666
0.2675970476 0.9620558226 -0.0532955367 -137.1490820593 -0.9632599490 0.2684239331 0.0088804690 932.3796291344 0.0228493045 0.0489610687 0.9985392947 6.4082952273
0.2733625189 0.9604847964 -0.0523630505 -136.8723530114 -0.9615805481 0.2742903444 0.0112985171 931.4011503558 0.0252147330 0.0472626997 0.9985641965 6.4371138612
0.2796127112 0.9594606282 -0.0353841028 -136.5828912836 -0.9598494452 0.2802093528 0.0131057699 930.4273954178 0.0224894268 0.0302988716 0.9992878485 6.4603857947
0.2419363249 0.9702848916 -0.0037475226 -136.2843778092 -0.9702872276 0.2419455741 0.0022439300 929.4449081636 0.0030839478 0.0030932852 0.9999904604 6.4715484282
0.1122859635 0.9936734667 0.0022144837 -136.0955427449 -0.9936726462 0.1122795800 0.0028227783 928.4332971376 0.0025562786 -0.0025174303 0.9999935640 6.4679128022
0.0117314233 0.9999246818 -0.0036061783 -136.0400100299 -0.9999310746 0.0117330367 0.0004265669 927.4318854477 0.0004688462 0.0036009255 0.9999934067 6.4648904443
-0.0590804106 0.9982527310 0.0009950424 -136.0636217360 -0.9981271583 -0.0590570790 -0.0159510892 926.4134360528 -0.0158644540 -0.0019355757 0.9998722782 6.4509723272
-0.0940309640 0.9955561530 0.0051111758 -136.1410563803 -0.9952094080 -0.0938577107 -0.0273672121 925.3951280792 -0.0267658731 -0.0076600556 0.9996123807 6.4273257269
-0.1121786506 0.9934583195 0.0213662776 -136.2365114980 -0.9933333147 -0.1115381841 -0.0291231776 924.3812186426 -0.0265495073 -0.0244908342 0.9993474484 6.3987765434
-0.1159134850 0.9921294233 0.0473631865 -136.3376888945 -0.9928715326 -0.1144040910 -0.0334338710 923.3665618497 -0.0277521849 -0.0509009961 0.9983180379 6.3694082489
-0.1101633240 0.9930924537 0.0403908459 -136.4556083383 -0.9929070532 -0.1081325076 -0.0494261513 922.3346035269 -0.0447171744 -0.0455493049 0.9979607383 6.3343522628
-0.0953091420 0.9951625389 0.0238262160 -136.5704021332 -0.9941437174 -0.0939322929 -0.0534321394 921.3124187843 -0.0509356124 -0.0287792543 0.9982871921 6.2865872055
-0.0753154393 0.9971478328 0.0048768975 -136.6665988354 -0.9960604841 -0.0750019256 -0.0473098631 920.2999731958 -0.0468091508 -0.0084208481 0.9988683561 6.2384709067
-0.0621025597 0.9980454309 -0.0069706506 -136.7420950804 -0.9968182383 -0.0623728221 -0.0496289314 919.2852862482 -0.0499667073 0.0038663880 0.9987434001 6.1883117703
-0.0535573911 0.9982600258 -0.0246683348 -136.8110440801 -0.9967048378 -0.0549484028 -0.0596669024 918.2782727259 -0.0609185691 0.0213914450 0.9979134902 6.1315565150
-0.0467404557 0.9986523292 -0.0225578166 -136.8603839059 -0.9965985667 -0.0481549445 -0.0668759915 917.2636785214 -0.0678721351 0.0193552733 0.9975062640 6.0655464399
-0.0435694018 0.9985531509 -0.0315168545 -136.9114237073 -0.9955404529 -0.0460367975 -0.0823396622 916.2528207968 -0.0836714642 0.0277888137 0.9961058518 5.9830234562
-0.0430500177 0.9978394805 -0.0496292972 -136.9656176736 -0.9944580988 -0.0475673200 -0.0937573455 915.2484407072 -0.0959155135 0.0453180011 0.9943573266 5.8883759975
-0.0401634581 0.9976850461 -0.0548766384 -137.0099650503 -0.9938731116 -0.0455491808 -0.1007050656 914.2464073321 -0.1029715239 0.0504957517 0.9934017537 5.7903702635
-0.0425614374 0.9975766712 -0.0550391596 -137.0526416280 -0.9963397961 -0.0464672214 -0.0717482271 913.2592633784 -0.0741318744 0.0517839974 0.9959030489 5.6960869915
-0.0375473227 0.9978613007 -0.0535072241 -137.0923511172 -0.9988351025 -0.0391002500 -0.0282773491 912.2752857941 -0.0303090182 0.0523831550 0.9981670043 5.6362936255
0.0023933765 0.9993317954 -0.0364723806 -137.1124693199 -0.9999511240 0.0020418004 -0.0096737143 911.2624619566 -0.0095927810 0.0364937508 0.9992878388 5.6052946608
0.0784002326 0.9965946759 -0.0255432087 -137.0680393867 -0.9966738791 0.0789265642 0.0202922700 910.2629223865 0.0222392059 0.0238673302 0.9994677425 5.6012047325
0.1421041765 0.9898120179 -0.0088640942 -136.9490787913 -0.9897779375 0.1421972152 0.0109355586 909.2417604961 0.0120845968 0.0072194964 0.9999009158 5.6148764391
0.1818939675 0.9833068347 -0.0047173624 -136.7806095112 -0.9833170857 0.1818987367 0.0005988346 908.2151000297 0.0014469204 0.0045297386 0.9999886939 5.6184651448
0.2114461603 0.9773783855 0.0046917794 -136.5821793892 -0.9773877915 0.2114526753 -0.0009332888 907.2321701822 -0.0019042656 -0.0043883476 0.9999885580 5.6151797875
0.2821041243 0.9591733276 0.0200945420 -136.3197904454 -0.9592679286 0.2823336874 -0.0096296529 906.2477443724 -0.0149098723 -0.0165594849 0.9997517088 5.6101785400
0.3281989545 0.9439561555 0.0351030311 -136.0017329569 -0.9442341870 0.3288884818 -0.0159426077 905.2879102412 -0.0265941053 -0.0279131349 0.9992565289 5.5909874563
0.3602677847 0.9321584199 0.0358859791 -135.6450421322 -0.9327086257 0.3606141389 -0.0034730994 904.3479878856 -0.0161784703 -0.0322199164 0.9993498557 5.5701696159
0.3898932803 0.9207526917 0.0140609665 -135.2740229501 -0.9208599576 0.3898409795 0.0063991599 903.4168290713 0.0004105027 -0.0154431705 0.9998806629 5.5563984065
0.4117992642 0.9112297161 -0.0090427045 -134.8792980871 -0.9109690672 0.4118978682 0.0218060704 902.5027867760 0.0235950100 -0.0007420997 0.9997213236 5.5557112093
0.4242123368 0.9054867027 -0.0117356113 -134.4610248067 -0.9054167747 0.4243410190 0.0124564703 901.5825381925 0.0162590695 0.0053414310 0.9998535452 5.5700114043
0.4288770945 0.9033064981 -0.0100900123 -134.0277241077 -0.9032854813 0.4289597917 0.0082967677 900.6635493540 0.0118227337 0.0055558680 0.9999146740 5.5775367787
0.4273967705 0.9039314407 -0.0154903554 -133.6017513183 -0.9039557907 0.4275480905 0.0081583541 899.7538049710 0.0139974647 0.0105157423 0.9998467333 5.5888760646
0.4172887875 0.9084454624 -0.0244317358 -133.1672907027 -0.9087321842 0.4173764986 -0.0016357873 898.8118890009 0.0087112088 0.0228845004 0.9997001623 5.5996807840
0.4089892136 0.9124583172 -0.0121508233 -132.7426610008 -0.9124394980 0.4087114225 -0.0202271005 897.8871766624 -0.0134902058 0.0193595571 0.9997215722 5.5962928860
0.4052219361 0.9139474920 -0.0222522898 -132.3264218871 -0.9141147499 0.4046895636 -0.0249114654 896.9364521657 -0.0137625019 0.0304358185 0.9994419715 5.5873770511
0.3990402103 0.9159727904 -0.0419613859 -131.9175067702 -0.9168435993 0.3979425479 -0.0322419445 895.9894578324 -0.0128345231 0.0513378604 0.9985988680 5.5750363459
0.3922386488 0.9185380009 -0.0493637849 -131.5135771482 -0.9198606971 0.3915399879 -0.0235103349 895.0444667035 -0.0022672403 0.0546294675 0.9985041216 5.5657343280
0.3864963400 0.9209451714 -0.0498053250 -131.1174368285 -0.9222654379 0.3855201222 -0.0282965980 894.0910760907 -0.0068586603 0.0568702615 0.9983580180 5.5559619566
0.3877285656 0.9211526189 -0.0338291597 -130.7128804930 -0.9216800319 0.3869051442 -0.0284662655 893.1395981855 -0.0131330991 0.0422168452 0.9990221517 5.5443891075
0.3882978530 0.9212555607 -0.0226488254 -130.3114875633 -0.9213774316 0.3876617162 -0.0279646625 892.1887193232 -0.0169825183 0.0317267350 0.9993522944 5.5256279146
0.3891797503 0.9211597005 -0.0019819489 -129.9019013996 -0.9207168485 0.3889239808 -0.0319158581 891.2418407954 -0.0286287748 0.0142458194 0.9994885942 5.4973615901
0.3902889793 0.9206815783 0.0044658606 -129.4985771470 -0.9201370416 0.3902174167 -0.0328358399 890.2965919675 -0.0319740095 0.0087062627 0.9994507810 5.4667795972
0.3895006225 0.9210248821 0.0015593454 -129.0999863732 -0.9204178268 0.3893043103 -0.0356816205 889.3525560324 -0.0334707202 0.0124627641 0.9993619917 5.4338156008
0.3854687728 0.9226044757 0.0146562831 -128.6955065843 -0.9215168281 0.3857283862 -0.0449482770 888.4100274235 -0.0471228260 0.0038201456 0.9988817977 5.3969013505
0.3861254994 0.9224216818 0.0067334678 -128.3060922749 -0.9213450444 0.3860108419 -0.0460319365 887.4753424460 -0.0450600478 0.0115702573 0.9989172745 5.3552814903
0.3865586615 0.9222306266 0.0079418293 -127.9116026545 -0.9210574235 0.3864787671 -0.0478266153 886.5400640420 -0.0471765178 0.0111729116 0.9988240797 5.3113870171
0.3923805336 0.9197878549 0.0052743588 -127.5223664759 -0.9188843768 0.3922384322 -0.0424324676 885.6148325531 -0.0410976745 0.0118031484 0.9990854152 5.2625265500
0.3967702961 0.9178874830 0.0074766820 -127.1128510019 -0.9177480353 0.3968404063 -0.0160073641 884.6850241617 -0.0176600086 -0.0005104636 0.9998439196 5.2233643986
0.3986102860 0.9170709376 0.0095255036 -126.7086668230 -0.9170656680 0.3986784712 -0.0067850654 883.7639073323 -0.0100199995 -0.0060309155 0.9999316115 5.2053658987
0.4289728097 0.9032900642 0.0070276843 -126.2907547958 -0.9032112124 0.4290286885 -0.0119954213 882.8225062552 -0.0138504231 -0.0012017737 0.9999033561 5.1880608451
0.4704556021 0.8823781041 0.0089670380 -125.8361301391 -0.8822055418 0.4705409562 -0.0174525246 881.9126765459 -0.0196190842 0.0002998673 0.9998074823 5.1695658660
0.5106248144 0.8596834508 0.0143757916 -125.3398542225 -0.8589979579 0.5107986690 -0.0347451884 881.0257494377 -0.0372129987 0.0053929798 0.9992928042 5.1451990743
0.5368040370 0.8436397068 0.0106522710 -124.8124609726 -0.8422373236 0.5365711575 -0.0522272312 880.1557976090 -0.0497766674 0.0190640483 0.9985784123 5.1010698739
0.5544757432 0.8319230526 -0.0214635710 -124.2681333100 -0.8321992229 0.5542582945 -0.0155626631 879.3203960161 -0.0010505759 0.0264910862 0.9996484975 5.0690633471
0.5731778073 0.8189310645 -0.0286201476 -123.6913726542 -0.8190583224 0.5736208488 0.0101284961 878.4837309756 0.0247116535 0.0176361409 0.9995390441 5.0808672710
0.5815509834 0.8134797041 -0.0070160388 -123.0854818202 -0.8133707610 0.5815893874 0.0134829356 877.6461499652 0.0150485482 -0.0021343736 0.9998844862 5.0993332040
0.5807371891 0.8140797497 0.0042986428 -122.4954070643 -0.8140402471 0.5806338005 0.0142430985 876.8309600839 0.0090990808 -0.0117707652 0.9998893218 5.1063228851
0.5769840783 0.8167500871 0.0029442600 -121.9144403452 -0.8166598062 0.5768576540 0.0173783740 876.0138083566 0.0124953696 -0.0124315039 0.9998446497 5.1127233005
0.5717679345 0.8204136146 0.0017117512 -121.3392966778 -0.8202740870 0.5716294816 0.0197524163 875.1952286369 0.0152266638 -0.0126979035 0.9998034367 5.1255018805
0.5649395515 0.8251317015 -0.0009890625 -120.7664654404 -0.8248563481 0.5647812127 0.0251830649 874.3716252887 0.0213379491 -0.0134110749 0.9996823671 5.1400872729
0.5573039388 0.8302547315 0.0094551928 -120.1951425389 -0.8301471461 0.5569349260 0.0260615430 873.5391351432 0.0163717923 -0.0223734019 0.9996156238 5.1529966650
0.5483875448 0.8361766957 0.0089238022 -119.6362291083 -0.8360547002 0.5480301694 0.0259898373 872.6961176366 0.0168415835 -0.0217132898 0.9996223758 5.1690608821
0.5380911130 0.8428865649 0.0004391418 -119.0893361215 -0.8423622315 0.5377378614 0.0355508554 871.8537768575 0.0297291952 -0.0194995158 0.9993677721 5.1910468811
0.5328525087 0.8461788759 -0.0070366109 -118.5450391147 -0.8450336553 0.5325325094 0.0482415570 870.9980078680 0.0445682105 -0.0197594616 0.9988109122 5.2234297580
0.5289869485 0.8486151331 -0.0050164024 -117.9959206361 -0.8469988509 0.5283273067 0.0588489891 870.1359395572 0.0525904451 -0.0268814601 0.9982542923 5.2668692868
0.5299225242 0.8480241488 -0.0060960185 -117.4631779270 -0.8464001710 0.5293280181 0.0584687936 869.2844700215 0.0528097423 -0.0258242596 0.9982706240 5.3124205070
0.5329768555 0.8461126689 -0.0053873051 -116.9212824739 -0.8440142547 0.5320834445 0.0672840686 868.4295592650 0.0597963988 -0.0313138890 0.9977193148 5.3648194783
0.5386525688 0.8425279847 0.0000708588 -116.3741740353 -0.8407612500 0.5375175966 0.0647715507 867.5736151301 0.0545337563 -0.0349489375 0.9979001158 5.4230826890
0.5479441329 0.8365143733 -0.0009645799 -115.8294307746 -0.8345094035 0.5467098844 0.0685737403 866.7356005928 0.0578902647 -0.0367696277 0.9976455842 5.4743859465
0.6464087733 0.7629893480 0.0017183426 -115.2153706744 -0.7615389726 0.6450378458 0.0631234562 865.8993100257 0.0470541286 -0.0421121407 0.9980042468 5.5298083182
0.7558032552 0.6547898943 0.0034108374 -114.5001948386 -0.6542705564 0.7549741216 0.0440921158 865.1863355611 0.0262959778 -0.0355565751 0.9990216472 5.5697523698
0.8204246763 0.5717541403 0.0007440192 -113.6899175818 -0.5716308462 0.8202192935 0.0218743294 864.5529490003 0.0118964795 -0.0183715439 0.9997604514 5.5835050634
0.8545792151 0.5193198373 -0.0011276995 -112.8296690689 -0.5191872448 0.8544062882 0.0208446526 863.9915088164 0.0117885551 -0.0172279197 0.9997820906 5.5887093544
0.8685666302 0.4954946515 -0.0087783425 -111.9676343008 -0.4953381813 0.8685644472 0.0153586200 863.4811570991 0.0152346702 -0.0089917366 0.9998435145 5.5937330960
0.8751383392 0.4821183543 -0.0411677012 -111.0797889581 -0.4825706310 0.8758562261 -0.0012072140 862.9669554840 0.0354749674 0.0209228028 0.9991515215 5.6038206106
0.8756999440 0.4789720819 -0.0611175333 -110.2109437678 -0.4809622508 0.8764487583 -0.0226470148 862.4720976241 0.0427190983 0.0492272159 0.9978736192 5.6372054688
0.8703717190 0.4882462610 -0.0637860437 -109.3333477967 -0.4909673845 0.8703934008 -0.0369642430 861.9758006966 0.0374712981 0.0634894988 0.9972787902 5.6813031723
0.8627630787 0.5017360741 -0.0624562399 -108.4616638173 -0.5048536821 0.8616242638 -0.0522148234 861.4657521021 0.0276157512 0.0765802845 0.9966809070 5.7188669933
0.8549354679 0.5153203040 -0.0594165803 -107.5936578218 -0.5183887634 0.8529232873 -0.0616032139 860.9411075327 0.0189323981 0.0834676601 0.9963306249 5.7448102126
0.8463728905 0.5303444320 -0.0488642366 -106.7304003639 -0.5325351883 0.8440406269 -0.0632589393 860.4032257293 0.0076943746 0.0795625767 0.9968001771 5.7549662679
0.8393175122 0.5416749840 -0.0461987599 -105.8839859057 -0.5435639288 0.8375978339 -0.0544804919 859.8633725627 0.0091852616 0.0708384104 0.9974455126 5.7580412421
0.8333855351 0.5519204345 -0.0291956146 -105.0415807419 -0.5526901540 0.8320791248 -0.0466682310 859.3138690619 -0.0014640889 0.0550287573 0.9984836966 5.7592876995
0.8295900687 0.5581494236 -0.0157967964 -104.1724599636 -0.5582658708 0.8285450843 -0.0430378989 858.7397853028 -0.0109332205 0.0445226258 0.9989485475 5.7517144957
0.8274739408 0.5614519581 -0.0076535002 -103.3148395911 -0.5613230570 0.8267841473 -0.0366660535 858.1657509422 -0.0142584349 0.0346362899 0.9992982660 5.7381012671
0.8279163346 0.5608103335 -0.0068053488 -102.4720238174 -0.5607373916 0.8274418850 -0.0302242385 857.6020593514 -0.0113190346 0.0288391543 0.9995199761 5.7256842313
0.8077468374 0.5894707396 -0.0083242852 -101.6273864145 -0.5895022637 0.8074932159 -0.0210187357 857.0278417376 -0.0056681258 0.0218850023 0.9997444269 5.7160767106
0.7213101112 0.6925734878 0.0073271797 -100.8360876364 -0.6925548637 0.7213461651 -0.0052412738 856.3863257888 -0.0089154002 -0.0012938901 0.9999594199 5.7045869393
0.6410125537 0.7672434348 0.0209861321 -100.1445563066 -0.7674690031 0.6410674620 0.0048824668 855.6626938691 -0.0097074859 -0.0192359284 0.9997678449 5.6931810977
0.5757839770 0.8173806453 0.0190182135 -99.5337188374 -0.8175243585 0.5758938999 -0.0003733820 854.8609352454 -0.0112576683 -0.0153328654 0.9998190677 5.6809986462
0.5381960593 0.8423827087 0.0271362072 -98.9690299873 -0.8425237119 0.5385813174 -0.0091629374 854.0174344510 -0.0223337543 -0.0179314412 0.9995897493 5.6639480839
0.5223332534 0.8525571664 0.0177271098 -98.4367621141 -0.8526396109 0.5224792761 -0.0045934843 853.1639520018 -0.0131782555 -0.0127155064 0.9998323107 5.6433051131
0.5171794120 0.8557171590 0.0165408480 -97.9102308995 -0.8557472669 0.5173409312 -0.0074145867 852.2988528707 -0.0149020468 -0.0103201139 0.9998356986 5.6202316393
0.5227385736 0.8524608075 0.0074131820 -97.3874022704 -0.8522378255 0.5227750869 -0.0199222814 851.4260175152 -0.0208583910 0.0040963509 0.9997740482 5.5932210781
0.5332883974 0.8459141617 0.0057198119 -96.8557843139 -0.8457904343 0.5333103671 -0.0147849091 850.5725656409 -0.0155571989 0.0030468583 0.9998743372 5.5712627233
0.5454070849 0.8381538995 -0.0053993062 -96.3191265424 -0.8380804806 0.5452418572 -0.0182325317 849.7241503623 -0.0123377398 0.0144692051 0.9998191948 5.5548678140
0.5611562816 0.8276250938 -0.0118461688 -95.7466662997 -0.8277098103 0.5610933664 -0.0084085712 848.8646554576 -0.0003123378 0.0145237127 0.9998944765 5.5461360414
0.5768543244 0.8164984073 -0.0238629290 -95.1829734182 -0.8167930781 0.5769058188 -0.0053613284 848.0403244148 0.0093891466 0.0225837807 0.9997008636 5.5506663265
0.5905900694 0.8059203065 -0.0411804506 -94.6004696327 -0.8065487885 0.5911634123 0.0022072004 847.2190887223 0.0261232034 0.0319104919 0.9991492875 5.5687947822
0.5958955829 0.8017095736 -0.0465855541 -93.9980119675 -0.8025064071 0.5966379118 0.0025824023 846.3957115758 0.0298650443 0.0358463635 0.9989109657 5.5957701517
0.6035778875 0.7962048297 -0.0418521559 -93.3965970030 -0.7970373449 0.6039017327 -0.0058453530 845.5885906296 0.0206204912 0.0368858570 0.9991067155 5.6159472205
0.6456645382 0.7627320529 -0.0368391042 -92.7691715054 -0.7635617000 0.6454646373 -0.0186797292 844.7825887923 0.0095307108 0.0401897677 0.9991466099 5.6255497090
0.7290557661 0.6837397941 -0.0312663382 -92.0631041881 -0.6844285537 0.7278710847 -0.0419671173 844.0198505660 -0.0059367247 0.0519959435 0.9986296497 5.6239822420
0.7962904988 0.6045277802 -0.0216241670 -91.2904716978 -0.6048350140 0.7950979533 -0.0446525523 843.3713279317 -0.0098003774 0.0486354565 0.9987685142 5.6217163232
0.8368519869 0.5468138614 -0.0259490444 -90.4650883271 -0.5474091696 0.8354749652 -0.0482160097 842.7922018591 -0.0046854055 0.0545544084 0.9984998065 5.6179974966
0.8616564719 0.5073509691 -0.0119632194 -89.5886542970 -0.5072065637 0.8601420264 -0.0538256083 842.2527806104 -0.0170184068 0.0524470071 0.9984786854 5.6087577197
0.8712852794 0.4907698891 -0.0026225467 -88.6985109731 -0.4902011872 0.8699920340 -0.0530721851 841.7397948874 -0.0237646357 0.0475265891 0.9985872348 5.5875775105
0.8739488142 0.4860159435 0.0014045657 -87.8030349272 -0.4855297135 0.8731966962 -0.0422897985 841.2422798308 -0.0217799784 0.0362771609 0.9991043990 5.5563101065
0.8685092876 0.4956597776 -0.0036058631 -86.9187427889 -0.4953956586 0.8677572794 -0.0397548174 840.7399402395 -0.0165758500 0.0363137571 0.9992029585 5.5278541533
0.8595621005 0.5109971451 -0.0059087379 -86.0410647999 -0.5107774524 0.8587132872 -0.0414473697 840.2240880983 -0.0161055759 0.0386446382 0.9991232168 5.5056939821
0.8503159782 0.5262452249 -0.0053572911 -85.1729822844 -0.5255168062 0.8485056641 -0.0622111267 839.6842096056 -0.0281926165 0.0557144616 0.9980486337 5.4786632489
0.8377745615 0.5453161890 -0.0276412396 -84.3387862709 -0.5459009947 0.8354834546 -0.0629245658 839.1468913123 -0.0112199861 0.0678059807 0.9976354349 5.4565542823
0.8233163961 0.5669098004 -0.0276295135 -83.5037194761 -0.5675108209 0.8214615411 -0.0559678898 838.5894995338 -0.0090321625 0.0617593292 0.9980502018 5.4455993244
0.8151030916 0.5791001095 -0.0158118067 -82.6672403749 -0.5788171986 0.8129656563 -0.0636984480 838.0071610541 -0.0240333224 0.0610729475 0.9978439229 5.4338049251
0.8099156218 0.5865224763 0.0052981539 -81.8349921224 -0.5846991217 0.8080482418 -0.0720067777 837.4148755993 -0.0465147575 0.0552215882 0.9973900709 5.3956671735
0.8070128177 0.5903980687 -0.0126661957 -81.0330312303 -0.5903125436 0.8059374575 -0.0446756695 836.8326419314 -0.0161682674 0.0435308521 0.9989212442 5.3563176941
0.8063816719 0.5913948575 -0.0008495180 -80.2061857965 -0.5909885792 0.8057727622 -0.0382459792 836.2308159461 -0.0219339570 0.0313429120 0.9992679938 5.3356664184
0.8071363567 0.5903467675 -0.0046471386 -79.3969484156 -0.5892857987 0.8051600965 -0.0667792359 835.6229556558 -0.0356812155 0.0566384420 0.9977569532 5.2911406883
0.6703792569 0.7400064697 -0.0546083943 -78.6677030881 -0.7420112857 0.6682272335 -0.0537737520 834.9260081128 -0.0033021082 0.0765688528 0.9970588282 5.2490997217
0.5404736678 0.8389381170 -0.0638047823 -78.0774256340 -0.8412525340 0.5376305991 -0.0569869537 834.1184989839 -0.0135051243 0.0844758826 0.9963339987 5.2331086384
0.4500103425 0.8920629276 -0.0414056135 -77.5659484251 -0.8920258941 0.4468334733 -0.0680415415 833.2187234646 -0.0421959226 0.0675542768 0.9968229150 5.1988892724
0.3756436643 0.9261443808 -0.0338883976 -77.1460209146 -0.9252059551 0.3726417237 -0.0716385817 832.2893949303 -0.0537194389 0.0582643266 0.9968547989 5.1470024284
0.2344191994 0.9714093195 -0.0375709053 -76.8432494664 -0.9712845028 0.2324221216 -0.0508563868 831.3213901527 -0.0406700585 0.0484137515 0.9979990256 5.0932662246
0.2510924737 0.9671665247 -0.0392617266 -76.5993974771 -0.9678829165 0.2503429728 -0.0230446524 830.3356285741 -0.0124591190 0.0437870932 0.9989631929 5.0608961136
0.2727888573 0.9616009384 -0.0301641279 -76.3259264304 -0.9620431751 0.2728967100 -0.0005611301 829.3559992446 0.0076921080 0.0291722634 0.9995448017 5.0520325303
0.2966426086 0.9547486367 -0.0214056880 -76.0337234361 -0.9542403226 0.2972228384 0.0329240192 828.3901759231 0.0377964218 0.0106595037 0.9992286052 5.0710590408
0.3134075993 0.9495681143 -0.0098016847 -75.7138946192 -0.9491111540 0.3135608255 0.0294554936 827.4059909931 0.0310434219 0.0000713127 0.9995180343 5.1070695152
0.3284263264 0.9444747997 -0.0101735341 -75.3933142467 -0.9442711484 0.3285693667 0.0198537057 826.4526225250 0.0220940364 0.0030860951 0.9997511338 5.1294773541
0.3372622338 0.9413907180 -0.0061401694 -75.0558001022 -0.9411025662 0.3373115325 0.0233856794 825.5101490889 0.0240862115 -0.0021085772 0.9997076614 5.1404721267
0.3377239630 0.9411159185 -0.0155997674 -74.7189101800 -0.9409458462 0.3379881430 0.0196196228 824.5604813499 0.0237368758 0.0080525195 0.9996858095 5.1541051159
0.3425365036 0.9392977944 -0.0197077917 -74.3765759508 -0.9392285351 0.3428689447 0.0170483336 823.6126559047 0.0227706519 0.0126704438 0.9996604210 5.1740886202
0.3405246123 0.9400039388 -0.0208706380 -74.0273337938 -0.9401714036 0.3406768551 0.0041245961 822.6488276711 0.0109872799 0.0182174505 0.9997736765 5.1914350544
0.3497228959 0.9366232785 -0.0207540403 -73.6810311404 -0.9367969088 0.3498588846 0.0032113143 821.7050929510 0.0102687771 0.0183192507 0.9997794543 5.2036611317
0.4052301332 0.9139123555 -0.0235105416 -73.2976300005 -0.9139731263 0.4055802333 0.0125617997 820.7585292696 0.0210157949 0.0163975834 0.9996446647 5.2198306911
0.4549923775 0.8898699055 -0.0333689634 -72.8721473965 -0.8897567672 0.4558215799 0.0236554973 819.8599780936 0.0362606088 0.0189271900 0.9991631147 5.2474160568
0.5041319408 0.8625371208 -0.0433670545 -72.3995022520 -0.8618985719 0.5056635161 0.0378848283 818.9826120780 0.0546062080 0.0182790503 0.9983406425 5.2874912515
0.5263569760 0.8491411390 -0.0436767658 -71.8782549323 -0.8477133797 0.5280609996 0.0503349435 818.1288362092 0.0658054679 0.0105312301 0.9977768957 5.3388772244
0.5414115557 0.8398017674 -0.0400814025 -71.3304302860 -0.8394762253 0.5426028205 0.0293572208 817.2594644984 0.0464025280 0.0177530458 0.9987650548 5.3925863207
0.5484434603 0.8354766023 -0.0344763378 -70.7671980797 -0.8355942568 0.5491412389 0.0150378770 816.3986275605 0.0314961733 0.0205608046 0.9992923718 5.4318676297
0.5450134188 0.8378356650 -0.0314924085 -70.1997081287 -0.8379396380 0.5455929651 0.0136190873 815.5375742427 0.0285925936 0.0189661520 0.9994112010 5.4617106868
0.5392500071 0.8412969270 -0.0378009331 -69.6423317994 -0.8415019583 0.5400494516 0.0148675446 814.6768685263 0.0329223928 0.0237922356 0.9991746822 5.4946584635
0.5336826652 0.8444678939 -0.0453518351 -69.0898585588 -0.8447779728 0.5348260820 0.0176419555 813.8083161462 0.0391534092 0.0288970255 0.9988152845 5.5345004195
0.5281114856 0.8477470702 -0.0492256411 -68.5437510553 -0.8484583724 0.5291595643 0.0104185296 812.9319500571 0.0348804968 0.0362637622 0.9987333430 5.5744481849
0.5202438797 0.8529229607 -0.0432287943 -68.0141836135 -0.8534521716 0.5210747527 0.0100246147 812.0759908438 0.0310756573 0.0316784640 0.9990149040 5.6087765881
0.5122350847 0.8577394358 -0.0435692352 -67.4984723503 -0.8583847817 0.5129622700 0.0067287553 811.2124958286 0.0281208926 0.0339524639 0.9990277502 5.6396377054
0.5075516544 0.8605046970 -0.0438518472 -66.9842172616 -0.8610342605 0.5084269574 0.0110467759 810.3468805109 0.0318012638 0.0321511334 0.9989769688 5.6660435719
0.5033369225 0.8627330353 -0.0484112832 -66.4735907992 -0.8636716126 0.5040466239 0.0028890418 809.4659235718 0.0268940156 0.0403572896 0.9988233082 5.6887648630
0.4998698324 0.8650070796 -0.0435075043 -65.9589575903 -0.8658438372 0.5003137299 -0.0007882642 808.5842411073 0.0210855477 0.0380647339 0.9990527893 5.7117570583
0.4998926394 0.8649291100 -0.0447770457 -65.4417313571 -0.8658200520 0.5003544597 -0.0010258281 807.6930119858 0.0215171259 0.0392816679 0.9989964784 5.7295586920
0.5041080748 0.8621974379 -0.0499061818 -64.9274761914 -0.8628107722 0.5053146876 0.0146505246 806.8165027038 0.0378499714 0.0356741436 0.9986464515 5.7547523757
0.5078840008 0.8604373816 -0.0412474721 -64.3975393260 -0.8607082611 0.5088325889 0.0164525294 805.9283753551 0.0351444293 0.0271460636 0.9990134936 5.7910838210
0.5116476432 0.8583122186 -0.0389464334 -63.8670257863 -0.8584974530 0.5125332135 0.0170829792 805.0402825203 0.0346238704 0.0246949478 0.9990952643 5.8255812586
0.5161088019 0.8563842485 -0.0154182877 -63.3229864501 -0.8564217687 0.5162409620 0.0060846777 804.1478864895 0.0131703738 0.0100642015 0.9998626171 5.8486550109
0.5140613840 0.8577175722 0.0078396334 -62.7789470912 -0.8577057246 0.5141077035 -0.0058445901 803.2534619930 -0.0090434235 -0.0037196204 0.9999521893 5.8518052140
0.5105031209 0.8595314139 0.0243374635 -62.2435435295 -0.8596838359 0.5107828050 -0.0066804533 802.3653455441 -0.0181732173 -0.0175121318 0.9996814790 5.8368599395
0.5073743072 0.8607976660 0.0399836279 -61.7112145157 -0.8613607988 0.5079634840 -0.0055383376 801.4829405301 -0.0250776110 -0.0316303195 0.9991849860 5.8117235353
0.5051380159 0.8623001042 0.0356947491 -61.1909800751 -0.8626852953 0.5056824740 -0.0077017380 800.5966239998 -0.0246914186 -0.0269028945 0.9993330617 5.7782544071
0.5049315007 0.8628024196 0.0248226565 -60.6868164306 -0.8630280221 0.5051475966 -0.0029220977 799.7280456402 -0.0150602983 -0.0199471890 0.9996875997 5.7497852761
0.5054118396 0.8627446984 0.0151808335 -60.1737046011 -0.8628491339 0.5051720401 0.0171050306 798.8613382457 0.0070883418 -0.0217438540 0.9997384459 5.7395682941
0.5081227269 0.8612843213 -0.0007825236 -59.6603986858 -0.8608577161 0.5078992323 0.0310219670 797.9896300906 0.0271161769 -0.0150893250 0.9995183966 5.7541962526
0.5111351342 0.8594631309 -0.0080000716 -59.1387909194 -0.8589543957 0.5111200325 0.0308813615 797.1115916729 0.0306303885 -0.0089128521 0.9994910407 5.7865327568
0.5136493960 0.8576061171 -0.0260008832 -58.6155344780 -0.8566440703 0.5143051460 0.0406343895 796.2262703518 0.0482206890 0.0014016728 0.9988357225 5.8292228985
0.5156878879 0.8564470158 -0.0237594500 -58.0960413989 -0.8555645519 0.5162348585 0.0388698920 795.3626027062 0.0455554593 0.0002830107 0.9989617711 5.8779427779
0.5176776433 0.8555177366 -0.0099629254 -57.5724636460 -0.8547096572 0.5176423646 0.0389587505 794.5017211804 0.0384871343 -0.0116526656 0.9991911508 5.9226888699
0.5169212429 0.8559225097 0.0137508587 -57.0396035314 -0.8557557337 0.5162783818 0.0337454711 793.6394591967 0.0217842372 -0.0292111270 0.9993358580 5.9518530178
0.5158529503 0.8561482948 0.0300970257 -56.5090858699 -0.8566451670 0.5158188153 0.0094872353 792.7621267376 -0.0074021318 -0.0306764900 0.9995019567 5.9561070355
0.5140070687 0.8572301561 0.0308738199 -55.9872472252 -0.8575852831 0.5143323385 -0.0031189297 791.8931894992 -0.0185530446 -0.0248737816 0.9995184238 5.9387547815
0.5106224210 0.8593123861 0.0291026845 -55.4657179971 -0.8593272987 0.5111744784 -0.0160389008 791.0184148655 -0.0286589757 -0.0168189090 0.9994477412 5.9134777002
0.5093539395 0.8603747014 0.0177182841 -54.9543895695 -0.8601495269 0.5096383879 -0.0202855842 790.1509668259 -0.0264831212 -0.0049078315 0.9996372129 5.8854764948
0.5105956912 0.8597703459 0.0093269760 -54.4425531627 -0.8596214192 0.5106808483 -0.0160027131 789.2870945448 -0.0185217662 0.0001532481 0.9998284456 5.8627135506
0.5089908873 0.8607718134 0.0004024392 -53.9333952458 -0.8607479986 0.5089801786 -0.0072153166 788.4251678901 -0.0064155748 0.0033261317 0.9999738883 5.8510483613
0.5103272286 0.8599015623 -0.0116371371 -53.4303565301 -0.8599556619 0.5103683171 0.0006637003 787.5646362760 0.0065099430 0.0096687177 0.9999320660 5.8529467562
0.5099144315 0.8600436156 -0.0176706468 -52.9212323468 -0.8597301883 0.5102102409 0.0234417040 786.7093021370 0.0291766328 0.0032387254 0.9995690245 5.8633008709
0.5101370491 0.8597726895 -0.0234758094 -52.4113860194 -0.8596261044 0.5105694417 0.0190211912 785.8393640545 0.0283399316 0.0104770042 0.9995434361 5.8814589034
0.5101439886 0.8596950558 -0.0260292504 -51.8962348742 -0.8594377573 0.5107017033 0.0234629837 784.9704777321 0.0334641936 0.0104010205 0.9993857946 5.9039802972
0.5096798813 0.8599511334 -0.0266545813 -51.3755905362 -0.8598102304 0.5102187501 0.0200797101 784.0942789656 0.0308672366 0.0126836574 0.9994430142 5.9334225088
0.5123355208 0.8583820332 -0.0263172780 -50.8519871415 -0.8582667360 0.5128504986 0.0190414289 783.2230155716 0.0298416496 0.0128316439 0.9994722732 5.9629780926
0.5135869788 0.8576130671 -0.0269859665 -50.3229737301 -0.8576731510 0.5140314002 0.0129802044 782.3389212331 0.0250036270 0.0164786750 0.9995515354 5.9888987705
0.5144338002 0.8572677708 -0.0212093012 -49.7889092764 -0.8573868054 0.5146426213 0.0055532323 781.4528514690 0.0156758174 0.0153278045 0.9997596347 6.0127624645
0.5204342552 0.8536081140 -0.0223913738 -49.2632665692 -0.8538451539 0.5205227024 -0.0021376264 780.5663044887 0.0098305231 0.0202312600 0.9997469965 6.0286596862
0.5163513289 0.8556360476 -0.0356126264 -48.7400468489 -0.8560381433 0.5168700897 0.0066338214 779.6927207925 0.0240832381 0.0270603841 0.9993436512 6.0427834622
0.5136782998 0.8567925304 -0.0451792450 -48.2276160293 -0.8569348731 0.5149409246 0.0223263833 778.8372524100 0.0423937207 0.0272470920 0.9987293770 6.0710992144
0.4771078628 0.8782859939 -0.0313336906 -47.7143384572 -0.8785801621 0.4775357778 0.0075152918 777.9426350796 0.0215635338 0.0239435541 0.9994807253 6.1003815410
0.4331114648 0.9010102851 -0.0243910866 -47.2492234053 -0.9011792692 0.4333870817 0.0071806844 777.0363252733 0.0170406524 0.0188707049 0.9996767041 6.1152023313
0.3966192839 0.9176848458 -0.0234022959 -46.8218719967 -0.9177122754 0.3969926782 0.0141772044 776.1027152669 0.0223007457 0.0158536215 0.9996255996 6.1321208924
0.3705921200 0.9284514299 -0.0252868121 -46.4381491772 -0.9287517326 0.3707021567 -0.0003609000 775.1732768810 0.0090387977 0.0236189172 0.9996801723 6.1462196389
0.3580003468 0.9331843581 -0.0316655265 -46.0723999981 -0.9336793625 0.3581002941 -0.0026509112 774.2361405166 0.0088656455 0.0305144757 0.9994950060 6.1554216824
0.3532966973 0.9351319903 -0.0266384015 -45.7163683375 -0.9344958625 0.3514437363 -0.0566108051 773.2753991595 -0.0435766755 0.0448938865 0.9980408871 6.1522523394
0.3551950789 0.9346716941 -0.0150093351 -45.3574446528 -0.9268667548 0.3500518507 -0.1355792045 772.2987134804 -0.1214679992 0.0620687199 0.9906528146 6.0776086960
0.3562768159 0.9342814542 -0.0136012765 -44.9979793599 -0.9263005868 0.3512484007 -0.1363516920 771.3596661458 -0.1226134305 0.0611778171 0.9905671211 5.9517379307
0.3579284831 0.9334520689 -0.0235464660 -44.6364635501 -0.9284395498 0.3530947090 -0.1154301901 770.4114241749 -0.0994344172 0.0631772231 0.9930364722 5.8395994277
0.3637701649 0.9311187081 -0.0262529735 -44.2742022176 -0.9273849349 0.3593809954 -0.1039349929 769.4756293541 -0.0873409965 0.0621550616 0.9942375464 5.7395768310
0.3706024980 0.9284430294 -0.0254426716 -43.8972010662 -0.9250189004 0.3664921182 -0.1001177370 768.5229431146 -0.0836290764 0.0606388355 0.9946502447 5.6438627748
0.3776467712 0.9258420826 -0.0141192880 -43.5109742794 -0.9214429339 0.3742623578 -0.1042622034 767.5754547320 -0.0912460175 0.0523844026 0.9944496159 5.5476290133
0.3842340196 0.9230430098 -0.0188631959 -43.1309616081 -0.9194252252 0.3807138752 -0.0985606441 766.6523301274 -0.0837942332 0.0552136506 0.9949522497 5.4548453200
0.3872134774 0.9218329686 -0.0170206054 -42.7270552192 -0.9189762567 0.3843905334 -0.0879008386 765.7053374952 -0.0744873314 0.0496779216 0.9959838059 5.3658404223
0.3932686462 0.9194139646 -0.0042111366 -42.3210231165 -0.9170938029 0.3919421390 -0.0729404985 764.7762933537 -0.0654119910 0.0325472184 0.9973274036 5.2948693555
0.3956134189 0.9184137457 -0.0024928876 -41.9172605461 -0.9172842092 0.3949891724 -0.0507270460 763.8582792544 -0.0456037527 0.0223549866 0.9987094434 5.2368041313
0.3962833495 0.9181042435 0.0066411535 -41.5131124077 -0.9174936933 0.3962679819 -0.0343075689 762.9342977241 -0.0341296011 0.0075023019 0.9993892564 5.1921720208
0.3937704892 0.9191726904 0.0081466002 -41.1123712770 -0.9191696496 0.3938200447 -0.0057382712 762.0125955347 -0.0084827566 -0.0052285458 0.9999503513 5.1654962088
0.3910550985 0.9203315260 0.0081112398 -40.7127385941 -0.9203190782 0.3911096222 -0.0067865874 761.0748511767 -0.0094182943 -0.0048109991 0.9999440734 5.1530562304
0.3956030486 0.9183562171 0.0109583956 -40.3133215130 -0.9184048633 0.3956397046 -0.0013157645 760.1444997603 -0.0055439169 -0.0095437233 0.9999390893 5.1385543025
0.4314701683 0.9021103658 0.0055119617 -39.9046258390 -0.9020549369 0.4315048871 -0.0100211418 759.2282191848 -0.0114186143 -0.0006482685 0.9999345954 5.1262866192
0.4724624134 0.8813507148 -0.0004306462 -39.4482057428 -0.8812892842 0.4724235958 -0.0120475639 758.3255216045 -0.0104146816 0.0060715450 0.9999273327 5.1138654354
0.5100945786 0.8599966246 -0.0144681256 -38.9512331301 -0.8601075892 0.5099320302 -0.0135742236 757.4392147613 -0.0042960258 0.0193682825 0.9998031875 5.1066191637
0.5369647854 0.8435089758 -0.0127053904 -38.4143894759 -0.8435627367 0.5367270581 -0.0180547592 756.5753961940 -0.0084100246 0.0204125638 0.9997562697 5.0972986960
0.5528078967 0.8331899082 -0.0140714692 -37.8589084542 -0.8332838670 0.5525821616 -0.0170573037 755.7225239974 -0.0064363304 0.0211549405 0.9997554912 5.0876834959
0.5617174226 0.8272860277 -0.0084478158 -37.2880850539 -0.8273283379 0.5617019668 -0.0043268835 754.8833193258 0.0011655845 0.0094196033 0.9999549552 5.0815578953
0.5647131875 0.8252469577 0.0081531983 -36.7045064657 -0.8252706881 0.5647368633 -0.0007527750 754.0412369816 -0.0052256369 -0.0063034936 0.9999664788 5.0778697816
0.5605939482 0.8275929313 0.0287117637 -36.1149928329 -0.8277418434 0.5610272794 -0.0095829227 753.1897926124 -0.0240388417 -0.0183937997 0.9995417961 5.0611615216
0.5509487261 0.8339810754 0.0305133911 -35.5475284019 -0.8338414662 0.5516147858 -0.0207252844 752.3352437288 -0.0341161326 -0.0140247617 0.9993194662 5.0268189247
0.5406487929 0.8411498345 0.0128778379 -35.0036209860 -0.8405942653 0.5407686554 -0.0311535298 751.4803543478 -0.0331687175 0.0060180816 0.9994316479 4.9884880753
0.5327388016 0.8462744702 -0.0029816650 -34.4673443936 -0.8458088108 0.5323215344 -0.0352312307 750.6220221521 -0.0282280866 0.0212909621 0.9993747396 4.9556064399
0.5266297372 0.8499139075 -0.0175348135 -33.9366196069 -0.8498698365 0.5259039005 -0.0338577684 749.7630229531 -0.0195545614 0.0327328168 0.9992728265 4.9279202472
0.5231333378 0.8518559236 -0.0259421712 -33.4106861299 -0.8522508492 0.5228898924 -0.0159577696 748.9141277684 -0.0000288215 0.0304572787 0.9995360691 4.9092163502
0.5197373320 0.8538871804 -0.0273822726 -32.8829448518 -0.8543193054 0.5195941076 -0.0126683781 748.0603926574 0.0034103019 0.0299774332 0.9995447580 4.9061135075
0.5183039682 0.8548073597 -0.0257948519 -32.3587683443 -0.8550700337 0.5185101895 0.0015559107 747.2065029226 0.0147048975 0.0212499701 0.9996660466 4.9109145727
0.5195759777 0.8540322431 -0.0258791640 -31.8335441246 -0.8542551955 0.5198373302 0.0041486189 746.3388453518 0.0169960098 0.0199518876 0.9996564699 4.9203736633
0.5215532594 0.8527734898 -0.0275603478 -31.3109471149 -0.8530273922 0.5218482393 0.0043224206 745.4776673249 0.0180683647 0.0212553591 0.9996107962 4.9327223432
0.5241795677 0.8507166220 -0.0389488111 -30.7871005208 -0.8511111621 0.5248873812 0.0101502137 744.6165745052 0.0290786949 0.0278292332 0.9991896533 4.9538139966
0.5221157860 0.8516881810 -0.0449705264 -30.2591926899 -0.8522518856 0.5230233606 0.0106436716 743.7558229732 0.0325857251 0.0327689870 0.9989316113 4.9834987982
0.5231166697 0.8512962913 -0.0405410200 -29.7226798599 -0.8518450583 0.5237555459 0.0063344167 742.8882079806 0.0266260495 0.0312210285 0.9991577958 5.0117951485
0.5273748922 0.8486267344 -0.0413326600 -29.1891730817 -0.8492102290 0.5280224898 0.0058512608 742.0261619922 0.0267901104 0.0320143096 0.9991283071 5.0330446833
0.5285759582 0.8483075511 -0.0313329705 -28.6442667599 -0.8486649157 0.5289205637 0.0033012231 741.1607474151 0.0193731049 0.0248462456 0.9995035502 5.0532615310
0.5377989640 0.8424575365 -0.0322113890 -28.1028463904 -0.8427921617 0.5382134901 0.0052546495 740.3012160777 0.0217634232 0.0243215611 0.9994672656 5.0717078971
0.5382610211 0.8421439112 -0.0326910682 -27.5660724702 -0.8423668498 0.5388051824 0.0103472587 739.4577112100 0.0263279978 0.0219683461 0.9994119412 5.0924745031
0.5592760612 0.8284911350 -0.0285083592 -27.0110614291 -0.8287529386 0.5595986135 0.0042377467 738.5940106653 0.0194641738 0.0212563162 0.9995845712 5.1093451751
0.6389506844 0.7689543638 -0.0212416880 -26.4097569633 -0.7691947971 0.6389869527 -0.0059193233 737.7881803900 0.0090214720 0.0201211516 0.9997568466 5.1218768162
0.7060248436 0.7080029174 -0.0161489696 -25.7109900640 -0.7081556046 0.7060248421 -0.0066754712 737.0225096666 0.0066753206 0.0161490318 0.9998473128 5.1330651867
0.7532096052 0.6576207724 -0.0144986329 -24.9735441626 -0.6577044475 0.7532748027 -0.0013897635 736.3382832319 0.0100075175 0.0105825986 0.9998939235 5.1445915752
0.7751900717 0.6316841650 -0.0074477090 -24.1881762689 -0.6317052816 0.7752083721 -0.0006457488 735.6824633939 0.0053656171 0.0052053352 0.9999720569 5.1538604113
0.7867112674 0.6172484820 -0.0094706503 -23.3878079967 -0.6173089546 0.7866995289 -0.0057884166 735.0409222371 0.0038776648 0.0104001298 0.9999383986 5.1599874502
0.7885473076 0.6148939313 -0.0099295945 -22.5725721398 -0.6149488840 0.7885583989 -0.0036771659 734.4072218204 0.0055689981 0.0090058124 0.9999439392 5.1622554082
0.7867713994 0.6169478203 -0.0191351023 -21.7675375701 -0.6170613740 0.7869150267 -0.0000381618 733.7766855084 0.0150341557 0.0118375572 0.9998169064 5.1635786093
0.7820557927 0.6228343106 -0.0215907080 -20.9805667205 -0.6229369117 0.7822683493 0.0024152882 733.1579751424 0.0183940519 0.0115607588 0.9997639760 5.1719258573
0.7728879472 0.6341829220 -0.0213598329 -20.1800264724 -0.6343970895 0.7729935616 -0.0046137342 732.5082746124 0.0135850618 0.0171165154 0.9997612070 5.1806570715
0.7636922652 0.6453801523 -0.0160805198 -19.4074795733 -0.6455344689 0.7636982339 -0.0070892204 731.8646255996 0.0077054224 0.0157945126 0.9998455680 5.1915181231
0.7548787317 0.6556341583 -0.0173767372 -18.6279567130 -0.6556874119 0.7550255665 0.0032267236 731.2007975530 0.0152354311 0.0089579228 0.9998438064 5.2059524961
0.7480493489 0.6633115091 -0.0209764985 -17.8543597062 -0.6633234675 0.7482963626 0.0073845273 730.5221957038 0.0205948794 0.0083902129 0.9997526971 5.2301534727
0.7427012397 0.6692001469 -0.0237914269 -17.0869235369 -0.6689086052 0.7430812082 0.0197887804 729.8399824827 0.0309216170 0.0012171384 0.9995210714 5.2583850096
0.7396006931 0.6719062340 -0.0391513419 -16.3297932157 -0.6709476975 0.7406361735 0.0358782085 729.1544601745 0.0531036920 -0.0002670452 0.9985889678 5.2977224163
0.7441026947 0.6671096148 -0.0357203236 -15.5849563554 -0.6656522011 0.7448948232 0.0451536224 728.4866367125 0.0567302998 -0.0098216201 0.9983412287 5.3456885893
0.6844882260 0.7288279228 -0.0169034713 -14.8460926402 -0.7277530591 0.6844797835 0.0431614530 727.7933446865 0.0430273565 -0.0172419534 0.9989251031 5.3876457896
0.6109117038 0.7916679434 -0.0069826588 -14.1676314279 -0.7910670651 0.6107527868 0.0345533203 727.0102779246 0.0316194343 -0.0155852763 0.9993784621 5.4208245136
0.5579478860 0.8298746773 0.0014752860 -13.5760626764 -0.8295761898 0.5576976617 0.0278686815 726.1981062915 0.0223047495 -0.0167731341 0.9996105042 5.4430700274
0.5221865786 0.8527457052 0.0120805409 -13.0265159035 -0.8527769542 0.5219410616 0.0186813952 725.3433902045 0.0096251492 -0.0200571807 0.9997525024 5.4533266671
0.5025083920 0.8645392275 0.0075657166 -12.5131135564 -0.8645689242 0.5024626039 0.0072046572 724.4663551600 0.0024272191 -0.0101614842 0.9999454249 5.4539132710
0.4935246391 0.8697158395 -0.0052715407 -12.0181022968 -0.8697251933 0.4935354682 0.0009109031 723.5906150368 0.0033939192 0.0041352386 0.9999856905 5.4575293951
0.4935085384 0.8694424058 -0.0227865210 -11.5257828313 -0.8695959493 0.4937352733 0.0053258652 722.7130665911 0.0158810422 0.0171867065 0.9997261673 5.4678134949
0.5009729221 0.8649943069 -0.0284777179 -11.0217234052 -0.8652681403 0.5012870658 0.0047247265 721.8300025480 0.0183623732 0.0222739020 0.9995832614 5.4849776514
0.5134584437 0.8572770734 -0.0379004740 -10.5177798681 -0.8579361653 0.5137511109 -0.0023091919 720.9653280508 0.0174917933 0.0337018614 0.9992788508 5.5005099004
0.5520118900 0.8325767130 -0.0458136483 -9.9925833555 -0.8335431015 0.5524410509 -0.0038448918 720.1102998244 0.0221081727 0.0403100765 0.9989426042 5.5136382089
0.4367321474 0.8989327468 -0.0344230764 -9.4776739058 -0.8995734750 0.4366463503 -0.0103695666 719.2349434706 0.0057091676 0.0354948095 0.9993535530 5.5234945644
0.3089084031 0.9509595946 -0.0158571098 -9.0903010802 -0.9510448424 0.3086845580 -0.0150848044 718.2879105665 -0.0094501945 0.0197406453 0.9997604717 5.5212897856
0.2047739434 0.9788092780 -0.0001713834 -8.8188219452 -0.9786965165 0.2047476887 -0.0152155365 717.2951755290 -0.0148580179 0.0032834777 0.9998842223 5.5055311850
0.1378692748 0.9904345658 0.0056065962 -8.6487637655 -0.9902992702 0.1379449191 -0.0166899591 716.3033266297 -0.0173037139 -0.0032511755 0.9998449937 5.4859451554
0.1068434565 0.9942690770 0.0036712709 -8.5275160847 -0.9940326545 0.1068982577 -0.0217219780 715.3029328099 -0.0219899435 -0.0013285119 0.9997573093 5.4633846923
0.0966647079 0.9952823543 -0.0083047866 -8.4303355223 -0.9950978555 0.0964649770 -0.0217891317 714.3047261657 -0.0208852173 0.0103703154 0.9997280952 5.4397314459
0.1017139268 0.9945984738 -0.0206918579 -8.3363360465 -0.9941827631 0.1008867616 -0.0377159777 713.2997478458 -0.0354247193 0.0244077286 0.9990742475 5.4157413873
0.1110375829 0.9935841863 -0.0214737017 -8.2307946833 -0.9916942311 0.1093633886 -0.0676919581 712.2888664599 -0.0649092224 0.0288116975 0.9974751520 5.3685239726
0.1274349877 0.9917427290 -0.0143764842 -8.1080335135 -0.9899003193 0.1262638546 -0.0644577142 711.2955956956 -0.0621102391 0.0224454544 0.9978168769 5.3064995019
0.1434025249 0.9895899965 -0.0121389705 -7.9689708426 -0.9881095301 0.1424791444 -0.0577862431 710.2792454373 -0.0554551380 0.0202813256 0.9982551755 5.2451683229
0.1603787356 0.9869068792 -0.0171310503 -7.8194019006 -0.9865836072 0.1597412721 -0.0336973596 709.2886302727 -0.0305196203 0.0223055533 0.9992852521 5.1911719438
0.1774801205 0.9838920447 -0.0213834327 -7.6513183619 -0.9841085899 0.1773122628 -0.0095207529 708.3010353798 -0.0055758482 0.0227333642 0.9997260145 5.1636569407
0.1886789843 0.9815689411 -0.0303752326 -7.4704460814 -0.9820230631 0.1887608891 -0.0001740916 707.3069090333 0.0055627730 0.0298620264 0.9995385510 5.1568544496
0.1943240210 0.9802990198 -0.0353837067 -7.2762489113 -0.9807358312 0.1948888632 0.0132499203 706.3143369890 0.0198847742 0.0321272912 0.9992859615 5.1664231690
0.1987037117 0.9792652022 -0.0394524880 -7.0782473637 -0.9795779645 0.1997069622 0.0233268251 705.3350521718 0.0307220847 0.0340116612 0.9989491280 5.1867897147
0.2100052483 0.9769466786 -0.0383794599 -6.8669112699 -0.9766022504 0.2114676029 0.0391087891 704.3319026466 0.0463232140 0.0292684159 0.9984976313 5.2189096031
0.3012772608 0.9532330764 -0.0240564782 -6.6011952497 -0.9530909827 0.3018118120 0.0229610292 703.3528660606 0.0291477418 0.0160103765 0.9994468855 5.2555092705
0.3848173523 0.9228425840 -0.0166484417 -6.2437752382 -0.9229287308 0.3849404940 0.0048346616 702.3975909990 0.0108702910 0.0135048635 0.9998497164 5.2734321434
0.4435879443 0.8961178742 -0.0142299386 -5.8183946207 -0.8961696051 0.4436873338 0.0046463650 701.4738593213 0.0104773342 0.0106913669 0.9998879538 5.2814710418
0.4799452106 0.8772536222 -0.0088700128 -5.3460978147 -0.8772938117 0.4798852072 -0.0081090037 700.5652834289 -0.0028570649 0.0116734848 0.9999277809 5.2803486207
0.4971131259 0.8676446070 0.0084484294 -4.8399869972 -0.8675214612 0.4971849073 -0.0146178778 699.6734410214 -0.0168835545 -0.0000624549 0.9998574607 5.2746752307
0.5030129698 0.8639372278 0.0242985322 -4.3197319551 -0.8640397122 0.5033363383 -0.0093758401 698.7965728742 -0.0203304715 -0.0162787276 0.9996607799 5.2620536403
0.5048167430 0.8629200080 0.0230025181 -3.8089419692 -0.8630701215 0.5050532966 -0.0055796963 697.9216305218 -0.0164323292 -0.0170360620 0.9997198363 5.2472976378
0.4921730153 0.8702735061 0.0197420279 -3.2966793478 -0.8704088747 0.4923198168 -0.0030965733 697.0367574904 -0.0124142573 -0.0156595864 0.9998003118 5.2293993781
0.4782087667 0.8782061960 0.0083816915 -2.8054767712 -0.8782238293 0.4782429185 -0.0025722698 696.1492661902 -0.0062674678 -0.0061309193 0.9999615646 5.2143018587
0.4644042863 0.8856231089 0.0006065768 -2.3265582214 -0.8856058987 0.4643907482 0.0065897822 695.2571359906 0.0055543747 -0.0035975111 0.9999781032 5.2046402158
0.4552225563 0.8903399715 -0.0081950779 -1.8625958461 -0.8901945768 0.4552963147 0.0160897851 694.3571239923 0.0180565675 -0.0000292192 0.9998369665 5.2060738830
0.4482508546 0.8937009167 -0.0192312997 -1.4096099415 -0.8935398516 0.4485798564 0.0190432664 693.4495476114 0.0256457583 0.0086477722 0.9996336885 5.2200389363
0.4443610297 0.8956539946 -0.0186332307 -0.9533574883 -0.8952883615 0.4447224186 0.0260906162 692.5366385100 0.0316547800 0.0050884615 0.9994859091 5.2420449900
0.4419338235 0.8967517025 -0.0230408277 -0.5038533981 -0.8964774602 0.4424228616 0.0242935145 691.6188973620 0.0319790394 0.0099194569 0.9994393155 5.2708837638
0.4430744359 0.8961586047 -0.0241826267 -0.0483871579 -0.8964299090 0.4431846479 -0.0008866102 690.6766505255 0.0099228256 0.0220708641 0.9997071644 5.2982837924
0.4429631199 0.8962495975 -0.0228108189 0.3969808817 -0.8965356125 0.4428957158 -0.0082024663 689.7739015167 0.0027513569 0.0240841016 0.9997061499 5.3114116127
0.4477364495 0.8937134124 -0.0284325210 0.8508596431 -0.8941555478 0.4476555945 -0.0095039530 688.8519074741 0.0042341669 0.0296783626 0.9995505323 5.3147570218
0.4478883316 0.8934574974 -0.0336116468 1.2994294835 -0.8940832391 0.4477093337 -0.0130963342 687.9505177498 0.0033472300 0.0359173053 0.9993491598 5.3112242936
0.4503111560 0.8920051695 -0.0393273498 1.7556115576 -0.8925706366 0.4508661505 0.0061133485 687.0456059968 0.0231845093 0.0323495286 0.9992076794 5.3132894794
0.4441310796 0.8954899263 -0.0290753495 2.2268934232 -0.8955331262 0.4446885217 0.0165087409 686.1317612922 0.0277128854 0.0187058937 0.9994408865 5.3301704049
0.3992770230 0.9166585615 -0.0177465637 2.6618535402 -0.9165560683 0.3995562197 0.0167272520 685.2153326457 0.0224239286 0.0095869132 0.9997025850 5.3476051865
0.3590876901 0.9332936956 -0.0043483966 3.0586888729 -0.9328763321 0.3590603185 0.0285908482 684.2756021345 0.0282449950 -0.0062101054 0.9995817400 5.3681831118
0.3225019905 0.9465507612 0.0058414476 3.4100305310 -0.9464827999 0.3223833757 0.0154683057 683.3034275831 0.0127583510 -0.0105173891 0.9998632952 5.3870650168
0.3015716643 0.9533722810 0.0116544037 3.7337900734 -0.9534421436 0.3015279884 0.0053806218 682.3190503688 0.0016156067 -0.0127344427 0.9999176085 5.3956720641
0.2918022215 0.9564085522 0.0115820880 4.0302177712 -0.9563722971 0.2919289718 -0.0113800175 681.3568065570 -0.0142650931 -0.0077560737 0.9998681665 5.3934121224
0.2856556617 0.9582564675 0.0120575898 4.3307747362 -0.9575779949 0.2859073313 -0.0360746678 680.3482923391 -0.0380161371 -0.0012411496 0.9992763546 5.3719237304
0.2841855395 0.9587690812 0.0006542237 4.6182912620 -0.9581132579 0.2840162554 -0.0367933657 679.3651047251 -0.0354621516 0.0098293221 0.9993226807 5.3322512487
0.2889109655 0.9573525795 -0.0025480523 4.9117403033 -0.9565472549 0.2885565135 -0.0418627247 678.3861039710 -0.0393421304 0.0145319326 0.9991201228 5.2891434927
0.2971811569 0.9548104500 -0.0045127033 5.2097187215 -0.9541661320 0.2967989530 -0.0384366243 677.4113988638 -0.0353603250 0.0157285091 0.9992508501 5.2457438507
0.3076055264 0.9514777474 -0.0083027934 5.5148583373 -0.9511608493 0.3072419566 -0.0299235508 676.4474812803 -0.0259206262 0.0171019416 0.9995177061 5.2079666673
0.3154551133 0.9489283033 -0.0048110957 5.8294997423 -0.9486408933 0.3152240707 -0.0267252853 675.4872877290 -0.0238438064 0.0129946300 0.9996312383 5.1789761195
0.3271891110 0.9449466524 -0.0048072613 6.1514464010 -0.9445463994 0.3268917625 -0.0312069708 674.5338207712 -0.0279174684 0.0147512624 0.9995013833 5.1503714214
0.3340639186 0.9425447292 -0.0032759289 6.4828744360 -0.9422308832 0.3338581552 -0.0271973332 673.5876942814 -0.0245410074 0.0121723291 0.9996247163 5.1249990464
0.3406297286 0.9401916073 0.0033360998 6.8340708747 -0.9399916111 0.3406272410 -0.0197193767 672.6204324299 -0.0196763590 0.0035811002 0.9997999883 5.1049744948
0.3425092904 0.9394879140 0.0070601251 7.1908018371 -0.9393413124 0.3425807625 -0.0166228783 671.6535207236 -0.0180356563 -0.0009383769 0.9998369040 5.0872968206
0.3391228065 0.9407088057 0.0079161246 7.5414025454 -0.9405021603 0.3392143490 -0.0197309870 670.6890074486 -0.0212463763 -0.0007539046 0.9997739860 5.0672721793
0.3331206777 0.9428451916 0.0085766398 7.8871508118 -0.9426453565 0.3332272427 -0.0194765675 669.7230437518 -0.0212213581 -0.0015966823 0.9997735266 5.0402752359
0.3266572646 0.9450208222 0.0151880589 8.2304581498 -0.9444418385 0.3269916404 -0.0332577934 668.7456887982 -0.0363956755 -0.0034803385 0.9993313975 5.0073832248
0.3159290777 0.9485938055 0.0189370019 8.5625977142 -0.9480487473 0.3164067403 -0.0330204088 667.7722379245 -0.0373147503 -0.0075210937 0.9992752587 4.9628000756
0.3135516477 0.9494545636 0.0148793783 8.8835760855 -0.9492571226 0.3138124252 -0.0208008910 666.8094069025 -0.0244188347 -0.0076022022 0.9996729100 4.9272166821
0.3125837935 0.9497620765 0.0156003251 9.2031371467 -0.9498745476 0.3126307382 -0.0006044545 665.8503721134 -0.0054512291 -0.0146294090 0.9998781248 4.9044986871
0.3122333766 0.9499687263 0.0083509041 9.5186125608 -0.9499950315 0.3121767653 0.0074234254 664.8942632866 0.0044450637 -0.0102511586 0.9999375756 4.8980383299
0.3135062707 0.9495860078 0.0004816104 9.8313099720 -0.9493783336 0.3134270166 0.0210780668 663.9335808959 0.0198644876 -0.0070653366 0.9997777169 4.9113529047
0.3158800207 0.9487056490 -0.0133193110 10.1449088980 -0.9483251989 0.3161347757 0.0271683759 662.9771720895 0.0299854891 0.0040490911 0.9995421328 4.9365672285
0.3414674497 0.9395848787 -0.0240880992 10.4732517340 -0.9388839527 0.3421761941 0.0375815850 662.0128089469 0.0435534631 0.0097830418 0.9990031972 4.9724359913
0.4109507390 0.9113060614 -0.0253130917 10.8585600633 -0.9105193132 0.4116664621 0.0385396460 661.0779942528 0.0455419639 0.0072101628 0.9989364059 5.0136205322
0.4653943974 0.8846295757 -0.0289580490 11.3093621650 -0.8831494730 0.4662911485 0.0511817653 660.1757277189 0.0587797852 0.0017545789 0.9982694317 5.0528931587
0.5069060228 0.8617107162 -0.0223813665 11.8191927434 -0.8607272327 0.5073973127 0.0411897791 659.2728550096 0.0468499193 -0.0016150955 0.9989006340 5.0929796730
0.5351646089 0.8446124309 -0.0151222674 12.3495293519 -0.8436944540 0.5353053425 0.0403467288 658.4172584841 0.0421723792 -0.0088335682 0.9990712980 5.1304157545
0.5527932487 0.8332007546 -0.0140045272 12.9035977764 -0.8322672411 0.5528618146 0.0409274158 657.5748478545 0.0418433220 -0.0109688899 0.9990639719 5.1669424150
0.5593458432 0.8288185139 -0.0138599654 13.4769729287 -0.8268442012 0.5590440666 0.0616311498 656.7370139779 0.0588293694 -0.0230130954 0.9980027569 5.2156692891
0.5568919354 0.8305058489 0.0114633042 14.0511724042 -0.8296750134 0.5555829930 0.0544693491 655.9070381436 0.0388682961 -0.0398443583 0.9984496395 5.2682673945
0.5500660666 0.8348462335 0.0214263588 14.6309573000 -0.8347181326 0.5488226571 0.0451589436 655.0403811037 0.0259415028 -0.0427253727 0.9987500092 5.3059954220
0.5426754323 0.8398394911 0.0131531098 15.1752003080 -0.8388519169 0.5411066500 0.0594226801 654.2094714915 0.0427882783 -0.0432807400 0.9981462522 5.3450999476
0.5304218966 0.8471109997 0.0324894734 15.7263524282 -0.8476474612 0.5294312244 0.0345884400 653.3488856020 0.0120993063 -0.0458860855 0.9988734024 5.3780174409
0.5216735053 0.8526904676 0.0278517567 16.2590368633 -0.8531007012 0.5210347637 0.0272391012 652.4885447013 0.0087147885 -0.0379702706 0.9992408674 5.3823476286
0.5167893668 0.8560422787 0.0109712053 16.7775433936 -0.8560592999 0.5165717978 0.0177778722 651.6219431929 0.0095511950 -0.0185794177 0.9997817661 5.3838968556
0.5114678620 0.8588562172 0.0276879830 17.3077976972 -0.8590959334 0.5117857589 -0.0054327042 650.7476777021 -0.0188362272 -0.0210079800 0.9996018514 5.3766025243
0.5084671721 0.8599122388 0.0448561748 17.8377796690 -0.8597842737 0.5098701137 -0.0283455428 649.8669064393 -0.0472455021 -0.0241538557 0.9985912346 5.3403712271
0.5088776145 0.8591715276 0.0535524000 18.3606323170 -0.8592414922 0.5107375616 -0.0291753527 649.0030933243 -0.0524178545 -0.0311677602 0.9981387375 5.2906441393
0.5068568619 0.8608823966 0.0444704477 18.8670267587 -0.8601923854 0.5084696439 -0.0390855645 648.1329772071 -0.0562599472 -0.0184423539 0.9982458104 5.2404723900
0.5081595289 0.8604452089 0.0375224677 19.3889031249 -0.8602725634 0.5091819765 -0.0257843258 647.2497460836 -0.0412917639 -0.0191769986 0.9989630789 5.1975850529
0.5088068917 0.8604735152 0.0264740737 19.9029028642 -0.8607122438 0.5090750416 -0.0041274022 646.3810101058 -0.0170288105 -0.0206865087 0.9996409795 5.1694437743
0.5113860181 0.8592951169 0.0098103288 20.4188951634 -0.8593496054 0.5113731998 0.0039631102 645.5102107331 -0.0016112580 -0.0104571813 0.9999440240 5.1592477061
0.5131489027 0.8582000111 -0.0130745779 20.9335952053 -0.8580410369 0.5133086756 0.0167266990 644.6411147136 0.0210661475 0.0026352371 0.9997746111 5.1565407246
0.5131411503 0.8580283719 -0.0217594333 21.4516644679 -0.8581503126 0.5133643311 0.0059249090 643.7715520961 0.0162542570 0.0156325498 0.9997456789 5.1654504147
0.5187122139 0.8547631954 -0.0178190598 21.9785969882 -0.8549245908 0.5187419896 -0.0032699023 642.9009611874 0.0064485024 0.0169300907 0.9998358810 5.1696038397
0.5236524248 0.8516932759 -0.0201668486 22.5031722420 -0.8519205292 0.5236214940 -0.0072071383 642.0358502385 0.0044215241 0.0209545878 0.9997706514 5.1709204165
0.5231346812 0.8520286119 -0.0194254957 23.0340774483 -0.8522498632 0.5230127243 -0.0113075609 641.1749135542 0.0005254160 0.0224707533 0.9997473627 5.1743836221
0.5176081879 0.8552492745 -0.0251086081 23.5549678473 -0.8555873498 0.5171194306 -0.0236173943 640.3133390558 -0.0072146102 0.0337071641 0.9994057117 5.1726001873
0.5246437097 0.8509095912 -0.0264923675 24.0708461002 -0.8513106464 0.5242226752 -0.0214655558 639.4542780844 -0.0043773476 0.0338150033 0.9994185231 5.1740576715
0.5198337796 0.8536796442 -0.0316844858 24.5970390651 -0.8542477709 0.5197157710 -0.0125005322 638.5969419341 0.0057954771 0.0335646003 0.9994197467 5.1770697322
0.5175399866 0.8549691607 -0.0343525335 25.1163191073 -0.8555632554 0.5176654962 -0.0058266711 637.7417050457 0.0128014972 0.0324063007 0.9993927923 5.1844818606
0.5205402315 0.8531519872 -0.0341987432 25.6395931662 -0.8537434289 0.5206588490 -0.0060432181 636.8764110571 0.0126500947 0.0323426905 0.9993967808 5.1915024967
0.5202947755 0.8533348595 -0.0333611162 26.1646310065 -0.8539382842 0.5202842514 -0.0096801104 636.0175862709 0.0090968877 0.0335248452 0.9993964836 5.1935477546
0.5199262686 0.8536238177 -0.0316710125 26.6914271556 -0.8541990655 0.5197585924 -0.0139628882 635.1587348428 0.0045422269 0.0343130216 0.9994008128 5.1935025199
0.5168416822 0.8555301245 -0.0307063777 27.2194524961 -0.8560704760 0.5163249171 -0.0234929799 634.2877513311 -0.0042444841 0.0384289747 0.9992523196 5.1915957948
0.5157425401 0.8564604905 -0.0220240890 27.7452107284 -0.8566905991 0.5152541988 -0.0243788423 633.4272940582 -0.0095315109 0.0314410360 0.9994601601 5.1909148770
0.5146195411 0.8572095334 -0.0189352497 28.2647818340 -0.8573861023 0.5142821115 -0.0200743961 632.5676956586 -0.0074699035 0.0265654964 0.9996191650 5.1914086803
0.5147168475 0.8572529207 -0.0135645415 28.7812150754 -0.8573338684 0.5145125268 -0.0159843009 631.7052885096 -0.0067234621 0.0198567298 0.9997802285 5.1928622634
0.5160900568 0.8564752298 -0.0100615078 29.2998320548 -0.8565283729 0.5160070625 -0.0097907025 630.8456321036 -0.0031936851 0.0136708511 0.9999014492 5.1908133481
0.5161570576 0.8564935760 -0.0008038056 29.8253466785 -0.8564803724 0.5161433610 -0.0061157698 629.9822229754 -0.0048232387 0.0038451415 0.9999809754 5.1823494667
0.5184084730 0.8551194557 0.0048344309 30.3514874606 -0.8551062001 0.5184287276 -0.0050040978 629.1171770047 -0.0067854093 -0.0015397851 0.9999757933 5.1666111831
0.5195246659 0.8544003756 0.0097015295 30.8836016415 -0.8544364271 0.5195553795 -0.0007743162 628.2503712394 -0.0057020579 -0.0078870639 0.9999526393 5.1487445174
0.5215179249 0.8531707694 0.0108946026 31.4167156755 -0.8532333100 0.5215229028 0.0026039574 627.3847559531 -0.0034601645 -0.0106536483 0.9999372616 5.1356764180
0.5241520528 0.8515238094 0.0131083016 31.9523900021 -0.8516215281 0.5241300018 0.0053398532 626.5177290082 -0.0023234420 -0.0139622069 0.9998998242 5.1294567781
0.5247007896 0.8512146808 0.0110746817 32.4822852772 -0.8512859604 0.5246385270 0.0081626974 625.6580642641 0.0011380031 -0.0137106948 0.9999053564 5.1332101498
0.5241513722 0.8514968946 0.0147776009 33.0099319406 -0.8516226490 0.5240291660 0.0115020394 624.8079244016 0.0020500570 -0.0186137494 0.9998246474 5.1424120064
0.5203385378 0.8537283414 0.0198928412 33.5360838811 -0.8539185654 0.5199423787 0.0219774110 623.9582798380 0.0084196074 -0.0284225603 0.9995605376 5.1511043377
0.5637999785 0.8256488038 0.0208239542 34.0848720702 -0.8257888196 0.5631027926 0.0314335862 623.1025041026 0.0142270761 -0.0349184438 0.9992888935 5.1618190256
0.6115142400 0.7911262553 0.0130223845 34.6772080906 -0.7907105640 0.6104291336 0.0464012586 622.2943597262 0.0287600111 -0.0386719673 0.9988379952 5.1766116071
0.6612705603 0.7501314911 0.0048981794 35.3249080723 -0.7494951426 0.6604091712 0.0460082351 621.5119797229 0.0312774234 -0.0340950531 0.9989290516 5.1977535672
0.6874057953 0.7262673277 -0.0030068788 36.0145911610 -0.7255872384 0.6869302698 0.0406197487 620.7519544823 0.0315663124 -0.0257404978 0.9991701530 5.2206745179
0.7036316162 0.7105515674 0.0043610446 36.7355277487 -0.7103181824 0.7032122723 0.0306688746 620.0097879886 0.0187250769 -0.0246773191 0.9995200856 5.2407229170
0.7132768764 0.7008812749 -0.0012393767 37.4648508439 -0.7006621870 0.7130960050 0.0238030949 619.2810278550 0.0175669380 -0.0161098128 0.9997158980 5.2574168108
0.7159123083 0.6981895506 -0.0009582668 38.2024217235 -0.6979724586 0.7157226331 0.0239908232 618.5616014777 0.0174359953 -0.0165064818 0.9997117195 5.2741885966
0.7134576960 0.7006961649 0.0017321988 38.9434384510 -0.7004417346 0.7131273803 0.0288221422 617.8382958379 0.0189602861 -0.0217766836 0.9995830549 5.2941241678
0.7077145889 0.7064939621 -0.0025183653 39.6755232455 -0.7061755332 0.7074943829 0.0277094668 617.1078089012 0.0213583003 -0.0178319859 0.9996128467 5.3177702825
0.6996351609 0.7144944844 -0.0028763473 40.4021382341 -0.7142294364 0.6994751232 0.0247156667 616.3708864484 0.0196711409 -0.0152375776 0.9996903833 5.3421752830
0.6919206340 0.7219704793 -0.0021126188 41.0984018393 -0.7216502846 0.6916954031 0.0278986767 615.6519116486 0.0216033097 -0.0177790981 0.9996085237 5.3607683715
0.6839345586 0.7295381094 0.0027688496 41.7934962565 -0.7293492463 0.6836601053 0.0256619820 614.9198464145 0.0168284418 -0.0195705747 0.9996668426 5.3737928499
0.6780172616 0.7350452186 0.0010581003 42.4797901102 -0.7348498435 0.6778023877 0.0240755233 614.1812518630 0.0169794154 -0.0171011652 0.9997095826 5.3813920982
0.6739574624 0.7387671533 -0.0021052468 43.1601562138 -0.7385958120 0.6738575860 0.0198035417 613.4344217134 0.0160488427 -0.0117918183 0.9998016742 5.3917699284
0.6714369850 0.7410295117 -0.0069020328 43.8376089975 -0.7408069748 0.6714212783 0.0199622941 612.6896613349 0.0194268208 -0.0082903485 0.9997769095 5.4014843839
0.6721028677 0.7404544398 0.0022266059 44.5237965170 -0.7404060512 0.6720173222 0.0138418942 611.9345446529 0.0087529743 -0.0109517692 0.9999017173 5.4180067462
0.6747419534 0.7380225366 0.0067846696 45.2028793583 -0.7380531108 0.6747010559 0.0074893778 611.1809460099 0.0009497059 -0.0100608439 0.9999489374 5.4289362712
0.6787122951 0.7343573231 0.0083031664 45.8844881716 -0.7343788777 0.6787394593 -0.0006405764 610.4309969498 -0.0061060986 -0.0056629030 0.9999653229 5.4338192016
0.6796246564 0.7335179130 0.0078611488 46.5661856353 -0.7335576241 0.6796108768 0.0047189269 609.6979124393 -0.0018811048 -0.0089737047 0.9999579662 5.4309949740
0.6842905654 0.7291448741 0.0097043594 47.2489410992 -0.7291086645 0.6843566507 -0.0075186419 608.9602259790 -0.0121234221 -0.0019305968 0.9999246449 5.4197006166
0.6650709493 0.7466801798 0.0122205337 47.9399283756 -0.7465767454 0.6651826852 -0.0124562642 608.2211723809 -0.0174297330 -0.0008392669 0.9998477384 5.3987907279
0.6057021654 0.7955862851 0.0129363725 48.5940958156 -0.7952689758 0.6058302807 -0.0227360287 607.4292420900 -0.0259257188 0.0034833661 0.9996578031 5.3664256313
0.5539538563 0.8325390584 0.0037203820 49.1789062288 -0.8316623396 0.5535654492 -0.0436239191 606.5921827642 -0.0383780915 0.0210715366 0.9990410965 5.3264230354
0.5184066489 0.8550362966 -0.0129413225 49.7160456945 -0.8547007107 0.5176026751 -0.0396757600 605.7328825155 -0.0272257517 0.0316291353 0.9991287986 5.2895941494
0.4965160873 0.8674873511 -0.0306181451 50.2181393293 -0.8677650900 0.4951897944 -0.0420810646 604.8591956489 -0.0213429983 0.0474632830 0.9986449385 5.2678168391
0.4803556815 0.8764475312 -0.0331382612 50.7099197618 -0.8767951597 0.4789079310 -0.0433294534 603.9720232702 -0.0221058163 0.0498690162 0.9985110986 5.2512154959
0.4820111934 0.8755814845 -0.0319730102 51.1969373130 -0.8760344051 0.4809881400 -0.0348443719 603.0812987962 -0.0151304482 0.0448048343 0.9988811723 5.2376169638
0.4878385922 0.8719721174 -0.0409650387 51.6838414291 -0.8729314023 0.4871886108 -0.0252591452 602.1943884615 -0.0020675700 0.0480820546 0.9988412492 5.2287327105
0.4965733201 0.8662755559 -0.0546040196 52.1764720651 -0.8676760109 0.4971125162 -0.0041816739 601.3199985636 0.0235218597 0.0494551056 0.9984993313 5.2333534634
0.5044350922 0.8613580656 -0.0600626393 52.6861010461 -0.8627813984 0.5055598986 0.0041770068 600.4414949912 0.0339631604 0.0497138991 0.9981858705 5.2563867482
0.5146609693 0.8541664347 -0.0743221941 53.1982902908 -0.8557175634 0.5171390424 0.0177387315 599.5725051034 0.0535867374 0.0544693741 0.9970765010 5.2877159323
0.5207781736 0.8483786164 -0.0950989861 53.7209252890 -0.8504135039 0.5253027897 0.0292207380 598.6997808609 0.0747460120 0.0656559395 0.9950388592 5.3413218950
0.5279559610 0.8445530150 -0.0894019469 54.2527093210 -0.8464375116 0.5318634427 0.0257840493 597.8428974276 0.0693256238 0.0620603189 0.9956618275 5.4140650654
0.5365224520 0.8407951298 -0.0721609884 54.8022535736 -0.8427265646 0.5383038461 0.0063958296 596.9672706587 0.0442221200 0.0573804757 0.9973724907 5.4801753628
0.5368049013 0.8391905777 -0.0871760986 55.3425399917 -0.8421900226 0.5391641468 0.0042412985 596.1010828213 0.0505614845 0.0711420906 0.9961838883 5.5287210578
0.5340510648 0.8377735384 -0.1136879876 55.8820087773 -0.8423925587 0.5387152960 0.0126730783 595.2285755994 0.0718626276 0.0890018438 0.9934356721 5.5934669536
0.5310959304 0.8417580881 -0.0968526398 56.4303599207 -0.8454968448 0.5339622097 0.0044095369 594.3657068324 0.0554274129 0.0795467142 0.9952889641 5.6702275662
0.5330892536 0.8447645833 -0.0467829731 56.9889726736 -0.8459613674 0.5330522815 -0.0143048933 593.5023063621 0.0128535034 0.0472023728 0.9988026449 5.7041081026
0.5277026306 0.8489825816 -0.0275410565 57.5298712035 -0.8492823350 0.5267311431 -0.0356905907 592.6407844129 -0.0157939577 0.0422241514 0.9989833192 5.6992960875
0.5272154469 0.8491847726 -0.0304810528 58.0642966945 -0.8496193810 0.5262234420 -0.0351538965 591.7818670319 -0.0138123091 0.0444309705 0.9989169680 5.6749821692
0.5241060203 0.8509861247 -0.0336971070 58.5910238340 -0.8516153577 0.5233003056 -0.0301342444 590.9284221851 -0.0080101174 0.0444905127 0.9989776936 5.6541237578
0.5236015223 0.8518432491 -0.0143012200 59.1301928791 -0.8517252922 0.5229847542 -0.0324187224 590.0711820659 -0.0201363498 0.0291552032 0.9993720536 5.6358367143
0.5244603161 0.8514167654 -0.0055559348 59.6627620907 -0.8508145828 0.5238180236 -0.0415839382 589.2099645183 -0.0324949634 0.0265361957 0.9991195663 5.6122911327
0.5278252655 0.8493504669 -0.0020672088 60.2083543045 -0.8488200149 0.5274062853 -0.0367041218 588.3300672667 -0.0300844041 0.0211280511 0.9993240386 5.5863267286
0.5253313253 0.8508589048 -0.0081315892 60.7483962719 -0.8506631059 0.5249380524 -0.0285012542 587.4562515929 -0.0199819654 0.0218898446 0.9995606814 5.5659939202
0.5230625856 0.8517652715 -0.0300242197 61.2778483775 -0.8521393216 0.5219711796 -0.0374788516 586.5729186636 -0.0162514068 0.0451886032 0.9988462754 5.5451042901
0.5198477552 0.8530222776 -0.0459489424 61.8081611664 -0.8541952972 0.5184000648 -0.0401468181 585.6894609655 -0.0104261955 0.0601196038 0.9981367280 5.5297104728
0.5202714184 0.8527527715 -0.0461558439 62.3294540974 -0.8535830797 0.5175662264 -0.0593390875 584.8246614510 -0.0267128654 0.0702702786 0.9971702516 5.5105384006
0.5217128859 0.8525612594 -0.0309024853 62.8571903373 -0.8518986361 0.5186849224 -0.0723509857 583.9656911988 -0.0456549943 0.0640722266 0.9969003818 5.4678095403
0.5274362636 0.8494950580 -0.0130051623 63.4020465681 -0.8479470771 0.5253989499 -0.0702972108 583.0954529126 -0.0528842346 0.0481049876 0.9974413105 5.4072665386
0.5674912408 0.8233794056 -0.0002144425 63.9680561773 -0.8204409964 0.5654440025 -0.0845556117 582.2327262226 -0.0695000941 0.0481605064 0.9964187386 5.3392947240
0.6038720337 0.7969655994 0.0135794066 64.5689852817 -0.7944231704 0.6031610550 -0.0713342001 581.4188202211 -0.0650414727 0.0322889332 0.9973600311 5.2618581812
0.6384734507 0.7693029780 0.0229037272 65.2184428257 -0.7685179449 0.6388661551 -0.0350742681 580.6252795800 -0.0416151550 0.0047920636 0.9991222223 5.1974738004
0.6641136886 0.7474179124 0.0178738033 65.8843559518 -0.7474567173 0.6642856391 -0.0057485278 579.8614308387 -0.0161698635 -0.0095422183 0.9998237253 5.1677311765
0.6801606947 0.7322202251 0.0351421592 66.5841416443 -0.7328972218 0.6802446189 0.0113543261 579.1073645654 -0.0155913975 -0.0334783572 0.9993178213 5.1584265307
0.6842635459 0.7260975631 0.0675701758 67.3035067312 -0.7288109623 0.6840824787 0.0294235229 578.3613575947 -0.0248592251 -0.0693793289 0.9972805662 5.1407216315
0.6831128416 0.7254947033 0.0837513057 68.0190846112 -0.7295171032 0.6832186233 0.0318921469 577.6131044188 -0.0340828681 -0.0828839450 0.9959762094 5.1102113074
0.6783356112 0.7313347012 0.0707838499 68.7191398551 -0.7342472138 0.6782875868 0.0284073697 576.8600347972 -0.0272365116 -0.0712425751 0.9970870914 5.0698295121
0.6696958732 0.7397468585 0.0654371663 69.3965869946 -0.7418989770 0.6703527069 0.0145998710 576.1114773727 -0.0330657728 -0.0583252401 0.9977498790 5.0307389984
0.6362457882 0.7679390524 0.0738979620 70.0726719262 -0.7697052161 0.6383632689 -0.0067983193 575.3422222628 -0.0523944395 -0.0525542448 0.9972426355 4.9848606393
0.5432571833 0.8366018320 0.0704911869 70.6821112514 -0.8364603052 0.5465517545 -0.0401912618 574.4996437982 -0.0721511651 -0.0371288880 0.9967023904 4.9182073572
0.4631711803 0.8836558582 0.0680057497 71.2017052754 -0.8816762831 0.4672140523 -0.0660148554 573.6023706508 -0.0901076556 -0.0293828781 0.9954984967 4.8366375608
0.4057530304 0.9112660496 0.0704177897 71.6403909040 -0.9059766168 0.4111786374 -0.1006901087 572.6899109962 -0.1207097684 -0.0229415541 0.9924227108 4.7431809685
0.3634797010 0.9291333246 0.0677773716 72.0265262708 -0.9217792356 0.3692312708 -0.1182848660 571.7627493487 -0.1349279359 -0.0194816260 0.9906638776 4.6194490094
0.3386921067 0.9383645854 0.0689895771 72.3890133000 -0.9316848352 0.3447086220 -0.1146269327 570.8178083745 -0.1313431562 -0.0254533055 0.9910101435 4.4893172478
0.3292440219 0.9424821613 0.0576693140 72.7188447255 -0.9363433122 0.3337639635 -0.1089165665 569.8848117141 -0.1218998598 -0.0181381481 0.9923766582 4.3572586513
0.3325166234 0.9420775351 0.0438476107 73.0522985184 -0.9404607932 0.3347025545 -0.0592258083 568.9408307399 -0.0704712108 -0.0215433929 0.9972811493 4.2413308070
0.3461331327 0.9379773592 0.0197567215 73.3835014918 -0.9375649993 0.3465932430 -0.0290688152 568.0051852173 -0.0341134367 -0.0084615305 0.9993821471 4.1746942774
0.3687462913 0.9295198098 0.0043698729 73.7390116872 -0.9295116260 0.3687645197 -0.0045679512 567.0614247489 -0.0058574552 -0.0023774326 0.9999800188 4.1434937222
-0.2970593807 -0.9548324487 0.0071217492 73.8693813106 0.9538601166 -0.2970814348 -0.0435143554 567.7662437124 0.0436646580 -0.0061331950 0.9990274178 4.1599071409
-0.4077078022 -0.9128794364 0.0206272280 73.5102739560 0.9093781118 -0.4079777385 -0.0811517997 568.6927378372 0.0824972590 -0.0143282722 0.9964882854 4.2089285260
-0.4669863422 -0.8825633556 0.0548240774 73.0730084920 0.8729147003 -0.4700072440 -0.1308171113 569.5770735196 0.1412221022 -0.0132330612 0.9898894908 4.3017851018
-0.4937283953 -0.8669144204 0.0684956881 72.5794336686 0.8577634418 -0.4984461192 -0.1256715729 570.4704579214 0.1430879088 -0.0032945268 0.9897044996 4.4362168167
-0.4935873010 -0.8664964433 0.0745351595 72.0788404776 0.8590458959 -0.4991203032 -0.1136620945 571.3440748415 0.1356898120 0.0079269565 0.9907196567 4.5683416936
-0.4858635117 -0.8713725191 0.0681658347 71.5852881220 0.8656005678 -0.4905178438 -0.1006374774 572.2113698419 0.1211292905 0.0101083071 0.9925852694 4.6994649860
-0.4680073374 -0.8815241490 0.0623242072 71.1052278140 0.8798162421 -0.4714027724 -0.0608506890 573.1058062704 0.0830211559 0.0263552809 0.9961992205 4.8095139468
-0.4285648963 -0.9011474561 0.0653099688 70.6558375589 0.9004935596 -0.4319189637 -0.0505703255 574.0098268925 0.0737799343 0.0371385400 0.9965827864 4.8985694388
-0.4314196863 -0.8992547780 0.0722350230 70.2428847949 0.9008496625 -0.4337137468 -0.0190334309 574.9643504189 0.0484452262 0.0568614993 0.9972060118 4.9670989779
-0.5264610840 -0.8472557317 0.0706855871 69.7541032590 0.8497018760 -0.5271748740 0.0096630316 575.8842122491 0.0290766066 0.0651488860 0.9974518402 5.0081599264
-0.6023492171 -0.7947670010 0.0743023207 69.1863382373 0.7973946047 -0.6033686687 0.0103968288 576.7187967511 0.0365686358 0.0655107913 0.9971815638 5.0371088873
-0.6523143437 -0.7525485822 0.0903140548 68.5536857808 0.7568047404 -0.6532332758 0.0230840263 577.5189648272 0.0416242946 0.0834081462 0.9956457700 5.0672585303
-0.6810252067 -0.7258021276 0.0970357637 67.8690608854 0.7307152320 -0.6821981683 0.0257081494 578.2933690204 0.0475385907 0.0884134083 0.9949488186 5.1023235394
-0.6950036672 -0.7156784777 0.0690957243 67.1429677403 0.7178634799 -0.6961033934 0.0105872565 579.0327473606 0.0405206966 0.0569594792 0.9975538536 5.1367274457
-0.6991411749 -0.7135936219 0.0445618708 66.4114292252 0.7143657978 -0.6997694539 0.0020538646 579.7632288849 0.0297174114 0.0332694177 0.9990045152 5.1565156753
-0.6958228204 -0.7171282965 0.0394665543 65.6921517758 0.7167080516 -0.6968712127 -0.0264590572 580.4840205788 0.0464776442 0.0098751814 0.9988705168 5.1816053694
-0.6842543400 -0.7282638991 0.0377848047 64.9788952358 0.7250052246 -0.6849418781 -0.0722637391 581.2029257992 0.0785074676 -0.0220525963 0.9966695844 5.2331706263
-0.6655511461 -0.7462199403 0.0140524941 64.2860793368 0.7428754114 -0.6641485468 -0.0839215755 581.9376225740 0.0719568966 -0.0454148484 0.9963732717 5.3090281829
-0.6287807160 -0.7774905488 -0.0119690290 63.6086694328 0.7759786464 -0.6264211259 -0.0738492618 582.7174631164 0.0499194504 -0.0557227027 0.9971975877 5.3806054607
-0.5804401464 -0.8139673838 -0.0233738009 62.9884920269 0.8124455675 -0.5769399955 -0.0840978089 583.5190839702 0.0549675930 -0.0678036854 0.9961833285 5.4347771300
-0.5379103246 -0.8415649571 -0.0492027009 62.3949104803 0.8419139487 -0.5333356409 -0.0820609356 584.3715178002 0.0428180537 -0.0855658647 0.9954120238 5.4844056300
-0.5090310405 -0.8594079969 -0.0480134837 61.8475183242 0.8604078834 -0.5064692332 -0.0564552033 585.2607300365 0.0242007009 -0.0700486308 0.9972499764 5.5110523907
-0.4938163207 -0.8689776097 -0.0319899251 61.3315986932 0.8690967515 -0.4920068876 -0.0509907735 586.1573130837 0.0285705770 -0.0529824161 0.9981866487 5.5303274264
-0.4865207435 -0.8735444578 -0.0147528426 60.8308562717 0.8729267712 -0.4853421825 -0.0494147544 587.0600312631 0.0360058080 -0.0369194543 0.9986693826 5.5516059896
-0.4868948533 -0.8734465834 -0.0049464909 60.3328780745 0.8730361289 -0.4864739136 -0.0339271125 587.9695452989 0.0272271817 -0.0208374017 0.9994120688 5.5745455223
-0.4928209410 -0.8701141971 -0.0053669443 59.8252360351 0.8697000503 -0.4923735908 -0.0344973862 588.8674347334 0.0273741239 -0.0216686661 0.9993903773 5.6009066553
-0.5008878044 -0.8654505435 -0.0103326742 59.3230991458 0.8653080607 -0.5004746795 -0.0276957623 589.7414953195 0.0187980707 -0.0228134159 0.9995629948 5.6272922618
-0.5099671795 -0.8598333433 -0.0249017577 58.8067092366 0.8601018731 -0.5092755845 -0.0293793635 590.6036319074 0.0125794991 -0.0364005596 0.9992581025 5.6491243467
-0.5192102496 -0.8541183740 -0.0300419703 58.2837049054 0.8544087857 -0.5179159345 -0.0418175999 591.4619179173 0.0201579654 -0.0473802499 0.9986735044 5.6678708938
-0.5271428455 -0.8493348056 -0.0274008826 57.7540685485 0.8494306196 -0.5257340144 -0.0455122903 592.3217822095 0.0242495963 -0.0472666269 0.9985879145 5.6920921792
-0.5323582006 -0.8458039181 -0.0347919284 57.2109301652 0.8464979878 -0.5316041359 -0.0289516736 593.1842825856 0.0059919059 -0.0448639582 0.9989751360 5.7064179541
-0.5307772793 -0.8440316123 -0.0767210344 56.6532565843 0.8468228310 -0.5318167763 -0.0078745966 594.0423974520 -0.0341551248 -0.0691487805 0.9970215011 5.6899214322
-0.5262109392 -0.8425032644 -0.1152835505 56.0914497787 0.8473515581 -0.5308945060 0.0120979547 594.9151597143 -0.0713959699 -0.0913196200 0.9932589504 5.6229496396
-0.5303540909 -0.8423584691 -0.0956908966 55.5661112030 0.8462200322 -0.5328334430 0.0004233158 595.7573693175 -0.0513438935 -0.0807510463 0.9954110071 5.5511230363
-0.5262592224 -0.8468711835 -0.0765534410 55.0307531265 0.8490855068 -0.5282163197 0.0064282053 596.6311820780 -0.0458806387 -0.0616175149 0.9970447577 5.5010994154
-0.5218318779 -0.8485961931 -0.0870401757 54.4853948844 0.8499194776 -0.5259354679 0.0320743705 597.5140178521 -0.0729957042 -0.0572397117 0.9956883260 5.4436329812
-0.5225238892 -0.8472528619 -0.0955582192 53.9540207945 0.8491262333 -0.5272436553 0.0316032895 598.3695930470 -0.0771584423 -0.0646275170 0.9949220366 5.3732142903
-0.5217447283 -0.8496868513 -0.0762541356 53.4180309770 0.8518537134 -0.5237291025 0.0072854772 599.2386823642 -0.0461268842 -0.0611562092 0.9970617978 5.3086805492
-0.5179517245 -0.8533976476 -0.0586384361 52.8914418997 0.8549229105 -0.5187518438 -0.0018280254 600.1036244070 -0.0288587643 -0.0510781714 0.9982776128 5.2677681315
-0.5187603740 -0.8532373675 -0.0536066135 52.3677158915 0.8547324668 -0.5189383695 -0.0116352406 600.9638124453 -0.0178909066 -0.0518552148 0.9984943426 5.2401575240
-0.5202510462 -0.8529693913 -0.0422145287 51.8450399439 0.8539821692 -0.5191734964 -0.0342539833 601.8112422981 0.0073009348 -0.0538711254 0.9985212057 5.2244150753
-0.5213227171 -0.8526372572 -0.0351045917 51.3148838942 0.8532213372 -0.5200565144 -0.0394280549 602.6734734894 0.0153614570 -0.0505067274 0.9986055759 5.2275412431
-0.5208383621 -0.8528496324 -0.0370797123 50.7791286746 0.8535021798 -0.5194307332 -0.0415420560 603.5347995569 0.0161687850 -0.0532843117 0.9984484726 5.2354217037
-0.5263704999 -0.8493604952 -0.0389980255 50.2438303266 0.8500480178 -0.5246755983 -0.0461939814 604.3939339189 0.0187740306 -0.0574653434 0.9981709624 5.2496065866
-0.5264502570 -0.8499563566 -0.0205989993 49.7185950362 0.8498612899 -0.5253925911 -0.0412118081 605.2557655351 0.0242056767 -0.0392022591 0.9989380702 5.2710908783
-0.5227874845 -0.8524544047 -0.0038384862 49.1980172535 0.8515021414 -0.5219791621 -0.0498182453 606.1062000329 0.0404641729 -0.0293128344 0.9987509241 5.3045512773
-0.5193326283 -0.8544892485 0.0119056878 48.6748258474 0.8535583794 -0.5193445993 -0.0414642031 606.9731383708 0.0416138704 -0.0113715139 0.9990690539 5.3492064045
-0.5160860562 -0.8564313346 0.0134369571 48.1567633993 0.8561263045 -0.5162608677 -0.0228575426 607.8432404882 0.0265128909 -0.0002927266 0.9996484287 5.3869845798
-0.5805156140 -0.8141200286 0.0144983076 47.5961456123 0.8139102590 -0.5806956744 -0.0185101066 608.7024371254 0.0234885531 0.0010549154 0.9997235493 5.4116476876
-0.6298574961 -0.7765833311 0.0140664313 46.9700746493 0.7765686273 -0.6299853850 -0.0077189196 609.5241138900 0.0148560305 0.0060617299 0.9998712686 5.4261027193
-0.6732154450 -0.7394033100 0.0079818423 46.2904743839 0.7394175224 -0.6732453235 -0.0015690898 610.3081782386 0.0065339283 0.0048455786 0.9999669135 5.4310023390
-0.6990607097 -0.7150073151 0.0088692473 45.6021559136 0.7150619835 -0.6989945365 0.0096435306 611.0413533092 -0.0006956396 0.0130834749 0.9999141657 5.4283153461
-0.7100401947 -0.7041335564 0.0062335136 44.8900136948 0.7040747922 -0.7097866655 0.0219448481 611.7648279319 -0.0110276390 0.0199705840 0.9997397496 5.4205754999
-0.7152283538 -0.6988907612 0.0003253298 44.1722718245 0.6986870839 -0.7150085208 0.0244780301 612.4688003746 -0.0168748555 0.0177346849 0.9997003152 5.4070402560
-0.7160825020 -0.6980154008 -0.0005921297 43.4502556688 0.6979027626 -0.7159816892 0.0173768410 613.1701731261 -0.0125532567 0.0120300029 0.9998488360 5.3958962929
-0.7110296611 -0.7031612109 0.0010641461 42.7323395298 0.7030308547 -0.7108669889 0.0203897371 613.8783082750 -0.0135808059 0.0152458354 0.9997915414 5.3865346678
-0.7048708982 -0.7093145024 0.0054729817 42.0245507852 0.7092983721 -0.7047338426 0.0156853595 614.5822596048 -0.0072688575 0.0149381305 0.9998619985 5.3785402817
-0.6990465562 -0.7150714294 0.0026006217 41.3163923072 0.7150163858 -0.6989364783 0.0154715004 615.2986544511 -0.0092455585 0.0126747862 0.9998769271 5.3672662306
-0.6918844050 -0.7220076695 0.0009462034 40.6188378930 0.7219013793 -0.6917588096 0.0181148509 616.0216944953 -0.0124245167 0.0132164484 0.9998354649 5.3492290103
-0.6853713666 -0.7281857299 0.0034106568 39.9304903493 0.7280470553 -0.6851318150 0.0232783464 616.7511741880 -0.0146142102 0.0184374307 0.9997232047 5.3285750326
-0.6786237958 -0.7344826198 -0.0022416391 39.2232903557 0.7341470894 -0.6784001743 0.0283064414 617.5089772005 -0.0223113176 0.0175637319 0.9995967789 5.3037398011
-0.6763976461 -0.7365331504 0.0022677528 38.5291771312 0.7362137094 -0.6760067122 0.0316906785 618.2712049181 -0.0218082192 0.0231050511 0.9994951517 5.2826878328
-0.6756669546 -0.7372066816 0.0006892795 37.8372385170 0.7368824119 -0.6753414210 0.0303030703 619.0270464206 -0.0218741269 0.0209827011 0.9995405189 5.2626801073
-0.6746315743 -0.7381545533 0.0003072237 37.1437071670 0.7377202653 -0.6742202668 0.0345809500 619.7906119491 -0.0253189492 0.0235560459 0.9994018529 5.2454926557
-0.6743626242 -0.7383985575 0.0016190740 36.4538136950 0.7379842061 -0.6739073632 0.0350453619 620.5482396036 -0.0247863387 0.0248281332 0.9993844111 5.2258632346
-0.6767694179 -0.7361786739 0.0049107195 35.7602634574 0.7357723402 -0.6761397677 0.0383937226 621.3098698036 -0.0249443070 0.0295968689 0.9992506227 5.2034511009
-0.6792068824 -0.7338667355 0.0108455241 35.0713783327 0.7337779717 -0.6786594370 0.0314842294 622.0561036761 -0.0157448114 0.0293425119 0.9994454052 5.1798233377
-0.6825799593 -0.7303442494 0.0261127662 34.3785378202 0.7308109027 -0.6821365544 0.0245997069 622.8072077904 -0.0001537821 0.0358747612 0.9993562817 5.1632176064
-0.6350381936 -0.7721686475 0.0219561494 33.7096295026 0.7724805012 -0.6348037529 0.0172647174 623.5624992308 0.0006065725 0.0279244522 0.9996098524 5.1571306536
-0.5834513323 -0.8120150817 0.0146986364 33.0892031109 0.8121344164 -0.5832408612 0.0163642164 624.3639647094 -0.0047151452 0.0214849924 0.9997580520 5.1480116457
-0.5386005058 -0.8425239266 0.0079327343 32.5221401391 0.8425279343 -0.5384715732 0.0139658436 625.1953147627 -0.0074950054 0.0142055607 0.9998710051 5.1391718128
-0.5037543846 -0.8637794448 0.0107977145 31.9984339582 0.8638214755 -0.5036042294 0.0139727799 626.0584451554 -0.0066316254 0.0163661468 0.9998440732 5.1347266942
-0.4856496035 -0.8740041142 0.0161638780 31.5029179571 0.8741480895 -0.4856290002 0.0054398379 626.9306222800 0.0030952072 0.0167714782 0.9998545580 5.1362745568
-0.4778187086 -0.8783594262 0.0131909142 31.0129738081 0.8784179918 -0.4778869699 -0.0024239581 627.8181427243 0.0084328724 0.0104289238 0.9999100581 5.1455033367
-0.4794222386 -0.8773710469 0.0193484645 30.5298688813 0.8773855290 -0.4796664069 -0.0107131562 628.7081884944 0.0186802215 0.0118399375 0.9997554027 5.1598732970
-0.4849807587 -0.8744649795 0.0102305113 30.0360620942 0.8742339616 -0.4850879720 -0.0201156624 629.5967032504 0.0225531403 -0.0008118488 0.9997453159 5.1765503810
-0.4918690153 -0.8706393595 -0.0072095468 29.5322938505 0.8705673948 -0.4916680064 -0.0193644691 630.4800861950 0.0133147654 -0.0158011787 0.9997864971 5.1882072626
-0.5024077748 -0.8645054152 -0.0147246344 29.0278080981 0.8645918186 -0.5021505462 -0.0180503810 631.3550297976 0.0082106689 -0.0217994502 0.9997286476 5.1910754191
-0.5096352722 -0.8601732842 -0.0193341773 28.5108685272 0.8603811945 -0.5093962827 -0.0161129563 632.2312235273 0.0040111765 -0.0248464935 0.9996832309 5.1918971627
-0.5201927429 -0.8536803696 -0.0250865846 27.9902748814 0.8540486490 -0.5199459682 -0.0160341889 633.0934528528 0.0006444038 -0.0297660324 0.9995566858 5.1911972818
-0.5240705076 -0.8511902019 -0.0287287877 27.4570751902 0.8516678338 -0.5239051550 -0.0136121053 633.9484885485 -0.0034646693 -0.0316010874 0.9994945559 5.1933905826
-0.5241980800 -0.8508031247 -0.0367480064 26.9242651057 0.8515853800 -0.5239222463 -0.0175448147 634.8024933390 -0.0043259149 -0.0404910232 0.9991705377 5.1972448115
-0.5255351459 -0.8502836988 -0.0288173897 26.3957239879 0.8507687331 -0.5253239202 -0.0150778517 635.6580845549 -0.0023180126 -0.0324408751 0.9994709683 5.1953885609
-0.5221518306 -0.8523019488 -0.0306407209 25.8657799260 0.8528509605 -0.5218830457 -0.0168322854 636.5130292962 -0.0016446831 -0.0349209769 0.9993887234 5.1940385402
-0.5200726316 -0.8534970503 -0.0326686859 25.3357245005 0.8541190930 -0.5197907458 -0.0172671799 637.3762459532 -0.0022433935 -0.0368831361 0.9993170675 5.1861193516
-0.5187810562 -0.8543429148 -0.0310547848 24.8108719442 0.8549056427 -0.5185057175 -0.0169753614 638.2367253599 -0.0015993037 -0.0353554067 0.9993735225 5.1783854969
-0.5186873504 -0.8544388316 -0.0299619006 24.2840967751 0.8549620573 -0.5182929620 -0.0203048298 639.0990882653 0.0018201929 -0.0361481466 0.9993447845 5.1723204049
-0.5144107920 -0.8570958613 -0.0277168118 23.7643283234 0.8575206072 -0.5138898548 -0.0239921927 639.9583186145 0.0063202206 -0.0361095801 0.9993278506 5.1731691061
-0.5140196301 -0.8574168463 -0.0249032429 23.2439834974 0.8577690814 -0.5136618834 -0.0195875604 640.8270952204 0.0040028576 -0.0314296223 0.9994979520 5.1747857672
-0.5144002374 -0.8573071664 -0.0204161260 22.7253263117 0.8575397608 -0.5143657946 -0.0073067086 641.7003824301 -0.0042372633 -0.0212662125 0.9997648693 5.1751112251
-0.5177197626 -0.8555308945 -0.0057563825 22.2102126581 0.8555395942 -0.5176679933 -0.0084765259 642.5660671865 0.0042720348 -0.0093132782 0.9999475049 5.1745517330
-0.5154513372 -0.8567284061 -0.0180653583 21.6791478095 0.8568719405 -0.5155291590 -0.0004047973 643.4342869815 -0.0089664177 -0.0156883519 0.9998367262 5.1690376779
-0.5189035092 -0.8548007703 -0.0074021132 21.1594291849 0.8548239476 -0.5189181195 0.0000624314 644.3076707478 -0.0038944571 -0.0062951077 0.9999726020 5.1597636952
-0.5189211115 -0.8548042850 0.0055239785 20.6363608829 0.8547523733 -0.5189504853 -0.0094220044 645.1721958808 0.0109206411 -0.0001676433 0.9999403540 5.1547659026
-0.5196964049 -0.8539528486 0.0260802448 20.1163480146 0.8541094946 -0.5200331565 -0.0079048932 646.0459698990 0.0203129981 0.0181672402 0.9996285978 5.1610743779
-0.5187897749 -0.8541388347 0.0361112244 19.5886029760 0.8540269456 -0.5197068134 -0.0232981598 646.9171300650 0.0386671124 0.0187531116 0.9990761609 5.1820897063
-0.5177996741 -0.8545655846 0.0400144867 19.0537696499 0.8537086154 -0.5191756468 -0.0404752733 647.7892947800 0.0553633226 0.0132026287 0.9983789827 5.2225499087
-0.5188446382 -0.8532308549 0.0528899770 18.5398830163 0.8530039567 -0.5208052473 -0.0338547515 648.6467442469 0.0564312962 0.0275500034 0.9980263053 5.2709838263
-0.5170098902 -0.8544351510 0.0513940290 18.0137768267 0.8548144580 -0.5185062057 -0.0210607935 649.5220222162 0.0446432053 0.0330437205 0.9984563570 5.3248026583
-0.5176416541 -0.8548842394 0.0349292864 17.4818248958 0.8552365575 -0.5181776427 -0.0078969157 650.3933200956 0.0248505241 0.0257850302 0.9993585861 5.3690371924
-0.5205199082 -0.8537318723 0.0141744637 16.9470907146 0.8538373079 -0.5203518953 0.0139913088 651.2651064669 -0.0045691172 0.0193854407 0.9998016443 5.3856293628
-0.5186371675 -0.8545300885 0.0281747468 16.4267335028 0.8549846016 -0.5185075982 0.0122964082 652.1283481935 0.0041011695 0.0304663490 0.9995273793 5.3820574535
-0.5169362988 -0.8554688565 0.0308204250 15.9053022267 0.8560028800 -0.5163363501 0.0256094314 653.0002256508 -0.0059943653 0.0396208172 0.9991968067 5.3813199192
-0.5181760701 -0.8549965574 0.0217818070 15.3767037474 0.8546593079 -0.5166703586 0.0510804067 653.8812111582 -0.0324195579 0.0450846685 0.9984569820 5.3590466468
-0.5161272169 -0.8563713416 0.0155184159 14.8510910712 0.8559088061 -0.5149992991 0.0468597659 654.7398562572 -0.0321373873 0.0374679494 0.9987809275 5.3164861856
-0.5173378121 -0.8556020337 0.0175142288 14.3314440641 0.8548989881 -0.5157671265 0.0559641964 655.6081896191 -0.0388498168 0.0439252914 0.9982791496 5.2813009919
-0.5192279414 -0.8546307796 -0.0029283789 13.7848315679 0.8528161509 -0.5183428639 0.0634451594 656.4960619898 -0.0557400904 0.0304451307 0.9979810301 5.2332349359
-0.5180577229 -0.8552180713 -0.0147731596 13.2502577719 0.8540028308 -0.5181346780 0.0470703782 657.3599987841 -0.0479099244 0.0117688529 0.9987823253 5.1827157489
-0.5212353710 -0.8533800291 -0.0074975957 12.7290905986 0.8524434177 -0.5210417699 0.0430777623 658.2213459224 -0.0406682626 0.0160623774 0.9990435889 5.1460391056
-0.5225612919 -0.8524151470 -0.0178357334 12.1937214130 0.8516096337 -0.5228478905 0.0372976570 659.0824315405 -0.0411184634 0.0043012294 0.9991450202 5.1062910819
-0.5239876127 -0.8516027635 -0.0144815357 11.6712008610 0.8511270820 -0.5241809827 0.0285829962 659.9310657296 -0.0319323042 0.0026515087 0.9994865169 5.0677847486
-0.5203757956 -0.8536831542 -0.0208351516 11.1395135282 0.8531490501 -0.5207887847 0.0302611962 660.7921076161 -0.0366841867 -0.0020282957 0.9993248503 5.0279773864
-0.4874290719 -0.8730704042 -0.0126873634 10.6273969836 0.8726069595 -0.4875857586 0.0285870997 661.6583672129 -0.0311447284 0.0028631019 0.9995107846 4.9859709866
-0.4176351241 -0.9084487512 -0.0173715173 10.1669000878 0.9081790562 -0.4179505806 0.0229807301 662.5527501715 -0.0281372513 -0.0061788881 0.9995849721 4.9486246419
-0.3540194037 -0.9352221070 -0.0054655641 9.7754169689 0.9348189287 -0.3540296442 0.0278672148 663.4844953471 -0.0279970071 0.0047562220 0.9995966916 4.9216590479
-0.3128657526 -0.9497972270 0.0004985047 9.4378069120 0.9497845522 -0.3128587659 0.0053569519 664.4246172313 -0.0049320565 0.0021494789 0.9999855272 4.9029358291
-0.2861197493 -0.9580650996 0.0157084037 9.1421619897 0.9581181215 -0.2862648130 -0.0078817623 665.3855520334 0.0120480046 0.0127953785 0.9998455500 4.9027577148
-0.2709185427 -0.9623881180 0.0203040273 8.8589663570 0.9622895650 -0.2713078833 -0.0197693086 666.3554716363 0.0245343903 0.0141824813 0.9995983798 4.9176418992
-0.2649467737 -0.9637828951 0.0304259471 8.5898724696 0.9630852453 -0.2660504676 -0.0410360700 667.3304684797 0.0476446998 0.0184304064 0.9986942989 4.9483562835
-0.2724313478 -0.9619230693 0.0220265635 8.3119506458 0.9611069154 -0.2731360202 -0.0408682230 668.3188832431 0.0453283344 0.0100360974 0.9989217281 4.9912269246
-0.2831274025 -0.9588801672 0.0196900705 8.0287514089 0.9583464180 -0.2836546198 -0.0333496595 669.3138958578 0.0375635065 0.0094277060 0.9992497692 5.0277130819
-0.2986117658 -0.9543231225 0.0099192380 7.7266136606 0.9539514986 -0.2987727136 -0.0266721571 670.2996247112 0.0284174540 0.0014978520 0.9995950204 5.0552403139
-0.3145793770 -0.9492044128 0.0071272975 7.4109488326 0.9490635545 -0.3146560600 -0.0164296483 671.2871114852 0.0178377420 0.0015958298 0.9998396213 5.0783138719
-0.3238908627 -0.9460920610 0.0021262953 7.0795045345 0.9458899635 -0.3238667644 -0.0200622983 672.2615337619 0.0196694175 -0.0044867537 0.9997964708 5.0962841531
-0.3302517776 -0.9438752271 -0.0057722607 6.7345953910 0.9436116915 -0.3299979629 -0.0264257496 673.2361267506 0.0230377761 -0.0141739235 0.9996341134 5.1178475354
-0.3344442889 -0.9424118635 -0.0026262474 6.3888184031 0.9419632838 -0.3341961789 -0.0319074593 674.2063363830 0.0291922864 -0.0131450962 0.9994873770 5.1419269755
-0.3355407956 -0.9420253956 -0.0007269933 6.0525987128 0.9416647860 -0.3353907902 -0.0279365099 675.1511893899 0.0260730749 -0.0100584227 0.9996094352 5.1702875824
-0.3347199048 -0.9423176579 0.0001305955 5.7146153492 0.9418231347 -0.3345487286 -0.0323470417 676.0982219370 0.0305248792 -0.0107042009 0.9994766890 5.1993316544
-0.3316589630 -0.9433916289 0.0038166571 5.3790449366 0.9423585573 -0.3314803377 -0.0456194603 677.0456131396 0.0443021638 -0.0115334434 0.9989515994 5.2320794883
-0.3292816118 -0.9442310800 0.0011348021 5.0424444549 0.9431594008 -0.3289646719 -0.0472502842 678.0066939194 0.0449884967 -0.0144883504 0.9988824370 5.2715199231
-0.3250498579 -0.9456809400 0.0054908672 4.7118933326 0.9445850089 -0.3249436859 -0.0465914370 678.9752413533 0.0458448566 -0.0099579492 0.9988989380 5.3137679188
-0.3200976745 -0.9473518080 0.0078759504 4.3840293452 0.9465798620 -0.3201573094 -0.0385468815 679.9551915860 0.0390390009 -0.0048835511 0.9992257539 5.3544261179
-0.3179170310 -0.9481017463 0.0056426959 4.0543833291 0.9477266800 -0.3179510987 -0.0268558917 680.9386931592 0.0272562192 -0.0031902119 0.9996233896 5.3872680905
-0.3192543458 -0.9476459407 0.0066207038 3.7347663802 0.9476685758 -0.3192392671 0.0032497451 681.9060168905 -0.0009660192 0.0073117282 0.9999728023 5.3987743707
-0.3202159785 -0.9473245010 0.0061657804 3.4047632753 0.9473046562 -0.3201359647 0.0112628755 682.8892158402 -0.0086957099 0.0094474252 0.9999175620 5.3942196348
-0.3207976463 -0.9471382326 0.0042471735 3.0823448000 0.9468585439 -0.3205856607 0.0261482688 683.8467546804 -0.0234044422 0.0124097756 0.9996490532 5.3795088072
-0.3226906753 -0.9465040181 -0.0009336943 2.7564505296 0.9463807672 -0.3226642903 0.0158492696 684.7944718448 -0.0153026672 0.0042307812 0.9998739565 5.3576594498
-0.3423637674 -0.9394521520 -0.0147209023 2.4151285655 0.9395091685 -0.3424750521 0.0057758907 685.7531799540 -0.0104677147 -0.0118529670 0.9998749592 5.3391739536
-0.3848563167 -0.9225814811 -0.0270004863 2.0382905238 0.9229572538 -0.3848724908 -0.0048034924 686.6912155295 -0.0059601313 -0.0267689491 0.9996238794 5.3221508083
-0.4185922526 -0.9077063972 -0.0291482870 1.6334762176 0.9081035306 -0.4179433833 -0.0259095745 687.6077346257 0.0113359528 -0.0373152094 0.9992392463 5.3133648821
-0.4477225739 -0.8936841559 -0.0295487091 1.1923138289 0.8941573903 -0.4472782319 -0.0206093320 688.5187231664 0.0052017391 -0.0356484598 0.9993508539 5.3178188038
-0.4640005741 -0.8853833164 -0.0282816254 0.7341495676 0.8858099873 -0.4639904262 -0.0073178391 689.4145119166 -0.0066433108 -0.0284476277 0.9995732084 5.3153548651
-0.4771738345 -0.8783800290 -0.0274528004 0.2599620270 0.8787512029 -0.4772676664 -0.0034493537 690.2996712233 -0.0100724906 -0.0257701227 0.9996171496 5.3070889502
-0.4769460801 -0.8784422057 -0.0293552022 -0.2388172650 0.8784319955 -0.4775355455 0.0178053963 691.2147379622 -0.0296591641 -0.0172943349 0.9994104462 5.2878394653
-0.4796041358 -0.8772232796 -0.0214287359 -0.7257337236 0.8769788150 -0.4800138766 0.0222449172 692.1129465416 -0.0297998498 -0.0081237931 0.9995228726 5.2574104723
-0.4760647585 -0.8792375915 -0.0174242190 -1.2126589787 0.8790314442 -0.4763477641 0.0199130073 693.0066018356 -0.0258082523 -0.0058365554 0.9996498731 5.2294322268
-0.4748136379 -0.8800637699 -0.0063063578 -1.6905821774 0.8800465412 -0.4748481297 0.0061105617 693.8953134371 -0.0083722462 -0.0026485103 0.9999614447 5.2097504542
-0.4678262803 -0.8838175642 0.0022549211 -2.1657743530 0.8837986500 -0.4678311391 -0.0058285191 694.7850905971 0.0062062699 -0.0007338382 0.9999804717 5.2044650458
-0.4625773798 -0.8864614547 0.0144311118 -2.6326806422 0.8863831023 -0.4627560278 -0.0134853523 695.6798806860 0.0186323289 0.0065534747 0.9998049251 5.2087977185
-0.4564654177 -0.8895448187 0.0186905857 -3.0976557950 0.8893644754 -0.4567826838 -0.0195040950 696.5826716035 0.0258873026 0.0077197980 0.9996350596 5.2215389648
-0.4493288129 -0.8930916380 0.0221572577 -3.5591777558 0.8932290292 -0.4495565051 -0.0063914125 697.5012547143 0.0156690563 0.0169196600 0.9997340675 5.2377004588
-0.4445139885 -0.8955114771 0.0215988050 -4.0138909964 0.8956638604 -0.4447056455 -0.0048101991 698.4118892781 0.0139126990 0.0172070683 0.9997551468 5.2532834210
-0.4411815810 -0.8973344200 0.0122372896 -4.4717395951 0.8973526345 -0.4412729005 -0.0060395883 699.3305347867 0.0108195148 0.0083166089 0.9999068817 5.2692978944
-0.4375647265 -0.8991868949 0.0001954703 -4.9275852734 0.8991825216 -0.4375632573 -0.0030312895 700.2398350506 0.0028112264 -0.0011506219 0.9999953865 5.2813358644
-0.4420851113 -0.8969359462 -0.0081647280 -5.3786150014 0.8969618672 -0.4421068250 0.0009818406 701.1579096153 -0.0044903301 -0.0068893926 0.9999661860 5.2851732498
-0.4493510705 -0.8932759762 -0.0119015050 -5.8328518800 0.8932973908 -0.4494337195 0.0053947550 702.0666001257 -0.0101679427 -0.0082074444 0.9999146218 5.2816952634
-0.4546590822 -0.8904716114 -0.0185857017 -6.2929531105 0.8904448514 -0.4549119561 0.0127702309 702.9735169959 -0.0198263860 -0.0107434409 0.9997457141 5.2671702364
-0.3985399692 -0.9168516522 -0.0234294855 -6.7392146137 0.9165999224 -0.3990559416 0.0244732029 703.8821455402 -0.0317879719 -0.0117219151 0.9994258960 5.2354519344
-0.2984917890 -0.9538343983 -0.0332053077 -7.0995078085 0.9539641706 -0.2992369578 0.0202386823 704.8181843981 -0.0292406066 -0.0256355933 0.9992436156 5.1962371037
-0.2091592811 -0.9772516200 -0.0350951044 -7.3604606395 0.9776990016 -0.2096790045 0.0118058199 705.7830470525 -0.0188959632 -0.0318431517 0.9993142430 5.1708282578
-0.1519374148 -0.9878508520 -0.0326453103 -7.5456344466 0.9883828437 -0.1519801033 -0.0011842290 706.7680922353 -0.0037915960 -0.0324459933 0.9994662982 5.1543659465
-0.1217588651 -0.9922089426 -0.0263854702 -7.6826149872 0.9924961996 -0.1214073281 -0.0145449088 707.7612489710 0.0112281991 -0.0279584504 0.9995460232 5.1548149404
-0.1092035023 -0.9939352416 -0.0129356317 -7.7959061081 0.9934641158 -0.1086983316 -0.0348385317 708.7617045094 0.0332211628 -0.0166555756 0.9993092345 5.1703025198
-0.1106851128 -0.9938123087 -0.0092682777 -7.9068963682 0.9919448508 -0.1098895370 -0.0630055769 709.7564236988 0.0615972311 -0.0161673998 0.9979701380 5.2142458060
-0.1210263649 -0.9926089247 -0.0089521802 -8.0246832676 0.9905582039 -0.1201814329 -0.0659611086 710.7702029468 0.0643976992 -0.0168506887 0.9977820356 5.2741793116
-0.1371219790 -0.9905030088 -0.0100673963 -8.1567376471 0.9879664750 -0.1360225473 -0.0736214022 711.7845992162 0.0715528275 -0.0200413624 0.9972354470 5.3378744897
-0.1534159251 -0.9877862593 -0.0272371051 -8.3098932157 0.9871869776 -0.1519824004 -0.0486129738 712.7873702797 0.0438796669 -0.0343461198 0.9984462524 5.3944539850
-0.1669925563 -0.9858126444 -0.0169386003 -8.4659484251 0.9856502449 -0.1664864446 -0.0278542382 713.7881605240 0.0246390129 -0.0213469860 0.9994684714 5.4279465179
-0.1743814532 -0.9846496947 -0.0074891608 -8.6346712293 0.9842384024 -0.1740712443 -0.0312084788 714.7792198303 0.0294257716 -0.0128132996 0.9994848390 5.4514167621
-0.1837220192 -0.9829770197 0.0015486710 -8.8126044869 0.9826836926 -0.1837053053 -0.0241892754 715.7687071241 0.0240620009 -0.0029222488 0.9997061971 5.4745724571
-0.1868565069 -0.9823867377 -0.0009712597 -9.0047411329 0.9821886052 -0.1867987586 -0.0202920584 716.7659440773 0.0197532190 -0.0047456634 0.9997936232 5.4949362505
-0.1912656325 -0.9815349423 -0.0025719493 -9.1967025259 0.9813762919 -0.1911857959 -0.0186698998 717.7482625177 0.0178334389 -0.0060949603 0.9998223942 5.5118237293
-0.1931787157 -0.9809192374 -0.0218959681 -9.4012638086 0.9810736753 -0.1928107989 -0.0178448732 718.7344563474 0.0132826003 -0.0249288075 0.9996009839 5.5222910484
-0.2928951212 -0.9555147210 -0.0346996538 -9.6430363042 0.9561428878 -0.2926334890 -0.0125067637 719.7312512593 0.0017961160 -0.0368409973 0.9993195259 5.5250578994
-0.4134702338 -0.9096784398 -0.0390832691 -10.0145338723 0.9104840455 -0.4134426159 -0.0091654920 720.6855336191 -0.0078210386 -0.0393743510 0.9991939210 5.5158780455
-0.5029647172 -0.8636505027 -0.0336794071 -10.4793179322 0.8642190704 -0.5030872605 -0.0053485180 721.5727733642 -0.0123244304 -0.0317965017 0.9994183763 5.4995409466
-0.5578034247 -0.8296443332 -0.0233585049 -11.0159156097 0.8298036297 -0.5580373232 0.0045035619 722.4313359660 -0.0167712721 -0.0168708699 0.9997170090 5.4806722276
-0.5907523120 -0.8067694540 -0.0116083605 -11.5914190508 0.8067881228 -0.5908260930 0.0041776462 723.2540827726 -0.0102289197 -0.0068975332 0.9999238937 5.4627793684
-0.6076573891 -0.7941992685 -0.0001393671 -12.1918537841 0.7941992641 -0.6076573312 -0.0003110666 724.0605308696 0.0001623615 -0.0002997072 0.9999999419 5.4559419941
-0.6108223182 -0.7917194562 0.0087406138 -12.8035453010 0.7917633112 -0.6107449401 0.0100735858 724.8671755353 -0.0026371682 0.0130736683 0.9999110583 5.4555763796
-0.6039549969 -0.7969706505 0.0087260489 -13.4171387507 0.7969250959 -0.6036805467 0.0219132146 725.6779364041 -0.0121964429 0.0201886028 0.9997217948 5.4527678236
-0.5908059214 -0.8068133925 -0.0007162055 -14.0282671921 0.8064323732 -0.5905537362 0.0302177457 726.4979910228 -0.0248030398 0.0172752518 0.9995430831 5.4362354510
-0.5614178805 -0.8274928084 -0.0081003370 -14.6129405766 0.8268085158 -0.5613092212 0.0363268014 727.3178801011 -0.0346069608 0.0136970882 0.9993071340 5.4076990770
-0.6015298226 -0.7987134139 -0.0147903668 -15.1956941870 0.7979989564 -0.6016402968 0.0350231195 728.1504633229 -0.0368719160 0.0092647536 0.9992770517 5.3671706553
-0.6680041990 -0.7437374940 -0.0249986007 -15.8546525579 0.7431193159 -0.6684696143 0.0303653944 728.9386482662 -0.0392946873 0.0017072679 0.9992262070 5.3195310687
-0.7220533583 -0.6912582745 -0.0283009835 -16.5694749516 0.6910676586 -0.7225754091 0.0176144663 729.6683570109 -0.0326257403 -0.0068393098 0.9994442380 5.2757939700
-0.7585589894 -0.6513357582 -0.0187080107 -17.3287075689 0.6512617703 -0.7587785144 0.0106429638 730.3539932322 -0.0211273795 -0.0041104963 0.9997683420 5.2441181697
-0.7793953787 -0.6262618264 -0.0184110975 -18.1206915841 0.6263180963 -0.7795608407 0.0032461978 731.0063521918 -0.0163855404 -0.0090011320 0.9998252316 5.2188216023
-0.7877742130 -0.6154168621 -0.0259591074 -18.9314504860 0.6157451913 -0.7879180929 -0.0065527334 731.6382900399 -0.0164209878 -0.0211462700 0.9996415290 5.2006730797
-0.7880737770 -0.6152330035 -0.0206899347 -19.7359752784 0.6154940951 -0.7880816824 -0.0097098321 732.2670896731 -0.0103315494 -0.0203865967 0.9997387888 5.1890964714
-0.7843861704 -0.6199353874 -0.0204560786 -20.5472083149 0.6200770877 -0.7845405242 -0.0007556876 732.9095128761 -0.0155801452 -0.0132770966 0.9997904669 5.1784218983
-0.7760779580 -0.6304605563 -0.0149161004 -21.3491581825 0.6306098360 -0.7760469037 -0.0090795379 733.5438617305 -0.0058513030 -0.0164526688 0.9998475243 5.1679335566
-0.7691749779 -0.6390172191 -0.0051814150 -22.1409516486 0.6390353331 -0.7691218187 -0.0092450572 734.1945296153 0.0019226114 -0.0104221739 0.9999438394 5.1623499123
-0.7618904143 -0.6476706344 -0.0067635800 -22.9326540813 0.6477058466 -0.7618546315 -0.0073930175 734.8520468624 -0.0003646244 -0.0100134795 0.9999497974 5.1617221856
-0.7545929600 -0.6561928605 -0.0006281424 -23.7093789686 0.6561930822 -0.7545920539 -0.0012128440 735.5261028560 0.0003218683 -0.0013273863 0.9999990672 5.1578040652
-0.7502566401 -0.6611370569 -0.0035729593 -24.4868503569 0.6611460004 -0.7502528032 -0.0025879381 736.2013871297 -0.0009696410 -0.0043038655 0.9999902682 5.1514456766
-0.7459133048 -0.6658975328 -0.0139218370 -25.2608430723 0.6659879162 -0.7459575470 -0.0027264649 736.8839861244 -0.0085695531 -0.0113054817 0.9998993694 5.1422478917
-0.7415829748 -0.6704688334 -0.0229398114 -26.0095597568 0.6707216453 -0.7416924942 -0.0049717771 737.5509375593 -0.0136808643 -0.0190732133 0.9997244853 5.1298334817
-0.7099650443 -0.7036128269 -0.0296416213 -26.7684595444 0.7039943276 -0.7101962142 -0.0036502093 738.2495042853 -0.0184830331 -0.0234590543 0.9995539256 5.1162623923
-0.6286714992 -0.7770650783 -0.0306921841 -27.4621068360 0.7772246268 -0.6291581182 0.0090521749 739.0156986256 -0.0263443658 -0.0181638770 0.9994878929 5.0979964675
-0.5599961684 -0.8279401915 -0.0303204665 -28.0781110391 0.8281881845 -0.5604098689 0.0067163921 739.8422421784 -0.0225526596 -0.0213498983 0.9995176634 5.0749493089
-0.5152421542 -0.8566100005 -0.0272915665 -28.6183123970 0.8569081909 -0.5154670766 0.0014301302 740.6897204147 -0.0152929678 -0.0226495035 0.9996264928 5.0548147508
-0.4915274153 -0.8704486537 -0.0268317207 -29.1212133120 0.8707567231 -0.4917139046 0.0004064179 741.5562255560 -0.0135472961 -0.0231641356 0.9996398820 5.0367566447
-0.4783016399 -0.8774403626 -0.0364136144 -29.6241489589 0.8780168599 -0.4786295905 0.0003300291 742.4496458572 -0.0177182142 -0.0318139139 0.9993367499 5.0160447124
-0.4765069967 -0.8782351321 -0.0405479334 -30.1061066567 0.8788655067 -0.4770497985 0.0043486723 743.3420851822 -0.0231625402 -0.0335640073 0.9991681311 4.9924825594
-0.4791863718 -0.8766498727 -0.0431905286 -30.5970908753 0.8772363135 -0.4799676918 0.0093522744 744.2386698243 -0.0289287285 -0.0334068177 0.9990230794 4.9658054022
-0.4887148457 -0.8718989899 -0.0308212764 -31.0796489948 0.8722691842 -0.4890184806 0.0027195333 745.1128171299 -0.0174433321 -0.0255553733 0.9995212119 4.9421421994
-0.5000127660 -0.8656525872 -0.0251561525 -31.5781196099 0.8659353367 -0.5001554649 -0.0007095942 745.9883528731 -0.0119677251 -0.0221384075 0.9996832821 4.9258882951
-0.5145330264 -0.8571819030 -0.0222474710 -32.0922375417 0.8574435329 -0.5145496059 -0.0054121043 746.8570591860 -0.0068082696 -0.0218606565 0.9997378452 4.9160484630
-0.5240314925 -0.8514382396 -0.0210693832 -32.6155728504 0.8516865991 -0.5239964504 -0.0075932179 747.7145703262 -0.0045751259 -0.0219235967 0.9997491806 4.9080016131
-0.5331183234 -0.8458339308 -0.0187033357 -33.1502104776 0.8460133822 -0.5327932050 -0.0198181202 748.5685630117 0.0067978284 -0.0263886753 0.9996286447 4.9058276583
-0.5395124514 -0.8419407137 -0.0078834904 -33.6856980416 0.8415578420 -0.5389242092 -0.0366209674 749.4096611736 0.0265840796 -0.0263918810 0.9992981314 4.9166297569
-0.5430781113 -0.8396795837 -0.0020885043 -34.2254773733 0.8389117072 -0.5424715901 -0.0441782909 750.2467459692 0.0359626547 -0.0257443335 0.9990214796 4.9423336153
-0.5426081832 -0.8399538364 0.0073424891 -34.7730941637 0.8393701954 -0.5425243528 -0.0335410451 751.0992941534 0.0321564086 -0.0120365790 0.9994103692 4.9745222748
-0.5393489031 -0.8417974292 0.0219054560 -35.3156856010 0.8409787603 -0.5397911428 -0.0371516743 751.9487698738 0.0430985550 -0.0016156915 0.9990695192 5.0100281991
-0.5332727954 -0.8454266959 0.0295605746 -35.8573454512 0.8453582718 -0.5338779186 -0.0185407739 752.8135602374 0.0314566033 0.0151019859 0.9993910206 5.0490911960
-0.5307747180 -0.8473671995 0.0157171192 -36.4095724281 0.8474832228 -0.5308201480 0.0014688696 753.6899418298 0.0070982917 0.0140996337 0.9998753995 5.0740130322
-0.5279284154 -0.8492667590 0.0061286444 -36.9533905534 0.8492663213 -0.5279532387 -0.0034775395 754.5490265453 0.0061889964 0.0033689594 0.9999751729 5.0824944964
-0.5274361458 -0.8495697188 -0.0065119078 -37.5001043395 0.8495679906 -0.5273433392 -0.0119679514 755.4135311607 0.0067335979 -0.0118446386 0.9999071773 5.0854311319
-0.5257471405 -0.8506098904 -0.0072635113 -38.0376813684 0.8505183136 -0.5255072481 -0.0214646320 756.2739991592 0.0144410005 -0.0174627183 0.9997432225 5.0934487892
-0.5258383883 -0.8505726487 -0.0044898394 -38.5758685904 0.8504770776 -0.5256807668 -0.0186674011 757.1453168669 0.0135177586 -0.0136345416 0.9998156678 5.1038299368
-0.5270318488 -0.8498230835 -0.0061771447 -39.1205946103 0.8497990582 -0.5269130913 -0.0142882789 758.0256277881 0.0088876908 -0.0127797098 0.9998788366 5.1109599986
-0.5227082620 -0.8525045863 0.0034645708 -39.6446538753 0.8523233241 -0.5226739028 -0.0188929217 758.8777937083 0.0179171431 -0.0069225517 0.9998155101 5.1210500017
-0.4894330376 -0.8720291973 0.0045144995 -40.1643598754 0.8719819355 -0.4894535880 -0.0090933678 759.7529665494 0.0101393202 -0.0005140326 0.9999484636 5.1345721166
-0.4410159260 -0.8974856959 0.0049374694 -40.6415686813 0.8973492109 -0.4410361119 -0.0158600685 760.6465885274 0.0164117869 -0.0025639085 0.9998620303 5.1472515933
-0.4031389822 -0.9151025669 0.0081396006 -41.0667004075 0.9149759313 -0.4032190869 -0.0152778657 761.5625739720 0.0172628564 0.0012884354 0.9998501556 5.1611105125
-0.3758831188 -0.9265407757 0.0152994128 -41.4583834147 0.9261675311 -0.3761713257 -0.0266240124 762.4945323640 0.0304234334 0.0041623026 0.9995284338 5.1783843340
-0.3584129761 -0.9334449376 0.0148555401 -41.8304344353 0.9322385092 -0.3587064942 -0.0475501107 763.4316033141 0.0497141888 -0.0031936701 0.9987583791 5.2156323473
-0.3488130508 -0.9371720073 0.0061712473 -42.1951995235 0.9349807314 -0.3484344813 -0.0663659871 764.3816319009 0.0643466207 -0.0173793251 0.9977762632 5.2668807348
-0.3449919150 -0.9385978972 -0.0038165513 -42.5554979783 0.9343349878 -0.3430319087 -0.0966811267 765.3302440624 0.0894355033 -0.0369201445 0.9953080898 5.3322189659
-0.3493564227 -0.9368716112 -0.0148887181 -42.9192729216 0.9322963247 -0.3459740695 -0.1054775149 766.2969551559 0.0936677790 -0.0507299444 0.9943102232 5.4205790063
-0.3568962798 -0.9340475131 -0.0134271618 -43.2752582531 0.9283725839 -0.3530592983 -0.1160753085 767.2285860988 0.1036792689 -0.0538922547 0.9931496534 5.5137525474
-0.3654733838 -0.9304485523 -0.0263571087 -43.6552911680 0.9260701474 -0.3606044649 -0.1111687994 768.1802805118 0.0939323574 -0.0650377688 0.9934519620 5.6127300565
-0.3741889047 -0.9267856833 -0.0324185266 -44.0439230362 0.9229207263 -0.3687594703 -0.1106064463 769.1301166861 0.0905538322 -0.0713074351 0.9933354183 5.7079300915
-0.3831678582 -0.9233634644 -0.0241309968 -44.4300632761 0.9184690800 -0.3781059418 -0.1159760569 770.0520887894 0.0979639804 -0.0666018718 0.9929588356 5.8019124473
-0.3869327490 -0.9220147202 -0.0131112001 -44.8238415133 0.9153301205 -0.3823290304 -0.1264724595 770.9767783994 0.1115966770 -0.0609374128 0.9918834677 5.9045120698
-0.3932785243 -0.9193390798 -0.0121514934 -45.2361008465 0.9113795185 -0.3880614479 -0.1370973590 771.9172025145 0.1213234337 -0.0649920692 0.9904830414 6.0287597195
-0.3942122063 -0.9187855511 -0.0207327662 -45.6385931038 0.9177439142 -0.3923767088 -0.0615355705 772.8689419768 0.0484029385 -0.0432854430 0.9978895360 6.1316015662
-0.3903417031 -0.9201206172 -0.0318025865 -46.0468871229 0.9206369910 -0.3903875029 -0.0050128272 773.8428936407 -0.0078029267 -0.0312353531 0.9994815992 6.1560283264
-0.3869319726 -0.9216904722 -0.0277546773 -46.4469409402 0.9221009915 -0.3868731438 -0.0076767239 774.7971567629 -0.0036619760 -0.0285629854 0.9995852869 6.1437328787
-0.3853290339 -0.9221969914 -0.0327756713 -46.8354321351 0.9226632363 -0.3856006741 0.0021616077 775.7244851213 -0.0146317490 -0.0294079767 0.9994603958 6.1339193765
-0.3834132223 -0.9231333126 -0.0286214630 -47.2285847594 0.9234902509 -0.3836176185 0.0018108818 776.6704907587 -0.0126513828 -0.0257373260 0.9995886817 6.1163163065
-0.3733935941 -0.9270287019 -0.0345689134 -47.6183797921 0.9275608477 -0.3736686054 0.0016269974 777.6010807072 -0.0144255909 -0.0314572602 0.9994009921 6.1048078087
-0.4096565625 -0.9110599846 -0.0463810866 -48.0324531589 0.9116765249 -0.4106605721 0.0142761474 778.5533032821 -0.0320533101 -0.0364362304 0.9988217991 6.0842708343
-0.4513023640 -0.8917531818 -0.0332029958 -48.4661388468 0.8922323432 -0.4515758549 0.0008324456 779.4518888523 -0.0157360072 -0.0292491021 0.9994482819 6.0551320038
-0.4877085182 -0.8727879402 -0.0195349093 -48.9516672339 0.8729581137 -0.4877950230 -0.0003836589 780.3585437784 -0.0091941786 -0.0172402713 0.9998091018 6.0364693888
-0.5138210728 -0.8577704036 -0.0147594021 -49.4528696916 0.8577060921 -0.5139937602 0.0122749374 781.2284588729 -0.0181153186 -0.0063521075 0.9998157260 6.0202217796
-0.5324751506 -0.8462932281 -0.0160619447 -49.9922096271 0.8461481064 -0.5326952265 0.0164066342 782.1062970324 -0.0224409447 -0.0048546591 0.9997363834 5.9964676021
-0.5422607581 -0.8399329545 -0.0215847662 -50.5420418737 0.8398397540 -0.5426055837 0.0157596989 782.9630325785 -0.0249491051 -0.0095818785 0.9996428011 5.9720114647
-0.5456112218 -0.8377182498 -0.0231630863 -51.1003455030 0.8377198473 -0.5459574840 0.0124853177 783.8188747244 -0.0231052388 -0.0125920477 0.9996537342 5.9429982228
-0.5411977243 -0.8403706034 -0.0297030664 -51.6548134531 0.8405678665 -0.5416350925 0.0087800042 784.6643723341 -0.0234666805 -0.0202157248 0.9995202046 5.9155799257
-0.5373647091 -0.8429286275 -0.0266551741 -52.2029385919 0.8430838208 -0.5377207248 0.0081297695 785.5188778688 -0.0211858550 -0.0181038948 0.9996116289 5.8902383054
-0.5280496241 -0.8490354226 -0.0173909660 -52.7345009037 0.8490946948 -0.5282075816 0.0059118531 786.3667922161 -0.0142054128 -0.0116448251 0.9998312879 5.8717249435
-0.5189531669 -0.8547613759 -0.0084024345 -53.2573396307 0.8547029692 -0.5190176965 0.0101717841 787.2228297294 -0.0130554603 -0.0019029062 0.9999129632 5.8572201360
-0.5140388559 -0.8577644716 0.0020410635 -53.7722105260 0.8577530433 -0.5140426219 -0.0044608896 788.0738718987 0.0048755862 -0.0005423421 0.9999879672 5.8505769599
-0.5096984113 -0.8602263301 0.0147712751 -54.2804026417 0.8602395330 -0.5098349924 -0.0074984204 788.9321027407 0.0139812516 0.0088849019 0.9998627821 5.8564207716
-0.5057691970 -0.8624714585 0.0184527153 -54.7898654841 0.8622415967 -0.5060761691 -0.0206480007 789.7909409050 0.0271467907 0.0054675760 0.9996165051 5.8743988868
-0.5038402456 -0.8633890917 0.0265383350 -55.2975320741 0.8632548043 -0.5043746180 -0.0199345836 790.6643252550 0.0305965646 0.0128654997 0.9994490128 5.9022912283
-0.5010055932 -0.8650510616 0.0260778913 -55.8074446691 0.8650935931 -0.5014327417 -0.0133521822 791.5400212088 0.0246266279 0.0158702987 0.9995707393 5.9297618056
-0.5004135220 -0.8653938505 0.0260727940 -56.3122979379 0.8656318562 -0.5006664096 -0.0038256785 792.4157402711 0.0163644908 0.0206550198 0.9996527265 5.9514280938
-0.5028561670 -0.8642834687 0.0122376847 -56.8300811351 0.8642863052 -0.5025598829 0.0210415476 793.3039511877 -0.0120356923 0.0211577353 0.9997037023 5.9564667261
-0.5048349229 -0.8632034793 -0.0046318401 -57.3478954029 0.8625811022 -0.5046621530 0.0356364067 794.1791938520 -0.0330989846 0.0139951649 0.9993540877 5.9368918589
-0.5089815774 -0.8605654565 -0.0191010181 -57.8707802934 0.8595243349 -0.5093124015 0.0426473363 795.0532871388 -0.0464292099 0.0052889187 0.9989075812 5.8963914018
-0.5113876183 -0.8591584082 -0.0181530578 -58.3856385186 0.8579564022 -0.5116469014 0.0461330704 795.9180906166 -0.0489235711 0.0080173489 0.9987703471 5.8471505643
-0.5132569994 -0.8582115627 -0.0063376814 -58.9136545929 0.8573747028 -0.5130591043 0.0409752911 796.8058802269 -0.0384170737 0.0155970872 0.9991400599 5.7994882740
-0.5131851700 -0.8582778896 0.0002132489 -59.4377400282 0.8578054395 -0.5128944059 0.0333040007 797.6852560126 -0.0284747133 0.0172740453 0.9994452452 5.7623521763
-0.5147182660 -0.8572303638 0.0148731290 -59.9587151722 0.8573575046 -0.5146033998 0.0110204446 798.5575879006 -0.0017932970 0.0184240129 0.9998286552 5.7407052898
-0.5133109785 -0.8579594770 0.0204297637 -60.4823003931 0.8580256579 -0.5135431491 -0.0080873003 799.4253417683 0.0174301412 0.0133779614 0.9997585810 5.7419751350
-0.5124260840 -0.8581853061 0.0306184406 -61.0004108303 0.8581471544 -0.5130668395 -0.0185978407 800.2965636207 0.0316697002 0.0167451090 0.9993581097 5.7657842445
-0.5111796775 -0.8587411957 0.0354809269 -61.5234913084 0.8588765789 -0.5119277588 -0.0161552456 801.1764759830 0.0320368463 0.0222155039 0.9992397670 5.8003819346
-0.5091047840 -0.8602791730 0.0270566713 -62.0497906163 0.8604966966 -0.5094211025 -0.0059645158 802.0556934623 0.0189143880 0.0202456127 0.9996161069 5.8307259845
-0.5102219269 -0.8599135839 0.0149068294 -62.5864614656 0.8600001746 -0.5102925331 -0.0011092078 802.9487811619 0.0085606666 0.0122539338 0.9998882718 5.8491538911
-0.5087226857 -0.8609170614 -0.0048002518 -63.1224159102 0.8608673236 -0.5087449964 0.0092725289 803.8348574579 -0.0104249824 0.0005847659 0.9999454874 5.8523886354
-0.5082302582 -0.8610314296 -0.0180798745 -63.6543234160 0.8609688473 -0.5084775488 0.0135361125 804.7272290613 -0.0208482286 -0.0086867468 0.9997449134 5.8353293512
-0.5062423820 -0.8617669231 -0.0328088543 -64.1846046716 0.8617333688 -0.5069757099 0.0197795488 805.6178788406 -0.0336786531 -0.0182592387 0.9992659048 5.8036963890
-0.5051130562 -0.8618086277 -0.0463323835 -64.7119982693 0.8622837823 -0.5062013404 0.0150625956 806.5049145881 -0.0364345895 -0.0323433492 0.9988125092 5.7671356345
-0.5056746632 -0.8619099195 -0.0374756673 -65.2246796875 0.8626115920 -0.5058333645 -0.0058179561 807.3751117428 -0.0139418888 -0.0352689380 0.9992806041 5.7372042386
-0.5067408311 -0.8608548190 -0.0462894234 -65.7477787391 0.8619490593 -0.5069216813 -0.0086155862 808.2532693907 -0.0160483435 -0.0442649943 0.9988909154 5.7187133016
-0.5084475728 -0.8595868397 -0.0509070795 -66.2679180219 0.8608043405 -0.5089186575 -0.0042056452 809.1316775001 -0.0222924453 -0.0459593851 0.9986945388 5.6983527690
-0.5113020673 -0.8579604170 -0.0497405162 -66.7867828973 0.8590559700 -0.5118800349 -0.0012924101 809.9995508062 -0.0243523405 -0.0433906993 0.9987613382 5.6760453724
-0.5115733020 -0.8582683853 -0.0408428151 -67.2999017318 0.8586866435 -0.5123712689 0.0115295698 810.8687491813 -0.0308221503 -0.0291729597 0.9990990609 5.6522691282
-0.5127772228 -0.8576329240 -0.0390549286 -67.8156922903 0.8579782579 -0.5135404741 0.0122266281 811.7318292630 -0.0305422454 -0.0272387432 0.9991622602 5.6216531757
-0.5137988636 -0.8570610624 -0.0381714966 -68.3487327298 0.8571390633 -0.5147150336 0.0195207655 812.6195590822 -0.0363779312 -0.0226885337 0.9990805156 5.5881644312
-0.5130714073 -0.8575125569 -0.0378146254 -68.8779743346 0.8575282114 -0.5140075105 0.0210153716 813.5031743992 -0.0374579465 -0.0216447218 0.9990637659 5.5489221907
-0.5131633354 -0.8573916077 -0.0392813219 -69.4069107031 0.8575044555 -0.5141147186 0.0192915758 814.3811094666 -0.0367355410 -0.0237841792 0.9990419475 5.5081693347
-0.5146558865 -0.8568890347 -0.0295042469 -69.9279970745 0.8570148511 -0.5151489966 0.0121266775 815.2551994871 -0.0255903002 -0.0190445118 0.9994910921 5.4738270178
-0.5137416608 -0.8571905029 -0.0359714842 -70.4577425209 0.8575108085 -0.5143638100 0.0102510658 816.1318245215 -0.0272895460 -0.0255795369 0.9993002392 5.4456057119
-0.5103278999 -0.8590190773 -0.0406406130 -70.9838825494 0.8590242684 -0.5114185160 0.0229871232 817.0114325564 -0.0405307393 -0.0231803026 0.9989093716 5.4133201520
-0.5082524988 -0.8599474047 -0.0465817423 -71.5079858399 0.8596451869 -0.5098446196 0.0326896990 817.8903144278 -0.0518608725 -0.0234291494 0.9983794493 5.3647061720
-0.5077485444 -0.8602359193 -0.0467501752 -72.0279133825 0.8599124903 -0.5093613423 0.0331893361 818.7626084295 -0.0523633911 -0.0233492225 0.9983550917 5.3111061866
-0.5080680022 -0.8606820692 -0.0330647978 -72.5429953547 0.8605227729 -0.5088735260 0.0234156353 819.6343591912 -0.0369792177 -0.0165562764 0.9991788765 5.2647483281
-0.5108911258 -0.8593053105 -0.0241793503 -73.0584781996 0.8592897213 -0.5112867399 0.0143890418 820.4953557868 -0.0247271612 -0.0134258334 0.9996040789 5.2293568658
-0.4695934347 -0.8827765367 -0.0136964376 -73.5652173122 0.8827951183 -0.4697089112 0.0068057185 821.3695226779 -0.0124412674 -0.0088952275 0.9998830381 5.2070048263
-0.3988274230 -0.9169344061 -0.0129607731 -74.0147242158 0.9169776600 -0.3989116844 0.0046302295 822.2901806372 -0.0094158206 -0.0100380769 0.9999052852 5.1949308182
-0.3450954925 -0.9384433152 -0.0152723652 -74.3859759073 0.9383976139 -0.3452969765 0.0134132869 823.2227365487 -0.0178611109 -0.0097026862 0.9997933980 5.1796906582
-0.3017122881 -0.9532434321 -0.0172236575 -74.7170775365 0.9531634616 -0.3019900790 0.0167752069 824.1715980001 -0.0211922295 -0.0113556749 0.9997109272 5.1614440005
-0.2809272338 -0.9596497298 -0.0123403994 -75.0063069504 0.9596797301 -0.2810199501 0.0065271199 825.1267468092 -0.0097316473 -0.0100091854 0.9999025509 5.1444615134
-0.2712992257 -0.9624433372 -0.0099776143 -75.2800838101 0.9623825594 -0.2714114294 0.0124757899 826.0911263539 -0.0147152794 -0.0062176098 0.9998723928 5.1341317567
-0.2754543607 -0.9612671839 -0.0095024406 -75.5591739243 0.9609044763 -0.2756120736 0.0264683246 827.0664650665 -0.0280621192 -0.0018401222 0.9996044875 5.1169988710
-0.2859426160 -0.9581838506 -0.0109785584 -75.8466476437 0.9575893074 -0.2861520045 0.0337601647 828.0312997666 -0.0354899811 -0.0008594803 0.9993696626 5.0834653071
-0.2982935609 -0.9543080853 -0.0178053344 -76.1519375460 0.9544594928 -0.2983405373 -0.0000187514 828.9963699110 -0.0052941584 -0.0170000638 0.9998414723 5.0549892931
-0.3153389258 -0.9486686824 -0.0242712354 -76.4662695042 0.9488493117 -0.3147696421 -0.0245978875 829.9502120232 0.0156953974 -0.0307864165 0.9994027472 5.0544229418
-0.3544541407 -0.9347192081 -0.0257344945 -76.8114681615 0.9345126998 -0.3531544852 -0.0443612825 830.9140572939 0.0323770907 -0.0397732522 0.9986840403 5.0736262613
-0.3948186882 -0.9184726013 -0.0229408840 -77.1958947795 0.9170832851 -0.3924682727 -0.0701919021 831.8565028975 0.0554657698 -0.0487517759 0.9972696790 5.1147970957
-0.4216918149 -0.9063399336 -0.0269060956 -77.6139090775 0.9052900087 -0.4191554367 -0.0689834765 832.7696811663 0.0512446433 -0.0534475869 0.9972549032 5.1689438287
-0.4418701434 -0.8955456418 -0.0524288070 -78.0606540173 0.8966429694 -0.4390783977 -0.0569345784 833.6763553636 0.0279671570 -0.0721676115 0.9970003380 5.2096284268
-0.4742292925 -0.8786844071 -0.0549571729 -78.5236692355 0.8799044419 -0.4709402628 -0.0631145149 834.5673307780 0.0295761947 -0.0782878123 0.9964919805 5.2336556209
-0.5842722315 -0.8114468483 -0.0134153554 -79.0414950868 0.8085940930 -0.5806476342 -0.0949943034 835.4330346436 0.0692932337 -0.0663501108 0.9953874173 5.2786820008
-0.7130316182 -0.7010868606 -0.0079451412 -79.7154879473 0.6998593478 -0.7110093668 -0.0682830402 836.2181838132 0.0422232725 -0.0542484480 0.9976343524 5.3369942902
-0.7979512772 -0.6023558245 -0.0210052365 -80.5024287459 0.6021777414 -0.7952658302 -0.0702440533 836.8780204723 0.0256071678 -0.0687002180 0.9973086548 5.3675307423
-0.8414035335 -0.5404032798 -0.0020950059 -81.3337882298 0.5383262850 -0.8378171799 -0.0909240557 837.4441324066 0.0473804260 -0.0776316185 0.9958556256 5.3973463687
-0.8676072970 -0.4971275231 -0.0110364799 -82.2004406942 0.4965682606 -0.8650424835 -0.0715644062 837.9745303310 0.0260296120 -0.0675701667 0.9973749204 5.4354080472
-0.9000872075 -0.4347140196 -0.0294404505 -83.1070804934 0.4357030719 -0.8983914624 -0.0552776023 838.4269050384 -0.0024191007 -0.0625819574 0.9980368964 5.4470072047
-0.8802571655 -0.4739733677 -0.0222838337 -84.0063182349 0.4744238005 -0.8783260201 -0.0588681576 838.8759049266 0.0083294680 -0.0623910986 0.9980170193 5.4454421420
-0.8571913498 -0.5149620990 -0.0060849339 -84.8762008829 0.5142913126 -0.8553364774 -0.0624816473 839.3660484388 0.0269710143 -0.0566881562 0.9980275634 5.4605479052
-0.8395365733 -0.5433028812 -0.0005668734 -85.7372250790 0.5426402344 -0.8384601803 -0.0502603432 839.9040567908 0.0268312884 -0.0425030046 0.9987359894 5.4875039915
-0.8257096758 -0.5640952360 0.0003099846 -86.5815198257 0.5635038867 -0.8248689805 -0.0453269749 840.4668517727 0.0258244273 -0.0372522442 0.9989721564 5.5161187704
-0.8178511540 -0.5753325917 0.0105782245 -87.4104975141 0.5741908379 -0.8171579838 -0.0505738187 841.0399449681 0.0377408468 -0.0352879364 0.9986643030 5.5445786684
-0.8129075187 -0.5823723949 0.0048744022 -88.2457381508 0.5811795154 -0.8117255696 -0.0577232231 841.6255716149 0.0375730885 -0.0440907394 0.9983207249 5.5820576835
-0.8123432827 -0.5830706052 -0.0112721079 -89.0844133001 0.5827289875 -0.8108043758 -0.0549835553 842.2206120526 0.0229198205 -0.0512341058 0.9984236316 5.6127700472
-0.8137408724 -0.5806238118 -0.0264911638 -89.9299825068 0.5811826560 -0.8122637866 -0.0495405021 842.8199741026 0.0072465821 -0.0557093363 0.9984207314 5.6298384859
-0.8154794369 -0.5780592449 -0.0289965055 -90.7667879643 0.5787781923 -0.8141833573 -0.0460571907 843.4108418560 0.0030153127 -0.0543412370 0.9985178706 5.6363352722
-0.8214970948 -0.5691220046 -0.0352514851 -91.6051421146 0.5701842871 -0.8205020389 -0.0408201293 843.9961403895 -0.0056922816 -0.0536334606 0.9985444656 5.6361938069
-0.8069974215 -0.5894579941 -0.0359782557 -92.4604905288 0.5903960827 -0.8066947864 -0.0259997526 844.5822353866 -0.0136977093 -0.0422231545 0.9990143032 5.6293782335
-0.7170889564 -0.6959601437 -0.0377214385 -93.2495631339 0.6967176771 -0.7172561895 -0.0113153493 845.2371359687 -0.0191809031 -0.0343953051 0.9992242271 5.6162860650
-0.6330474085 -0.7727840445 -0.0453409215 -93.9382430100 0.7737269056 -0.6334951102 -0.0055336118 845.9771029822 -0.0244469652 -0.0385845295 0.9989562453 5.5959577771
-0.5653253157 -0.8238563933 -0.0408403068 -94.5445721489 0.8246001455 -0.5657103583 -0.0025279477 846.7827192366 -0.0210211187 -0.0351060358 0.9991624887 5.5718994509
-0.5287942093 -0.8484028353 -0.0242757765 -95.0940328973 0.8487071403 -0.5288388090 -0.0050699199 847.6314014041 -0.0085366383 -0.0232839691 0.9996924440 5.5527858406
-0.5140140626 -0.8577446686 -0.0079766479 -95.6129007947 0.8577785942 -0.5139646879 -0.0074955221 848.4902542074 0.0023295288 -0.0106950015 0.9999400933 5.5448035442
-0.5145173355 -0.8574799626 0.0001585760 -96.1310951981 0.8573573882 -0.5144468961 -0.0168136842 849.3528296016 0.0144989762 -0.0085149757 0.9998586274 5.5489697478
-0.5235383006 -0.8519801288 0.0061243652 -96.6541469239 0.8517037548 -0.5235316517 -0.0227007438 850.2156594678 0.0225468817 -0.0066685640 0.9997235460 5.5624241779
-0.5396679237 -0.8417958067 0.0117623097 -97.1811657400 0.8415533274 -0.5397951303 -0.0202290485 851.0661514289 0.0233779657 -0.0010183577 0.9997261793 5.5825610466
-0.5556279356 -0.8312791861 0.0158906266 -97.7372745942 0.8309740450 -0.5558546979 -0.0225320067 851.9127699549 0.0275632677 0.0006852859 0.9996198261 5.6078721086
-0.5700998909 -0.8213708011 0.0183336159 -98.3046399580 0.8213069370 -0.5703421045 -0.0128374057 852.7501385254 0.0210007033 0.0077389223 0.9997495084 5.6352168825
-0.5804801723 -0.8138778749 0.0254081535 -98.8847031546 0.8139708434 -0.5808331482 -0.0091825982 853.5821531702 0.0222314113 0.0153511800 0.9996349862 5.6569299611
-0.5913072020 -0.8061112168 0.0232486327 -99.4827561739 0.8062210229 -0.5915777658 -0.0065885733 854.4045075392 0.0190644970 0.0148476656 0.9997080033 5.6795547453
-0.5977334934 -0.8014296554 0.0206198521 -100.0912614234 0.8016540097 -0.5977649807 0.0052798226 855.2342771450 0.0080944190 0.0196859139 0.9997734469 5.6939882194
-0.6025292044 -0.7979278531 0.0164225178 -100.7014084593 0.7979893180 -0.6026582266 -0.0040137549 856.0409988413 0.0130998522 0.0106865893 0.9998570851 5.7019774857
-0.6494529967 -0.7604017238 -0.0001533882 -101.3276756795 0.7602871299 -0.6493515944 -0.0174924830 856.8268078689 0.0132017113 -0.0114771646 0.9998469830 5.7123450895
-0.7445058713 -0.6676150660 -0.0010635853 -102.0447256252 0.6673674860 -0.7441844313 -0.0284634984 857.5467574270 0.0182111567 -0.0219010439 0.9995942667 5.7246462633
-0.8107679890 -0.5853576642 -0.0034165869 -102.8329470667 0.5850726702 -0.8101603768 -0.0364710082 858.1604707523 0.0185806008 -0.0315684776 0.9993288710 5.7402071122
-0.8484256356 -0.5292650313 -0.0072434421 -103.6731859823 0.5290908501 -0.8475897377 -0.0406756556 858.7130505499 0.0153887349 -0.0383427079 0.9991461473 5.7574798489
-0.8679344044 -0.4964950246 -0.0135114842 -104.5630353853 0.4965747000 -0.8668742339 -0.0440752763 859.2350580182 0.0101703979 -0.0449639099 0.9989368398 5.7676023465
-0.8748140372 -0.4831972645 -0.0349400043 -105.4476042930 0.4844417054 -0.8731121320 -0.0546940486 859.7197152048 -0.0040785270 -0.0647735168 0.9978916560 5.7670115980
-0.8745035610 -0.4828903939 -0.0453915104 -106.3294552626 0.4849640479 -0.8719765868 -0.0668334071 860.2001287258 -0.0073071240 -0.0804593032 0.9967311104 5.7600336071
-0.8683236551 -0.4929343124 -0.0550435609 -107.2126630069 0.4958175260 -0.8656396844 -0.0695191900 860.6906526502 -0.0133794966 -0.0876567193 0.9960608860 5.7517556198
-0.8574330199 -0.5101791678 -0.0672743123 -108.0893342966 0.5137533605 -0.8561595254 -0.0552118793 861.2041296461 -0.0294295926 -0.0819028924 0.9962057093 5.7302061158
-0.8465724223 -0.5282867100 -0.0650252706 -108.9496727252 0.5312358258 -0.8462180203 -0.0412741993 861.7331648615 -0.0332209447 -0.0694853522 0.9970296659 5.6974913176
-0.8370773743 -0.5429334291 -0.0672663443 -109.8020005533 0.5452492115 -0.8380019289 -0.0213556644 862.2816927301 -0.0447746221 -0.0545532647 0.9975064784 5.6579417828
-0.8328046364 -0.5518802159 -0.0431817663 -110.6612438006 0.5527270657 -0.8333027437 -0.0099663569 862.8520211315 -0.0304832492 -0.0321677592 0.9990175208 5.6201205547
-0.8306002821 -0.5568271648 -0.0068322630 -111.5029840743 0.5568517987 -0.8306086468 -0.0023130277 863.4266379028 -0.0043869801 -0.0057257594 0.9999739847 5.5973380527
-0.8289382451 -0.5593290901 0.0035149347 -112.3284611608 0.5593078042 -0.8288064018 0.0159602154 863.9924149273 -0.0060138124 0.0151959634 0.9998664495 5.5890325160
-0.8282556868 -0.5603232669 0.0055094296 -113.1607745875 0.5603311745 -0.8281059625 0.0164161436 864.5535499194 -0.0046359557 0.0166838695 0.9998500670 5.5825161612
-0.8298563213 -0.5579548679 0.0049851219 -114.0100123143 0.5576060771 -0.8289455859 0.0438711577 865.1440695503 -0.0203457312 0.0391864918 0.9990247595 5.5696257627
-0.8344377314 -0.5511016582 -0.0007966892 -114.8586199370 0.5502450920 -0.8332196365 0.0545470071 865.7130302228 -0.0307247632 0.0450777066 0.9985108859 5.5429058448
-0.7367368193 -0.6761489022 0.0064436928 -115.6662993404 0.6750267226 -0.7348910478 0.0653763844 866.3522289786 -0.0394687584 0.0525148543 0.9978398705 5.4985667324
-0.6343496452 -0.7730265145 0.0055258955 -116.3704986778 0.7719581607 -0.6330614467 0.0575656392 867.1029199697 -0.0410015340 0.0407825030 0.9983264304 5.4535769985
-0.5555203470 -0.8314996087 0.0023547390 -116.9703611184 0.8294713691 -0.5539630075 0.0714299253 867.9257891694 -0.0580895166 0.0416339655 0.9974428410 5.3995420979
-0.5073070098 -0.8617561245 0.0039974594 -117.5067754718 0.8601411884 -0.5060607547 0.0637153713 868.7821344987 -0.0528841541 0.0357616340 0.9979601053 5.3418946176
-0.4803800008 -0.8770460716 -0.0050242465 -118.0136718385 0.8755288434 -0.4798716379 0.0563245556 869.6596892501 -0.0518102236 0.0226583173 0.9983998705 5.2921381225
-0.4715512269 -0.8818305244 -0.0037903449 -118.5005324551 0.8808338115 -0.4712146759 0.0457003924 870.5575907099 -0.0420860671 0.0182114122 0.9989480004 5.2437508452
-0.4759762165 -0.8794573892 0.0011584150 -118.9803358948 0.8789539201 -0.4756583083 0.0344844908 871.4526906991 -0.0297766305 0.0174319908 0.9994045617 5.2043885479
-0.4920082517 -0.8705486737 0.0085373919 -119.4685023095 0.8703587136 -0.4916272965 0.0278982266 872.3360486930 -0.0200895493 0.0211567511 0.9995743103 5.1780090089
-0.5113918530 -0.8592170536 0.0149809035 -119.9683132190 0.8592361128 -0.5109669230 0.0250221109 873.2032745494 -0.0138446782 0.0256682370 0.9995746428 5.1578906557
-0.5303954474 -0.8476737470 0.0113968399 -120.4942623611 0.8476770167 -0.5301248014 0.0202822663 874.0583075028 -0.0111509972 0.0204184609 0.9997293342 5.1445272150
-0.5403131479 -0.8414299732 0.0075698379 -121.0328277393 0.8414066351 -0.5401493726 0.0165387357 874.9020359780 -0.0098273448 0.0153054082 0.9998345702 5.1292406103
-0.5504754583 -0.8348288494 0.0061287802 -121.5976201981 0.8347818186 -0.5503200396 0.0169460736 875.7658421559 -0.0107742806 0.0144445919 0.9998376211 5.1149737809
-0.5592446161 -0.8289821984 0.0058287207 -122.1679483117 0.8289887843 -0.5591806893 0.0097237940 876.6171839224 -0.0048015441 0.0102699235 0.9999357349 5.1061735624
-0.5597311573 -0.8286696038 0.0027783491 -122.7297610088 0.8286632551 -0.5597032971 0.0070305600 877.4453321681 -0.0042709602 0.0062375393 0.9999714256 5.1015516148
-0.5587076447 -0.8292926848 -0.0109275224 -123.3142686274 0.8293157683 -0.5587692903 0.0034980823 878.2940097642 -0.0090068980 -0.0071079613 0.9999341742 5.0911752206
-0.5586149984 -0.8289727945 -0.0274479427 -123.8946624775 0.8294208738 -0.5584328934 -0.0146190898 879.1305417349 -0.0032090063 -0.0309323394 0.9995163294 5.0749030686
-0.5622779279 -0.8269469453 0.0015104419 -124.4558888933 0.8258973828 -0.5616544664 -0.0493738128 879.9634279746 0.0416778701 -0.0265143351 0.9987792274 5.0902375128
-0.5579084999 -0.8298233098 0.0114621238 -125.0285262067 0.8288777666 -0.5578526140 -0.0419774825 880.8170082635 0.0412280692 -0.0139188947 0.9990528068 5.1353840871
-0.5507805381 -0.8346108144 0.0080985957 -125.5891180086 0.8343005496 -0.5508047407 -0.0235951375 881.6547512290 0.0241535018 -0.0062390797 0.9996887927 5.1632984339
-0.5224256817 -0.8526388931 0.0088501481 -126.1442695049 0.8524585397 -0.5224980091 -0.0176144411 882.5130286703 0.0196429423 -0.0016578521 0.9998056843 5.1837848712
-0.4664788317 -0.8843826492 0.0162735760 -126.6436897499 0.8842720556 -0.4667089330 -0.0156749339 883.3788003176 0.0214576629 0.0070782436 0.9997447010 5.1996418198
-0.4225778270 -0.9062341296 0.0129492238 -127.0983789280 0.9060305285 -0.4227618387 -0.0195220169 884.2918412431 0.0231659557 0.0034828206 0.9997255666 5.2154929928
-0.3923837217 -0.9196477045 0.0168260069 -127.5112277237 0.9187305141 -0.3927437707 -0.0410679082 885.2147374286 0.0443763169 -0.0006558127 0.9990146708 5.2454589495
-0.3670918175 -0.9301649354 0.0060655071 -127.9076777718 0.9288938288 -0.3669180011 -0.0502736050 886.1672189355 0.0489882883 -0.0128208169 0.9987170642 5.2919229484
-0.3557748522 -0.9345513166 0.0061718048 -128.2684698691 0.9336845325 -0.3557170525 -0.0412137385 887.1076915777 0.0407117698 -0.0089002930 0.9991312910 5.3385467280
-0.3494763623 -0.9369343983 0.0044950458 -128.6289274523 0.9360732769 -0.3493540520 -0.0414555971 888.0562292053 0.0404115374 -0.0102800590 0.9991302358 5.3808567505
-0.3496068872 -0.9368963286 -0.0005422169 -128.9913526647 0.9362055393 -0.3493267767 -0.0386004038 889.0048902159 0.0359751657 -0.0140025935 0.9992545796 5.4227425266
-0.3605360047 -0.9327291693 0.0054850709 -129.3538461402 0.9321774043 -0.3605154385 -0.0327704968 889.9565953697 0.0325434510 -0.0067018849 0.9994478518 5.4545827732
-0.3698780018 -0.9290802332 -0.0004290275 -129.7339975250 0.9284867910 -0.3696251631 -0.0359098563 890.9015720160 0.0332045583 -0.0136806122 0.9993549410 5.4870025740
-0.3818357384 -0.9241980349 -0.0077111078 -130.1254456082 0.9237549358 -0.3813585720 -0.0352485201 891.8535475297 0.0296359159 -0.0205823186 0.9993488283 5.5168309080
-0.3931725657 -0.9190275126 -0.0283507434 -130.5334223766 0.9192878633 -0.3923053370 -0.0317229721 892.7951477053 0.0180321362 -0.0385350966 0.9990945343 5.5396095888
-0.3997976518 -0.9158009651 -0.0383461846 -130.9484649575 0.9165455359 -0.3989522444 -0.0279533056 893.7408385024 0.0103013678 -0.0463216903 0.9988734569 5.5529719212
-0.4053843135 -0.9126951193 -0.0514895877 -131.3722436591 0.9141257152 -0.4043531194 -0.0295420311 894.6863837895 0.0061428922 -0.0590438322 0.9982364904 5.5611758008
-0.4047016559 -0.9132635652 -0.0465427775 -131.7905880876 0.9144028533 -0.4036467293 -0.0306062050 895.6309665272 0.0091646920 -0.0549452304 0.9984473096 5.5690224644
-0.4023217572 -0.9149907154 -0.0304826915 -132.1991182906 0.9154520416 -0.4017435032 -0.0234460475 896.5793950946 0.0092066925 -0.0373382972 0.9992602706 5.5804237488
-0.3982346201 -0.9170111959 -0.0223529412 -132.6114415812 0.9172504212 -0.3978947281 -0.0182057715 897.5276740302 0.0078007789 -0.0277534132 0.9995843616 5.5919495089
-0.3924252333 -0.9195225620 -0.0219247421 -133.0126385094 0.9197835804 -0.3922934912 -0.0101971593 898.4504815719 0.0007755844 -0.0241676404 0.9997076191 5.6000705966
-0.3882002540 -0.9213988472 -0.0180201868 -133.4060542137 0.9215211317 -0.3883148314 0.0032241982 899.3824429933 -0.0099682783 -0.0153543484 0.9998324247 5.5953979692
-0.3880608447 -0.9215987569 -0.0080319406 -133.7980288590 0.9216318471 -0.3880630428 -0.0013465348 900.3102474441 -0.0018759345 -0.0079250297 0.9999668368 5.5822386535
-0.3871371093 -0.9219865957 -0.0080978938 -134.1899817913 0.9220052233 -0.3871682974 0.0026603883 901.2369933298 -0.0055880901 -0.0064363653 0.9999636726 5.5749174800
-0.3865458941 -0.9222109418 -0.0104523014 -134.5819287450 0.9221501316 -0.3866536081 0.0117525329 902.1711710443 -0.0148797344 -0.0050956978 0.9998763060 5.5614199792
-0.3882690822 -0.9215418376 0.0027859077 -134.9672194202 0.9215246209 -0.3882788955 -0.0056455618 903.0958935615 0.0062843306 0.0003752855 0.9999801830 5.5523854753
-0.3890941144 -0.9208379802 0.0257523671 -135.3476840069 0.9210852637 -0.3893318020 -0.0047628707 904.0316692595 0.0144120478 0.0218669209 0.9996570065 5.5581397954
-0.3881306574 -0.9208447067 0.0374114809 -135.7332930709 0.9212191968 -0.3888221460 -0.0131350732 904.9571662767 0.0266417749 0.0293660498 0.9992136163 5.5782199449
-0.3563659844 -0.9339904222 0.0257910131 -136.1222483675 0.9340423128 -0.3568184768 -0.0156694732 905.8832193071 0.0238378479 0.0185058302 0.9995445419 5.6026008872
-0.2734168584 -0.9618535556 0.0089977291 -136.4633863573 0.9618473992 -0.2734848664 -0.0074571047 906.8622585198 0.0096333854 0.0066155442 0.9999317139 5.6153117390
-0.2008446149 -0.9796189734 0.0028473901 -136.7145583868 0.9796123442 -0.2008551868 -0.0041047608 907.8651269234 0.0045930146 0.0019649194 0.9999875216 5.6183871363
-0.1544097776 -0.9879926975 -0.0052962505 -136.9042904382 0.9880006074 -0.1544256980 0.0027392679 908.8837465502 -0.0035242539 -0.0048097290 0.9999822229 5.6171477784
-0.1190476961 -0.9927966232 -0.0135096611 -137.0476644277 0.9928187986 -0.1191895782 0.0102312065 909.8839718367 -0.0117677181 -0.0121946439 0.9998563954 5.6049337528
-0.0370445119 -0.9990010040 -0.0249939607 -137.1377178999 0.9992258131 -0.0366981236 -0.0141782299 910.8932262138 0.0132468345 -0.0254998363 0.9995870546 5.5986602780
0.0058009437 -0.9991193668 -0.0415552646 -137.1628694338 0.9993169894 0.0073086925 -0.0362234402 911.9075555121 0.0364952553 -0.0413167518 0.9984793550 5.6184829662
0.0398986272 -0.9976149937 -0.0563242744 -137.1492700857 0.9961567340 0.0441125148 -0.0756693289 912.9198447418 0.0779734624 -0.0530887029 0.9955409227 5.6671873699
0.0612398988 -0.9963000206 -0.0602987871 -137.0996366946 0.9927737040 0.0670466374 -0.0995244745 913.9144434855 0.1031990669 -0.0537681815 0.9932063911 5.7538855558
0.0673228608 -0.9961290510 -0.0565203167 -137.0341338547 0.9931277344 0.0723401573 -0.0920011127 914.9278351075 0.0957336697 -0.0499381160 0.9941535339 5.8555969624
0.0743998758 -0.9961144746 -0.0471233686 -136.9588205682 0.9930130007 0.0783429513 -0.0882471671 915.9590128353 0.0915960643 -0.0402285394 0.9949833293 5.9535915596
0.0763995895 -0.9967013755 -0.0273764626 -136.8751669744 0.9941791678 0.0782407064 -0.0740687124 916.9665177165 0.0759663413 -0.0215582896 0.9968773019 6.0406819348
0.0749241478 -0.9970878633 -0.0142184746 -136.7946253551 0.9954080960 0.0756345554 -0.0586697235 917.9814601020 0.0595742772 -0.0097574057 0.9981761861 6.1123273524
0.0697910434 -0.9975614952 -0.0005230909 -136.7171192369 0.9961280003 0.0697188371 -0.0535564266 918.9908937222 0.0534622983 0.0032166934 0.9985646877 6.1723246759
0.0636693706 -0.9979492309 0.0065987714 -136.6447119529 0.9965829959 0.0632308042 -0.0531431815 920.0049867280 0.0526169515 0.0099598163 0.9985650998 6.2247857030
0.0608500263 -0.9980172880 0.0160862399 -136.5796046542 0.9964926504 0.0598138150 -0.0585209815 921.0112476707 0.0574427718 0.0195908231 0.9981565647 6.2732130639
0.0511254162 -0.9978877678 0.0400773597 -136.5074293657 0.9973662201 0.0489491343 -0.0535220070 922.0362845642 0.0514472040 0.0427081396 0.9977620959 6.3235289552
0.0440056128 -0.9982881770 0.0385255990 -136.4539323732 0.9984934435 0.0426839929 -0.0344807191 923.0728288664 0.0327772678 0.0399849032 0.9986625347 6.3670808763
0.0438146674 -0.9988953420 0.0169814769 -136.4193525424 0.9984638175 0.0432060379 -0.0346877991 924.0999520445 0.0339157786 0.0184752247 0.9992539147 6.3961146019
0.0419687289 -0.9990993755 -0.0062500881 -136.3900810275 0.9986627243 0.0421377632 -0.0299528281 925.1257444221 0.0301892166 -0.0049846479 0.9995317726 6.4202193967
0.0372333626 -0.9992751055 -0.0079334838 -136.3524649389 0.9990432680 0.0374046217 -0.0226592799 926.1431765008 0.0229396033 -0.0070822124 0.9997117669 6.4425715561
0.0380616209 -0.9992599228 -0.0055605528 -136.3177564637 0.9992194586 0.0381177777 -0.0103686362 927.1663783464 0.0105729185 -0.0051615655 0.9999307834 6.4581299384
0.0391902355 -0.9991924878 0.0088598987 -136.2758453427 0.9992244886 0.0391545657 -0.0041642857 928.1692495852 0.0038140175 0.0090162271 0.9999520793 6.4679437148
0.0031470273 -0.9999197187 0.0122740506 -136.2419132115 0.9999780556 0.0030751830 -0.0058678380 929.1992814280 0.0058296220 0.0122922475 0.9999074538 6.4704400761
-0.1239486854 -0.9921878872 -0.0141393049 -136.3197897036 0.9922759160 -0.1240066427 0.0032953154 930.2263149975 -0.0050229398 -0.0136216417 0.9998946049 6.4671929009
-0.2222765280 -0.9740574323 -0.0424883935 -136.5179836700 0.9748599994 -0.2227312617 0.0062262852 931.2481904097 -0.0155282529 -0.0400362782 0.9990775594 6.4521087618
-0.2767711401 -0.9590863866 -0.0595905949 -136.7796034954 0.9604381250 -0.2780910680 0.0149654945 932.2243576441 -0.0309248142 -0.0530910622 0.9981107128 6.4300281030
-0.3077205525 -0.9493733366 -0.0632323435 -137.0792260360 0.9505181162 -0.3097134121 0.0243498095 933.1952945384 -0.0427009647 -0.0526105512 0.9977017378 6.3953926343
-0.3238476975 -0.9440503728 -0.0623823886 -137.4025595005 0.9449892895 -0.3259677039 0.0272084302 934.1508919345 -0.0460207726 -0.0501393016 0.9976813815 6.3533621480
-0.3248904637 -0.9441521258 -0.0549813597 -137.7421858161 0.9451960004 -0.3261429443 0.0153395131 935.1245484507 -0.0324146164 -0.0469844998 0.9983695455 6.3140720442
-0.3162434330 -0.9481296643 -0.0322526085 -138.0682971638 0.9485064166 -0.3166501478 0.0082620602 936.0958947866 -0.0180462976 -0.0279789839 0.9994456001 6.2848749854
-0.3073204848 -0.9514034455 -0.0196367894 -138.3878521554 0.9516060591 -0.3072514119 -0.0065175350 937.0690669868 0.0001673740 -0.0206894598 0.9997859362 6.2702387885
-0.2945038208 -0.9556194527 -0.0076786154 -138.6953000382 0.9555744116 -0.2943696685 -0.0149680355 938.0447187818 0.0120433944 -0.0117456320 0.9998584884 6.2676632009
-0.2842599259 -0.9587209514 -0.0071015473 -138.9931234378 0.9586892071 -0.2841534122 -0.0131088747 939.0270425925 0.0105498239 -0.0105345045 0.9998888565 6.2752049093
-0.2752298122 -0.9613279369 -0.0098563763 -139.2812449544 0.9612287750 -0.2749915831 -0.0204663463 940.0083156884 0.0169644499 -0.0151071811 0.9997419570 6.2868561682
-0.2655488319 -0.9639225478 -0.0183613659 -139.5615103565 0.9640777546 -0.2656168700 0.0013271606 941.0113254110 -0.0061563686 -0.0173493584 0.9998305351 6.2961661516
-0.2594305041 -0.9653906195 -0.0267724747 -139.8346113887 0.9653637997 -0.2600196965 0.0215056197 942.0111300909 -0.0277226943 -0.0202659642 0.9994101975 6.2840410766
-0.2529357290 -0.9669241259 -0.0328823934 -140.0994955271 0.9664122065 -0.2541084771 0.0384230261 942.9996010958 -0.0455078458 -0.0220593903 0.9987203909 6.2532203104
-0.2570612741 -0.9659613957 -0.0289496693 -140.3550728037 0.9645451353 -0.2583067179 0.0541324439 943.9839622020 -0.0597677451 -0.0140079077 0.9981140191 6.2032284617
-0.2873347345 -0.9577377807 -0.0133076544 -140.6268857330 0.9562512945 -0.2876308092 0.0534039262 944.9719338201 -0.0549746492 0.0026193412 0.9984843148 6.1433144983
-0.3230119428 -0.9463741523 0.0062648718 -140.9288268285 0.9448059277 -0.3220791167 0.0600566527 945.9486601437 -0.0548182794 0.0253181041 0.9981753102 6.0847405983
-0.3555261254 -0.9344884232 0.0182362561 -141.2678013343 0.9339042523 -0.3543808850 0.0472973145 946.8977293346 -0.0377362123 0.0338463481 0.9987143751 6.0336950285
-0.3817451783 -0.9239933017 0.0225166003 -141.6410398712 0.9237554609 -0.3806095264 0.0425703761 947.8370156013 -0.0307647098 0.0370508684 0.9988397098 5.9928171714
-0.3968973758 -0.9175946895 0.0221914144 -142.0358414948 0.9177647324 -0.3963851198 0.0242225663 948.7604303969 -0.0134301518 0.0299803705 0.9994602585 5.9631745249
-0.4052925654 -0.9140054821 0.0182185365 -142.4406886740 0.9141812050 -0.4051383147 0.0116477626 949.6724368029 -0.0032650917 0.0213757952 0.9997661799 5.9503758808
-0.4082138672 -0.9128789392 0.0036716408 -142.8555490049 0.9128497673 -0.4081582257 0.0105908051 950.5885757232 -0.0081695126 0.0076749699 0.9999371750 5.9473194906
-0.4041515648 -0.9146906684 -0.0015791617 -143.2759755900 0.9146774497 -0.4041542680 0.0049487983 951.5236976909 -0.0051648446 0.0005556410 0.9999865077 5.9428532141
-0.3938240740 -0.9187977921 -0.0267061050 -143.7009969311 0.9190314615 -0.3941241661 0.0068785526 952.4641642362 -0.0168455203 -0.0218348111 0.9996196624 5.9293074819
-0.3857718450 -0.9219436910 -0.0346397787 -144.1091570215 0.9225935685 -0.3855439798 -0.0133021442 953.4030452715 -0.0010913302 -0.0370900298 0.9993113322 5.9165644486
-0.3782529619 -0.9254355278 -0.0222211766 -144.4983345099 0.9254852733 -0.3775355933 -0.0307227079 954.3416538244 0.0200426003 -0.0321863270 0.9992809087 5.9230817261
-0.3732744351 -0.9276057146 -0.0146230763 -144.8850950830 0.9271381376 -0.3724349465 -0.0413168777 955.2916128538 0.0328796272 -0.0289801459 0.9990390789 5.9446158313
-0.3675234074 -0.9299334507 -0.0122605956 -145.2578930683 0.9291291283 -0.3665666712 -0.0484555318 956.2158617312 0.0405660942 -0.0292002187 0.9987500885 5.9746945112
-0.3645016471 -0.9311394049 -0.0108608449 -145.6242427595 0.9307296384 -0.3639199420 -0.0361194698 957.1532220343 0.0296797835 -0.0232741165 0.9992884598 6.0038376014
-0.3625500189 -0.9319430711 -0.0062925315 -145.9847420232 0.9317961522 -0.3623480797 -0.0214429430 958.0950019525 0.0177035155 -0.0136374961 0.9997502709 6.0209628452
-0.3616303703 -0.9322725017 -0.0095633653 -146.3522592604 0.9318133612 -0.3610756030 -0.0367187789 959.0264742732 0.0307788099 -0.0221898972 0.9992798774 6.0444230495
-0.3644553039 -0.9311762441 -0.0091177762 -146.7179680150 0.9304926842 -0.3637657129 -0.0431030248 959.9577212391 0.0368197784 -0.0241931501 0.9990290263 6.0819625930
-0.3623905225 -0.9317404888 -0.0230818291 -147.0945922565 0.9319259699 -0.3618769084 -0.0236450779 960.9053237485 0.0136782955 -0.0300793081 0.9994539206 6.1133981825
-0.3649262487 -0.9305310590 -0.0306721569 -147.4643411505 0.9310364237 -0.3647244866 -0.0121336981 961.8476558904 0.0001038963 -0.0329848002 0.9994558480 6.1246705953
-0.3679160047 -0.9279305478 -0.0598557590 -147.8477265147 0.9296203964 -0.3685169922 -0.0010700333 962.7835968358 -0.0210649476 -0.0560368168 0.9982064632 6.1070770596
-0.3732459989 -0.9266657877 -0.0444740617 -148.2148185169 0.9277204504 -0.3730554807 -0.0128208523 963.7119784598 -0.0047106473 -0.0460448284 0.9989282675 6.0860667658
-0.3775682522 -0.9255367381 -0.0287047275 -148.5877550576 0.9259679605 -0.3772119527 -0.0171603864 964.6430104543 0.0050548017 -0.0330588751 0.9994406234 6.0799238801
-0.3773882848 -0.9256992266 -0.0256714711 -148.9674947259 0.9260511934 -0.3771609409 -0.0133720538 965.5784125459 0.0026962237 -0.0288195529 0.9995809941 6.0784018856
-0.3765093866 -0.9255768766 -0.0393462501 -149.3594753262 0.9264110526 -0.3762515068 -0.0140486750 966.5167867447 -0.0018009571 -0.0417402589 0.9991268725 6.0803017575
-0.3534851724 -0.9343433283 -0.0452855138 -149.7512298626 0.9354401248 -0.3530667577 -0.0171941136 967.4648896522 0.0000763958 -0.0484397509 0.9988261033 6.0823215798
-0.2143753493 -0.9758711690 -0.0414568583 -150.0458569977 0.9765129950 -0.2131922830 -0.0311676290 968.4230912238 0.0215773083 -0.0471647322 0.9986540481 6.0950639066
-0.0960600191 -0.9947945772 -0.0340032630 -150.2094089541 0.9940728313 -0.0941311272 -0.0543924343 969.4202799274 0.0509085332 -0.0390266582 0.9979404998 6.1280988635
-0.0076317340 -0.9993004191 -0.0366118704 -150.2785496929 0.9986407719 -0.0057286788 -0.0518053185 970.4509074264 0.0515593389 -0.0369574709 0.9979858616 6.1796171104
0.0309444342 -0.9989071117 -0.0350289051 -150.2713562790 0.9983232804 0.0326035862 -0.0478292162 971.4639896398 0.0489190121 -0.0334901234 0.9982411241 6.2253657279
0.0451561762 -0.9982003268 -0.0394591852 -150.2371518172 0.9985517131 0.0462580211 -0.0274712888 972.4914751990 0.0292471533 -0.0381615386 0.9988434817 6.2644918320
0.0453818134 -0.9978310140 -0.0476839441 -150.1958462655 0.9989595854 0.0455445799 -0.0023319558 973.5257202317 0.0044986431 -0.0475285047 0.9988597516 6.2808857264
0.0329082097 -0.9979514407 -0.0548632098 -150.1592327464 0.9994428899 0.0325524857 0.0073651589 974.5496779661 -0.0055641371 -0.0550750192 0.9984667158 6.2763286725
0.0206414823 -0.9981645051 -0.0569346112 -150.1344041014 0.9996631536 0.0197093340 0.0168855404 975.5675624407 -0.0157324038 -0.0572639756 0.9982351069 6.2636390660
-0.0000794223 -0.9984215563 -0.0561639538 -150.1233595268 0.9998684884 -0.0009901122 0.0161872067 976.5859330161 -0.0162172647 -0.0561552819 0.9982903308 6.2450678930
-0.0153230117 -0.9985201815 -0.0521790423 -150.1298687118 0.9998499206 -0.0157235170 0.0072737439 977.5948214849 -0.0080834182 -0.0520597556 0.9986112558 6.2331176835
-0.0287595890 -0.9985105602 -0.0463632087 -150.1538305709 0.9995678356 -0.0290104610 0.0047471170 978.6014679922 -0.0060850645 -0.0462066470 0.9989133685 6.2279452136
-0.0349648994 -0.9984517973 -0.0432604234 -150.1890297367 0.9992146542 -0.0357335037 0.0171228373 979.6162173854 -0.0186421742 -0.0426277507 0.9989170858 6.2172047270
-0.0425833811 -0.9985439394 -0.0331158078 -150.2265332321 0.9989515504 -0.0431115296 0.0154011651 980.6160043672 -0.0168064132 -0.0324252539 0.9993328511 6.1994348700
-0.0436414758 -0.9987574308 -0.0240627510 -150.2669591173 0.9987266409 -0.0442249672 0.0242744515 981.6185324305 -0.0253084632 -0.0229727376 0.9994156968 6.1778578456
-0.0457546698 -0.9987735227 -0.0189198472 -150.3100233451 0.9986736763 -0.0461813058 0.0227634614 982.6491964576 -0.0236092858 -0.0178532187 0.9995618361 6.1475730543
-0.0433475507 -0.9989015876 -0.0177934882 -150.3535082677 0.9985148326 -0.0439053454 0.0322560042 983.6787727730 -0.0330018030 -0.0163688431 0.9993212406 6.1120279639
-0.0427009823 -0.9990187355 -0.0117555179 -150.3932014048 0.9986675408 -0.0430213443 0.0285009980 984.6956331517 -0.0289787692 -0.0105228335 0.9995246375 6.0744946146
-0.0398116755 -0.9991285292 -0.0125384479 -150.4340073447 0.9989426455 -0.0400867398 0.0225087603 985.7103939093 -0.0229917701 -0.0116290788 0.9996680164 6.0473686492
-0.0358634287 -0.9993215150 -0.0083859440 -150.4691833870 0.9993082893 -0.0359430237 0.0095415942 986.7180727950 -0.0098365366 -0.0080379491 0.9999193137 6.0308581335
-0.0326807145 -0.9994649281 -0.0013522105 -150.5020672471 0.9994113527 -0.0326647756 -0.0104862030 987.7143009033 0.0104364225 -0.0016941111 0.9999441040 6.0299412347
-0.0290967003 -0.9995357255 0.0090396585 -150.5301978538 0.9995364440 -0.0291754043 -0.0087001705 988.7250371600 0.0089598669 0.0087823219 0.9999212927 6.0396518476
-0.0300986835 -0.9993550244 0.0195858238 -150.5541003281 0.9994385804 -0.0303781507 -0.0141312412 989.7292645559 0.0147171080 0.0191494962 0.9997083092 6.0477083353
-0.0628074208 -0.9977431516 0.0237451336 -150.5940707258 0.9978745493 -0.0631941487 -0.0159023086 990.7565737333 0.0173669730 0.0226958815 0.9995915592 6.0589474343
-0.1416403709 -0.9896593231 0.0226369053 -150.6979051755 0.9895837204 -0.1421498762 -0.0227480317 991.7797992910 0.0257306350 0.0191790733 0.9994849161 6.0746522357
-0.1950756750 -0.9804879358 0.0242670324 -150.8651016126 0.9804745908 -0.1955792386 -0.0204533201 992.7753654982 0.0248003613 0.0198032634 0.9994962595 6.0959377637
-0.2363225584 -0.9713742295 0.0241610157 -151.0845353372 0.9712208327 -0.2368990262 -0.0246768214 993.7633876311 0.0296941494 0.0176339923 0.9994034720 6.1198936740
-0.2740896523 -0.9611727530 0.0319656276 -151.3349016008 0.9613611925 -0.2747281084 -0.0175819235 994.7473926372 0.0256811222 0.0259114905 0.9993343157 6.1504240589
-0.3540506336 -0.9344822333 0.0372975128 -151.6476600104 0.9349049141 -0.3546927733 -0.0120763473 995.6986695382 0.0245142902 0.0305939896 0.9992312332 6.1775432694
-0.4266428485 -0.9034361385 0.0421784712 -152.0371452032 0.9042832496 -0.4269256333 0.0025116084 996.6358750270 0.0157379927 0.0392128448 0.9991069354 6.2032682639
-0.4774641113 -0.8779514649 0.0350606287 -152.5004820263 0.8786512496 -0.4770809361 0.0191249056 997.5506048917 -0.0000639813 0.0399375212 0.9992021769 6.2134086513
-0.5116493914 -0.8586454398 0.0307068240 -153.0067152078 0.8591497245 -0.5109318035 0.0284682827 998.4426035457 -0.0087550682 0.0409475389 0.9991229393 6.2039644911
-0.5318775629 -0.8462591018 0.0308511068 -153.5426993456 0.8468211268 -0.5315034304 0.0199520072 999.3156558306 -0.0004870986 0.0367373940 0.9993248354 6.1915378507
-0.5421102190 -0.8395666112 0.0352762773 -154.0910763160 0.8402945485 -0.5413919514 0.0282812085 1000.1832339247 -0.0046456658 0.0449739957 0.9989773559 6.1798510738
-0.5448614949 -0.8379840899 0.0301432657 -154.6456074248 0.8384677556 -0.5440475656 0.0313698771 1001.0350783441 -0.0098880875 0.0423663945 0.9990532090 6.1676112966
-0.5437924468 -0.8386310529 0.0314282009 -155.2009681639 0.8391294045 -0.5428030287 0.0350244863 1001.8909209599 -0.0123132992 0.0454183786 0.9988921631 6.1547893703
-0.5355924297 -0.8439635787 0.0294317371 -155.7498253999 0.8443069764 -0.5344609922 0.0386933756 1002.7470289204 -0.0169256844 0.0455733000 0.9988175987 6.1436393592
-0.5257716878 -0.8501870173 0.0273160761 -156.2873723172 0.8502930723 -0.5243969988 0.0448272106 1003.6098712651 -0.0237870442 0.0467955484 0.9986212261 6.1285000945
-0.5157634330 -0.8565143869 0.0192661936 -156.8135184022 0.8563160670 -0.5146833970 0.0427059050 1004.4693961112 -0.0266622320 0.0385240953 0.9989019068 6.1061391035
-0.5081533566 -0.8610204622 0.0205895563 -157.3278050360 0.8606295723 -0.5067130852 0.0505824925 1005.3372097134 -0.0331195635 0.0434236444 0.9985076272 6.0809085574
-0.5019742817 -0.8647711486 0.0138809617 -157.8350347447 0.8643728202 -0.5010628818 0.0423747110 1006.1967200103 -0.0296891929 0.0332693411 0.9990053567 6.0450857471
-0.4956260118 -0.8684130261 0.0146175412 -158.3469602906 0.8684785949 -0.4953294674 0.0198405888 1007.0770767186 -0.0099893269 0.0225285335 0.9996962931 6.0149382308
-0.4931117982 -0.8699410582 0.0065810119 -158.8586483952 0.8699541922 -0.4930516949 0.0089291494 1007.9589812726 -0.0045230546 0.0101282478 0.9999384784 5.9977927248
-0.4935663349 -0.8696992486 0.0039357459 -159.3670649686 0.8696678367 -0.4935819744 -0.0073951606 1008.8392785934 0.0083741788 -0.0002272107 0.9999649101 5.9908669952
-0.4954010927 -0.8686063845 0.0100352494 -159.8726109083 0.8681455010 -0.4954713798 -0.0288357562 1009.7143562152 0.0300191008 -0.0055732085 0.9995337878 6.0051148156
-0.4965139461 -0.8678701508 0.0165922459 -160.3803221738 0.8668311505 -0.4967420759 -0.0430240219 1010.5969342939 0.0455813310 -0.0069793513 0.9989362497 6.0446380554
-0.4976533606 -0.8671226454 0.0209630769 -160.8891489324 0.8655709193 -0.4980310494 -0.0524600569 1011.4813316265 0.0559295665 -0.0079618938 0.9984029707 6.1004392266
-0.4996197887 -0.8659773428 0.0215246008 -161.3894653371 0.8635393340 -0.4998679105 -0.0665724469 1012.3411206441 0.0684096879 -0.0146735724 0.9975493977 6.1669942694
-0.5008650307 -0.8651277554 0.0262333368 -161.8907155169 0.8628811355 -0.5014728178 -0.0629377392 1013.2100952887 0.0676044904 -0.0088870613 0.9976726182 6.2325655740
-0.5041219377 -0.8631024299 0.0302533874 -162.3968270041 0.8605552085 -0.5049719093 -0.0666941076 1014.0770945541 0.0728409571 -0.0075872527 0.9973147089 6.2973515922
-0.5044642202 -0.8630887266 0.0243659712 -162.9164116326 0.8612369036 -0.5049922277 -0.0570424922 1014.9612416599 0.0615373580 -0.0077910228 0.9980743727 6.3605145739
-0.5035887054 -0.8637512377 0.0182267694 -163.4378064378 0.8623716270 -0.5038326438 -0.0496773983 1015.8453569268 0.0520921556 -0.0092987279 0.9985989891 6.4108809393
-0.5007806516 -0.8655274859 0.0089950074 -163.9621434537 0.8638213742 -0.5004005649 -0.0584115419 1016.7261785382 0.0550579018 -0.0214812903 0.9982520632 6.4575057403
-0.4995908012 -0.8661975948 0.0105241694 -164.4644258040 0.8641945417 -0.4992007083 -0.0629797334 1017.5880937200 0.0598065664 -0.0223691657 0.9979593153 6.5121227282
-0.4987386399 -0.8665862606 0.0169712103 -164.9635434696 0.8644670381 -0.4987491912 -0.0628170701 1018.4572715170 0.0629007873 -0.0166582482 0.9978807513 6.5774648430
-0.4974244526 -0.8672589229 0.0207575171 -165.4683093672 0.8657391051 -0.4977953994 -0.0519186122 1019.3404448967 0.0553598762 -0.0078549929 0.9984355679 6.6437943683
-0.4991013473 -0.8664404535 0.0133710781 -165.9782362725 0.8651587657 -0.4991164056 -0.0488172493 1020.2203396003 0.0489709641 -0.0127966494 0.9987182237 6.7048970690
-0.5005147181 -0.8657196016 0.0038194665 -166.4896171926 0.8648588549 -0.5002049925 -0.0425925639 1021.1020411728 0.0387837337 -0.0180149057 0.9990852242 6.7516851712
-0.5025349605 -0.8645477639 -0.0039720923 -167.0056471442 0.8639355208 -0.5019943256 -0.0402133421 1021.9877326359 0.0327723872 -0.0236402419 0.9991832212 6.7869320430
-0.5026310314 -0.8644124290 -0.0123773511 -167.5243408498 0.8641002604 -0.5019106097 -0.0376361520 1022.8729604137 0.0263208337 -0.0296123702 0.9992148524 6.8122773597
-0.5040253716 -0.8635342840 -0.0163390694 -168.0504317701 0.8636246139 -0.5036669783 -0.0217278897 1023.7743133627 0.0105333280 -0.0250622302 0.9996303985 6.8248314818
-0.5027069903 -0.8642547867 -0.0186907862 -168.5739885359 0.8644437296 -0.5024626127 -0.0163817316 1024.6711022392 0.0047665686 -0.0243923439 0.9996910990 6.8262926286
-0.5023978959 -0.8645883299 -0.0091309401 -169.0893446324 0.8646228832 -0.5023025789 -0.0109265294 1025.5664233789 0.0048604551 -0.0133842851 0.9998986133 6.8281356621
-0.5016419471 -0.8650742605 -0.0013713838 -169.6051862488 0.8650559455 -0.5016194486 -0.0074926591 1026.4626414756 0.0057937938 -0.0049449558 0.9999709893 6.8334148470
-0.5016239456 -0.8650829640 0.0022096473 -170.1217319174 0.8650244220 -0.5016171499 -0.0106294021 1027.3566842314 0.0103037117 -0.0034205638 0.9999410649 6.8451758405
-0.5033234232 -0.8640666641 0.0073709980 -170.6394866654 0.8640183368 -0.5033745531 -0.0092937093 1028.2509135936 0.0117407572 0.0016909359 0.9999296452 6.8625724862
-0.5051366173 -0.8629184432 0.0144484687 -171.1412605444 0.8627798874 -0.5053244747 -0.0160636567 1029.1125530014 0.0211627904 0.0043515070 0.9997665731 6.8830606937
-0.5013632226 -0.8650901343 0.0159367081 -171.6529996522 0.8649271232 -0.5015915325 -0.0175215862 1029.9863935263 0.0231514693 0.0049994122 0.9997194683 6.9055425020
-0.4247516205 -0.9049694417 0.0248268099 -172.1229756722 0.9050037732 -0.4251614224 -0.0143504480 1030.8874426251 0.0235421187 0.0163729806 0.9995887625 6.9275193416
-0.3516466709 -0.9354982719 0.0344616043 -172.5128645392 0.9353228248 -0.3526353062 -0.0286278584 1031.8173855792 0.0389336905 0.0221658340 0.9989959177 6.9454909942
-0.2971966098 -0.9538830544 0.0422053758 -172.8423181530 0.9545442826 -0.2978765911 -0.0107120922 1032.7975270998 0.0227900767 0.0371033026 0.9990515289 6.9581324748
-0.2644712641 -0.9632529454 0.0468904425 -173.1184045401 0.9643917002 -0.2642536011 0.0108941698 1033.7675470362 0.0018971271 0.0481019484 0.9988406297 6.9621354098
-0.2489054981 -0.9680399613 0.0307357505 -173.3823269832 0.9683123257 -0.2480554615 0.0289780577 1034.7442654627 -0.0204277471 0.0369746040 0.9991073945 6.9545115218
-0.2427753331 -0.9700097438 0.0118842176 -173.6371035578 0.9691511267 -0.2419873235 0.0467785084 1035.7223344653 -0.0424997789 0.0228742709 0.9988345892 6.9286429207
-0.2469209927 -0.9690229281 -0.0049586464 -173.9018992357 0.9676328858 -0.2468355652 0.0525242998 1036.7271382381 -0.0521212210 0.0081712030 0.9986073351 6.8843822435
-0.2548049010 -0.9669279772 0.0111691248 -174.1523714377 0.9666358279 -0.2543802524 0.0300975641 1037.7070439347 -0.0262609720 0.0184654830 0.9994845608 6.8474651933
-0.2672597271 -0.9628184903 0.0394054942 -174.4062495298 0.9634503476 -0.2662104135 0.0299239627 1038.7001807192 -0.0183211916 0.0459627072 0.9987751316 6.8276130968
-0.2797661837 -0.9596079870 0.0297219391 -174.6892584240 0.9596052118 -0.2785359531 0.0396933271 1039.6913045902 -0.0298114050 0.0396261783 0.9987697663 6.8054833003
-0.2918973242 -0.9561978354 0.0219465650 -174.9821896776 0.9560295432 -0.2910122630 0.0363232046 1040.6699044532 -0.0283454501 0.0315842108 0.9990990807 6.7666679563
-0.2973255762 -0.9547335352 0.0090210007 -175.2891078267 0.9538350611 -0.2965998558 0.0471932381 1041.6486434399 -0.0423813396 0.0226363034 0.9988450429 6.7203633404
-0.3012671433 -0.9534907288 0.0096715257 -175.5950613718 0.9529670260 -0.3007192014 0.0377068859 1042.6066092291 -0.0330447526 0.0205764909 0.9992420389 6.6723912136
-0.3016946908 -0.9533924558 0.0048102803 -175.9015744964 0.9529190005 -0.3013761843 0.0334331274 1043.5667357371 -0.0304251875 0.0146704045 0.9994293808 6.6358474407
-0.3046179027 -0.9523875701 -0.0128782619 -176.2154418627 0.9516803027 -0.3048881202 0.0367128801 1044.5256417722 -0.0388913197 -0.0010725877 0.9992428708 6.6033041138
-0.3530171278 -0.9354216445 -0.0191116309 -176.5450461304 0.9349295393 -0.3534670195 0.0311098492 1045.4696747853 -0.0358561576 -0.0068857187 0.9993332391 6.5672891087
-0.4144705905 -0.9096445360 -0.0275852822 -176.9427683834 0.9088855375 -0.4152854891 0.0382758697 1046.4181699569 -0.0462732032 -0.0092076417 0.9988863849 6.5308945063
-0.4622037389 -0.8862898472 -0.0292918160 -177.3879146083 0.8853453940 -0.4630815022 0.0414614963 1047.3290512995 -0.0503114014 -0.0067697158 0.9987106357 6.4890273245
-0.4965726687 -0.8675610456 -0.0274484409 -177.8754538722 0.8668192777 -0.4972974189 0.0363265329 1048.2160519462 -0.0451655237 -0.0057540743 0.9989629453 6.4429244407
-0.5144785439 -0.8568181099 -0.0342717730 -178.3894256245 0.8563931513 -0.5154349845 0.0302910429 1049.0806585964 -0.0436187849 -0.0137660200 0.9989534015 6.3941106013
-0.5205457674 -0.8531641409 -0.0338090636 -178.9107521073 0.8529050222 -0.5214181209 0.0260031992 1049.9340498712 -0.0398136555 -0.0153000648 0.9990899764 6.3432007322
-0.5178013900 -0.8544268504 -0.0428541457 -179.4561010909 0.8546574068 -0.5188652901 0.0184262775 1050.7969984806 -0.0379794350 -0.0270844609 0.9989114047 6.2934159399
-0.5160504533 -0.8558842628 -0.0339714330 -179.9870554562 0.8562261870 -0.5165487031 0.0073589476 1051.6699216815 -0.0238463071 -0.0252896423 0.9993957112 6.2557269839
-0.5111630215 -0.8587900828 -0.0345247622 -180.5151124038 0.8593495585 -0.5113805708 -0.0028719711 1052.5407508926 -0.0151888723 -0.0311368846 0.9993997161 6.2340089868
-0.4906788860 -0.8708640048 -0.0288117339 -181.0192755862 0.8713392437 -0.4904655579 -0.0145416264 1053.4005604048 -0.0014673842 -0.0322400635 0.9994790769 6.2286659983
-0.5462832223 -0.8370931367 -0.0291499830 -181.5530565881 0.8375953017 -0.5458259812 -0.0225412700 1054.2713182307 0.0029583243 -0.0367298064 0.9993208542 6.2307286385
-0.5985503000 -0.8004548902 -0.0317727411 -182.1416573489 0.8010381146 -0.5976140217 -0.0345748468 1055.1030683574 0.0086877696 -0.0461459615 0.9988969281 6.2380548901
-0.6451912204 -0.7633993783 -0.0308168505 -182.7791055953 0.7638945186 -0.6438250495 -0.0442093890 1055.8954059711 0.0139087598 -0.0520643329 0.9985468700 6.2454746576
-0.6659800406 -0.7450919315 -0.0361745654 -183.4400964275 0.7459424406 -0.6655858378 -0.0237774630 1056.6601317288 -0.0063608826 -0.0428194594 0.9990625772 6.2459928188
-0.6777621865 -0.7342354894 -0.0392003138 -184.1165415202 0.7351381222 -0.6777182445 -0.0164293114 1057.4063096857 -0.0145037844 -0.0399528110 0.9990962982 6.2319492516
-0.6789507149 -0.7333989217 -0.0339403634 -184.8163924256 0.7337950048 -0.6793700013 0.0011367977 1058.1700591369 -0.0238917909 -0.0241334395 0.9994232134 6.2079597313
-0.6822903392 -0.7303328937 -0.0330720037 -185.4973478398 0.7302359465 -0.6829785476 0.0171978486 1058.9102678236 -0.0351476236 -0.0124164399 0.9993049968 6.1773470572
-0.6824324653 -0.7301652608 -0.0338322659 -186.1856518757 0.7292303625 -0.6832703724 0.0369415284 1059.6530910803 -0.0500900056 0.0005385828 0.9987445626 6.1363401954
-0.6803624077 -0.7318345493 -0.0390536383 -186.8744876642 0.7308932443 -0.6814748156 0.0372443428 1060.3871566142 -0.0538707678 -0.0032043896 0.9985427744 6.0840490543
-0.6763822269 -0.7354387431 -0.0404590928 -187.5756991216 0.7351029397 -0.6774759582 0.0254949825 1061.1383035648 -0.0461600606 -0.0124972450 0.9988558793 6.0340420542
-0.6707640230 -0.7404636828 -0.0422984620 -188.2712223246 0.7403558949 -0.6718795471 0.0212373038 1061.8987811621 -0.0441449237 -0.0170706963 0.9988792805 5.9910548601
-0.6635200872 -0.7464725748 -0.0501974996 -188.9596656466 0.7469647167 -0.6647573002 0.0118930140 1062.6584183484 -0.0422469631 -0.0296045074 0.9986684972 5.9409929412
-0.6578523981 -0.7515387923 -0.0491900998 -189.6337165844 0.7523116538 -0.6587948590 0.0040631585 1063.4201650086 -0.0354598061 -0.0343333268 0.9987811696 5.8933857469
-0.6594026750 -0.7504576996 -0.0447364883 -190.2988890951 0.7514239916 -0.6597702194 -0.0080772774 1064.1777864700 -0.0234541477 -0.0389422489 0.9989661677 5.8567412889
-0.6558964135 -0.7543135065 -0.0284785647 -190.9592442570 0.7546601089 -0.6561119996 -0.0022724372 1064.9433710700 -0.0169709979 -0.0229821202 0.9995918204 5.8274979296
-0.6541587979 -0.7562864339 -0.0103487692 -191.6147757688 0.7563571988 -0.6541017735 -0.0086404664 1065.7049122958 -0.0002344808 -0.0134796033 0.9999091185 5.8092389977
-0.6525865344 -0.7576881495 0.0062835761 -192.2659478167 0.7575092154 -0.6525804381 -0.0178482618 1066.4606462710 0.0176239553 -0.0068876685 0.9998209621 5.8118184340
-0.6523481767 -0.7577684500 0.0151272110 -192.9245755536 0.7575921808 -0.6525230709 -0.0163624426 1067.2283812717 0.0222697970 0.0007862472 0.9997516881 5.8335791934
-0.6511945584 -0.7586686522 0.0191708944 -193.5907673662 0.7581056056 -0.6514594016 -0.0296063970 1067.9996661427 0.0349505047 -0.0047459621 0.9993777755 5.8635392897
-0.6551719357 -0.7550604741 0.0251677408 -194.2438409098 0.7538277114 -0.6555782740 -0.0442821431 1068.7540053519 0.0499351201 -0.0100402770 0.9987019959 5.9006741646
-0.6861411801 -0.7265052143 0.0374226477 -194.9216684458 0.7244838761 -0.6870764623 -0.0552181874 1069.5047491066 0.0658285215 -0.0107753674 0.9977727683 5.9484543439
-0.7193986665 -0.6931901905 0.0441918366 -195.6269960384 0.6918172346 -0.7207542677 -0.0436142127 1070.2227461616 0.0620843992 -0.0008033323 0.9980705797 6.0040689872
-0.7440768504 -0.6665098409 0.0459812212 -196.3737164006 0.6647042406 -0.7454703910 -0.0494183025 1070.9125180972 0.0672154239 -0.0062071022 0.9977191783 6.0665365761
-0.7553581149 -0.6537915178 0.0446180402 -197.1478150183 0.6519165395 -0.7566225672 -0.0502704318 1071.5843486594 0.0666253980 -0.0088849403 0.9977384999 6.1322736006
-0.7646786455 -0.6432824707 0.0381343941 -197.9196936070 0.6420130077 -0.7655983275 -0.0409694881 1072.2374314221 0.0555505819 -0.0068457156 0.9984324058 6.1891276290
-0.7717176736 -0.6354926638 0.0245133953 -198.7080394277 0.6349764340 -0.7720937872 -0.0260021549 1072.8926086166 0.0354508189 -0.0045008942 0.9993612867 6.2322950091
-0.7752096961 -0.6316939874 0.0035543517 -199.5064557058 0.6316087235 -0.7751782350 -0.0130047807 1073.5431548117 0.0109702979 -0.0078364726 0.9999091170 6.2540450000
-0.7719034446 -0.6355786931 -0.0143107377 -200.3024533941 0.6355288861 -0.7720316211 0.0083791962 1074.1987467255 -0.0163739806 -0.0026269568 0.9998624865 6.2541334346
-0.7668944568 -0.6413093536 -0.0243968253 -201.0875165624 0.6413893626 -0.7671963840 0.0054216185 1074.8457145587 -0.0221940908 -0.0114900551 0.9996876517 6.2335717252
-0.7603143394 -0.6488476956 -0.0303112721 -201.8721490570 0.6490186238 -0.7607551040 0.0051475893 1075.5057399312 -0.0263994563 -0.0157587941 0.9995272528 6.2022626753
-0.7558550228 -0.6538627311 -0.0338631564 -202.6384861749 0.6540675401 -0.7564110338 0.0061644884 1076.1677630686 -0.0296451944 -0.0174893319 0.9994074673 6.1649934916
-0.7513171975 -0.6587936844 -0.0389018007 -203.4039405463 0.6592105528 -0.7519534734 0.0027241447 1076.8291546978 -0.0310469935 -0.0235977808 0.9992393252 6.1327831781
-0.7497011733 -0.6614183165 -0.0217706532 -204.1546794752 0.6616432994 -0.7498045974 -0.0046054365 1077.4914349484 -0.0132776158 -0.0178571079 0.9997523837 6.1044160666
-0.7490122409 -0.6619987412 -0.0271722194 -204.9327251762 0.6624497136 -0.7489969611 -0.0128034843 1078.1685963678 -0.0118760193 -0.0275901954 0.9995487688 6.0787474183
-0.7480636104 -0.6627487373 -0.0341313058 -205.7145945560 0.6635261080 -0.7478568849 -0.0210519277 1078.8495551099 -0.0115731936 -0.0383951935 0.9991956116 6.0604132804
-0.7487338999 -0.6616696543 -0.0398850316 -206.4918114987 0.6628188665 -0.7480712226 -0.0325667945 1079.5271007431 -0.0082883847 -0.0508204145 0.9986734142 6.0436467319
-0.7492769090 -0.6597505291 -0.0575617321 -207.2510264847 0.6619143284 -0.7488502650 -0.0330560498 1080.1905529561 -0.0212963720 -0.0628690701 0.9977945403 6.0294673467
-0.7530109791 -0.6553254187 -0.0593553786 -208.0273564525 0.6576741825 -0.7524334830 -0.0361735173 1080.8707424127 -0.0209555489 -0.0662755558 0.9975812827 6.0049309975
-0.7541281271 -0.6548766128 -0.0492685492 -208.7961302883 0.6566158103 -0.7532576713 -0.0381910767 1081.5454461110 -0.0121014697 -0.0611514735 0.9980551346 5.9763355634
-0.7544295378 -0.6557777693 -0.0281352037 -209.5533595870 0.6563806468 -0.7536886497 -0.0334345010 1082.2174261679 0.0007204188 -0.0436913784 0.9990448160 5.9570285457
-0.7268962631 -0.6865006505 -0.0184032457 -210.3089167558 0.6867219138 -0.7263780716 -0.0280697391 1082.8850832826 0.0059021801 -0.0330417005 0.9994365464 5.9535640019
-0.6034557017 -0.7972597609 -0.0147678605 -210.9916155841 0.7972913571 -0.6029718496 -0.0274124144 1083.6335777681 0.0129502108 -0.0283164653 0.9995151174 5.9567428971
-0.4925905020 -0.8701171612 -0.0158342388 -211.5553287476 0.8701930492 -0.4922426364 -0.0214765924 1084.4882406282 0.0108928642 -0.0243580099 0.9996439530 5.9620117024
-0.4184098603 -0.9080624761 -0.0188607584 -212.0232998743 0.9082582814 -0.4183130299 -0.0090057337 1085.3982976553 0.0002880679 -0.0208985278 0.9997815604 5.9682744865
-0.3449054977 -0.9383842361 -0.0217996136 -212.4201531486 0.9386296611 -0.3449040213 -0.0039465748 1086.3332920265 -0.0038153709 -0.0218229593 0.9997545706 5.9710417400
-0.2104055479 -0.9771052779 -0.0315401532 -212.7102881161 0.9776135861 -0.2103317631 -0.0056767757 1087.3094601573 -0.0010870886 -0.0320285074 0.9994863646 5.9738724116
-0.1370269406 -0.9897317939 -0.0406766965 -212.8980891976 0.9905619601 -0.1367755198 -0.0089140535 1088.2940778543 0.0032589459 -0.0415142537 0.9991325968 5.9791450163
-0.0729314024 -0.9960398761 -0.0508485575 -213.0122416090 0.9973094590 -0.0732131574 0.0036981736 1089.3045145503 -0.0074063118 -0.0504420344 0.9986995282 5.9739604341
-0.0297729089 -0.9976592627 -0.0615594790 -213.0747807270 0.9994779718 -0.0304869534 0.0106925016 1090.3210034907 -0.0125442343 -0.0612089963 0.9980461417 5.9540510088
-0.0041730009 -0.9974384260 -0.0714084895 -213.1019431055 0.9998089549 -0.0055251962 0.0187490229 1091.3324486247 -0.0190955418 -0.0713166075 0.9972709270 5.9297703074
0.0017400093 -0.9972261979 -0.0744102321 -213.1083792720 0.9999523556 0.0010203818 0.0097080056 1092.3427751495 -0.0096051507 -0.0744235789 0.9971804611 5.9036099476
-0.0082902133 -0.9971714964 -0.0747012655 -213.1111728837 0.9997867691 -0.0068526730 -0.0194796615 1093.3402371824 0.0189126598 -0.0748468274 0.9970156788 5.8963180787
-0.0139232671 -0.9982778972 -0.0569858109 -213.1187680648 0.9997803679 -0.0130061370 -0.0164333890 1094.3480816818 0.0156639237 -0.0572021015 0.9982397313 5.9115012726
-0.0260434838 -0.9982076889 -0.0538808563 -213.1406401208 0.9996604072 -0.0259571750 -0.0023011503 1095.3713613506 0.0008984311 -0.0539224887 0.9985447201 5.9249927832
-0.0458815767 -0.9976287156 -0.0513013320 -213.1799516711 0.9989200494 -0.0454433670 -0.0096765323 1096.3803222814 0.0073222812 -0.0516899037 0.9986363392 5.9322668702
-0.0646618306 -0.9967535582 -0.0479707389 -213.2393538461 0.9976301409 -0.0634363787 -0.0266444696 1097.3716512227 0.0235148799 -0.0495799352 0.9984933052 5.9457979024
-0.0815798929 -0.9953118840 -0.0519516567 -213.3224057180 0.9962396472 -0.0799081330 -0.0334851541 1098.3982468187 0.0291768120 -0.0544880154 0.9980880571 5.9681019510
-0.0320187827 -0.9984116839 -0.0463563046 -213.3894074678 0.9981040485 -0.0295008305 -0.0540186016 1099.4087032541 0.0525652535 -0.0479980252 0.9974633245 6.0002320839
0.0195765009 -0.9991092656 -0.0373822957 -213.3973678288 0.9984239926 0.0215026211 -0.0518379031 1100.4373868128 0.0525955467 -0.0363085762 0.9979556081 6.0489086096
0.0541096476 -0.9979831160 -0.0331940693 -213.3554160544 0.9972417760 0.0557010255 -0.0490533991 1101.4653193709 0.0508034078 -0.0304482505 0.9982444179 6.0953224322
0.0833086450 -0.9960240095 -0.0315569674 -213.2869877266 0.9956425395 0.0845247036 -0.0393891876 1102.4840654516 0.0418999199 -0.0281379993 0.9987255127 6.1377048107
0.0969387955 -0.9947159155 -0.0338100201 -213.1930790939 0.9946441300 0.0980438658 -0.0327178099 1103.5123475277 0.0358597913 -0.0304573130 0.9988926006 6.1725210783
0.1038308938 -0.9938839162 -0.0376019494 -213.0898500997 0.9942177662 0.1047584328 -0.0235945782 1104.5475936110 0.0273893930 -0.0349346800 0.9990142087 6.2038926777
0.1045716070 -0.9938386177 -0.0367366428 -212.9864250456 0.9944404459 0.1049515557 -0.0085656597 1105.5545143909 0.0123684512 -0.0356366786 0.9992882710 6.2283785941
0.0970672662 -0.9947914859 -0.0311102132 -212.8850460650 0.9952130990 0.0973699999 -0.0083648432 1106.5529370729 0.0113504763 -0.0301493392 0.9994809573 6.2457703130
0.0861737089 -0.9960726269 -0.0203325808 -212.7894511466 0.9962276322 0.0863607237 -0.0085047189 1107.5561443496 0.0102272541 -0.0195229956 0.9997570985 6.2546035075
0.0778106146 -0.9969201148 -0.0097873914 -212.7019345479 0.9969679202 0.0778000644 0.0014546749 1108.5614296753 -0.0006887350 -0.0098709044 0.9999510442 6.2543439062
0.0681817779 -0.9976687250 -0.0028914354 -212.6264312105 0.9975622917 0.0681307739 0.0150887967 1109.5695897575 -0.0148566248 -0.0039131679 0.9998819769 6.2410900526
0.0601692890 -0.9981826253 0.0033321441 -212.5555018147 0.9978850719 0.0602329430 0.0244412725 1110.6089684080 -0.0245975584 0.0018544829 0.9996957142 6.2148641232
0.0551723511 -0.9984528285 0.0069253840 -212.4945589627 0.9974657287 0.0554272178 0.0446087831 1111.6183603968 -0.0449236204 0.0044466618 0.9989805281 6.1756870575
0.0506174562 -0.9986245973 0.0136669952 -212.4352679445 0.9976364901 0.0511946162 0.0458317008 1112.6435458090 -0.0464683403 0.0113148090 0.9988556795 6.1216660343
0.0526002777 -0.9983060105 0.0248660452 -212.3759713668 0.9971438413 0.0538578844 0.0529479754 1113.6590370331 -0.0541975147 0.0220099456 0.9982876297 6.0695883845
0.0537763658 -0.9977821825 0.0392277799 -212.3147625516 0.9976647474 0.0553436813 0.0400266011 1114.6536543238 -0.0421088391 0.0369836880 0.9984282911 6.0193500157
0.0583237668 -0.9970859337 0.0491729502 -212.2530795469 0.9980563114 0.0593220657 0.0190916690 1115.6771243332 -0.0219530756 0.0479638752 0.9986077955 5.9868593585
0.0607820359 -0.9965853092 0.0558861848 -212.1881074665 0.9981385303 0.0609664980 0.0016001147 1116.6901154317 -0.0050018358 0.0556848962 0.9984358637 5.9689471873
0.0624992165 -0.9964104968 0.0570961457 -212.1260591144 0.9979444621 0.0615785320 -0.0177464052 1117.7030714898 0.0141668076 0.0580879189 0.9982109473 5.9639890677
0.0617261165 -0.9968556181 0.0496866499 -212.0645468791 0.9980272174 0.0610734295 -0.0145502443 1118.7327334982 0.0114699587 0.0504867590 0.9986588643 5.9709664408
0.0625095748 -0.9966238082 0.0532309866 -211.9983806960 0.9977778079 0.0611713365 -0.0264104852 1119.7548483042 0.0230651078 0.0547636053 0.9982329129 5.9789998812
0.0638605189 -0.9966111265 0.0518468584 -211.9324334613 0.9979582521 0.0637181408 -0.0043960966 1120.7895044974 0.0010776134 0.0520217372 0.9986453713 5.9869448184
0.0636023324 -0.9966023478 0.0523307148 -211.8627048729 0.9978710743 0.0642660995 0.0110989868 1121.8083071252 -0.0144243673 0.0515133851 0.9985681293 5.9753445077
0.0633039537 -0.9959514876 0.0638219688 -211.7915479906 0.9974128719 0.0653201774 0.0300139546 1122.8394400807 -0.0340613050 0.0617568512 0.9975098590 5.9487333128
0.0944769711 -0.9931211253 0.0691703147 -211.7046261648 0.9938809690 0.0980867411 0.0507898681 1123.8758767627 -0.0572251817 0.0639485865 0.9963111245 5.9088820196
0.1280264682 -0.9896401065 0.0649744803 -211.5880129758 0.9897391190 0.1316809527 0.0554671341 1124.8919276267 -0.0634484019 0.0572065236 0.9963441744 5.8545430731
0.1525173198 -0.9860360299 0.0668686396 -211.4402473006 0.9859219000 0.1564932370 0.0588886574 1125.9030029740 -0.0685308278 0.0569457160 0.9960224451 5.7881518945
0.1710105448 -0.9829353703 0.0677750054 -211.2707006826 0.9828724372 0.1749855836 0.0578084566 1126.9128966610 -0.0686816256 0.0567283291 0.9960244630 5.7132871502
0.1820632322 -0.9810674963 0.0660268676 -211.0893263222 0.9803593524 0.1862892018 0.0647446795 1127.9247700721 -0.0758189931 0.0529424316 0.9957151095 5.6326631452
0.1925494863 -0.9798710562 0.0527011252 -210.9034544532 0.9801848237 0.1946006355 0.0369905949 1128.9109628030 -0.0465016858 0.0445343231 0.9979249908 5.5588275585
0.1919307839 -0.9806289486 0.0391080473 -210.7153343929 0.9811787870 0.1925955204 0.0139697310 1129.8947833929 -0.0212311574 0.0356907650 0.9991373315 5.5172382217
0.1864288539 -0.9820172347 0.0297730269 -210.5251526870 0.9824146849 0.1866501041 0.0048088927 1130.8909448929 -0.0102795541 0.0283529424 0.9995451173 5.4938022356
0.1819186262 -0.9827756329 0.0325218196 -210.3335715601 0.9833108446 0.1818967275 -0.0036555927 1131.8897863701 -0.0023229851 0.0326440783 0.9994643405 5.4806781189
0.1769218982 -0.9828389848 0.0522127568 -210.1397992510 0.9836068961 0.1784414804 0.0260021560 1132.9107855769 -0.0348728542 0.0467564768 0.9982974085 5.4605059707
0.1725853937 -0.9836193758 0.0520308134 -209.9619712888 0.9838266789 0.1747116494 0.0395082972 1133.9197395582 -0.0479515158 0.0443707473 0.9978636625 5.4232340789
0.1623473238 -0.9854411337 0.0504887957 -209.7901675997 0.9849143267 0.1649414757 0.0523266528 1134.9282861293 -0.0598925326 0.0412320462 0.9973528979 5.3731578823
0.1582171683 -0.9859423589 0.0537121273 -209.6249575365 0.9846228657 0.1616180269 0.0663130885 1135.9379465301 -0.0740617309 0.0423943196 0.9963521374 5.3014149864
0.1589669154 -0.9859033050 0.0521938016 -209.4663193137 0.9841025348 0.1624736955 0.0717251645 1136.9416543880 -0.0791941966 0.0399621243 0.9960578838 5.2158071190
0.1632951551 -0.9851231732 0.0535446163 -209.3014105651 0.9828416646 0.1671555719 0.0779825441 1137.9413868845 -0.0857726923 0.0398917082 0.9955157944 5.1248653471
0.1593518574 -0.9860137397 0.0488251037 -209.1393207764 0.9841742424 0.1625486397 0.0705620313 1138.9269946797 -0.0775115865 0.0368082187 0.9963117529 5.0369764408
0.1578186121 -0.9862073182 0.0498839767 -208.9763261750 0.9845127672 0.1610508313 0.0692621183 1139.9166595579 -0.0763406639 0.0381805605 0.9963505145 4.9547114645
0.1612884619 -0.9856485398 0.0498295908 -208.8156066563 0.9836573939 0.1646464633 0.0728675064 1140.9023091452 -0.0800260171 0.0372625574 0.9960960488 4.8753783361
0.1611962727 -0.9852374341 0.0576451219 -208.6449344564 0.9832481237 0.1653573536 0.0766816327 1141.9173224787 -0.0850816599 0.0443186646 0.9953878476 4.7950925647
0.1602211788 -0.9854010248 0.0575673015 -208.4785388592 0.9792085915 0.1660238705 0.1165616092 1142.9507175958 -0.1244174753 0.0376947578 0.9915136898 4.7021486364
0.1582419343 -0.9856056975 0.0595054561 -208.3144843014 0.9764820965 0.1651449945 0.1385995884 1143.9671964411 -0.1464315723 0.0361737456 0.9885591812 4.5644974306
0.1593348228 -0.9863606634 0.0412923229 -208.1623491623 0.9780224063 0.1634090778 0.1294976679 1144.9570453203 -0.1344789460 0.0197513291 0.9907195860 4.4134826044
0.1597785654 -0.9868987504 0.0223979116 -208.0115165922 0.9801120817 0.1613032024 0.1155923188 1145.9376603233 -0.1176907698 0.0034832889 0.9930441830 4.2695737789
0.1676369462 -0.9858284834 -0.0063289536 -207.8631734538 0.9832330290 0.1667213561 0.0738701566 1146.9029122816 -0.0717681327 -0.0186062037 0.9972477848 4.1485289719
0.1622224170 -0.9867361921 0.0059644419 -207.6848360714 0.9863329554 0.1623268036 0.0282366782 1147.8839847112 -0.0288303411 0.0013023035 0.9995834710 4.0849308367
0.1383874333 -0.9896721268 0.0373898354 -207.5054534050 0.9891518989 0.1399956795 0.0444941631 1148.9121974334 -0.0492690484 0.0308267936 0.9983097063 4.0346635679
0.0907621949 -0.9931683826 0.0733402195 -207.3624382650 0.9942971171 0.0945133552 0.0494010994 1149.9283121400 -0.0559952402 0.0684382166 0.9960826992 3.9706036427
0.0283881093 -0.9942501377 0.1032510477 -207.2823409544 0.9952455189 0.0377409041 0.0897885367 1150.9674050805 -0.0931690529 0.1002112157 0.9905943871 3.8935648146
-0.0404097938 -0.9924697813 0.1156320969 -207.2666876602 0.9934327368 -0.0275092997 0.1110614063 1151.9805791571 -0.1070441316 0.1193606790 0.9870636161 3.7971782095
-0.0844553983 -0.9895279576 0.1170542900 -207.3225684190 0.9915160302 -0.0718081164 0.1083492329 1153.0020122321 -0.0988091471 0.1252118825 0.9871974154 3.6951881761
-0.1303697449 -0.9844868798 0.1174279057 -207.4202316850 0.9872608757 -0.1180070761 0.1067253166 1153.9978968370 -0.0912123501 0.1298457293 0.9873299316 3.5952444150
-0.2116594972 -0.9701964700 0.1179790947 -207.5701001223 0.9741402158 -0.1996576847 0.1057716828 1154.9977577714 -0.0790638803 0.1373157620 0.9873668438 3.4995968113
-0.2754469913 -0.9535933540 0.1216086767 -207.7991940485 0.9590484793 -0.2639054738 0.1028587153 1155.9863982465 -0.0659921918 0.1449607402 0.9872342247 3.4172103576
-0.3523861331 -0.9279564607 0.1213293871 -208.1015548938 0.9345065805 -0.3419525457 0.0988226060 1156.9449084737 -0.0502141829 0.1482068267 0.9876807543 3.3476630075
-0.4173231201 -0.9014377099 0.1151150233 -208.4866573366 0.9077976650 -0.4077013546 0.0984022605 1157.8896995218 -0.0417709574 0.1455666878 0.9884662496 3.2925412870
-0.4882966041 -0.8661217534 0.1067686038 -208.9246411873 0.8722423838 -0.4805224682 0.0910570227 1158.7873640961 -0.0275617552 0.1375909365 0.9901055923 3.2488518069
-0.5902248118 -0.8009836295 0.1002990374 -209.4603316216 0.8069808082 -0.5823221189 0.0984018546 1159.6582319806 -0.0204119267 0.1390186144 0.9900793797 3.2177332779
-0.6869862829 -0.7193430372 0.1029341629 -210.0936227524 0.7265628503 -0.6823952802 0.0802689615 1160.4425253453 0.0125008684 0.1299318143 0.9914441245 3.2091860278
-0.7502919242 -0.6475674130 0.1331107589 -210.8089687046 0.6564294867 -0.7536347576 0.0336894811 1161.1404575654 0.0785006845 0.1126547727 0.9905284169 3.2494449644
-0.7871322688 -0.6003356860 0.1414915389 -211.5855076545 0.6065858597 -0.7950168937 0.0013166279 1161.7750423081 0.1116977450 0.0868631271 0.9899385895 3.3449040708
-0.8114156169 -0.5613795260 0.1626583055 -212.3836011418 0.5657868027 -0.8242497322 -0.0223085839 1162.3650599061 0.1465946471 0.0739283892 0.9864302321 3.4685074006
-0.8497325471 -0.4756304194 0.2274429654 -213.2151102650 0.4765336049 -0.8774587248 -0.0546068652 1162.8935032345 0.2255445005 0.0619829856 0.9722591156 3.6384693437
-0.8943241946 -0.3922359865 0.2152560473 -214.0970307325 0.3956492424 -0.9179479530 -0.0288657670 1163.3548955632 0.2089160406 0.0593505382 0.9761309347 3.8588918972
-0.9359324810 -0.3257926946 0.1337516769 -215.0569382688 0.3341734756 -0.9414238172 0.0452690242 1163.7677003857 0.1111686968 0.0870650129 0.9899804061 4.0208022914
-0.9594678068 -0.2706402634 0.0785835578 -216.0598520492 0.2769785867 -0.9570433024 0.0857378549 1164.1078061190 0.0520037521 0.1040286744 0.9932137961 4.1048178009
-0.9697820673 -0.2409934537 0.0380118031 -217.0396017925 0.2433511859 -0.9666134845 0.0802407120 1164.3748395625 0.0174052351 0.0870662209 0.9960504661 4.1393752727
-0.9725849768 -0.2325428867 -0.0015062513 -218.0604919777 0.2324351468 -0.9722951376 0.0248207170 1164.5906808818 -0.0072364020 0.0237901507 0.9996907838 4.1296446850
-0.9707864675 -0.2379726801 -0.0307024094 -219.0613806314 0.2380346844 -0.9712552142 0.0016727007 1164.8166738520 -0.0302179323 -0.0056844031 0.9995271703 4.0997717496
-0.9650969298 -0.2512066862 -0.0740480715 -220.0642839384 0.2516701436 -0.9678079225 0.0031565730 1165.0667640669 -0.0724572625 -0.0155892899 0.9972496774 4.0423296855
-0.9599888235 -0.2691544561 -0.0773132432 -221.0587033483 0.2697643865 -0.9629227400 0.0026405607 1165.3294450652 -0.0751573986 -0.0183214508 0.9970033550 3.9674795058
-0.9553760243 -0.2853600319 -0.0763302323 -222.0267611866 0.2868930488 -0.9579134930 -0.0097014698 1165.6044434801 -0.0703493477 -0.0311671647 0.9970353941 3.8905404009
-0.9532305504 -0.3011695798 -0.0254637396 -222.9826101137 0.3016839858 -0.9532080817 -0.0195224407 1165.9012678797 -0.0183926772 -0.0262913893 0.9994851036 3.8288277252
-0.9496065620 -0.3134138983 -0.0043710074 -223.9393855533 0.3133984088 -0.9496137927 0.0038835609 1166.2244501045 -0.0053679309 0.0023179881 0.9999829060 3.8009863382
-0.9470046059 -0.3211107480 -0.0083763858 -224.9047942370 0.3204865042 -0.9462821231 0.0428782474 1166.5672247735 -0.0216950903 0.0379213792 0.9990451902 3.7760065091
-0.9464363846 -0.3228369074 0.0058737697 -225.8550946117 0.3226839997 -0.9450248364 0.0529442619 1166.8972138200 -0.0115415035 0.0520037474 0.9985801941 3.7513342338
-0.9462255058 -0.3198846194 0.0482816981 -226.7888762677 0.3221489773 -0.9453627481 0.0500930223 1167.2208707156 0.0296197314 0.0629531950 0.9975768475 3.7481220777
-0.9457746909 -0.3102540015 0.0961908966 -227.7427207447 0.3152187710 -0.9481224522 0.0412424784 1167.5471401035 0.0784051048 0.0693272685 0.9945081042 3.7899120534
-0.9471974643 -0.3055668653 0.0971897854 -228.6961071155 0.3099554652 -0.9501625177 0.0334484605 1167.8603795415 0.0821253500 0.0618068021 0.9947036474 3.8677782408
-0.9472087329 -0.3009633991 0.1105289498 -229.6581317665 0.3056720970 -0.9517232927 0.0280596394 1168.1759176789 0.0967480516 0.0603639513 0.9934767274 3.9555086556
-0.9505884575 -0.2958203403 0.0941908211 -230.6340273098 0.3001896400 -0.9532045100 0.0358795508 1168.4918800365 0.0791692146 0.0623817955 0.9949074063 4.0493801747
-0.9532606749 -0.2901758665 0.0842143235 -231.5968732151 0.2934355249 -0.9555372893 0.0290530817 1168.7909117620 0.0720394232 0.0524066345 0.9960240289 4.1246880575
-0.9435692891 -0.3214083755 0.0798351602 -232.5561549780 0.3244006277 -0.9455195531 0.0275137680 1169.0926485555 0.0666425495 0.0518597226 0.9964282913 4.1896310641
-0.9164464079 -0.3917953901 0.0813778455 -233.5044819806 0.3946695144 -0.9185544830 0.0222179234 1169.4613643753 0.0660451049 0.0524788909 0.9964356528 4.2529051328
-0.8923457545 -0.4432061184 0.0853662174 -234.4087557188 0.4458990842 -0.8949649480 0.0145515872 1169.8792939589 0.0699504198 0.0510497653 0.9962433740 4.3149325972
-0.8748691607 -0.4796331940 0.0674977849 -235.3092218921 0.4812207178 -0.8765574776 0.0085795821 1170.3432902654 0.0550506357 0.0399873443 0.9976825346 4.3686669899
-0.8673742008 -0.4960204768 0.0403197511 -236.2033428050 0.4970330126 -0.8674939339 0.0203090875 1170.8462166094 0.0249034163 0.0376558259 0.9989804095 4.4063891971
-0.8606010879 -0.5080745468 0.0350146031 -237.0858454908 0.5090553167 -0.8602269356 0.0295347892 1171.3661336156 0.0151146301 0.0432420416 0.9989502859 4.4278766945
-0.8583957412 -0.5117806509 0.0351755135 -237.9599597018 0.5125710770 -0.8584434221 0.0185952158 1171.8842040523 0.0206795166 0.0339920049 0.9992081371 4.4444626641
-0.8602306710 -0.5094183804 0.0222734464 -238.8461322330 0.5097298386 -0.8602593474 0.0113730745 1172.4073713252 0.0133672872 0.0211369078 0.9996872245 4.4694455029
-0.8638781181 -0.5036845905 0.0040534505 -239.7463783190 0.5036374942 -0.8636137201 0.0228170293 1172.9379693922 -0.0079919706 0.0217526020 0.9997314403 4.4706053806
-0.8684332675 -0.4957683485 0.0061159151 -240.6345975065 0.4956619052 -0.8678172538 0.0348208234 1173.4574580318 -0.0119555655 0.0332709875 0.9993748575 4.4473992414
-0.8736162712 -0.4865116232 0.0100524230 -241.5061426096 0.4864098848 -0.8724604328 0.0470979529 1173.9575223591 -0.0141433602 0.0460351360 0.9988396927 4.4242818640
-0.8818527980 -0.4714569446 0.0079994980 -242.3971776019 0.4712090498 -0.8805146754 0.0515357906 1174.4435321369 -0.0172532310 0.0492164170 0.9986391091 4.4036293827
-0.8280284960 -0.5606860037 0.0001226906 -243.2591938082 0.5601690185 -0.8272555708 0.0431148613 1174.9548549540 -0.0240724028 0.0357690612 0.9990701145 4.3744741194
-0.7697642214 -0.6381541901 -0.0149088249 -244.0708442403 0.6374267780 -0.7697082451 0.0351613444 1175.5484679781 -0.0339138047 0.0175626607 0.9992704373 4.3366890199
-0.7238965439 -0.6899032941 -0.0026904405 -244.8359322788 0.6897870406 -0.7238367399 0.0159440453 1176.2240219825 -0.0129472891 0.0096860083 0.9998692659 4.3115893811
-0.6939125996 -0.7200139083 0.0080793578 -245.5433206095 0.7198675649 -0.6939430918 -0.0152864102 1176.9198198283 0.0166130425 -0.0047913650 0.9998505136 4.3133679355
-0.6724815516 -0.7399220368 0.0168505815 -246.2291114824 0.7390414877 -0.6725582743 -0.0385103510 1177.6461984986 0.0398276554 -0.0134442217 0.9991161148 4.3415081424
-0.6611629897 -0.7498978013 0.0227329871 -246.9107182403 0.7485577085 -0.6614049321 -0.0469560744 1178.4048857161 0.0502479667 -0.0140286658 0.9986382420 4.3874240233
-0.6637722517 -0.7476876402 0.0192247380 -247.5943203358 0.7464968184 -0.6638703269 -0.0449298251 1179.1747824997 0.0463562080 -0.0154719654 0.9988051463 4.4304244581
-0.6731078490 -0.7394194536 0.0135902614 -248.2661528661 0.7385055739 -0.6730225486 -0.0406222411 1179.9221043817 0.0391834277 -0.0173066655 0.9990821479 4.4677750868
-0.6850201940 -0.7284734103 0.0085921071 -248.9498194264 0.7280137931 -0.6849341165 -0.0293457530 1180.6627594027 0.0272626281 -0.0138472609 0.9995323919 4.4922527978
-0.6969216076 -0.7171427135 -0.0025693080 -249.6517242792 0.7170897301 -0.6968157720 -0.0151690125 1181.3983050176 0.0090880124 -0.0124140369 0.9998816429 4.5088395540
-0.7080737175 -0.7059878947 -0.0145843482 -250.3873556771 0.7061067764 -0.7080866914 -0.0051437041 1182.1398702084 -0.0066955901 -0.0139402288 0.9998804124 4.5128625696
-0.7152515187 -0.6983865782 -0.0259123981 -251.1156691897 0.6984699937 -0.7156033285 0.0071794269 1182.8567472456 -0.0235570137 -0.0129639365 0.9996384364 4.5059190480
-0.7191815146 -0.6939538852 -0.0347268521 -251.8460435861 0.6939655267 -0.7198782289 0.0136814964 1183.5629267027 -0.0344934323 -0.0142597589 0.9993031884 4.4834094753
-0.7205295360 -0.6925147285 -0.0355040628 -252.5739650620 0.6926175738 -0.7212163356 0.0113090095 1184.2619815783 -0.0334377657 -0.0164422625 0.9993055428 4.4524511301
-0.7253477862 -0.6875073978 -0.0347011101 -253.2992308176 0.6879830341 -0.7257223939 -0.0025202712 1184.9488837792 -0.0234506676 -0.0257018481 0.9993945573 4.4188482135
-0.7098524299 -0.7038504037 -0.0265355780 -254.0367002775 0.7043109059 -0.7097077952 -0.0161552841 1185.6537270985 -0.0074616033 -0.0301571646 0.9995173185 4.3938177386
-0.6861673570 -0.7271196356 -0.0217116021 -254.7400120241 0.7273507530 -0.6852968783 -0.0364564225 1186.3633410281 0.0116292875 -0.0408071572 0.9990993622 4.3855875289
-0.6594726304 -0.7513406927 -0.0241456683 -255.4248205351 0.7512878832 -0.6576462635 -0.0553887056 1187.0952803357 0.0257364799 -0.0546676834 0.9981728698 4.3903977495
-0.6388967870 -0.7684325114 -0.0363644202 -256.0902570847 0.7686460326 -0.6357089126 -0.0711157859 1187.8500224859 0.0315304959 -0.0733870144 0.9968049829 4.4092534142
-0.6335420856 -0.7730996304 -0.0306820356 -256.7387217564 0.7728724994 -0.6305172727 -0.0715266978 1188.6344411815 0.0359517102 -0.0690284748 0.9969666716 4.4447661162
-0.6245748090 -0.7803966130 -0.0297898371 -257.3827326146 0.7803872833 -0.6221916524 -0.0622353253 1189.4323004449 0.0300332491 -0.0621182265 0.9976168252 4.4828225775
-0.6227949330 -0.7817604507 -0.0312581037 -258.0297367181 0.7819876667 -0.6207082526 -0.0567146744 1190.2401054176 0.0249351265 -0.0597650634 0.9979009854 4.5188896043
-0.6244865284 -0.7808464772 -0.0171858904 -258.6489019628 0.7806764495 -0.6233810520 -0.0440493500 1191.0259076187 0.0236824213 -0.0409248456 0.9988815245 4.5487543139
-0.6263716870 -0.7795243070 0.0006038297 -259.2918980874 0.7784815900 -0.6255735130 -0.0512268858 1191.8294135165 0.0403103425 -0.0316170006 0.9986868586 4.5800506076
-0.6319508304 -0.7748739665 0.0144389731 -259.9201663354 0.7737293765 -0.6318682831 -0.0456653553 1192.6118563384 0.0445084241 -0.0176864015 0.9988524372 4.6139534904
-0.6400761516 -0.7681128579 0.0174687648 -260.5604168566 0.7674403207 -0.6402675396 -0.0330580074 1193.3930324112 0.0365769636 -0.0077534077 0.9993007607 4.6447472734
-0.6466144226 -0.7625983272 0.0182641650 -261.2074037865 0.7624521778 -0.6468603076 -0.0154408253 1194.1727356673 0.0235895109 0.0039412920 0.9997139597 4.6661917957
-0.6514526327 -0.7584424770 0.0193513926 -261.8668143376 0.7586365534 -0.6514961911 0.0048262703 1194.9578429472 0.0089469102 0.0178247603 0.9998010956 4.6814105929
-0.6536149505 -0.7567605124 0.0100510394 -262.5333719934 0.7567766227 -0.6533599645 0.0202459917 1195.7343279101 -0.0087544203 0.0208394745 0.9997445056 4.6838976693
-0.6558578783 -0.7548681087 -0.0049580198 -263.2098075051 0.7543332651 -0.6556158416 0.0338997535 1196.5112897863 -0.0288403991 0.0184934212 0.9994129401 4.6709054183
-0.6576586554 -0.7532416464 -0.0105884381 -263.8784300018 0.7525860632 -0.6575750852 0.0347739090 1197.2748906764 -0.0331558496 0.0149006513 0.9993391117 4.6445861774
-0.6562823725 -0.7545119620 0.0022686569 -264.5340466690 0.7542327615 -0.6559513020 0.0293399194 1198.0296372172 -0.0206491917 0.0209663673 0.9995669174 4.6201076757
-0.6518325952 -0.7582166467 0.0148924334 -265.1902688248 0.7582175354 -0.6511975267 0.0323720600 1198.7959426069 -0.0148471189 0.0323928680 0.9993649309 4.6006337160
-0.6511656137 -0.7586674997 0.0201734579 -265.8557915308 0.7588067249 -0.6503349738 0.0357320038 1199.5763173795 -0.0139892047 0.0385752077 0.9991577731 4.5781281476
-0.6489080897 -0.7604981221 0.0236832716 -266.5051799518 0.7608446216 -0.6483370783 0.0278297464 1200.3352679262 -0.0058097268 0.0360782374 0.9993320809 4.5595580613
-0.6195437577 -0.7846481432 0.0221996331 -267.1500370742 0.7849616725 -0.6192653413 0.0185905815 1201.1071038304 -0.0008396019 0.0289435399 0.9995806954 4.5466509623
-0.5759452267 -0.8173552068 0.0147499790 -267.7718718958 0.8174845752 -0.5757944997 0.0134038565 1201.9267333044 -0.0024627551 0.0197777675 0.9998013676 4.5379815147
-0.5427081506 -0.8398115641 0.0135793987 -268.3528438276 0.8399170151 -0.5426863254 0.0055641743 1202.7823686432 0.0026964961 0.0144252907 0.9998923141 4.5367459985
-0.5185838132 -0.8550132377 0.0048158245 -268.8906658073 0.8550132183 -0.5185990963 -0.0027154854 1203.6257955257 0.0048192582 0.0027093868 0.9999847169 4.5451792387
-0.5046427565 -0.8633262596 0.0018595361 -269.4091105503 0.8632765651 -0.5046349386 -0.0098565191 1204.4880395813 0.0094477787 -0.0033687270 0.9999496943 4.5587302812
-0.4967220284 -0.8678908601 -0.0057167679 -269.9206968001 0.8678350479 -0.4965821522 -0.0163858395 1205.3615791441 0.0113822754 -0.0131004190 0.9998494001 4.5705597705
-0.4949806005 -0.8689016760 -0.0020205307 -270.4222975645 0.8687164340 -0.4948240816 -0.0219291029 1206.2395965080 0.0180544270 -0.0126097487 0.9997574865 4.5841893903
-0.4973779328 -0.8675052092 -0.0070642719 -270.9303789316 0.8675013165 -0.4972720694 -0.0127261440 1207.1287690010 0.0075271312 -0.0124579684 0.9998940650 4.5929683813
-0.5029415924 -0.8641905647 -0.0149807416 -271.4432760418 0.8642742827 -0.5030182563 0.0016118644 1208.0151046537 -0.0089285445 -0.0121367960 0.9998864832 4.5885465012
-0.5141183828 -0.8573184489 -0.0262176574 -271.9611147550 0.8575875673 -0.5143348345 0.0018006673 1208.8837569414 -0.0150283998 -0.0215581809 0.9996546364 4.5679837138
-0.5221965277 -0.8517851570 -0.0421050194 -272.4934815494 0.8521003934 -0.5231514856 0.0154091761 1209.7531802146 -0.0351526110 -0.0278310853 0.9989943567 4.5383356139
-0.5261977314 -0.8485104747 -0.0560885179 -273.0331708116 0.8489556420 -0.5279755514 0.0227186039 1210.6115320496 -0.0488903395 -0.0356621859 0.9981672922 4.4992797181
-0.5295593007 -0.8454843426 -0.0687253481 -273.5745260194 0.8463731996 -0.5320555283 0.0238604663 1211.4642096739 -0.0567393520 -0.0455317609 0.9973502417 4.4532130419
-0.5340635103 -0.8427929815 -0.0669040900 -274.1112105329 0.8437291215 -0.5363468120 0.0212900649 1212.3079903741 -0.0538269127 -0.0450786823 0.9975322430 4.4023718852
-0.5355965368 -0.8417347935 -0.0679623956 -274.6681254078 0.8424111503 -0.5381769050 0.0266284217 1213.1837886966 -0.0589898608 -0.0429901894 0.9973324621 4.3466552808
-0.5377461838 -0.8412730984 -0.0555753160 -275.2134166911 0.8418137807 -0.5394030003 0.0198484759 1214.0423301404 -0.0466754810 -0.0361106247 0.9982571924 4.2914476362
-0.5377551045 -0.8417746137 -0.0472752303 -275.7617900107 0.8427382798 -0.5383228254 -0.0008529480 1214.8932483043 -0.0247313456 -0.0402993234 0.9988815371 4.2473074781
-0.5328517556 -0.8454117509 -0.0367148207 -276.3021847717 0.8461838485 -0.5326662993 -0.0154760527 1215.7382292458 -0.0064731108 -0.0393139301 0.9992059416 4.2216854789
-0.5318506748 -0.8463432541 -0.0289474692 -276.8373447119 0.8468127414 -0.5312590857 -0.0259222862 1216.5922192530 0.0065605461 -0.0382998712 0.9992447544 4.2116119923
-0.5189595708 -0.8544460029 -0.0245558948 -277.3715389078 0.8546127035 -0.5180330838 -0.0357610275 1217.4456719532 0.0178351010 -0.0395443071 0.9990586354 4.2159449357
-0.4460296593 -0.8948395330 -0.0178816463 -277.8741165639 0.8947911959 -0.4453776062 -0.0314245711 1218.3493287803 0.0201558637 -0.0300166304 0.9993461578 4.2370894005
-0.3789972654 -0.9252529170 -0.0163741377 -278.2928758462 0.9252265579 -0.3785274407 -0.0259382573 1219.2592179995 0.0178013878 -0.0249803157 0.9995294365 4.2591307064
-0.3341463760 -0.9423408075 -0.0184391381 -278.6578323219 0.9424301606 -0.3337782597 -0.0204319782 1220.1986315512 0.0130993034 -0.0242048713 0.9996211945 4.2790481114
-0.3078939785 -0.9513723459 -0.0095894452 -278.9812578486 0.9504032173 -0.3070830858 -0.0493325755 1221.1447656529 0.0439888916 -0.0243030425 0.9987363714 4.3045912223
-0.2958991174 -0.9549369940 -0.0232174486 -279.2975040308 0.9538534730 -0.2940894886 -0.0606211573 1222.1132521721 0.0510613781 -0.0400837910 0.9978907883 4.3476626454
-0.2897960416 -0.9566807248 -0.0279328683 -279.6034488721 0.9552105384 -0.2872768727 -0.0710269367 1223.0887055753 0.0599256342 -0.0472650953 0.9970832107 4.3933805208
-0.2924630091 -0.9552845093 -0.0435533535 -279.9035781496 0.9546699424 -0.2890293860 -0.0711850766 1224.0450442086 0.0554138019 -0.0623980792 0.9965118114 4.4421230339
-0.3010838293 -0.9524539538 -0.0466904008 -280.2038767436 0.9527881563 -0.2984503812 -0.0558757470 1225.0083954151 0.0392843082 -0.0613093447 0.9973454303 4.4870983094
-0.3123876528 -0.9490148438 -0.0422466637 -280.5076174226 0.9493865922 -0.3103541151 -0.0484295538 1225.9637077049 0.0328489395 -0.0552372107 0.9979327621 4.5202164526
-0.3331722318 -0.9419741150 -0.0410003741 -280.8468770238 0.9425740541 -0.3316720049 -0.0393425172 1226.9446710517 0.0234609565 -0.0517537231 0.9983842625 4.5444931346
-0.2264966893 -0.9736423605 -0.0268291545 -281.1335348556 0.9737515414 -0.2257133333 -0.0293500729 1227.9207710371 0.0225207764 -0.0327726249 0.9992090721 4.5632988843
-0.1233142125 -0.9923408789 -0.0072928098 -281.3068713870 0.9919255619 -0.1230366047 -0.0307518058 1228.9264600817 0.0296189915 -0.0110260592 0.9995004459 4.5850025375
-0.0565909609 -0.9983946065 0.0023817721 -281.3929391691 0.9979439979 -0.0566369888 -0.0300004759 1229.9232797730 0.0300872098 0.0006791194 0.9995470467 4.6135466814
-0.0177378068 -0.9998406020 -0.0020349182 -281.4313375527 0.9996143743 -0.0176902297 -0.0214046385 1230.9296946056 0.0213652285 -0.0024138048 0.9997688236 4.6345169210
0.0011517648 -0.9999795353 -0.0062930504 -281.4392336690 0.9999730189 0.0011973677 -0.0072475984 1231.9504529591 0.0072549852 -0.0062845331 0.9999539339 4.6438373735
0.0085519045 -0.9999541315 -0.0043127405 -281.4348660047 0.9999555278 0.0085346094 0.0040128345 1232.9711188281 -0.0039758429 -0.0043468660 0.9999826486 4.6434801248
0.0073642925 -0.9999728534 0.0002441422 -281.4245860684 0.9999725445 0.0073640888 -0.0008248744 1233.9835755385 0.0008230541 0.0002502101 0.9999996300 4.6381452835
-0.0024607935 -0.9999515013 0.0095362204 -281.4162986949 0.9999493240 -0.0025536561 -0.0097379800 1234.9924849235 0.0097618600 0.0095117740 0.9999071118 4.6329186851
-0.0179900043 -0.9998086000 -0.0076891574 -281.4380233872 0.9995161120 -0.0177885006 -0.0255168782 1235.9908356836 0.0253752156 -0.0081444855 0.9996448198 4.6486915609
-0.0310438931 -0.9991009969 -0.0288699610 -281.4798380343 0.9992100171 -0.0303043759 -0.0257096566 1237.0183649560 0.0248116574 -0.0296452821 0.9992524901 4.6724711093
-0.0592719819 -0.9976934274 -0.0330856009 -281.5282167042 0.9977403203 -0.0581591365 -0.0336417624 1238.0213954208 0.0316399353 -0.0350048520 0.9988861671 4.6988489131
-0.1451780373 -0.9887460576 -0.0361188463 -281.6377344522 0.9891371810 -0.1441917149 -0.0285724765 1239.0440803926 0.0230428851 -0.0398745899 0.9989389584 4.7261113026
-0.2219068612 -0.9744951206 -0.0334156386 -281.8310056370 0.9748157486 -0.2209399040 -0.0303284552 1240.0574137481 0.0221720836 -0.0393041830 0.9989812710 4.7478138971
-0.2729427133 -0.9617643403 -0.0226192179 -282.0851736828 0.9617955311 -0.2722812857 -0.0285001361 1241.0573359297 0.0212516248 -0.0295339671 0.9993378374 4.7680129426
-0.3074666394 -0.9514873923 -0.0116622414 -282.3755754790 0.9510574386 -0.3068837184 -0.0362233609 1242.0170792572 0.0308871192 -0.0222289365 0.9992756678 4.7867995409
-0.3834475834 -0.9235626402 0.0000195361 -282.7140134289 0.9230349761 -0.3832292209 -0.0337904902 1242.9679485191 0.0312151211 -0.0129388493 0.9994289381 4.8074103585
-0.4346030473 -0.9005891930 0.0077004440 -283.1308659591 0.9003632567 -0.4346672340 -0.0202583721 1243.9075851275 0.0215916016 -0.0018711534 0.9997651232 4.8267793516
-0.4617618721 -0.8869438870 0.0103205972 -283.5802007988 0.8868475014 -0.4618676948 -0.0134067801 1244.8073347410 0.0166578121 0.0029620560 0.9998568615 4.8420290615
-0.4822404370 -0.8760058589 0.0076089511 -284.0586462904 0.8759751307 -0.4822919431 -0.0078773046 1245.6989082676 0.0105703008 0.0028664972 0.9999400242 4.8594244686
-0.4984905506 -0.8668354737 0.0101701804 -284.5548846674 0.8667192836 -0.4985914215 -0.0142925789 1246.5735528812 0.0174600791 0.0016899759 0.9998461330 4.8759797922
-0.5087075177 -0.8609387784 -0.0010398650 -285.0703675974 0.8607227358 -0.5085520255 -0.0230479813 1247.4407373844 0.0193140754 -0.0126197168 0.9997338192 4.8969456291
-0.5121719487 -0.8588436461 -0.0082150138 -285.5910156057 0.8585850411 -0.5117189953 -0.0312313460 1248.3067820808 0.0226190644 -0.0230491073 0.9994784223 4.9173333229
-0.5104042388 -0.8598381058 -0.0128819596 -286.1137470118 0.8594349338 -0.5095398371 -0.0417222841 1249.1756840149 0.0293105382 -0.0323664367 0.9990461982 4.9381549811
-0.5023213678 -0.8644495087 -0.0200072567 -286.6296296168 0.8641048321 -0.5010077078 -0.0481052587 1250.0430539585 0.0315607774 -0.0414526666 0.9986418746 4.9618933191
-0.4946776853 -0.8687759996 -0.0228527917 -287.1414386576 0.8679725747 -0.4925535309 -0.0633610982 1250.9025506833 0.0437903782 -0.0511789178 0.9977289818 4.9885010445
-0.4868855496 -0.8727993419 -0.0341140789 -287.6499957772 0.8722828905 -0.4838233007 -0.0709758599 1251.7856907745 0.0454424975 -0.0643142479 0.9968945064 5.0264773073
-0.4820449229 -0.8749184180 -0.0463729888 -288.1565773942 0.8751549146 -0.4783070218 -0.0729812879 1252.6782918750 0.0416721467 -0.0757638084 0.9962546248 5.0710371693
-0.4768209441 -0.8774664215 -0.0519082503 -288.6589410876 0.8773085590 -0.4714104007 -0.0900107020 1253.5682685752 0.0545112795 -0.0884585402 0.9945871541 5.1188613797
-0.4753323830 -0.8766558774 -0.0743881601 -289.1504872200 0.8793494813 -0.4706600919 -0.0722742525 1254.4524812206 0.0283481099 -0.0997674827 0.9946068741 5.1607589270
-0.4758468419 -0.8750284351 -0.0888539302 -289.6417467249 0.8793911735 -0.4715556995 -0.0656230613 1255.3385807236 0.0155224674 -0.1093638884 0.9938805728 5.1858071194
-0.4784415691 -0.8737340471 -0.0876497565 -290.1258748692 0.8780607522 -0.4748669249 -0.0592513213 1256.2248923519 0.0101479264 -0.1053101063 0.9943876513 5.2000421528
-0.4801139545 -0.8738286448 -0.0769031222 -290.6089408190 0.8770964184 -0.4768190852 -0.0578397175 1257.1067991044 0.0138731256 -0.0952211085 0.9953594712 5.2063796113
-0.4816254767 -0.8742511022 -0.0610074629 -291.0852178786 0.8763165394 -0.4796051817 -0.0452569614 1257.9886560956 0.0103064530 -0.0752587544 0.9971107746 5.2065823533
-0.4853215653 -0.8728167028 -0.0515168085 -291.5670931503 0.8742709722 -0.4837253646 -0.0407435735 1258.8660132385 0.0106416845 -0.0648133851 0.9978406585 5.2091766696
-0.4868489739 -0.8722940508 -0.0456197931 -292.0596398388 0.8734725666 -0.4858855663 -0.0309982544 1259.7584798187 0.0048735939 -0.0549391062 0.9984778128 5.2115732749
-0.4925580543 -0.8693067635 -0.0411377446 -292.5540626643 0.8702559748 -0.4916458893 -0.0306407863 1260.6388202785 0.0064110397 -0.0508927341 0.9986835476 5.2141334411
-0.3654514050 -0.9301976783 -0.0343154470 -292.9984348316 0.9308010337 -0.3648985243 -0.0214126726 1261.5602118623 0.0073963624 -0.0397661448 0.9991816389 5.2209762744
-0.2378402084 -0.9708062616 -0.0311004461 -293.3164168658 0.9713039403 -0.2376907694 -0.0084707590 1262.5479352731 0.0008311769 -0.0322226729 0.9994803692 5.2300874979
-0.1558134127 -0.9875396848 -0.0220805652 -293.5096971454 0.9877785151 -0.1558631302 0.0005382549 1263.5343748134 -0.0039730940 -0.0217268406 0.9997560497 5.2327815116
-0.1101593309 -0.9936865815 -0.0212579307 -293.6430289698 0.9938653617 -0.1103402109 0.0075286606 1264.5438697129 -0.0098267335 -0.0202981687 0.9997456775 5.2265323251
-0.0906348064 -0.9955063530 -0.0274305131 -293.7472736534 0.9955483830 -0.0912851021 0.0234616129 1265.5673232741 -0.0258601819 -0.0251819642 0.9993483475 5.2069762032
-0.0859015852 -0.9954244088 -0.0418469107 -293.8428918685 0.9959050225 -0.0869794472 0.0246528265 1266.5858932796 -0.0281798464 -0.0395578316 0.9988198407 5.1728227973
-0.0992332675 -0.9941008699 -0.0437746403 -293.9353110713 0.9947817172 -0.1001572090 0.0194388426 1267.5918768614 -0.0237085162 -0.0416172320 0.9988522975 5.1424688634
-0.1105011401 -0.9932074767 -0.0364473072 -294.0381485326 0.9937835757 -0.1109166463 0.0095761322 1268.5834183540 -0.0135536992 -0.0351625618 0.9992896935 5.1182545506
-0.1242971342 -0.9918331393 -0.0285875179 -294.1561493130 0.9922207337 -0.1240408256 -0.0105777723 1269.5929240776 0.0069453658 -0.0296799148 0.9995353243 5.1067770621
-0.1354211611 -0.9906697441 -0.0153155858 -294.2840521676 0.9906913344 -0.1351756882 -0.0160690136 1270.6016138136 0.0138487908 -0.0173491026 0.9997535795 5.1126037423
-0.1501204063 -0.9886075385 -0.0109086369 -294.4305423378 0.9886187996 -0.1499940770 -0.0116037044 1271.6104435059 0.0098352787 -0.0125264363 0.9998731698 5.1250380015
-0.1654456941 -0.9861604966 -0.0107329990 -294.5911653949 0.9860311163 -0.1651920288 -0.0213127032 1272.6035401526 0.0192447401 -0.0141091659 0.9997152452 5.1412318231
-0.1737488424 -0.9846945311 -0.0137120483 -294.7660447488 0.9841412082 -0.1731122042 -0.0387071964 1273.5968683090 0.0357410417 -0.0202199224 0.9991565106 5.1671874204
-0.1755071542 -0.9843176700 -0.0177753595 -294.9432342429 0.9835896121 -0.1745532177 -0.0456360503 1274.5844414965 0.0418176245 -0.0254931123 0.9987999737 5.2011772714
-0.1756350266 -0.9841630893 -0.0239864788 -295.1240191456 0.9833840730 -0.1742554452 -0.0508999478 1275.5842687850 0.0459140753 -0.0325277349 0.9984156670 5.2382044720
-0.1890863210 -0.9816720491 -0.0237981327 -295.3062226560 0.9814046803 -0.1881085048 -0.0382105211 1276.5946165884 0.0330335693 -0.0305806857 0.9989862887 5.2792028585
-0.3299977817 -0.9437848691 -0.0192765383 -295.5700614419 0.9436616662 -0.3292854161 -0.0327684982 1277.5802345771 0.0245789298 -0.0290040619 0.9992770590 5.3049143015
-0.4488092589 -0.8935043322 -0.0148410711 -295.9661344827 0.8935081779 -0.4484159241 -0.0237969545 1278.5102234644 0.0146077093 -0.0239409119 0.9996066464 5.3213266090
-0.5385815587 -0.8424766160 -0.0127693410 -296.4716928201 0.8425529319 -0.5384010445 -0.0151285230 1279.3915721151 0.0058704004 -0.0189067892 0.9998040167 5.3363957127
-0.5846120294 -0.8112841022 -0.0068469421 -297.0519241787 0.8111541639 -0.5843097809 -0.0247184594 1280.2373553896 0.0160529579 -0.0200046343 0.9996710045 5.3479947118
-0.6084853641 -0.7935635237 -0.0015797044 -297.6663215321 0.7926765209 -0.6077086467 -0.0485194176 1281.0488327086 0.0375432399 -0.0307755501 0.9988209903 5.3718737540
-0.6098040450 -0.7924793591 0.0107467309 -298.2922549554 0.7899571557 -0.6088478710 -0.0726082784 1281.8519698807 0.0640836862 -0.0357873649 0.9973026350 5.4222917538
-0.6023793681 -0.7974984178 0.0336952601 -298.8981516542 0.7935667563 -0.6028880680 -0.0823272787 1282.6433052802 0.0859703447 -0.0228528159 0.9960355659 5.4905553687
-0.5907917121 -0.8054813374 0.0465292161 -299.4940688560 0.8015234792 -0.5925332410 -0.0804019317 1283.4447515315 0.0923323627 -0.0102065358 0.9956759319 5.5682985671
-0.5725723356 -0.8173694181 0.0637820887 -300.0795657597 0.8137932875 -0.5760592016 -0.0767872479 1284.2677395657 0.0995058072 0.0079391818 0.9950053084 5.6549734448
-0.5569520763 -0.8282154809 0.0621570750 -300.6650686695 0.8260134314 -0.5601669657 -0.0625682152 1285.1206727526 0.0866383046 0.0164950814 0.9961032660 5.7489904484
-0.5397689394 -0.8397681146 0.0586430367 -301.2184349108 0.8383000080 -0.5425682249 -0.0535986748 1285.9616305240 0.0768283065 0.0202295583 0.9968390925 5.8304397273
-0.5311346500 -0.8457460475 0.0510843102 -301.7655474078 0.8449461619 -0.5331824310 -0.0422194134 1286.8196210776 0.0629441587 0.0207392985 0.9978015406 5.9036129583
-0.5259465560 -0.8487936331 0.0541256751 -302.3053365795 0.8489296170 -0.5277874795 -0.0275478101 1287.6971500535 0.0519492594 0.0314602128 0.9981540610 5.9663960963
-0.5217534836 -0.8509746631 0.0601284054 -302.8415394401 0.8508930765 -0.5241740325 -0.0349650691 1288.5691456310 0.0612721366 0.0329196972 0.9975780765 6.0249138429
-0.5247590816 -0.8488815044 0.0634672969 -303.3675490031 0.8479829516 -0.5278163191 -0.0483202565 1289.4181064124 0.0745172470 0.0284626924 0.9968134505 6.0959283882
-0.5250410332 -0.8485197041 0.0659259069 -303.8958774647 0.8474024153 -0.5283937288 -0.0520501096 1290.2718724319 0.0790003793 0.0285373294 0.9964660360 6.1737389451
-0.5301368952 -0.8464234874 0.0502210346 -304.4442208142 0.8455282453 -0.5321565746 -0.0434898438 1291.1406404037 0.0635362790 0.0194077325 0.9977908003 6.2479348939
-0.5326904507 -0.8459463658 0.0248118886 -305.0010087141 0.8452984833 -0.5332580507 -0.0332614724 1292.0087109779 0.0413685611 0.0032553831 0.9991386514 6.3006528633
-0.5387838428 -0.8424421178 -0.0018025026 -305.5585233289 0.8424426205 -0.5387856340 0.0006868933 1292.8820036226 -0.0015498304 -0.0011484180 0.9999981396 6.3209147742
-0.5467369414 -0.8371480300 -0.0161831028 -306.1158104539 0.8368393365 -0.5469752889 0.0227586940 1293.7446143655 -0.0279041532 -0.0010996383 0.9996099985 6.3070820318
-0.5524537064 -0.8333960689 -0.0156810303 -306.6654194486 0.8320225744 -0.5524839918 0.0499987462 1294.6006775774 -0.0503322767 0.0145750214 0.9986261716 6.2708700304
-0.5532439955 -0.8330188054 0.0008667233 -307.2168253667 0.8306607319 -0.5515990598 0.0757708768 1295.4575301553 -0.0626404815 0.0426397357 0.9971248783 6.2165034193
-0.5518649302 -0.8329416892 0.0406600696 -307.7693835139 0.8331667183 -0.5486113745 0.0697049443 1296.3177813603 -0.0357535774 0.0723443309 0.9967386716 6.1569662790
-0.5502714663 -0.8339083120 0.0424056666 -308.3325933564 0.8345331019 -0.5475912649 0.0608137191 1297.1717960447 -0.0274920932 0.0688529868 0.9972479386 6.1292050765
-0.5460630670 -0.8370493008 0.0341115054 -308.8947101941 0.8367907371 -0.5430473147 0.0698632689 1298.0312635813 -0.0399548389 0.0666939427 0.9969731836 6.0962779525
-0.5455285827 -0.8360920991 0.0578668072 -309.4366683717 0.8380561971 -0.5435631367 0.0469140371 1298.8660301108 -0.0077701925 0.0740885845 0.9972213925 6.0643350104
-0.5435839259 -0.8363449108 0.0710190516 -309.9796847541 0.8393185886 -0.5423974315 0.0367332698 1299.7046523426 0.0077988680 0.0795752252 0.9967983553 6.0579552676
-0.5399309540 -0.8389271087 0.0683803423 -310.5261542838 0.8416408304 -0.5391387572 0.0311466377 1300.5419512206 0.0107367341 0.0743687219 0.9971730119 6.0635051954
-0.5388315341 -0.8409706729 0.0492839230 -311.0796814630 0.8423424027 -0.5386235022 0.0185472254 1301.3851218221 0.0109478066 0.0515077680 0.9986125852 6.0711291864
-0.5358679534 -0.8426063521 0.0534796399 -311.6328200791 0.8441168879 -0.5360003675 0.0130493540 1302.2508253742 0.0176696381 0.0521357978 0.9984836716 6.0834456003
-0.5154061727 -0.8555742820 0.0484677744 -312.1765312467 0.8568511115 -0.5153658896 0.0142888965 1303.1279245000 0.0127534253 0.0488942518 0.9987225352 6.0979331504
-0.4956023621 -0.8674625449 0.0434399799 -312.7015055301 0.8685163094 -0.4954006594 0.0160501397 1304.0249551159 0.0075972997 0.0456828182 0.9989271050 6.1105938054
-0.4800619202 -0.8759460019 0.0475305633 -313.2008060271 0.8772038760 -0.4797934571 0.0176521495 1304.9273899004 0.0073425235 0.0501681192 0.9987137964 6.1205555627
-0.4696553112 -0.8814215920 0.0501982644 -313.6738380187 0.8827849447 -0.4695505685 0.0145946924 1305.8074029867 0.0107065466 0.0511687469 0.9986326298 6.1299215030
-0.4657158451 -0.8836624279 0.0474285275 -314.1425144339 0.8848893205 -0.4655633275 0.0148888758 1306.6940205636 0.0089242429 0.0489029829 0.9987636638 6.1383671536
-0.4653755981 -0.8843843089 0.0359158297 -314.6281283124 0.8850976418 -0.4652254421 0.0129403463 1307.6093728470 0.0052647185 0.0378111376 0.9992710346 6.1442332926
-0.4663864843 -0.8841778430 0.0267056020 -315.0966524902 0.8845172571 -0.4657776818 0.0260839589 1308.5004782931 -0.0106239851 0.0357867717 0.9993029760 6.1410358646
-0.4670036398 -0.8840521885 0.0189559583 -315.5813422875 0.8835393431 -0.4656557014 0.0502294429 1309.4243006658 -0.0355784989 0.0402056676 0.9985577974 6.1159563288
-0.4678191816 -0.8836624070 0.0169104643 -316.0659717307 0.8828022951 -0.4662729204 0.0570058897 1310.3435004489 -0.0424890702 0.0415970454 0.9982306170 6.0732586806
-0.4718761006 -0.8816156018 0.0093207479 -316.5536883386 0.8802077844 -0.4704623881 0.0624451572 1311.2551345850 -0.0506675635 0.0376705722 0.9980048727 6.0264907679
-0.4764869845 -0.8791813490 0.0005560755 -317.0458476200 0.8774232964 -0.4754940076 0.0635122644 1312.1612298852 -0.0555743877 0.0307506809 0.9979809031 5.9749252783
-0.4807974752 -0.8768309485 -0.0011293699 -317.5374164168 0.8751721006 -0.4799662821 0.0608782579 1313.0590167020 -0.0539220001 0.0282817197 0.9981445598 5.9206320974
-0.4812256082 -0.8765967233 0.0003142106 -318.0269089803 0.8751930156 -0.4804346753 0.0567424732 1313.9496626152 -0.0495893084 0.0275809261 0.9983887985 5.8687885243
-0.4824553722 -0.8757920862 0.0150011857 -318.5065138980 0.8757787244 -0.4819983247 0.0262533978 1314.8207858951 -0.0157619716 0.0258038121 0.9995427572 5.8302270017
-0.4826758841 -0.8752730450 0.0303494258 -318.9877762710 0.8755824724 -0.4830373219 -0.0055026945 1315.6910827866 0.0194762656 0.0239174074 0.9995242032 5.8236786463
-0.4825794920 -0.8743975380 0.0504576990 -319.4675712629 0.8744577749 -0.4842605010 -0.0285546323 1316.5641359644 0.0494027707 0.0303432473 0.9983179121 5.8467237431
-0.4819383242 -0.8746583626 0.0520403730 -319.9601194285 0.8739976697 -0.4840888028 -0.0422623278 1317.4512669861 0.0621572603 0.0251153293 0.9977503171 5.8957873212
-0.4811996313 -0.8758384751 0.0367951135 -320.4615298927 0.8754089798 -0.4823136774 -0.0321346323 1318.3542691979 0.0458915338 0.0167475996 0.9988060297 5.9511735940
-0.4818868905 -0.8754376751 0.0373349955 -320.9542804882 0.8756880264 -0.4826527063 -0.0147256734 1319.2630613497 0.0309112459 0.0255976995 0.9991943018 5.9920370926
-0.4834623484 -0.8742293830 0.0445773881 -321.4459652632 0.8751366225 -0.4838725792 0.0017941888 1320.1770073128 0.0200012432 0.0398787275 0.9990043230 6.0207512494
-0.4841276251 -0.8737738746 0.0462564437 -321.9287170894 0.8748544656 -0.4843271706 0.0075402748 1321.0567357210 0.0158147573 0.0441181116 0.9989011391 6.0432255664
-0.4827616117 -0.8747239384 0.0424176609 -322.4143549656 0.8757480695 -0.4823344329 0.0204649357 1321.9408058894 0.0025583293 0.0470268700 0.9988903486 6.0562032075
-0.4831691349 -0.8752240602 0.0230311001 -322.9051170849 0.8751617468 -0.4820406212 0.0415783178 1322.8289764236 -0.0252884184 0.0402452976 0.9988697672 6.0457664546
-0.4807413263 -0.8767542467 0.0137756319 -323.4013357861 0.8750401287 -0.4786707040 0.0719661743 1323.7282352381 -0.0565026575 0.0466513448 0.9973119380 6.0022542740
-0.4764535992 -0.8791576761 0.0085876903 -323.8998682590 0.8769448946 -0.4745099727 0.0762098263 1324.6377700020 -0.0629255091 0.0438413772 0.9970548199 5.9344873802
-0.4775229857 -0.8785474674 0.0112314631 -324.3861922794 0.8769688033 -0.4758038778 0.0673527121 1325.5272529770 -0.0538285809 0.0420121109 0.9976660095 5.8699957324
-0.4798864067 -0.8772696826 0.0103412096 -324.8715405129 0.8759495957 -0.4784366072 0.0617310178 1326.4122263030 -0.0492071372 0.0386822547 0.9980392481 5.8131637318
-0.4813605544 -0.8764004655 0.0146369641 -325.3480631576 0.8753501679 -0.4797861667 0.0597270274 1327.2901857532 -0.0453221817 0.0415627040 0.9981074298 5.7671234097
-0.4798554457 -0.8771090021 0.0204584847 -325.8387302303 0.8768362048 -0.4786493251 0.0453110737 1328.1852761842 -0.0299503108 0.0396815056 0.9987634139 5.7264229207
-0.4801935474 -0.8768667096 0.0227800503 -326.3238116815 0.8771230815 -0.4802563739 0.0029858413 1329.0541898238 0.0083220795 0.0214146896 0.9997360422 5.7081887049
-0.4802913165 -0.8768515827 0.0212497810 -326.8072860622 0.8764392412 -0.4807303026 -0.0274341504 1329.9243708494 0.0342710918 0.0054477577 0.9993977257 5.7230812471
-0.4777232428 -0.8781077267 0.0265955570 -327.2941394657 0.8762943042 -0.4784486854 -0.0565256383 1330.8043927272 0.0623602090 -0.0036980762 0.9980468569 5.7661203638
-0.4817749628 -0.8756556169 0.0334682803 -327.7854846478 0.8711568818 -0.4827305293 -0.0897603665 1331.6874534864 0.0947553298 -0.0140881745 0.9954008995 5.8391167667
-0.4794027233 -0.8770928815 0.0296834307 -328.2724796372 0.8725930539 -0.4800036687 -0.0904314128 1332.5618951014 0.0935649040 -0.0174515101 0.9954602220 5.9309886952
-0.4799349150 -0.8767190367 0.0320344829 -328.7580815892 0.8732846473 -0.4809087997 -0.0781066647 1333.4479806680 0.0838832646 -0.0095108934 0.9964301987 6.0142081478
-0.4784886825 -0.8777497775 0.0245745558 -329.2524661440 0.8749648986 -0.4789574182 -0.0709663146 1334.3434914288 0.0740608326 -0.0124547047 0.9971759491 6.0937956261
-0.4774959437 -0.8781564662 0.0289628137 -329.7417287953 0.8758322809 -0.4783450075 -0.0640614511 1335.2508155356 0.0701101949 -0.0052225159 0.9975255816 6.1705436881
-0.4771352271 -0.8784785547 0.0248476150 -330.2358922364 0.8766264223 -0.4777495402 -0.0572843125 1336.1564805783 0.0621939767 -0.0055502876 0.9980486479 6.2411502914
-0.4728663567 -0.8809632477 0.0173541033 -330.7196551720 0.8793792366 -0.4730754423 -0.0537753119 1337.0385854407 0.0555838736 -0.0101676977 0.9984022491 6.3042376747
-0.4746636934 -0.8798244371 0.0245629395 -331.1958292258 0.8783179466 -0.4752900068 -0.0515460379 1337.9274340480 0.0570259835 -0.0028929622 0.9983685031 6.3629476721
-0.4745234502 -0.8798331186 0.0268547696 -331.6797310802 0.8784055245 -0.4752827047 -0.0501007494 1338.8208701655 0.0568439061 -0.0001846024 0.9983830609 6.4196275592
-0.4728663373 -0.8806452022 0.0293505501 -332.1652660305 0.8796091152 -0.4737449009 -0.0430531461 1339.7233085585 0.0518192200 0.0054586279 0.9986415632 6.4740826341
-0.4749446535 -0.8796695288 0.0246798768 -332.6433321433 0.8787935597 -0.4755760256 -0.0393614448 1340.6047167121 0.0463622213 0.0029940090 0.9989202072 6.5224973955
-0.4752286633 -0.8794210302 0.0278634026 -333.1372854889 0.8785162130 -0.4760146793 -0.0402403848 1341.5084307433 0.0486516293 0.0053550666 0.9988014529 6.5678010068
-0.4372733272 -0.8989110504 0.0274036655 -333.6104469441 0.8983870869 -0.4380066644 -0.0324161073 1342.4212026289 0.0411421852 0.0104444001 0.9990987114 6.6114367549
-0.4013254770 -0.9156688943 0.0220983583 -334.0461118644 0.9154357860 -0.4017866247 -0.0233415931 1343.3556651412 0.0302519956 0.0108620520 0.9994832828 6.6484666257
-0.3776984417 -0.9258497905 0.0120852203 -334.4517881000 0.9257412147 -0.3778524291 -0.0151903003 1344.3146508983 0.0186303662 0.0054504338 0.9998115834 6.6739128726
-0.3575317817 -0.9338969383 0.0027447596 -334.8372552914 0.9338999843 -0.3575341335 -0.0004034346 1345.2805703426 0.0013581116 0.0024190903 0.9999961518 6.6862897149
-0.3479420518 -0.9375160272 0.0001654714 -335.1981384041 0.9375125029 -0.3479402481 0.0028090438 1346.2438392111 -0.0025759494 0.0011325160 0.9999960409 6.6875725602
-0.3434637939 -0.9391647126 -0.0015049452 -335.5546581926 0.9390777480 -0.3434530650 0.0131520091 1347.2079713249 -0.0128687808 0.0031039784 0.9999123761 6.6828864817
-0.3408128500 -0.9401302922 0.0012786547 -335.8997720132 0.9399917314 -0.3407385657 0.0176854408 1348.1638488052 -0.0161909317 0.0072293503 0.9998427828 6.6692636267
-0.3468689518 -0.9379102135 -0.0025222478 -336.2495766603 0.9376486012 -0.3468336140 0.0228373549 1349.1137793551 -0.0222941888 0.0055565872 0.9997360119 6.6514088036
-0.3530609886 -0.9355339557 -0.0111425331 -336.6046143741 0.9351253724 -0.3532361636 0.0276541255 1350.0553554111 -0.0298073190 -0.0006560725 0.9995554478 6.6216531440
-0.3615708575 -0.9317708832 -0.0327037634 -336.9802653097 0.9318022383 -0.3623344439 0.0214088631 1351.0076089356 -0.0317978552 -0.0227326189 0.9992357702 6.5844383863
-0.3686392790 -0.9291379209 -0.0284219256 -337.3487070125 0.9294901559 -0.3688413017 0.0020357271 1351.9313123419 -0.0123746512 -0.0256674511 0.9995939425 6.5517952031
-0.3739674429 -0.9274371449 0.0029485485 -337.7150295227 0.9271983025 -0.3739402082 -0.0217262173 1352.8769713534 0.0212522818 -0.0053910088 0.9997596099 6.5472787090
-0.3759098154 -0.9264704301 0.0185567444 -338.0899611640 0.9253925340 -0.3763673739 -0.0446795011 1353.8214298729 0.0483783898 0.0003768097 0.9988290091 6.5822299957
-0.3755313809 -0.9267404328 0.0113292652 -338.4788030577 0.9255124046 -0.3756242624 -0.0483032336 1354.7625161975 0.0490201065 -0.0076540045 0.9987684643 6.6340690106
-0.3844184494 -0.9231326692 -0.0069664120 -338.8736155032 0.9224279328 -0.3838028490 -0.0426858505 1355.7068838696 0.0367309744 -0.0228352415 0.9990642558 6.6753573593
-0.4120831706 -0.9111037724 0.0087963852 -339.2800942808 0.9081316996 -0.4114853206 -0.0773087774 1356.6271721733 0.0740559021 -0.0238693698 0.9969683930 6.7223725162
-0.4431367765 -0.8959745549 0.0293154281 -339.7016940981 0.8880841198 -0.4432227982 -0.1219022041 1357.5068854658 0.1222145392 -0.0279847836 0.9921090960 6.8138030359
-0.4693464764 -0.8826721046 0.0245731737 -340.1759557361 0.8757109202 -0.4688561136 -0.1153443932 1358.4121082463 0.1133325610 -0.0326174880 0.9930215658 6.9340792270
-0.4883084910 -0.8723921988 0.0220605772 -340.6591732526 0.8669581519 -0.4878445989 -0.1019372852 1359.2910905842 0.0996914258 -0.0306512447 0.9945461884 7.0369935716
-0.5029329301 -0.8639653688 0.0249461280 -341.1615391018 0.8595438689 -0.5029739727 -0.0905622452 1360.1663328118 0.0907898967 -0.0241044439 0.9955783095 7.1314170396
-0.5083630613 -0.8609145239 0.0198287765 -341.6759030504 0.8584936322 -0.5084695385 -0.0666889193 1361.0455161940 0.0674957880 -0.0168793048 0.9975767678 7.2133160080
-0.5080952534 -0.8610344461 0.0214218608 -342.1907727160 0.8595294903 -0.5084877412 -0.0514710830 1361.9256120829 0.0552111291 -0.0077394919 0.9984447063 7.2774324234
-0.5015425184 -0.8649790475 0.0163202207 -342.7039631117 0.8640701304 -0.5017720133 -0.0400955913 1362.8079490423 0.0428708764 -0.0060078286 0.9990625576 7.3256321076
-0.4953105531 -0.8685258424 0.0181746275 -343.2136818199 0.8684292074 -0.4955761943 -0.0153279940 1363.7106625455 0.0223196717 0.0081912602 0.9997173278 7.3562156343
-0.4900875396 -0.8708832399 0.0371023709 -343.7092737086 0.8706949856 -0.4911098587 -0.0264829906 1364.5971855542 0.0412849328 0.0193258646 0.9989604924 7.3825796818
-0.4753011766 -0.8785232565 0.0478087781 -344.2025098243 0.8775359218 -0.4772807845 -0.0461926249 1365.4880030340 0.0633995064 0.0199985111 0.9977878342 7.4318290520
-0.4701235461 -0.8806071558 0.0592864949 -344.6724978666 0.8792547898 -0.4731269420 -0.0553345402 1366.3651500298 0.0767780300 0.0261138643 0.9967061755 7.4969355557
-0.4680811016 -0.8827205831 0.0412850396 -345.1498532924 0.8816626240 -0.4696590037 -0.0457322393 1367.2555864808 0.0597586795 0.0149930794 0.9981002494 7.5662456174
-0.4714564453 -0.8814728903 0.0270991482 -345.6327821629 0.8805029677 -0.4722153460 -0.0415594852 1368.1495250801 0.0494301931 0.0042673932 0.9987684643 7.6218595546
-0.4732304054 -0.8809076742 0.0073927616 -346.1246805647 0.8796677442 -0.4729816458 -0.0497294942 1369.0371289345 0.0473037336 -0.0170303348 0.9987353626 7.6688620982
-0.4755546861 -0.8794269799 0.0213524607 -346.6014352262 0.8774612636 -0.4759374064 -0.0595425563 1369.9226043379 0.0625257652 -0.0095797845 0.9979973729 7.7216053252
-0.4783471693 -0.8779423591 0.0200299699 -347.0900337975 0.8747361922 -0.4783676505 -0.0774660253 1370.8119582720 0.0775923947 -0.0195347143 0.9967937676 7.7872861471
-0.4757633426 -0.8795438159 0.0072054004 -347.5852463096 0.8763876250 -0.4747208663 -0.0811469649 1371.7048885873 0.0747928651 -0.0322920276 0.9966761020 7.8623508704
-0.4779701374 -0.8782193559 -0.0165924881 -348.0746170811 0.8769344384 -0.4760186924 -0.0662736397 1372.5906381038 0.0503044587 -0.0462273449 0.9976635174 7.9282608446
-0.4591079187 -0.8876851571 -0.0351422932 -348.5606943295 0.8879595737 -0.4573136196 -0.0489085756 1373.4828675413 0.0273443673 -0.0536592500 0.9981848378 7.9682636286
-0.4190669062 -0.9067467256 -0.0468327201 -349.0246525504 0.9078025809 -0.4174924597 -0.0399314447 1374.4039268241 0.0166553993 -0.0592488111 0.9981042912 7.9891717884
-0.3750933120 -0.9253510590 -0.0550492945 -349.4419107859 0.9267839371 -0.3731061670 -0.0431662146 1375.3330261326 0.0194046712 -0.0672101603 0.9975501256 8.0050783262
-0.3491655144 -0.9351689584 -0.0595185910 -349.8173719955 0.9369962220 -0.3476891501 -0.0339165881 1376.2832528871 0.0110237720 -0.0676111978 0.9976508419 8.0179304216
-0.3308074838 -0.9412379543 -0.0680993539 -350.1731651075 0.9436929286 -0.3301857716 -0.0205185939 1377.2352890136 -0.0031725584 -0.0710525832 0.9974675259 8.0232886731
-0.3233818701 -0.9435572068 -0.0715818659 -350.5063148473 0.9462169913 -0.3232273671 -0.0140525610 1378.1893277263 -0.0098778229 -0.0722763213 0.9973357318 8.0141282164
-0.3255469546 -0.9431854590 -0.0664858653 -350.8443397586 0.9453951111 -0.3235268324 -0.0394774941 1379.1533207185 0.0157246370 -0.0757071900 0.9970060969 8.0134758314
-0.3298079966 -0.9424770515 -0.0544398080 -351.1774127939 0.9433325181 -0.3267648698 -0.0578660539 1380.1129508937 0.0367484110 -0.0704395285 0.9968389173 8.0372772838
-0.3321038402 -0.9420874979 -0.0466710371 -351.5197605673 0.9419982288 -0.3287184214 -0.0677018199 1381.0762663999 0.0484394085 -0.0664480687 0.9966134044 8.0786051080
-0.3430256475 -0.9382529413 -0.0448867820 -351.8601589374 0.9375177893 -0.3390105212 -0.0783087558 1382.0167500609 0.0582563291 -0.0689440683 0.9959181269 8.1277077159
-0.3989216600 -0.9157384465 -0.0477975600 -352.2386726501 0.9161232071 -0.3957456253 -0.0640598892 1382.9720254362 0.0397464281 -0.0693433313 0.9968007443 8.1792344352
-0.4866269735 -0.8720863530 -0.0515711303 -352.6975983551 0.8732421596 -0.4838613056 -0.0576746700 1383.8722649501 0.0253440182 -0.0731001353 0.9970025331 8.2118812438
-0.5517776395 -0.8319078533 -0.0589131579 -353.2401621715 0.8339609975 -0.5497773887 -0.0474750203 1384.7386603496 0.0071057201 -0.0753269306 0.9971335729 8.2279434508
-0.5851179921 -0.8085503107 -0.0623163732 -353.8289394101 0.8109246700 -0.5839559847 -0.0373709459 1385.5759203361 -0.0061737292 -0.0724002972 0.9973565471 8.2258661715
-0.6068924552 -0.7920218901 -0.0662032728 -354.4459471977 0.7946239188 -0.6063331165 -0.0305447143 1386.3928550347 -0.0159491544 -0.0711440607 0.9973385318 8.2179218456
-0.6175006189 -0.7843660080 -0.0588468443 -355.0690477496 0.7864571800 -0.6169507338 -0.0292727879 1387.2006739240 -0.0133450239 -0.0643564878 0.9978377387 8.2054082649
-0.6202182531 -0.7823922065 -0.0564956080 -355.6990601409 0.7842184832 -0.6201109753 -0.0215348316 1388.0016692344 -0.0181848621 -0.0576611956 0.9981705753 8.1898142299
-0.6151911059 -0.7859071229 -0.0623690419 -356.3348160146 0.7882489877 -0.6145938778 -0.0306251338 1388.7999492407 -0.0142631205 -0.0680026441 0.9975831814 8.1713969103
-0.6015060917 -0.7966722079 -0.0591930302 -356.9591161063 0.7988186734 -0.6006405835 -0.0334606693 1389.6007953397 -0.0088965509 -0.0674112943 0.9976856062 8.1540665455
-0.5891939393 -0.8068686305 -0.0425853851 -357.5570592065 0.8076320122 -0.5865407972 -0.0608311277 1390.3936271766 0.0241046630 -0.0702346520 0.9972392185 8.1538325094
-0.5751300095 -0.8169695826 -0.0422631440 -358.1529454005 0.8166107707 -0.5702671288 -0.0891193070 1391.1997874212 0.0487064813 -0.0857677265 0.9951238997 8.1824916722
-0.5687067043 -0.8196746027 -0.0686019698 -358.7593218802 0.8218884298 -0.5629560986 -0.0870622767 1392.0313136687 0.0327428398 -0.1058960657 0.9938379796 8.2183500772
-0.5656507869 -0.8213013637 -0.0741839422 -359.3478116175 0.8236265341 -0.5581923713 -0.1003025869 1392.8598639160 0.0409697408 -0.1178361004 0.9921875497 8.2452921348
-0.5644978029 -0.8220131433 -0.0750774455 -359.9409237954 0.8236218470 -0.5548988190 -0.1171936597 1393.6977666390 0.0546743427 -0.1279909878 0.9902671474 8.2892169712
-0.5613797746 -0.8244747327 -0.0713734114 -360.5167941723 0.8251977239 -0.5511830803 -0.1234744042 1394.5194275199 0.0624617097 -0.1282132099 0.9897777062 8.3479278806
-0.5606324928 -0.8257365403 -0.0620513823 -361.0840943630 0.8260721296 -0.5525155264 -0.1110469708 1395.3633349611 0.0574111894 -0.1135154576 0.9918760992 8.4090555674
-0.5600514804 -0.8258470154 -0.0657194525 -361.6609599557 0.8276240914 -0.5541667326 -0.0890931864 1396.2186293748 0.0371578078 -0.1042877731 0.9938527847 8.4628136366
-0.5599154894 -0.8252895665 -0.0734287149 -362.2386836354 0.8285489309 -0.5578344171 -0.0482434675 1397.0822169047 -0.0011462340 -0.0878515479 0.9961329187 8.4833509330
-0.5632040062 -0.8224199474 -0.0801665612 -362.8228751587 0.8251745805 -0.5648733973 -0.0022263626 1397.9523327294 -0.0434529528 -0.0674053049 0.9967789954 8.4568601309
-0.5877491451 -0.8072411570 -0.0539690371 -363.3865860568 0.8080820685 -0.5889939383 0.0094610412 1398.7818263608 -0.0394247776 -0.0380506923 0.9984977875 8.4043487625
-0.6068017524 -0.7940254751 -0.0362653850 -363.9833774733 0.7937719739 -0.6077242479 0.0244395565 1399.5894251626 -0.0414449843 -0.0139564806 0.9990433073 8.3560176546
-0.6243625903 -0.7801001953 -0.0401875746 -364.6243198788 0.7797999369 -0.6254765763 0.0262889897 1400.3960239351 -0.0456444325 -0.0149244064 0.9988462584 8.3108955076
-0.6426748372 -0.7647572935 -0.0459927780 -365.2769898074 0.7647091272 -0.6439844608 0.0224491647 1401.1852729223 -0.0467867968 -0.0207435838 0.9986894910 8.2619322049
-0.6542680018 -0.7550525140 -0.0427677790 -365.9360577571 0.7554307727 -0.6551542747 0.0098602269 1401.9538537966 -0.0354644824 -0.0258568654 0.9990363822 8.2194693004
-0.6639102171 -0.7466371825 -0.0419063414 -366.6023455665 0.7472632185 -0.6645272936 0.0010762231 1402.7114179387 -0.0286514558 -0.0306005520 0.9991209638 8.1899298597
-0.6670709142 -0.7425243852 -0.0606129761 -367.2811716319 0.7442007401 -0.6679053672 -0.0082267194 1403.4584895779 -0.0343751923 -0.0505960269 0.9981274409 8.1550731505
-0.6670880147 -0.7445253619 -0.0259916556 -367.9560643266 0.7446089679 -0.6652514410 -0.0547540430 1404.2058348266 0.0234747874 -0.0558793857 0.9981615243 8.1402652792
-0.6631856511 -0.7484548838 0.0002814039 -368.6184098109 0.7466780102 -0.6616370104 -0.0686178957 1404.9489045253 0.0515435864 -0.0452962857 0.9976429748 8.1757106285
-0.6561790372 -0.7545552349 -0.0086872630 -369.2984344604 0.7535094830 -0.6545626010 -0.0614105888 1405.7098663890 0.0406513238 -0.0468422760 0.9980747823 8.2230449410
-0.6489848018 -0.7605928575 -0.0178110108 -369.9783180260 0.7602873547 -0.6475081600 -0.0519261100 1406.4904063436 0.0279618535 -0.0472407425 0.9984920866 8.2587925456
-0.6423289779 -0.7658428915 -0.0299691453 -370.6566977901 0.7662780329 -0.6409350759 -0.0449466893 1407.2818283247 0.0152138261 -0.0518352586 0.9985397566 8.2782769989
-0.6376118717 -0.7693415004 -0.0395570078 -371.3234485221 0.7703555164 -0.6366445154 -0.0351587740 1408.0743069928 0.0018653519 -0.0528906108 0.9985985699 8.2870615929
-0.6328810472 -0.7724042351 -0.0534160819 -371.9747837769 0.7740881490 -0.6326482880 -0.0233169737 1408.8461685990 -0.0157834636 -0.0561056267 0.9983000756 8.2827887609
-0.6345880318 -0.7701095835 -0.0650327547 -372.6337687409 0.7722938800 -0.6350751956 -0.0155453807 1409.6435454736 -0.0293290428 -0.0600893110 0.9977620367 8.2620734583
-0.6427398611 -0.7632145996 -0.0662491195 -373.2740471074 0.7653631806 -0.6434809414 -0.0123077168 1410.4158250476 -0.0332366166 -0.0586152970 0.9977272043 8.2304455034
-0.6051741422 -0.7938003408 -0.0603761256 -373.9129277851 0.7957798297 -0.6053212267 -0.0179074059 1411.2080905429 -0.0223320455 -0.0588832019 0.9980150541 8.1999071049
-0.5631511887 -0.8250992943 -0.0455180532 -374.4951013685 0.8261313522 -0.5634230256 -0.0078411142 1412.0246552844 -0.0191762215 -0.0420196236 0.9989327424 8.1743253248
-0.5267571132 -0.8496560175 -0.0247304573 -375.0548459350 0.8500059834 -0.5266681878 -0.0105094313 1412.8907626195 -0.0040953436 -0.0265569544 0.9996389130 8.1599815920
-0.5008163259 -0.8655256501 -0.0069538949 -375.5825162778 0.8654983818 -0.5006774880 -0.0153167930 1413.7784047670 0.0097754186 -0.0136894848 0.9998585096 8.1578437864
-0.4867149868 -0.8735595625 -0.0014873752 -376.0783417835 0.8735574622 -0.4867171327 0.0019475574 1414.6670280653 -0.0024252384 -0.0003514024 0.9999969974 8.1612671099
-0.4827947773 -0.8757127720 -0.0060285932 -376.5708354730 0.8755582614 -0.4828244366 0.0166821528 1415.5555710944 -0.0175195264 0.0027756717 0.9998426685 8.1534787379
-0.4863099995 -0.8735129167 -0.0218579209 -377.0669822855 0.8731757127 -0.4867531156 0.0252106943 1416.4410983501 -0.0326612782 -0.0068255929 0.9994431711 8.1292760120
-0.4922377118 -0.8696910449 -0.0365994730 -377.5688147364 0.8694906913 -0.4932388363 0.0264837329 1417.3179026833 -0.0410849468 -0.0187866090 0.9989790240 8.0962100998
-0.4994658087 -0.8646550836 -0.0539026195 -378.0745355384 0.8646932810 -0.5013812135 0.0303711811 1418.1892815179 -0.0532863569 -0.0314398664 0.9980842144 8.0532782947
-0.5072929971 -0.8600947743 -0.0537661085 -378.5958842978 0.8606123675 -0.5088602832 0.0201882411 1419.0825897124 -0.0447232379 -0.0360304246 0.9983494581 8.0030706656
-0.5148655483 -0.8561093115 -0.0446129349 -379.1211613719 0.8565820846 -0.5158405465 0.0132537903 1419.9666325607 -0.0343598540 -0.0313907207 0.9989164245 7.9580213043
-0.5176877044 -0.8546612634 -0.0394152965 -379.6389369824 0.8549331364 -0.5185300506 0.0146941779 1420.8224775244 -0.0329965603 -0.0260904478 0.9991148660 7.9204771910
-0.5197337857 -0.8537690293 -0.0309069036 -380.1575040209 0.8540961287 -0.5200957335 0.0044978684 1421.6711650454 -0.0199146894 -0.0240597725 0.9995121472 7.8894836101
-0.5220476945 -0.8521515032 -0.0361112207 -380.6858018724 0.8524072256 -0.5227308620 0.0124244741 1422.5302779659 -0.0294639838 -0.0242952974 0.9992705400 7.8659684024
-0.5228760483 -0.8513206145 -0.0430563524 -381.2162103333 0.8516754656 -0.5238540473 0.0150279211 1423.3833480570 -0.0353488235 -0.0288122990 0.9989596149 7.8314885395
-0.5231955785 -0.8491376997 -0.0723294788 -381.7569821922 0.8497026195 -0.5262815762 0.0321428204 1424.2459819273 -0.0653593527 -0.0446415661 0.9968627215 7.7821507644
-0.5241794702 -0.8472366216 -0.0861741841 -382.2916766672 0.8478595808 -0.5286771420 0.0404303204 1425.1017712077 -0.0798123694 -0.0518708637 0.9954593910 7.7088128184
-0.5230528044 -0.8486371430 -0.0789351846 -382.8278199797 0.8490364136 -0.5269077632 0.0387991953 1425.9751335768 -0.0745179998 -0.0467248181 0.9961244195 7.6312272700
-0.5200379218 -0.8510689663 -0.0724028628 -383.3505380401 0.8507452091 -0.5236584020 0.0448828164 1426.8346153590 -0.0761127396 -0.0382556221 0.9963650728 7.5549680460
-0.5035817284 -0.8612272716 -0.0685056893 -383.8703332897 0.8597553489 -0.5073622018 0.0583466901 1427.6981660294 -0.0850069581 -0.0295158058 0.9959430879 7.4726607874
-0.4235346824 -0.9037766222 -0.0616943277 -384.3525344339 0.9012857801 -0.4272585873 0.0716522307 1428.6058074036 -0.0911170423 -0.0252570155 0.9955198480 7.3831059741
-0.3382013069 -0.9392749417 -0.0581589191 -384.7478279335 0.9352524595 -0.3423301011 0.0900718546 1429.5541410926 -0.1045117846 -0.0239308532 0.9942356869 7.2817963631
-0.2770201950 -0.9595280312 -0.0506534192 -385.0673605698 0.9556389408 -0.2806208818 0.0894770108 1430.5255492518 -0.1000701071 -0.0236194409 0.9947000029 7.1699985876
-0.2355529312 -0.9707471919 -0.0465264017 -385.3336669787 0.9667489799 -0.2389491714 0.0911027079 1431.5094441917 -0.0995551430 -0.0235198415 0.9947540352 7.0668320203
-0.2147863941 -0.9757809309 -0.0414533456 -385.5583601894 0.9727281702 -0.2175338943 0.0804916870 1432.4801322779 -0.0875597610 -0.0230343178 0.9958929202 6.9703906130
-0.2045784867 -0.9781128521 -0.0379854103 -385.7700414960 0.9753371439 -0.2069755169 0.0766719709 1433.4534238020 -0.0828558901 -0.0213631458 0.9963325336 6.8852825558
-0.2089845223 -0.9774667495 -0.0297358886 -385.9772434198 0.9755326107 -0.2105011166 0.0634460826 1434.4513588873 -0.0682758738 -0.0157490798 0.9975421653 6.8030429008
-0.2189254049 -0.9755080879 -0.0213456693 -386.1933126090 0.9741111604 -0.2197714159 0.0529903001 1435.4432267561 -0.0563836343 -0.0091921318 0.9983668617 6.7368402486
-0.2340419553 -0.9720971278 -0.0158599244 -386.4234581076 0.9712459488 -0.2345072687 0.0410809915 1436.4328037132 -0.0436539814 -0.0057892118 0.9990299370 6.6842025255
-0.2780865728 -0.9605087393 -0.0095299383 -386.6719742021 0.9596161242 -0.2782395824 0.0414684098 1437.4037697829 -0.0424823761 0.0023867255 0.9990943655 6.6387806714
-0.1746872111 -0.9845408151 -0.0127969415 -386.9181552146 0.9840903487 -0.1750056261 0.0306466397 1438.3888308076 -0.0324124044 -0.0072397706 0.9994483587 6.5959343496
-0.0636210032 -0.9976639852 -0.0248785156 -387.0555464346 0.9978661476 -0.0639610648 0.0131199726 1439.3894933088 -0.0146805804 -0.0239907227 0.9996043846 6.5693015652
0.0373531889 -0.9985486557 -0.0387984729 -387.0802862570 0.9992806422 0.0375788110 -0.0051020716 1440.4047473590 0.0065526672 -0.0385799843 0.9992340303 6.5616345796
0.1000317676 -0.9937938073 -0.0486571066 -387.0252562080 0.9947226470 0.1010071248 -0.0180115620 1441.4355729804 0.0228144932 -0.0465985975 0.9986531278 6.5718249112
0.1289304222 -0.9903048647 -0.0517032028 -386.9130767285 0.9909731436 0.1305979241 -0.0302722779 1442.4335041327 0.0367311150 -0.0473334678 0.9982035704 6.5976834537
0.1411902903 -0.9883705432 -0.0564709776 -386.7798986166 0.9895786043 0.1425320990 -0.0204642758 1443.4495252224 0.0282752143 -0.0529931142 0.9981944911 6.6260629998
0.1391429748 -0.9887362602 -0.0551347463 -386.6374799486 0.9897244974 0.1407019534 -0.0254632977 1444.4629051504 0.0329340523 -0.0510251701 0.9981541866 6.6523794241
0.1234290993 -0.9904600836 -0.0612705495 -386.5085707732 0.9918138268 0.1251624052 -0.0252923947 1445.4864227068 0.0327198767 -0.0576471607 0.9978006888 6.6823628461
0.1029425708 -0.9925616405 -0.0649939765 -386.3987901392 0.9942882114 0.1045321260 -0.0215403633 1446.4814203616 0.0281740969 -0.0624053242 0.9976531440 6.7136225724
0.0833191068 -0.9940198999 -0.0705858706 -386.3115592518 0.9960453078 0.0852627349 -0.0249802103 1447.4811006802 0.0308491705 -0.0682253964 0.9971928720 6.7413500020
0.0592817480 -0.9958435259 -0.0691472789 -386.2394214508 0.9980925063 0.0603264512 -0.0131174712 1448.5003914548 0.0172343587 -0.0682377543 0.9975202182 6.7689190840
0.0527250327 -0.9963058763 -0.0677840088 -386.1864903524 0.9985931796 0.0529854942 -0.0020491728 1449.5164770644 0.0056331721 -0.0675806062 0.9976979147 6.7834285180
0.0473990817 -0.9969007000 -0.0627879073 -386.1335987412 0.9988724611 0.0471371018 0.0056480246 1450.5424811650 -0.0026708797 -0.0629848227 0.9980109110 6.7848164968
0.0462677385 -0.9979534183 -0.0441392268 -386.0775407702 0.9987176362 0.0453036750 0.0225977916 1451.5639415195 -0.0205518742 -0.0451281729 0.9987697775 6.7742245495
0.0420671842 -0.9985181361 -0.0345236719 -386.0295352702 0.9991137316 0.0420921754 0.0000029212 1452.5771513446 0.0014502596 -0.0344931975 0.9994038804 6.7526483022
0.0463473916 -0.9988469022 -0.0125213901 -385.9756182473 0.9988708405 0.0464722064 -0.0098680275 1453.6037696686 0.0104385453 -0.0120498941 0.9998729103 6.7466248814
0.0486078002 -0.9987790642 0.0088126468 -385.9177930772 0.9988080648 0.0485661889 -0.0048759670 1454.6149667864 0.0044420171 0.0090391528 0.9999492798 6.7510843561
0.0478245397 -0.9986285394 0.0213038431 -385.8612677489 0.9988478355 0.0478981975 0.0029604520 1455.6474964306 -0.0039768075 0.0211377153 0.9997686642 6.7485691512
-0.0461962012 -0.9988048723 0.0159605184 -385.8625614741 0.9988144259 -0.0459393157 0.0161034773 1456.6844881247 -0.0153510163 0.0166855155 0.9997429369 6.7387399634
-0.1289898248 -0.9913868986 0.0226636813 -385.9515538128 0.9911157319 -0.1281399353 0.0356337347 1457.6947481942 -0.0324226951 0.0270587202 0.9991078993 6.7141240897
-0.2062076838 -0.9781538702 0.0263324408 -386.1208190721 0.9781613492 -0.2053434157 0.0321629675 1458.7152552651 -0.0260531378 0.0323896269 0.9991356995 6.6812989805
-0.2618933198 -0.9648388213 0.0223145235 -386.3619892410 0.9647747383 -0.2611386160 0.0318798924 1459.7132546833 -0.0249317740 0.0298776195 0.9992425804 6.6566341303
-0.3790119585 -0.9253386195 0.0099183904 -386.6741007756 0.9251412370 -0.3786381945 0.0273278115 1460.6710328702 -0.0215319980 0.0195334793 0.9995773188 6.6351364376
-0.4888541169 -0.8721563823 -0.0191022830 -387.1290554485 0.8716765869 -0.4892210083 0.0290298607 1461.5780717918 -0.0346638165 -0.0024596459 0.9993960026 6.6028993757
-0.5900205063 -0.8067881434 -0.0311238467 -387.6778996229 0.8070065328 -0.5904884547 0.0079900476 1462.4122699132 -0.0248245478 -0.0204028557 0.9994835993 6.5673141834
-0.6527366186 -0.7560530990 -0.0481520323 -388.3206526192 0.7573748104 -0.6527329691 -0.0179740826 1463.1906395118 -0.0178410582 -0.0482014782 0.9986782836 6.5491133770
-0.6914721303 -0.7210778758 -0.0437377408 -389.0143485280 0.7223801291 -0.6906648452 -0.0338972071 1463.9425278797 -0.0057655939 -0.0550342489 0.9984678209 6.5342543436
-0.7070940032 -0.7056351723 -0.0457938231 -389.7260562840 0.7069627048 -0.7068171265 -0.0247645659 1464.6591486331 -0.0148931097 -0.0498854010 0.9986439015 6.5221543961
-0.7111389154 -0.7016599037 -0.0442133752 -390.4447202689 0.7026451385 -0.7114589731 -0.0107674944 1465.3714546130 -0.0239008834 -0.0387234974 0.9989640827 6.5023314740
-0.7082598694 -0.7036253434 -0.0572654652 -391.1704421793 0.7045438214 -0.7096385457 0.0055801606 1466.0867379337 -0.0445641239 -0.0363938259 0.9983433920 6.4688191465
-0.7022573839 -0.7094248650 -0.0595896604 -391.8805063429 0.7101100461 -0.7039807607 0.0124423069 1466.7978584051 -0.0507768564 -0.0335775146 0.9981454109 6.4214353082
-0.6856695365 -0.7256420133 -0.0574539399 -392.5990156590 0.7260492515 -0.6874248177 0.0173090823 1467.5401516684 -0.0520554615 -0.0298460796 0.9981980968 6.3700152607
-0.6707591869 -0.7395696104 -0.0558471541 -393.2953374195 0.7399188972 -0.6724499639 0.0181953747 1468.2960390584 -0.0510111629 -0.0291176499 0.9982735215 6.3183167821
-0.6594944401 -0.7501924049 -0.0477329975 -393.9776987298 0.7503364214 -0.6607975266 0.0184900927 1469.0681579304 -0.0454129738 -0.0236216932 0.9986889793 6.2658091876
-0.6500062305 -0.7591314625 -0.0348040647 -394.6470219062 0.7586114986 -0.6508941027 0.0290768188 1469.8543509530 -0.0447268884 -0.0075026502 0.9989710785 6.2132491430
-0.6449493065 -0.7641805980 -0.0082707705 -395.3035637687 0.7638888548 -0.6449486961 0.0226935420 1470.6362145592 -0.0226761872 0.0083182348 0.9997082562 6.1704580539
-0.6437336212 -0.7651750489 0.0106850085 -395.9418918519 0.7651417926 -0.6433457281 0.0257742374 1471.4033013952 -0.0128476488 0.0247672897 0.9996106839 6.1478942676
-0.6427423818 -0.7659226279 0.0156447628 -396.5888201414 0.7660195249 -0.6422939857 0.0259330571 1472.1724765004 -0.0098141782 0.0286524686 0.9995412537 6.1323507317
-0.5489956153 -0.8358249475 0.0006867422 -397.2289139843 0.8356029184 -0.5488304601 0.0235135884 1472.9848762717 -0.0192763388 0.0134827007 0.9997232815 6.1122815974
-0.4367605709 -0.8995307661 -0.0091980738 -397.7400796146 0.8992797636 -0.4368562249 0.0212731188 1473.8563414488 -0.0231540606 0.0010196179 0.9997313889 6.0899735185
-0.3527634115 -0.9355027132 -0.0198153762 -398.1510381094 0.9354856862 -0.3530650887 0.0145455882 1474.7862304906 -0.0206035548 -0.0134058495 0.9996978427 6.0667690958
-0.2757062648 -0.9608068219 -0.0289189645 -398.4827121983 0.9611609315 -0.2759488025 0.0046821056 1475.7605906270 -0.0124787527 -0.0265048930 0.9995707936 6.0515800458
-0.2380221120 -0.9707223836 -0.0323036867 -398.7399163618 0.9712335567 -0.2381282090 -0.0005782553 1476.7309050160 -0.0071310937 -0.0315120621 0.9994779324 6.0417830304
-0.2273866129 -0.9731930034 -0.0345066145 -398.9764739503 0.9737700871 -0.2275339389 0.0003522662 1477.7195710990 -0.0081942489 -0.0335214084 0.9994044074 6.0294197915
-0.2300425024 -0.9724629210 -0.0373672904 -399.2104480331 0.9730555739 -0.2304587542 0.0071841988 1478.7144068510 -0.0155979862 -0.0347077792 0.9992757742 6.0138780240
-0.2419063996 -0.9700022972 -0.0240174384 -399.4451385808 0.9701930062 -0.2421725902 0.0088299111 1479.6977770835 -0.0143813993 -0.0211655388 0.9996725440 5.9946398746
-0.2592177116 -0.9657639498 -0.0103039442 -399.7001424346 0.9656877242 -0.2593435886 0.0137157700 1480.6886388385 -0.0159184581 -0.0063950219 0.9998528424 5.9748115118
-0.2798025857 -0.9600069255 0.0098598219 -399.9673287221 0.9599732731 -0.2796271845 0.0161230492 1481.6678066044 -0.0127211646 0.0139764363 0.9998213996 5.9532016785
-0.2975460250 -0.9544942980 0.0201741944 -400.2607570390 0.9545636983 -0.2970680666 0.0236370417 1482.6546773638 -0.0165683126 0.0262906615 0.9995170294 5.9342364465
-0.3186022369 -0.9473876391 0.0308103223 -400.5708474362 0.9475850715 -0.3175095754 0.0356398897 1483.6359633040 -0.0239822186 0.0405503500 0.9988896447 5.9140472733
-0.3253136542 -0.9452044719 0.0275596198 -400.9070267071 0.9453619267 -0.3244290932 0.0321961348 1484.6122501943 -0.0214907882 0.0365276576 0.9991015345 5.8899303964
-0.3328590338 -0.9425946527 0.0268362486 -401.2463358929 0.9424832254 -0.3316296449 0.0417989043 1485.5974192224 -0.0304997281 0.0392058570 0.9987655718 5.8663061299
-0.3338876465 -0.9422341513 0.0267178536 -401.5780675872 0.9423346754 -0.3329663931 0.0337452321 1486.5386400416 -0.0228997627 0.0364442760 0.9990732784 5.8367425005
-0.3316949817 -0.9431775110 0.0198650899 -401.9143922860 0.9430369890 -0.3309252166 0.0342014401 1487.4840269358 -0.0256841700 0.0300779606 0.9992175137 5.8117157172
-0.3276564180 -0.9447600337 0.0083516725 -402.2622914966 0.9442917760 -0.3271793998 0.0355904785 1488.4603374469 -0.0308919665 0.0195478644 0.9993315603 5.7764189452
-0.3230392848 -0.9463338968 -0.0098881849 -402.6063077326 0.9455089102 -0.3231720486 0.0396576321 1489.4360495159 -0.0407249465 0.0034616062 0.9991643989 5.7339471973
-0.3225762211 -0.9464662024 -0.0120958361 -402.9407092070 0.9457591839 -0.3228027237 0.0365782408 1490.4032576024 -0.0385246375 0.0003595226 0.9992575859 5.6880379392
-0.3214217028 -0.9469332786 -0.0023355574 -403.2705178364 0.9467274345 -0.3214016603 0.0202024155 1491.3633964954 -0.0198809915 0.0042823585 0.9997931824 5.6564193270
-0.3200001105 -0.9474162115 0.0015657508 -403.5966116648 0.9472973333 -0.3199327625 0.0164556923 1492.3315035386 -0.0150894547 0.0067490549 0.9998633700 5.6442812647
-0.3191255186 -0.9476919447 -0.0062354858 -403.9256158855 0.9475079201 -0.3191864271 0.0186752790 1493.2969300753 -0.0196886939 0.0000515859 0.9998061575 5.6284415040
-0.3115766183 -0.9498231092 -0.0274967679 -404.2595133862 0.9495626985 -0.3123073428 0.0281922915 1494.2725730549 -0.0353651325 -0.0173258463 0.9992242603 5.6009137666
-0.3125523062 -0.9488946369 -0.0437038197 -404.5819458524 0.9485369821 -0.3142374694 0.0391459627 1495.2397054893 -0.0508787718 -0.0292195284 0.9982773010 5.5571620646
-0.3125630733 -0.9484769368 -0.0519213406 -404.9036741878 0.9484282995 -0.3146516515 0.0384460511 1496.2008065373 -0.0528023284 -0.0372268529 0.9979108555 5.4993641866
-0.3078604160 -0.9502023230 -0.0483477980 -405.2183503441 0.9504956527 -0.3094135869 0.0286573961 1497.1576360612 -0.0421897899 -0.0371318940 0.9984193728 5.4441600644
-0.3097752795 -0.9495441364 -0.0490429328 -405.5341311191 0.9500491367 -0.3111782443 0.0239736959 1498.1128831513 -0.0380251761 -0.0391667376 0.9985089147 5.3998632765
-0.3116361033 -0.9490122041 -0.0475265784 -405.8512599985 0.9497673995 -0.3126156138 0.0146070105 1499.0699445880 -0.0287197817 -0.0405871230 0.9987631649 5.3634809029
-0.3147649538 -0.9478628314 -0.0497903273 -406.1719781925 0.9488520355 -0.3155833335 0.0093260068 1500.0256918696 -0.0245527727 -0.0443081533 0.9987161503 5.3368866922
-0.3140371643 -0.9478871939 -0.0537636223 -406.4906774752 0.9492301227 -0.3145779943 0.0016910374 1500.9723347402 -0.0185157651 -0.0505030013 0.9985522587 5.3141528042
-0.3555536779 -0.9334387943 -0.0476822751 -406.8261547636 0.9344886344 -0.3559921648 0.0007555460 1501.9424432299 -0.0176797723 -0.0442899070 0.9988622677 5.2951971543
-0.4133154535 -0.9094689822 -0.0451276665 -407.2168022195 0.9103365852 -0.4138579264 0.0029863845 1502.8835791434 -0.0213924665 -0.0398470469 0.9989767641 5.2747868535
-0.4714082510 -0.8808366887 -0.0436003295 -407.6595712473 0.8815042543 -0.4721213530 0.0071887167 1503.7909919990 -0.0269167320 -0.0350450556 0.9990231897 5.2497263560
-0.5087976897 -0.8596265968 -0.0465513163 -408.1606306309 0.8599642018 -0.5100110524 0.0187162527 1504.6806592021 -0.0398306744 -0.0305096795 0.9987405453 5.2165858057
-0.5345876020 -0.8434830419 -0.0524638325 -408.7002564853 0.8432087758 -0.5365193390 0.0338520192 1505.5536959500 -0.0567014649 -0.0261410942 0.9980488901 5.1661433075
-0.5450792937 -0.8365100320 -0.0560315084 -409.2592328129 0.8357948215 -0.5474295926 0.0420458965 1506.4124587154 -0.0658451200 -0.0239124970 0.9975432886 5.1027092856
-0.5512420716 -0.8326871761 -0.0525760902 -409.8235027322 0.8314546361 -0.5534814239 0.0483890641 1507.2643099825 -0.0693928424 -0.0170405460 0.9974438597 5.0317475279
-0.5441570857 -0.8379911502 -0.0407909094 -410.3799921317 0.8364442564 -0.5456483801 0.0512723247 1508.1130032391 -0.0652232480 -0.0062191231 0.9978513168 4.9609382545
-0.5384701042 -0.8418848890 -0.0357740216 -410.9273350134 0.8407244964 -0.5396231184 0.0446005739 1508.9583704840 -0.0568530383 -0.0060600206 0.9983641661 4.8991441030
-0.5255444469 -0.8499718598 -0.0367542083 -411.4652790174 0.8491994224 -0.5267074955 0.0379414721 1509.8112543079 -0.0516079006 -0.0112717225 0.9986038118 4.8447044423
-0.5136960464 -0.8571469023 -0.0376239268 -411.9874266388 0.8564419021 -0.5149045035 0.0371567021 1510.6716321876 -0.0512214815 -0.0131354564 0.9986009311 4.7958326552
-0.5056052528 -0.8620747458 -0.0345030580 -412.4964991161 0.8618022980 -0.5065257179 0.0269906701 1511.5333652998 -0.0407446613 -0.0160881901 0.9990400606 4.7480608323
-0.5001468671 -0.8656682468 -0.0217163044 -412.9973367041 0.8651372525 -0.5006057068 0.0305198391 1512.4051271276 -0.0372913615 -0.0035231820 0.9992982245 4.7051142043
-0.4917182984 -0.8705880567 -0.0170161845 -413.4950646062 0.8696934775 -0.4919897828 0.0397405180 1513.2788111204 -0.0429694093 0.0047422752 0.9990651334 4.6612929494
-0.4910803927 -0.8710776514 -0.0079858015 -413.9865219145 0.8699712726 -0.4908849002 0.0467118794 1514.1543420985 -0.0446097836 0.0159918702 0.9988764825 4.6144713886
-0.4920184377 -0.8704820669 -0.0133726635 -414.4832299801 0.8685599956 -0.4918632158 0.0606144455 1515.0294759358 -0.0593413090 0.0182084642 0.9980716712 4.5610701660
-0.4974327635 -0.8673025199 -0.0186275285 -414.9803443847 0.8645232871 -0.4973881953 0.0721420081 1515.9019583384 -0.0718340582 0.0197818663 0.9972204099 4.4972354794
-0.5001715024 -0.8655086822 -0.0268921757 -415.4972277286 0.8625197045 -0.5007155069 0.0731008928 1516.7949425214 -0.0767347868 0.0133679519 0.9969619202 4.4224138086
-0.4979016896 -0.8663603825 -0.0389049500 -416.0157913315 0.8628355330 -0.4993901981 0.0782577352 1517.6840425202 -0.0872281521 0.0053960853 0.9961737458 4.3387707213
-0.5013294912 -0.8640865683 -0.0449793700 -416.5289577315 0.8607266933 -0.5033429251 0.0761279132 1518.5696207760 -0.0884211549 -0.0005497764 0.9960830272 4.2490197030
-0.5033616662 -0.8630890146 -0.0412842088 -417.0385065248 0.8605425043 -0.5050472100 0.0662866045 1519.4434967928 -0.0780617146 -0.0021606808 0.9969461872 4.1624818917
-0.5067923669 -0.8612771298 -0.0369215718 -417.5489243487 0.8592541084 -0.5081322897 0.0590250234 1520.3124471011 -0.0695979456 -0.0018115809 0.9975734781 4.0861701968
-0.5061782102 -0.8621250858 -0.0228900822 -418.0545240742 0.8610389127 -0.5066906516 0.0433194463 1521.1702383681 -0.0489449720 0.0022181083 0.9987990137 4.0197100843
-0.5062988696 -0.8623020789 -0.0098274813 -418.5725686425 0.8617228798 -0.5063304062 0.0326067206 1522.0506908748 -0.0330927956 0.0080401803 0.9994199430 3.9682391842
-0.5072658998 -0.8617757955 -0.0048769964 -419.0960216269 0.8614003296 -0.5071987259 0.0271831669 1522.9333198152 -0.0258994016 0.0095880473 0.9996185724 3.9304566145
-0.5081124215 -0.8612560151 0.0077358596 -419.6122346612 0.8612668125 -0.5080108291 0.0120197825 1523.8115450903 -0.0064222096 0.0127700400 0.9998978354 3.9124027241
-0.5098885090 -0.8600528089 0.0179687036 -420.1273108702 0.8602402122 -0.5097940184 0.0098405384 1524.6911475429 0.0006969550 0.0204749788 0.9997901227 3.9056559115
-0.5077475903 -0.8608344062 0.0340074944 -420.6373357224 0.8614743249 -0.5076711243 0.0114898720 1525.5728153857 0.0073737458 0.0351305381 0.9993555289 3.9037387944
-0.5082703369 -0.8599072854 0.0471245708 -421.1488826453 0.8609930740 -0.5085807308 0.0060470416 1526.4547497966 0.0187667535 0.0436474610 0.9988707164 3.9160698951
-0.5092981127 -0.8592103644 0.0487132651 -421.6696288343 0.8600809657 -0.5101276004 -0.0055284491 1527.3402732562 0.0296000818 0.0390817234 0.9987975040 3.9390566442
-0.5101233057 -0.8582260958 0.0567642615 -422.1889343596 0.8591770583 -0.5115228831 -0.0126143759 1528.2271713787 0.0398622053 0.0423356640 0.9983079165 3.9720792160
-0.5057840540 -0.8607008231 0.0581083799 -422.6999994549 0.8619257983 -0.5069844674 -0.0071181456 1529.0959092066 0.0355866398 0.0464848672 0.9982849033 4.0052811492
-0.5078322472 -0.8590383791 0.0644939676 -423.2087123528 0.8608174778 -0.5089136604 -0.0003952576 1529.9707586409 0.0331614026 0.0553168100 0.9979180186 4.0377374658
-0.5072624940 -0.8595608160 0.0619674576 -423.7252610056 0.8614467943 -0.5077808425 0.0082484266 1530.8417486138 0.0243758635 0.0575657851 0.9980440860 4.0673267949
-0.5078058857 -0.8596977333 0.0552538670 -424.2417533771 0.8613944408 -0.5075729444 0.0192177899 1531.7215961417 0.0115238776 0.0573542807 0.9982873768 4.0872927870
-0.5108276530 -0.8584754770 0.0455517768 -424.7602432990 0.8596754987 -0.5103289870 0.0228552400 1532.5981183496 0.0036257291 0.0508348350 0.9987004925 4.0961430210
-0.5107653797 -0.8590706808 0.0334109591 -425.2810558024 0.8597077504 -0.5101634948 0.0252149241 1533.4723684340 -0.0046163504 0.0416025708 0.9991235736 4.0979715339
-0.5102034654 -0.8596518452 0.0262893305 -425.7982147214 0.8600147056 -0.5096507183 0.0251167567 1534.3455997895 -0.0081932901 0.0354238672 0.9993387912 4.0929612599
-0.5060933495 -0.8623300186 0.0160143883 -426.3151604500 0.8624768880 -0.5059668885 0.0114509987 1535.2179037278 -0.0017717897 0.0196073141 0.9998061882 4.0872406159
-0.5085770765 -0.8609367108 0.0117190960 -426.8308727607 0.8610115032 -0.5085732535 0.0035266400 1536.0914569169 0.0029238050 0.0118838447 0.9999251100 4.0847162448
-0.5081374505 -0.8612734272 0.0021011732 -427.3567024359 0.8612687973 -0.5081416652 -0.0028472563 1536.9686549012 0.0035199598 0.0003628773 0.9999937391 4.0804324893
-0.5045740720 -0.8633415437 0.0068106384 -427.8783667820 0.8632799624 -0.5046195951 -0.0103329963 1537.8494804935 0.0123576866 0.0006657257 0.9999234193 4.0805908207
-0.5043191305 -0.8634734002 0.0087121630 -428.3981888047 0.8634574512 -0.5043773143 -0.0066899018 1538.7347630049 0.0101707696 0.0041487366 0.9999396699 4.0873965089
-0.5045949585 -0.8633039397 0.0094992344 -428.9224840826 0.8633212809 -0.5046429639 -0.0034416403 1539.6280891000 0.0077649034 0.0064642568 0.9999489585 4.0933612432
-0.5085405382 -0.8609617616 0.0114615046 -429.4451842842 0.8608975806 -0.5086529602 -0.0112925566 1540.5111738080 0.0155523877 0.0041244588 0.9998705477 4.1045441405
-0.5081885026 -0.8611113360 0.0152221165 -429.9706850326 0.8606312739 -0.5084141276 -0.0287903682 1541.3970588682 0.0325308516 -0.0015303046 0.9994695602 4.1258304966
-0.5067843112 -0.8618696045 0.0187202210 -430.4782946901 0.8614330113 -0.5071252568 -0.0275161927 1542.2647716881 0.0332088670 0.0021814416 0.9994460528 4.1594633421
-0.5063741402 -0.8621961740 0.0142473734 -430.9859959737 0.8621690280 -0.5065227982 -0.0099610273 1543.1362758423 0.0158049790 0.0072396374 0.9998488837 4.1861705701
-0.5049728292 -0.8631137967 0.0060840567 -431.4959050733 0.8630922314 -0.5048647576 0.0135416612 1544.0148111823 -0.0086163688 0.0120892730 0.9998897978 4.1868750848
-0.5020519873 -0.8648347992 0.0021382634 -432.0032049949 0.8646774131 -0.5019099921 0.0204775769 1544.8845169912 -0.0166365053 0.0121297162 0.9997880259 4.1703122143
-0.5011465368 -0.8653238268 0.0081745553 -432.5056351092 0.8651631022 -0.5008059984 0.0261946290 1545.7546413282 -0.0185729703 0.0201996713 0.9996234381 4.1443942508
-0.5042056616 -0.8634422411 0.0156252045 -433.0073289468 0.8633968729 -0.5036378653 0.0299122136 1546.6219909272 -0.0179580241 0.0285726601 0.9994303940 4.1232096924
-0.5053964324 -0.8625489759 0.0241600973 -433.5101141270 0.8626364125 -0.5043763193 0.0382485094 1547.4916914074 -0.0208054317 0.0401720398 0.9989761465 4.1058334284
-0.5077458214 -0.8611916468 0.0233051132 -434.0202985282 0.8612666752 -0.5067796423 0.0373377602 1548.3608654074 -0.0203444103 0.0390300091 0.9990309121 4.0886903953
-0.5071400728 -0.8615957647 0.0214868544 -434.5270188040 0.8617936111 -0.5066234255 0.0253865447 1549.2192667445 -0.0109871957 0.0313917679 0.9994467662 4.0741980961
-0.5088145831 -0.8606686938 0.0188976094 -435.0383841822 0.8608730421 -0.5086313050 0.0138492178 1550.0815439241 -0.0023076725 0.0233151265 0.9997255021 4.0697234193
-0.5082342710 -0.8609814016 0.0202225598 -435.5560800460 0.8611696905 -0.5078142155 0.0226160705 1550.9770394312 -0.0092027127 0.0289093176 0.9995396748 4.0604401229
-0.5072195938 -0.8614931672 0.0236179294 -436.0660371313 0.8616733669 -0.5064446215 0.0321380489 1551.8509491543 -0.0157255362 0.0366519888 0.9992043531 4.0446458647
-0.5063353579 -0.8618818831 0.0280022287 -436.5783396022 0.8620550053 -0.5050731721 0.0419792650 1552.7296995632 -0.0220379935 0.0453950476 0.9987259967 4.0217460338
-0.5056508280 -0.8623294937 0.0265534247 -437.0947498304 0.8619343103 -0.5036119498 0.0586877213 1553.6133140776 -0.0372355310 0.0525628026 0.9979231769 3.9912435305
-0.5051631637 -0.8625125509 0.0297031570 -437.6036310813 0.8620493859 -0.5026587116 0.0648465571 1554.4870201346 -0.0410004188 0.0583636802 0.9974530798 3.9481401094
-0.5070591394 -0.8616080455 0.0228605589 -438.1201756503 0.8607423274 -0.5048124350 0.0654755783 1555.3629399667 -0.0448739906 0.0528770411 0.9975922732 3.9069472930
-0.5087394748 -0.8607711433 0.0160370101 -438.6310313020 0.8597885277 -0.5070274605 0.0607193694 1556.2238875396 -0.0441342766 0.0446787774 0.9980260380 3.8632364910
-0.5107220118 -0.8597378893 0.0037132712 -439.1443410059 0.8591313266 -0.5101888883 0.0400082729 1557.0767551804 -0.0325021584 0.0236232932 0.9991924488 3.8265854343
-0.5103755093 -0.8599490779 -0.0021030907 -439.6702929888 0.8595572116 -0.5102139505 0.0290366109 1557.9574300339 -0.0260430330 0.0130118483 0.9995761363 3.7964108924
-0.5090463134 -0.8605854749 -0.0162631855 -440.2029875581 0.8605016349 -0.5092588336 0.0138699916 1558.8397576570 -0.0202184842 -0.0069340296 0.9997715400 3.7680399281
-0.5089619752 -0.8605758063 -0.0191569658 -440.7244422859 0.8607583807 -0.5090055366 -0.0028937534 1559.7106552890 -0.0072607075 -0.0179623293 0.9998123008 3.7480148513
-0.5056607126 -0.8623971691 -0.0240492512 -441.2506955836 0.8627209344 -0.5056013719 -0.0089354398 1560.5938556394 -0.0044534364 -0.0252660933 0.9996708415 3.7329529685
-0.5013802526 -0.8648453308 -0.0256981746 -441.7691949329 0.8652268665 -0.5011781224 -0.0142463753 1561.4754590174 -0.0005584517 -0.0293776023 0.9995682291 3.7231671113
-0.5000273474 -0.8653344431 -0.0341899604 -442.2904435911 0.8659541345 -0.5000523787 -0.0084294396 1562.3635501343 -0.0098024866 -0.0338218879 0.9993798033 3.7158098259
-0.5011867069 -0.8641777164 -0.0448191834 -442.8090993379 0.8650348680 -0.5017114640 0.0005330401 1563.2507033771 -0.0229469395 -0.0385030038 0.9989949733 3.6984304800
-0.5023034950 -0.8631486136 -0.0516301250 -443.3275423658 0.8639911689 -0.5034037119 0.0101962230 1564.1419748445 -0.0347916524 -0.0394863736 0.9986142234 3.6746255683
-0.5035885644 -0.8620957531 -0.0564753951 -443.8427325190 0.8632484320 -0.5047289506 0.0071295864 1565.0211636217 -0.0346511530 -0.0451619181 0.9983785348 3.6401759105
-0.5060478030 -0.8607295532 -0.0553195928 -444.3562051474 0.8613762718 -0.5076255806 0.0186329886 1565.9065558342 -0.0441196044 -0.0382218017 0.9982948234 3.6018243351
-0.5048010042 -0.8613347744 -0.0572568995 -444.8693914406 0.8621475160 -0.5063838330 0.0166455521 1566.7792415364 -0.0433313611 -0.0409612023 0.9982207036 3.5571824453
-0.5044872805 -0.8613186029 -0.0601900994 -445.3809383220 0.8616952101 -0.5066581490 0.0279085094 1567.6549555533 -0.0545339227 -0.0377860323 0.9977967063 3.5073933863
-0.5036963276 -0.8623953944 -0.0506378636 -445.8861350668 0.8628174548 -0.5051187656 0.0200267884 1568.5197170233 -0.0428491452 -0.0336038128 0.9985162665 3.4513959589
-0.5039443667 -0.8625739239 -0.0447917523 -446.3930461024 0.8629376266 -0.5050303756 0.0168217809 1569.3880374695 -0.0371312251 -0.0301752467 0.9988547075 3.4046116848
-0.5033490219 -0.8634444487 -0.0332181612 -446.9105004000 0.8638313527 -0.5037584286 0.0047790785 1570.2739915950 -0.0208603975 -0.0262893447 0.9994366984 3.3690174841
-0.5056334003 -0.8625892380 -0.0165732015 -447.4251866870 0.8626382917 -0.5051686108 -0.0256875917 1571.1498465648 0.0137855790 -0.0272851826 0.9995326291 3.3570190075
-0.5080603851 -0.8612650849 0.0098538627 -447.9214000443 0.8598863545 -0.5078408180 -0.0518956732 1572.0020647285 0.0497001251 -0.0178929336 0.9986038957 3.3845708486
-0.5081122098 -0.8607978326 0.0291388681 -448.4299953279 0.8574188158 -0.5087427421 -0.0775486722 1572.8652085142 0.0815779166 -0.0144192134 0.9965626572 3.4431968416
-0.5069226382 -0.8614522231 0.0304878049 -448.9388033517 0.8569405120 -0.5074602074 -0.0902058577 1573.7256332631 0.0931793845 -0.0196011562 0.9954563762 3.5305810139
-0.5080812891 -0.8609422510 0.0251365097 -449.4559743004 0.8574738643 -0.5083544672 -0.0794626188 1574.6013111156 0.0811909829 -0.0188195697 0.9965208719 3.6231094872
-0.5077177519 -0.8613242113 0.0185280186 -449.9830371467 0.8596289904 -0.5079095605 -0.0553703643 1575.4975924457 0.0571023932 -0.0121852950 0.9982939624 3.6904610136
-0.5059130991 -0.8622568303 0.0237717203 -450.5010183428 0.8612747913 -0.5064711667 -0.0411423289 1576.3865979754 0.0475149450 -0.0003404597 0.9988704691 3.7415247031
-0.5049215913 -0.8628715169 0.0225151506 -451.0282229684 0.8626534697 -0.5053486098 -0.0212549719 1577.2883548635 0.0297183099 0.0086906786 0.9995205321 3.7797834454
-0.5023675784 -0.8644872931 0.0169863568 -451.5537760920 0.8645844279 -0.5024796146 -0.0028291228 1578.1883422378 0.0109810387 0.0132648800 0.9998517189 3.8003057011
-0.5033243593 -0.8640936778 -0.0025894561 -452.0700358254 0.8640349768 -0.5033217125 0.0105267583 1579.0605969388 -0.0103994348 0.0030609932 0.9999412393 3.8001552798
-0.5046465765 -0.8632148259 -0.0138563041 -452.5847262754 0.8630618603 -0.5048241930 0.0166360916 1579.9349185651 -0.0213555185 -0.0035635009 0.9997655942 3.7862251749
-0.5085860729 -0.8609396007 -0.0111000185 -453.0920431740 0.8609359532 -0.5086697746 0.0066591957 1580.7995353372 -0.0113794092 -0.0061696308 0.9999162188 3.7676686147
-0.5085735834 -0.8609547875 -0.0104768351 -453.6019980083 0.8610169942 -0.5085580126 -0.0042992427 1581.6609218080 -0.0016266248 -0.0112072143 0.9999358742 3.7604742271
-0.5080168769 -0.8612004438 -0.0158949160 -454.1192005569 0.8613167129 -0.5080674872 -0.0009739620 1582.5353252054 -0.0072369135 -0.0141853459 0.9998731935 3.7581346057
-0.5075171358 -0.8613398008 -0.0228057996 -454.6374987655 0.8613429265 -0.5078603477 0.0128930277 1583.4174814778 -0.0226874392 -0.0131001816 0.9996567738 3.7383983529
-0.5050497331 -0.8624945303 -0.0320616948 -455.1547939510 0.8621814964 -0.5058739584 0.0271036073 1584.2934000879 -0.0395958895 -0.0139543304 0.9991183324 3.7015858367
-0.5035020197 -0.8634503626 -0.0306461661 -455.6695831472 0.8627685857 -0.5043599958 0.0353745976 1585.1716978154 -0.0460009093 -0.0086293681 0.9989041247 3.6527440642
-0.5025363549 -0.8642829724 -0.0217291448 -456.1748815610 0.8632272183 -0.5029983981 0.0427946392 1586.0453105746 -0.0479164030 0.0027486728 0.9988475675 3.6035271186
-0.5042742631 -0.8634279250 -0.0141310254 -456.6835342308 0.8624309405 -0.5043875212 0.0424982501 1586.9203880180 -0.0438216888 0.0092437403 0.9989966030 3.5568753155
-0.5011333672 -0.8653037934 -0.0107094999 -457.1994093924 0.8643848785 -0.5011148751 0.0415049848 1587.8040070412 -0.0412811105 0.0115424030 0.9990808991 3.5160831257
-0.4698323807 -0.8827368621 -0.0057590277 -457.6967624586 0.8817246284 -0.4695888677 0.0452545592 1588.7041561416 -0.0426522428 0.0161841807 0.9989588873 3.4746125854
-0.4334524952 -0.9011735957 -0.0022549426 -458.1561100554 0.9002407694 -0.4331151003 0.0444732162 1589.6155997445 -0.0410547379 0.0172470352 0.9990080321 3.4302527960
-0.4028890807 -0.9151887752 0.0104830520 -458.5757052754 0.9143407541 -0.4019528693 0.0491413911 1590.5485562543 -0.0407599567 0.0293836115 0.9987368168 3.3822995504
-0.3806101648 -0.9245275487 0.0196141288 -458.9677490340 0.9243624913 -0.3797685605 0.0364667678 1591.4799906416 -0.0262657020 0.0320101874 0.9991423626 3.3433078744
-0.3688796836 -0.9291525733 0.0245616498 -459.3441706201 0.9290596693 -0.3677933117 0.0397015218 1592.4264131479 -0.0278551606 0.0374643231 0.9989096628 3.3106833340
-0.3628392420 -0.9314527786 0.0272654666 -459.7147629562 0.9311446064 -0.3612689966 0.0495422446 1593.3806878982 -0.0362960936 0.0433639626 0.9983997998 3.2761834219
-0.3628885704 -0.9316476396 0.0185623595 -460.0875034185 0.9306430272 -0.3613472084 0.0577213204 1594.3298608163 -0.0470684751 0.0382213379 0.9981601515 3.2326851610
-0.3661012607 -0.9305386933 0.0082223536 -460.4636618248 0.9289010188 -0.3648986754 0.0631811200 1595.2772395604 -0.0557921509 0.0307684403 0.9979682054 3.1840375947
-0.3722883126 -0.9281171284 -0.0000910138 -460.8420630770 0.9263204836 -0.3715737338 0.0621556279 1596.2128877828 -0.0577215212 0.0230555059 0.9980664655 3.1316262354
-0.3772157651 -0.9260530174 -0.0115790972 -461.2233048374 0.9246331143 -0.3772879850 0.0520324936 1597.1345309421 -0.0525535019 0.0089210602 0.9985782614 3.0795189685
-0.3811222897 -0.9242208266 -0.0236994529 -461.6098350201 0.9234379154 -0.3817917407 0.0386973264 1598.0523352933 -0.0448131303 -0.0071365597 0.9989698959 3.0311436046
-0.3894726586 -0.9204630525 -0.0325394706 -461.9988854765 0.9199124427 -0.3904999380 0.0356496324 1598.9738537742 -0.0455208307 -0.0160489067 0.9988344640 2.9810507017
-0.3953379411 -0.9179702342 -0.0322267209 -462.3899975711 0.9180318838 -0.3960397542 0.0192346925 1599.8877064921 -0.0304199378 -0.0219809536 0.9992954844 2.9365770971
-0.3988232877 -0.9164559408 -0.0323804541 -462.7901104841 0.9165123067 -0.3995343183 0.0194298756 1600.8065717341 -0.0307437275 -0.0219279978 0.9992867387 2.8985719587
-0.4030298733 -0.9143387813 -0.0393892664 -463.2092103989 0.9146549595 -0.4038895266 0.0167199124 1601.7430126248 -0.0311965765 -0.0292889636 0.9990840456 2.8612691136
-0.4085662801 -0.9113288195 -0.0505309560 -463.6242936326 0.9118326382 -0.4099917119 0.0216341396 1602.6607137119 -0.0404330881 -0.0372367950 0.9984881504 2.8227928069
-0.4088651703 -0.9111797535 -0.0508008786 -464.0489739267 0.9120913465 -0.4098547823 0.0104131228 1603.5986002410 -0.0303092097 -0.0420774786 0.9986545136 2.7869932346
-0.4024054349 -0.9149608872 -0.0302727741 -464.4562687712 0.9153987891 -0.4025450159 -0.0016021968 1604.5310351848 -0.0107202069 -0.0283563935 0.9995403904 2.7639786182
-0.3918572970 -0.9200127941 -0.0049312823 -464.8492599213 0.9198112357 -0.3916443843 -0.0237058432 1605.4541418264 0.0198783700 -0.0138251565 0.9997068147 2.7627821147
-0.3889703786 -0.9210864291 0.0173733915 -465.2346927935 0.9202280612 -0.3893578269 -0.0397592508 1606.3952001669 0.0433861723 0.0005223115 0.9990582402 2.7855307088
-0.4694899666 -0.8824993267 0.0278228252 -465.6689683451 0.8803991854 -0.4702954575 -0.0609873513 1607.3128465942 0.0669062447 -0.0041377569 0.9977506870 2.8331451879
-0.5288936212 -0.8483282876 0.0247114134 -466.1745472600 0.8457577279 -0.5292615200 -0.0676469445 1608.1811272799 0.0704656168 -0.0148781686 0.9974032469 2.8962492542
-0.5684087386 -0.8225667216 0.0171899515 -466.7420735755 0.8207597870 -0.5683635588 -0.0575867789 1609.0361600586 0.0571391099 -0.0186240074 0.9981925007 2.9586877899
-0.5886558079 -0.8083548686 0.0068371274 -467.3485060787 0.8071961142 -0.5882282380 -0.0492135466 1609.8779677392 0.0438038013 -0.0234509374 0.9987648775 3.0057043549
-0.5990019017 -0.8007470194 0.0009657459 -467.9476107359 0.8005624512 -0.5988888978 -0.0207809984 1610.6924267100 0.0172186971 -0.0116747177 0.9997835853 3.0393768214
-0.6016949062 -0.7986688922 -0.0095519845 -468.5745269898 0.7984523104 -0.6017587583 0.0189816972 1611.5349741351 -0.0209080814 0.0037943864 0.9997742019 3.0420075252
-0.6013698915 -0.7986693648 -0.0219430918 -469.1844025304 0.7976748399 -0.6017316169 0.0404216643 1612.3425493545 -0.0454873971 0.0068049197 0.9989417349 3.0133933781
-0.5989345372 -0.8003546653 -0.0266426318 -469.8067809908 0.7986654263 -0.5994352954 0.0530175758 1613.1789459241 -0.0584033979 0.0104755084 0.9982381013 2.9692499066
-0.5891401684 -0.8075558786 -0.0277013533 -470.4101159796 0.8055593532 -0.5896722382 0.0579722350 1613.9983202592 -0.0631505381 0.0118386881 0.9979337929 2.9127768653
-0.5868843523 -0.8094831287 -0.0174304721 -471.0003127120 0.8088138793 -0.5871175424 0.0333631533 1614.8147707468 -0.0372406457 0.0054823048 0.9992912882 2.8590354734
-0.6235330398 -0.7817754033 -0.0058109407 -471.6105317336 0.7815274105 -0.6234959865 0.0216254810 1615.6243106706 -0.0205293673 0.0089427925 0.9997492543 2.8251367617
-0.6519617690 -0.7581368513 -0.0132047910 -472.2584465340 0.7577796898 -0.6520714635 0.0239321586 1616.4054778451 -0.0267543187 0.0055965300 0.9996263728 2.7984113362
-0.6766386658 -0.7360008814 -0.0215132164 -472.9321340841 0.7355783360 -0.6769797424 0.0249587646 1617.1578298069 -0.0329336844 0.0010634092 0.9994569734 2.7613184488
-0.6953073450 -0.7179760685 -0.0325278506 -473.6342210701 0.7172678373 -0.6960668397 0.0319030435 1617.8921612138 -0.0455471799 -0.0011487606 0.9989615282 2.7160363799
-0.7059320477 -0.7075314526 -0.0325451629 -474.3396395460 0.7068262888 -0.7066815037 0.0315887604 1618.6063454566 -0.0453491062 -0.0007042584 0.9989709518 2.6656703384
-0.7149808922 -0.6983448221 -0.0334190543 -475.0520309701 0.6974993349 -0.7157603640 0.0343770144 1619.3085353501 -0.0479270444 0.0012691403 0.9988500326 2.6176966885
-0.7132001020 -0.6995113596 -0.0450496654 -475.7749941470 0.6984676272 -0.7146098969 0.0384144379 1620.0063733067 -0.0590642724 -0.0040685518 0.9982458909 2.5652779672
-0.7107693203 -0.7013199581 -0.0543809686 -476.4948595482 0.6994404740 -0.7128449435 0.0513333199 1620.7174820040 -0.0747662802 -0.0015501016 0.9971998799 2.4998402299
-0.7095255416 -0.7028640909 -0.0505527010 -477.2220975081 0.7016966298 -0.7112955003 0.0409945232 1621.4369254953 -0.0647714870 -0.0063859987 0.9978796889 2.4262645624
-0.7031816827 -0.7098604241 -0.0404190469 -477.9408591578 0.7084427570 -0.7043361305 0.0449385734 1622.1635170420 -0.0603687099 0.0029654007 0.9981717414 2.3551449844
-0.6973427052 -0.7157712590 -0.0372109696 -478.6557635672 0.7150445519 -0.6983236209 0.0324870641 1622.8883344901 -0.0492386058 -0.0039528839 0.9987792221 2.2966565396
-0.6914136469 -0.7214866985 -0.0374714935 -479.3612525061 0.7209307385 -0.6923942413 0.0291390606 1623.6140133112 -0.0469684910 -0.0068672073 0.9988727658 2.2409267994
-0.6868000851 -0.7254556473 -0.0449415953 -480.0744850345 0.7247095599 -0.6882084207 0.0341353686 1624.3567609779 -0.0556928802 -0.0091254297 0.9984062448 2.1801147732
-0.6850048243 -0.7284748007 -0.0096361516 -480.7605510597 0.7282016210 -0.6850303565 0.0213497007 1625.0908217050 -0.0221537753 0.0076075868 0.9997256298 2.1294585975
-0.6616022651 -0.7492374055 0.0304261886 -481.4278920618 0.7497995938 -0.6615016227 0.0147027986 1625.8339308840 0.0091110865 0.0325409487 0.9994288743 2.1132922295
-0.6078639992 -0.7923344270 0.0520337808 -482.0749745192 0.7937519959 -0.6081048978 0.0128919489 1626.6355639461 0.0214272620 0.0491384690 0.9985621079 2.1297027392
-0.5598593505 -0.8274809060 0.0428118889 -482.6676849957 0.8285856936 -0.5589976933 0.0311018850 1627.4678252427 -0.0018044688 0.0528859998 0.9985989260 2.1441094201
-0.5248827869 -0.8507928180 0.0254880539 -483.2222244986 0.8510855763 -0.5241597096 0.0301652212 1628.3239462131 -0.0123045426 0.0375257204 0.9992199050 2.1386618545
-0.5022953036 -0.8645953138 0.0132049749 -483.7451403673 0.8644905926 -0.5017843757 0.0294695704 1629.1975399344 -0.0188532024 0.0262180034 0.9994784505 2.1164072574
-0.4879545861 -0.8725818698 0.0223875494 -484.2421971538 0.8728626200 -0.4876922900 0.0163424851 1630.0737414460 -0.0033419210 0.0275156456 0.9996157866 2.0972611145
-0.4836344368 -0.8747825754 0.0292091989 -484.7348337312 0.8752700410 -0.4833762700 0.0158030672 1630.9683031138 0.0002947858 0.0332088442 0.9994483907 2.0887545289
-0.4850931221 -0.8743966333 0.0107326882 -485.2419108684 0.8743694824 -0.4848259766 0.0205372978 1631.8673709134 -0.0127542580 0.0193468370 0.9997314783 2.0763685404
-0.4904878985 -0.8714206741 -0.0069014573 -485.7532954882 0.8709258410 -0.4904527452 0.0307292077 1632.7673498692 -0.0301629056 0.0090616470 0.9995039198 2.0517776486
-0.4972598126 -0.8676016797 -0.0000646971 -486.2572463648 0.8673243950 -0.4971027713 0.0252433877 1633.6471911953 -0.0219333667 0.0124964088 0.9996813328 2.0284074290
-0.5051248005 -0.8629993234 0.0090057580 -486.7653849144 0.8628462996 -0.5047556024 0.0267963638 1634.5344034257 -0.0185795370 0.0213060928 0.9996003457 2.0155144948
-0.5178302176 -0.8554819121 0.0016012112 -487.2926796268 0.8551516047 -0.5175763414 0.0288177677 1635.4157544392 -0.0238243300 0.0162919892 0.9995833994 1.9995939985
-0.5250869313 -0.8509921472 -0.0098020431 -487.8326571320 0.8501772415 -0.5250355805 0.0391956271 1636.2956047776 -0.0385015923 0.0122476376 0.9991834780 1.9733309866
-0.5281184324 -0.8490852334 -0.0120493884 -488.3730298672 0.8477124370 -0.5279896443 0.0510936355 1637.1714577540 -0.0497448037 0.0167690743 0.9986211757 1.9284582797
-0.5309196634 -0.8474199000 -0.0019555181 -488.9099211508 0.8457750516 -0.5300301285 0.0610952116 1638.0448783989 -0.0528097817 0.0307827208 0.9981300271 1.8702405373
-0.5320995739 -0.8465468878 0.0151132447 -489.4414900280 0.8461769234 -0.5310812372 0.0440151554 1638.8994295676 -0.0292345321 0.0362089244 0.9989165410 1.8169610600
-0.5333724284 -0.8457867722 0.0125932007 -489.9846199559 0.8455891792 -0.5327389250 0.0341786157 1639.7560351158 -0.0221989328 0.0288786054 0.9993363966 1.7803836992
-0.5302027204 -0.8478173707 0.0095279164 -490.5297784817 0.8475048578 -0.5296101806 0.0353351465 1640.6199830349 -0.0249116695 0.0268097463 0.9993300987 1.7515126305
-0.5277644438 -0.8493879367 0.0021965745 -491.0718366019 0.8484731576 -0.5270723481 0.0478334684 1641.4872212337 -0.0394714174 0.0271085384 0.9988529093 1.7190594227
-0.5245049974 -0.8514021816 0.0029720245 -491.6076043742 0.8508346162 -0.5240209445 0.0385033184 1642.3486896759 -0.0312244062 0.0227238843 0.9992540526 1.6848507875
-0.5214536335 -0.8532214013 0.0099673684 -492.1323283661 0.8530991498 -0.5210675401 0.0266544423 1643.2067679850 -0.0175484684 0.0224022093 0.9995950141 1.6601836045
-0.5217688329 -0.8528683638 0.0193090413 -492.6560641624 0.8530843066 -0.5216895416 0.0093374534 1644.0662389932 0.0021097063 0.0213442323 0.9997699600 1.6518941336
-0.5209503210 -0.8532539104 0.0238438131 -493.1819525198 0.8534465229 -0.5211680940 -0.0035847488 1644.9271383154 0.0154853355 0.0184819433 0.9997092688 1.6576444288
-0.5188405040 -0.8546915332 0.0175189758 -493.7163683478 0.8546168138 -0.5190770367 -0.0137525136 1645.7960836922 0.0208478550 0.0078366503 0.9997519462 1.6742028636
-0.5170639831 -0.8558890676 0.0099368693 -494.2500329588 0.8558976088 -0.5171238519 -0.0047122163 1646.6779171009 0.0091717266 0.0060684253 0.9999395250 1.6858132246
-0.5164262394 -0.8563193597 0.0045927652 -494.7830219572 0.8563252579 -0.5163941766 0.0066413147 1647.5620561542 -0.0033154092 0.0073626500 0.9999673992 1.6833882179
-0.5164779686 -0.8562969380 -0.0024621019 -495.3204114938 0.8562334870 -0.5164713934 0.0110234107 1648.4465556200 -0.0107109181 0.0035852147 0.9999362092 1.6719563366
-0.5182879246 -0.8551966640 -0.0040364767 -495.8384595260 0.8548639093 -0.5182082424 0.0258440328 1649.3083636755 -0.0241934661 0.0099440119 0.9996578379 1.6550833681
-0.5193306180 -0.8545555115 -0.0055305510 -496.3748733229 0.8541129527 -0.5192523457 0.0294629512 1650.1913194111 -0.0280494788 0.0105772974 0.9995505728 1.6321689020
-0.5196917349 -0.8543505887 -0.0023605625 -496.9059980845 0.8538222777 -0.5194638557 0.0338351991 1651.0654653299 -0.0301333492 0.0155683725 0.9994246380 1.6083888066
-0.5209899136 -0.8535624288 0.0008307095 -497.4434089952 0.8532048981 -0.5207430122 0.0294638264 1651.9462217015 -0.0247166291 0.0160591218 0.9995655020 1.5824636679
-0.5234756191 -0.8520406169 -0.0002519247 -497.9798389620 0.8518912084 -0.5233893175 0.0185739444 1652.8184954735 -0.0159576098 0.0095083946 0.9998274577 1.5606846316
-0.5248803855 -0.8511504993 -0.0065885186 -498.5066946045 0.8510393655 -0.5249190949 0.0138543231 1653.6699918822 -0.0152505532 0.0016647737 0.9998823177 1.5426938564
-0.5230421754 -0.8522383475 -0.0108019359 -499.0403869594 0.8522955979 -0.5230582737 -0.0015020288 1654.5274933486 -0.0043699554 -0.0099920669 0.9999405293 1.5239164771
-0.5185577153 -0.8549235695 -0.0142683619 -499.5706154503 0.8550392869 -0.5184368330 -0.0114484962 1655.3839854794 0.0023903449 -0.0181367160 0.9998326589 1.5104274341
-0.5433790555 -0.8392325944 -0.0206846474 -500.1179953041 0.8394643195 -0.5430161461 -0.0208115672 1656.2484563427 0.0062336481 -0.0286725932 0.9995694193 1.5062042850
-0.5724864811 -0.8197426159 -0.0167711862 -500.6801507618 0.8197660243 -0.5718744857 -0.0307121794 1657.0746216432 0.0155850688 -0.0313307562 0.9993875571 1.5080676939
-0.5977661093 -0.8013298007 -0.0233715442 -501.2745687531 0.8015219181 -0.5968398689 -0.0366713190 1657.8815991006 0.0154367514 -0.0406536766 0.9990540452 1.5218305926
-0.6183062097 -0.7855512008 -0.0246321321 -501.8924331636 0.7859040433 -0.6176880253 -0.0285716317 1658.6870752410 0.0072295065 -0.0370245095 0.9992882066 1.5389517285
-0.6330954146 -0.7736485324 -0.0256543233 -502.5271805318 0.7740455765 -0.6324417400 -0.0295108626 1659.4749607578 0.0066061707 -0.0385408073 0.9992351899 1.5474758599
-0.6382700672 -0.7692788865 -0.0286586137 -503.1694284201 0.7698095547 -0.6377217642 -0.0265367871 1660.2540950361 0.0021379683 -0.0389993115 0.9992369503 1.5505845195
-0.6373543171 -0.7702093982 -0.0235999440 -503.8093918512 0.7705554202 -0.6372365298 -0.0131889923 1661.0371792929 -0.0048804605 -0.0265911259 0.9996344798 1.5441435931
-0.6321478576 -0.7747456519 -0.0125801835 -504.4434629083 0.7747524075 -0.6322414666 0.0054254058 1661.8256243101 -0.0121570232 -0.0063168687 0.9999061476 1.5277159000
-0.6243202375 -0.7811616755 0.0032676795 -505.0734082676 0.7811587992 -0.6242861570 0.0075976711 1662.6133248803 -0.0038950424 0.0072959565 0.9999657982 1.5119330384
-0.6165319152 -0.7873161958 0.0046481661 -505.7031725789 0.7872230010 -0.6163401604 0.0201184854 1663.4139938004 -0.0129747579 0.0160628316 0.9997867978 1.4995221948
-0.6110600587 -0.7914754086 0.0131256288 -506.3260770756 0.7914803037 -0.6106271381 0.0263330040 1664.2204620316 -0.0128270599 0.0264797237 0.9995670517 1.4863521496
-0.6092652148 -0.7924817723 0.0277225295 -506.9399878769 0.7929286337 -0.6092054110 0.0115303549 1665.0192276068 0.0077511190 0.0290070316 0.9995491545 1.4833888869
-0.6081130681 -0.7928655305 0.0395315948 -507.5559704585 0.7937217919 -0.6081566110 0.0122985178 1665.8324928967 0.0142903299 0.0388559777 0.9991426322 1.4958537862
-0.6075046556 -0.7936577385 0.0323339999 -508.1796224331 0.7942286810 -0.6075382738 0.0099019259 1666.6451790691 0.0117854024 0.0316960562 0.9994280686 1.5160509654
-0.6053240099 -0.7957945358 0.0171435037 -508.8097644879 0.7959735950 -0.6052599841 0.0092944947 1667.4638944400 0.0029797687 0.0192719571 0.9998098382 1.5264783318
-0.6059581543 -0.7954847813 0.0043217992 -509.4357327096 0.7954962038 -0.6059441166 0.0041853646 1668.2775340763 -0.0007106251 0.0059741307 0.9999819022 1.5251879053
-0.6054358354 -0.7958733422 0.0057508635 -510.0572962067 0.7958500263 -0.6054625474 -0.0061513652 1669.0927805798 0.0083776400 0.0008525679 0.9999645435 1.5224113018
-0.6068982057 -0.7946902904 0.0119126128 -510.6790969259 0.7946376968 -0.6070049004 -0.0097970244 1669.9087980955 0.0150166145 0.0035204147 0.9998810469 1.5245554144
-0.6097694683 -0.7925257509 0.0091722238 -511.3016935567 0.7924297007 -0.6098383951 -0.0123410439 1670.7154125763 0.0153741693 -0.0002568492 0.9998817775 1.5338634499
-0.6151185071 -0.7883335667 0.0126257617 -511.9177497389 0.7882213948 -0.6152457078 -0.0134071558 1671.5127871091 0.0183372567 0.0017049058 0.9998304048 1.5485043890
-0.6495118931 -0.7603430002 0.0035808867 -512.5618696634 0.7603302976 -0.6495217504 -0.0043970795 1672.2936910936 0.0056691524 -0.0001332988 0.9999839213 1.5584744262
-0.6807340602 -0.7324807046 -0.0085531669 -513.2443499107 0.7323858550 -0.6807852535 0.0119330618 1673.0559444635 -0.0145636074 0.0018590232 0.9998922169 1.5614014495
-0.7045920189 -0.7094721684 -0.0141183964 -513.9657483469 0.7090485654 -0.7046857200 0.0258489440 1673.8090987584 -0.0282881387 0.0082023309 0.9995661574 1.5422665494
-0.7187351617 -0.6947529843 -0.0271672241 -514.6907841618 0.6941363785 -0.7192449424 0.0293496312 1674.5197153348 -0.0399306324 0.0022368534 0.9991999505 1.5122907001
-0.7285054098 -0.6841728410 -0.0344585476 -515.4197218726 0.6840249269 -0.7292424012 0.0177600548 1675.2067890238 -0.0372795812 -0.0106322095 0.9992483120 1.4733089630
-0.7325052225 -0.6794230674 -0.0426660819 -516.1603305241 0.6788581308 -0.7337045436 0.0287972396 1675.8997297434 -0.0508698070 -0.0078700882 0.9986742835 1.4257484957
-0.7331122759 -0.6792744046 -0.0336552250 -516.8971774179 0.6785015286 -0.7338837993 0.0324074800 1676.5870695893 -0.0467125961 0.0009231998 0.9989079442 1.3740108870
-0.7301612602 -0.6824914491 -0.0327101807 -517.6293991933 0.6811486453 -0.7308283058 0.0438920310 1677.2712259033 -0.0538614618 0.0097677654 0.9985006428 1.3203780497
-0.7252897136 -0.6878371505 -0.0288943890 -518.3694048555 0.6861729297 -0.7256664773 0.0507432180 1677.9695187252 -0.0558707600 0.0169769865 0.9982936643 1.2610111370
-0.7138009066 -0.6993066912 -0.0381892311 -519.0996446819 0.6974257004 -0.7147409443 0.0523715096 1678.6648818913 -0.0639191542 0.0107486798 0.9978971929 1.1983920862
-0.6878650090 -0.7250132270 -0.0346056366 -519.8149547226 0.7240753702 -0.6887348760 0.0368663652 1679.3804592936 -0.0505627113 0.0003019935 0.9987208424 1.1444659290
-0.6557250079 -0.7543521094 -0.0312667416 -520.4877497687 0.7539995311 -0.6564255176 0.0242949987 1680.1133836033 -0.0388512705 -0.0076442703 0.9992157644 1.1032081985
-0.6269489017 -0.7787310602 -0.0226497344 -521.1247769391 0.7783340257 -0.6273547421 0.0249433767 1680.8825211988 -0.0336336004 -0.0019908363 0.9994322476 1.0667035092
-0.6065820511 -0.7947877133 -0.0192537277 -521.7423875404 0.7946470240 -0.6068615996 0.0159720427 1681.6682406478 -0.0243787313 -0.0056115630 0.9996870449 1.0339624200
-0.5950128897 -0.8036599441 -0.0095055477 -522.3407030545 0.8033932135 -0.5950674480 0.0213090781 1682.4703916877 -0.0227816945 0.0050424836 0.9997277468 1.0024711638
-0.5908752796 -0.8066806236 -0.0115228227 -522.9374094458 0.8060640509 -0.5908975802 0.0331782398 1683.2831458265 -0.0335730512 0.0103160685 0.9993830242 0.9690209861
-0.5917492093 -0.8061153542 -0.0033028739 -523.5281666319 0.8052449393 -0.5912914237 0.0442158335 1684.1037713757 -0.0375960233 0.0235050620 0.9990165420 0.9327112357
-0.5947127761 -0.8039283241 -0.0039954554 -524.1238048965 0.8028454369 -0.5941560756 0.0491707461 1684.9153183800 -0.0419036796 0.0260347377 0.9987823958 0.8944588083
-0.6003448952 -0.7997406314 -0.0009639781 -524.7219697878 0.7989149186 -0.5997789612 0.0447230436 1685.7166474452 -0.0363450089 0.0260791144 0.9989989590 0.8602525260
-0.6104139109 -0.7920740497 -0.0036820134 -525.3409149252 0.7912564053 -0.6099828776 0.0428274463 1686.5382689857 -0.0361684740 0.0232290523 0.9990756991 0.8306368165
-0.6169516192 -0.7869401815 -0.0097903153 -525.9794473194 0.7864249560 -0.6169281877 0.0305843064 1687.3483315710 -0.0301079411 0.0111696891 0.9994842420 0.8016427704
-0.6214754284 -0.7833119984 -0.0138059803 -526.6167270894 0.7831346725 -0.6216285952 0.0166725651 1688.1504865987 -0.0216420124 -0.0004503524 0.9997656828 0.7747541773
-0.6269937693 -0.7786045168 -0.0255698981 -527.2607024382 0.7787360255 -0.6273168735 0.0066138438 1688.9452100640 -0.0211899972 -0.0157653620 0.9996511578 0.7475579407
-0.6272566202 -0.7783442438 -0.0270068614 -527.9047012936 0.7786716053 -0.6274257615 -0.0027285500 1689.7370185559 -0.0148210495 -0.0227409772 0.9996315243 0.7220835427
-0.6263507205 -0.7789903914 -0.0293043505 -528.5498864505 0.7794985196 -0.6262678123 -0.0130646543 1690.5286877601 -0.0081751313 -0.0310257535 0.9994851524 0.6994169066
-0.6233074076 -0.7810725427 -0.0375973232 -529.1998112872 0.7819629776 -0.6228623904 -0.0240071730 1691.3248921894 -0.0046666149 -0.0443635636 0.9990045530 0.6834946900
-0.6216710868 -0.7817522076 -0.0488727498 -529.8507996353 0.7831529011 -0.6214772731 -0.0209172781 1692.1295159260 -0.0140211749 -0.0512785028 0.9985859612 0.6697096187
-0.6206894924 -0.7810819788 -0.0682311988 -530.4845121973 0.7834082500 -0.6213614882 -0.0134690335 1692.9125377705 -0.0318758199 -0.0618129716 0.9975786128 0.6473831485
-0.6201767972 -0.7812070736 -0.0713880134 -531.1283175897 0.7837609493 -0.6208981284 -0.0142929513 1693.7175322575 -0.0331589292 -0.0648152939 0.9973462102 0.6163475256
-0.6184739320 -0.7824445622 -0.0725982263 -531.7726816492 0.7853890238 -0.6185094211 -0.0247017671 1694.5230244379 -0.0255749236 -0.0722952491 0.9970553246 0.5882221868
-0.6181798634 -0.7835832869 -0.0620555308 -532.4053317929 0.7860040381 -0.6169442345 -0.0397172956 1695.3216979242 -0.0071629929 -0.0733283302 0.9972821304 0.5673517698
-0.6175252552 -0.7843663728 -0.0585828681 -533.0418405796 0.7865396956 -0.6162014139 -0.0406340359 1696.1295520062 -0.0042268748 -0.0711702947 0.9974552234 0.5579076614
-0.6160018812 -0.7853578706 -0.0612755868 -533.6793692500 0.7877441951 -0.6140486697 -0.0490236089 1696.9345052155 0.0008748845 -0.0784681231 0.9969162393 0.5480568285
-0.6170759956 -0.7860547983 -0.0365386056 -534.3091284442 0.7861245891 -0.6137346496 -0.0730610043 1697.7381644882 0.0350049447 -0.0738080883 0.9966579252 0.5538120143
-0.6133805651 -0.7891383607 -0.0320145285 -534.9299687251 0.7891983924 -0.6108539366 -0.0634300052 1698.5334394195 0.0304988496 -0.0641725468 0.9974726585 0.5863276175
-0.6158091001 -0.7866394187 -0.0444699584 -535.5573156705 0.7878947296 -0.6147536208 -0.0360538590 1699.3426085556 0.0010233187 -0.0572399403 0.9983599261 0.6024620898
-0.6144775690 -0.7874487702 -0.0483916466 -536.1872613048 0.7888554067 -0.6141265986 -0.0235726183 1700.1463248198 -0.0111563681 -0.0526588573 0.9985502392 0.5962199880
-0.6146882092 -0.7884442067 -0.0226746170 -536.7928536750 0.7886729847 -0.6139071725 -0.0333602574 1700.9318475510 0.0123825917 -0.0383890148 0.9991861463 0.5966573385
-0.6115990242 -0.7911355351 -0.0071553223 -537.4088065415 0.7910190536 -0.6112835389 -0.0249257266 1701.7371843841 0.0153456973 -0.0209045463 0.9996636982 0.6142647471
-0.6128336901 -0.7900589045 -0.0155497789 -538.0330103630 0.7901574240 -0.6129038623 -0.0003174264 1702.5502321038 -0.0092797340 -0.0124813029 0.9998790445 0.6247073000
-0.6146639744 -0.7883399899 -0.0266131348 -538.6607409294 0.7881342007 -0.6151785500 0.0199958304 1703.3616386796 -0.0321353424 -0.0086840051 0.9994458003 0.6033998407
-0.6174496220 -0.7859813025 -0.0314540369 -539.2915468415 0.7855880405 -0.6181919765 0.0262699595 1704.1670936936 -0.0400923302 -0.0084895387 0.9991599135 0.5611483786
-0.6171913004 -0.7863791487 -0.0261291621 -539.9160679016 0.7860043510 -0.6177221527 0.0248294650 1704.9626116100 -0.0356659358 -0.0052131054 0.9993501711 0.5138070214
-0.6185881402 -0.7850452881 -0.0324439266 -540.5477108589 0.7846982994 -0.6193608358 0.0253127233 1705.7601037940 -0.0399661316 -0.0098005436 0.9991529701 0.4658442055
-0.6233519795 -0.7810931667 -0.0364111881 -541.1786424785 0.7810289250 -0.6241980794 0.0192503477 1706.5495811097 -0.0377641088 -0.0164384487 0.9991514647 0.4250403441
-0.6424204419 -0.7650152065 -0.0452516249 -541.8240310539 0.7652609735 -0.6435364492 0.0153779408 1707.3242023884 -0.0408854285 -0.0247501990 0.9988572518 0.3848051468
-0.6607908816 -0.7487050487 -0.0528787369 -542.4841782572 0.7492081196 -0.6621951008 0.0135956619 1708.0807272959 -0.0451951812 -0.0306332896 0.9985083861 0.3448714635
-0.6798104847 -0.7307713132 -0.0618950133 -543.1673287816 0.7316465560 -0.6815890789 0.0113861584 1708.8246530933 -0.0505076431 -0.0375448434 0.9980177166 0.2996199220
-0.6894860528 -0.7211445148 -0.0675246010 -543.8577994261 0.7224815333 -0.6913608697 0.0063703930 1709.5507025166 -0.0512778408 -0.0443929801 0.9976972719 0.2472933693
-0.6984910921 -0.7131733637 -0.0591096239 -544.5737471813 0.7142395463 -0.6998883674 0.0042595507 1710.2928752829 -0.0444079363 -0.0392431727 0.9982424097 0.1916981539
-0.7023707361 -0.7108149415 -0.0376492761 -545.2853757377 0.7111915177 -0.7029836135 0.0045458048 1711.0240065195 -0.0296980502 -0.0235830056 0.9992806751 0.1434320659
-0.7045207267 -0.7093216462 -0.0226571800 -546.0036180412 0.7090648151 -0.7048805107 0.0192497661 1711.7626791463 -0.0296248804 -0.0025035500 0.9995579516 0.1014294879
-0.7024734201 -0.7116885060 -0.0055285151 -546.7207148188 0.7115702739 -0.7024682435 0.0143566077 1712.4915143691 -0.0141010389 0.0061512083 0.9998816547 0.0688625750
-0.6987530676 -0.7153613891 0.0014944942 -547.4394031477 0.7153536615 -0.6987318235 0.0065557422 1713.2218047237 -0.0036454742 0.0056499368 0.9999773941 0.0480125678
-0.6935225634 -0.7201317489 0.0208978041 -548.1470433983 0.7202155217 -0.6937354333 -0.0045553148 1713.9535131123 0.0177779739 0.0118917093 0.9997712393 0.0478609372
-0.6887860984 -0.7241196697 0.0349916364 -548.8498540057 0.7243341212 -0.6893975492 -0.0084320831 1714.6959974769 0.0302289856 0.0195377346 0.9993520327 0.0726494787
-0.6857595947 -0.7255507402 0.0575317458 -549.5294229894 0.7259968490 -0.6874976169 -0.0166012678 1715.4211517194 0.0515980003 0.0303833875 0.9982056382 0.1142942577
-0.6836751348 -0.7270538841 0.0630948474 -550.2169096643 0.7277065771 -0.6856967019 -0.0162225335 1716.1578042443 0.0550585848 0.0348235926 0.9978756784 0.1710346231
-0.6816849402 -0.7290402023 0.0616929954 -550.9090259039 0.7293569654 -0.6837967916 -0.0214561136 1716.8957545963 0.0578278417 0.0303699064 0.9978645246 0.2253103611
-0.6804162382 -0.7291277311 0.0735288689 -551.5938949064 0.7301799213 -0.6830568970 -0.0164486447 1717.6445449458 0.0622175641 0.0424973788 0.9971574337 0.2749688345
-0.6788830315 -0.7301423006 0.0775245156 -552.2908172929 0.7316166891 -0.6815985860 -0.0126644308 1718.4002426142 0.0620874369 0.0481205622 0.9969100068 0.3308723222
-0.6774436349 -0.7337992737 0.0510758985 -552.9850882125 0.7349036114 -0.6781573399 0.0043936642 1719.1453086976 0.0314134279 0.0405123221 0.9986851097 0.3745403734
-0.6796609320 -0.7326710515 0.0354139485 -553.6723449601 0.7335017151 -0.6792417846 0.0246136569 1719.8895542423 0.0060209197 0.0427051329 0.9990695772 0.3889999041
-0.6822033932 -0.7307939679 0.0232100576 -554.3624358547 0.7311467786 -0.6816371218 0.0281996883 1720.6268307380 -0.0047873252 0.0362078819 0.9993328128 0.3888864626
-0.6872507034 -0.7262002212 0.0178804197 -555.0715715387 0.7262128316 -0.6862579862 0.0408031799 1721.3911381424 -0.0173606975 0.0410270043 0.9990072027 0.3838791443
-0.6905348447 -0.7232978687 0.0013495823 -555.7714108554 0.7221605468 -0.6893419871 0.0573739437 1722.1288978208 -0.0405681275 0.0405933224 0.9983518464 0.3625361752
-0.6877001022 -0.7258856347 -0.0125942381 -556.4930113362 0.7239778126 -0.6869784768 0.0625835389 1722.8810774318 -0.0540804624 0.0339207572 0.9979602626 0.3223556688
-0.6919443170 -0.7218571504 -0.0116325640 -557.2032213317 0.7202378221 -0.6913221716 0.0577159837 1723.6284270878 -0.0497045449 0.0315580344 0.9982652697 0.2701812803
-0.6904076330 -0.7233437097 -0.0105440931 -557.9106555201 0.7221289532 -0.6899723436 0.0496783664 1724.3654941011 -0.0432096665 0.0266841284 0.9987096085 0.2167158647
-0.6878933857 -0.7257916103 -0.0054063255 -558.6107382427 0.7252079699 -0.6876058441 0.0356595521 1725.0968465990 -0.0295988247 0.0206092597 0.9993493723 0.1723340833
-0.6862316219 -0.7273323889 -0.0085881959 -559.3047223289 0.7267434036 -0.6860753961 0.0338315850 1725.8242968320 -0.0304989574 0.0169748887 0.9993906477 0.1329325304
-0.6844934575 -0.7289998529 -0.0052840384 -559.9918089402 0.7282983045 -0.6841210261 0.0394968510 1726.5581502011 -0.0324081203 0.0231869799 0.9992057234 0.0940879233
-0.6869311814 -0.7266142803 -0.0125395242 -560.6835742497 0.7258338036 -0.6868420895 0.0375930015 1727.2875857831 -0.0359282847 0.0167221944 0.9992144547 0.0563926336
-0.6877391593 -0.7259273864 -0.0066542012 -561.3901542291 0.7253731044 -0.6875241323 0.0338293792 1728.0345653637 -0.0291325968 0.0184390102 0.9994054706 0.0260210076
-0.6882221046 -0.7254687071 0.0067446124 -562.0850409454 0.7254152835 -0.6879698347 0.0216834704 1728.7728953677 -0.0110905894 0.0198156886 0.9997421354 0.0075819646
-0.6870308890 -0.7264477160 0.0161948617 -562.7885293031 0.7266126830 -0.6866998428 0.0218479929 1729.5193952314 -0.0047504156 0.0267776379 0.9996301274 0.0026615238
-0.6846053931 -0.7280584052 0.0353045952 -563.4834667811 0.7285586244 -0.6849806447 0.0019614344 1730.2565807856 0.0227549255 0.0270642759 0.9993746736 0.0087502642
-0.6828248283 -0.7297920578 0.0339677236 -564.1870512073 0.7297891786 -0.6835117099 -0.0148154384 1730.9988910004 0.0340295262 0.0146729279 0.9993131124 0.0328337149
-0.6817958675 -0.7313104582 0.0184230537 -564.8782504044 0.7309032646 -0.6820366268 -0.0246263595 1731.7257597028 0.0305747117 -0.0033246800 0.9995269549 0.0571704711
-0.6815082502 -0.7318073115 -0.0021363176 -565.5902877063 0.7314537959 -0.6810821020 -0.0332041397 1732.4735197333 0.0228440245 -0.0241915127 0.9994463073 0.0699521674
-0.6799607384 -0.7327946793 -0.0257944236 -566.3023180868 0.7331817678 -0.6790033445 -0.0374025872 1733.2199456484 0.0098939171 -0.0443442919 0.9989673139 0.0731204329
-0.6824731708 -0.7305673611 -0.0223987041 -566.9976727686 0.7307708619 -0.6814228725 -0.0404575849 1733.9624673177 0.0142940018 -0.0439795366 0.9989301687 0.0775727632
-0.6816417868 -0.7309029383 -0.0338433044 -567.7049450563 0.7316214504 -0.6802375065 -0.0447994206 1734.7071742179 0.0097225432 -0.0552976445 0.9984225772 0.0886482344
-0.6845591812 -0.7282848019 -0.0313045491 -568.3939785883 0.7287532912 -0.6827203602 -0.0530240543 1735.4376127210 0.0172443599 -0.0591113964 0.9981024371 0.1063581572
-0.6881877113 -0.7240217778 -0.0467989237 -569.0898328363 0.7254753613 -0.6858895136 -0.0569304435 1736.1614416477 0.0091199899 -0.0731302977 0.9972806954 0.1260719985
-0.7368614954 -0.6740681277 -0.0516458694 -569.8189749579 0.6760393069 -0.7344267238 -0.0599019446 1736.8588864492 0.0024478850 -0.0790540743 0.9968673238 0.1327378986
-0.7845669204 -0.6182443837 -0.0472083614 -570.5921810176 0.6200430236 -0.7821430857 -0.0616347500 1737.5107343796 0.0011816446 -0.0776278012 0.9969817091 0.1239002024
-0.8201052080 -0.5710390942 -0.0366305977 -571.4069543740 0.5722115854 -0.8185513506 -0.0504736355 1738.1207759325 -0.0011616061 -0.0623541438 0.9980534111 0.1160727695
-0.8363938931 -0.5468063471 -0.0380535719 -572.2535654263 0.5480743470 -0.8352720220 -0.0439904472 1738.6901238248 -0.0077308282 -0.0576495280 0.9983069499 0.1088767710
-0.8465569898 -0.5318309748 -0.0222952287 -573.1113252576 0.5322978888 -0.8457768022 -0.0363394896 1739.2415947796 0.0004696789 -0.0426311521 0.9990907688 0.1028630009
-0.8502431911 -0.5260682040 -0.0184054529 -573.9782676807 0.5263834626 -0.8498879257 -0.0247176894 1739.7825322322 -0.0026393817 -0.0307043731 0.9995250248 0.1005613465
-0.8503038103 -0.5259354239 -0.0193742138 -574.8538411493 0.5262059776 -0.8502544770 -0.0132133831 1740.3248370147 -0.0095236258 -0.0214302171 0.9997249854 0.0953668314
-0.8486280404 -0.5288775526 -0.0109079490 -575.7159933598 0.5289888143 -0.8484898169 -0.0153578957 1740.8626860887 -0.0011328374 -0.0188033239 0.9998225601 0.0878971636
-0.8431549663 -0.5375520782 -0.0112900872 -576.5822029261 0.5376699690 -0.8429351877 -0.0192684640 1741.4086283714 0.0008409911 -0.0223166420 0.9997505990 0.0881498850
-0.8401515411 -0.5420003958 -0.0195181717 -577.4487022583 0.5423295701 -0.8398982654 -0.0212023865 1741.9605530327 -0.0049015766 -0.0283984993 0.9995846636 0.0843362248
-0.8335208799 -0.5520498317 -0.0219983219 -578.3064669932 0.5524210638 -0.8333786359 -0.0176356855 1742.5247785290 -0.0085971543 -0.0268520485 0.9996024492 0.0707132133
-0.8280513406 -0.5603145645 -0.0194567753 -579.1568779172 0.5604971055 -0.8281399514 -0.0052168678 1743.1031135937 -0.0131898460 -0.0152253006 0.9997970885 0.0535852742
-0.8245209552 -0.5655759214 -0.0170021036 -580.0077637321 0.5655357663 -0.8246892504 0.0075456784 1743.6915937551 -0.0182891061 -0.0033937277 0.9998269806 0.0307810282
-0.8223710816 -0.5689512817 -0.0004930660 -580.8444541331 0.5689510699 -0.8223690979 -0.0019356859 1744.2695126004 0.0006958288 -0.0018723825 0.9999980050 0.0126475386
-0.8191307157 -0.5735830859 0.0052262915 -581.6839867006 0.5734791254 -0.8191065614 -0.0136430883 1744.8493433883 0.0121063343 -0.0081783036 0.9998932703 0.0083775456
-0.8204971035 -0.5714787006 0.0140213403 -582.5171658916 0.5713586275 -0.8206151357 -0.0118371378 1745.4327825659 0.0182707962 -0.0017011235 0.9998316279 0.0160587968
-0.8215673407 -0.5694352316 0.0277600752 -583.3485829181 0.5690782876 -0.8220358349 -0.0201739615 1746.0077752048 0.0343075410 -0.0007766118 0.9994110213 0.0375228355
-0.8211592871 -0.5689692293 0.0444009143 -584.1791350139 0.5677895758 -0.8223426444 -0.0369807101 1746.5820359944 0.0575536514 -0.0051566772 0.9983290970 0.0826402510
-0.8213240416 -0.5687011133 0.0447868547 -585.0236889417 0.5659590518 -0.8221707882 -0.0610372571 1747.1517899816 0.0715343997 -0.0247838409 0.9971301775 0.1482797385
-0.8229201304 -0.5666656337 0.0411402300 -585.8483567592 0.5632693070 -0.8231766554 -0.0714694464 1747.7128547798 0.0743649561 -0.0356406173 0.9965939994 0.2201679624
-0.8252862716 -0.5637599793 0.0328215729 -586.6788287558 0.5607495711 -0.8249816805 -0.0704637872 1748.2773511617 0.0668018595 -0.0397481133 0.9969742219 0.2876010409
-0.7999155334 -0.5993963972 0.0293103826 -587.5241155842 0.5970915980 -0.7998334320 -0.0612217668 1748.8540045417 0.0601395304 -0.0314712590 0.9976937390 0.3486005642
-0.7034111124 -0.7102854082 0.0265978546 -588.2995605235 0.7088248915 -0.7037576562 -0.0478793736 1749.5314741148 0.0527264643 -0.0148256620 0.9984989333 0.4001321337
-0.6132570491 -0.7898305879 0.0091342296 -588.9715915073 0.7893818594 -0.6132387049 -0.0285406871 1750.2940241271 0.0281437708 -0.0102923824 0.9995508967 0.4358486229
-0.5571417408 -0.8303439797 0.0110433693 -589.5691766875 0.8301271316 -0.5572493307 -0.0190296848 1751.1275197291 0.0219550943 -0.0014348312 0.9997579282 0.4602626044
-0.5216402343 -0.8524792189 0.0342147239 -590.1041642440 0.8526864752 -0.5222716725 -0.0125727960 1751.9987788312 0.0285874284 0.0226159560 0.9993354179 0.4853491228
-0.5075518458 -0.8606677144 0.0405241794 -590.6162176823 0.8612025082 -0.5082098772 -0.0072774021 1752.8612543039 0.0268582133 0.0312058661 0.9991520556 0.5202148950
-0.5071188985 -0.8603695741 0.0509374002 -591.1236876003 0.8617332446 -0.5072245897 0.0117911313 1753.7415520108 0.0156919713 0.0498739567 0.9986322399 0.5461419649
-0.5132654683 -0.8550620021 0.0736717833 -591.6300479903 0.8572759780 -0.5148487048 -0.0029510348 1754.6051043252 0.0404531399 0.0616423858 0.9972781757 0.5675935106
-0.5267907610 -0.8451440241 0.0906811597 -592.1615220365 0.8480478606 -0.5298014707 -0.0111905168 1755.4885909817 0.0575006101 0.0710069026 0.9958171015 0.6152080119
-0.5443575036 -0.8337292999 0.0925762536 -592.6959638500 0.8364624310 -0.5478166990 -0.0150819688 1756.3392703583 0.0632890969 0.0692265753 0.9955913677 0.6692623646
-0.5608392798 -0.8241925366 0.0785236581 -593.2558964259 0.8265033027 -0.5629077871 -0.0052070910 1757.1824646592 0.0484932242 0.0619797216 0.9968986515 0.7199256142
-0.5726706918 -0.8167950023 0.0699585813 -593.8280062953 0.8190878360 -0.5736160191 0.0077317185 1758.0135719825 0.0338141339 0.0617299516 0.9975199333 0.7545256177
-0.5796061833 -0.8123411586 0.0644865439 -594.4080679181 0.8144822532 -0.5800182398 0.0140534939 1758.8359988383 0.0259871402 0.0606686376 0.9978196154 0.7816514596
-0.5847662673 -0.8098675202 0.0465081958 -595.0151156547 0.8111807031 -0.5842030016 0.0263195690 1759.6788424898 0.0058548635 0.0531173471 0.9985711131 0.8025449903
-0.5894762567 -0.8069812103 0.0360425988 -595.6107127592 0.8077788262 -0.5887000532 0.0304239251 1760.5000213681 -0.0033332560 0.0470486296 0.9988870386 0.8115668260
-0.6135926696 -0.7889843627 0.0317444680 -596.2275566062 0.7896118799 -0.6132988360 0.0194323648 1761.3214778705 0.0041370133 0.0369893656 0.9993070959 0.8165931412
-0.6565865500 -0.7533048995 0.0377601742 -596.8670664998 0.7539764178 -0.6568747445 0.0059271873 1762.0959763435 0.0203387256 0.0323619924 0.9992692518 0.8307761946
-0.6942347228 -0.7190257119 0.0322517493 -597.5500415140 0.7193539992 -0.6946408245 -0.0019871524 1762.8346287745 0.0238321954 0.0218208746 0.9994778016 0.8533642182
-0.7172456812 -0.6965783139 0.0183653331 -598.2739584510 0.6966148053 -0.7174251512 -0.0053819642 1763.5538570633 0.0169247114 0.0089333724 0.9998168577 0.8736434467
-0.7283179514 -0.6849643829 0.0194102000 -599.0078452302 0.6849513892 -0.7285408720 -0.0083541741 1764.2518246683 0.0198634358 0.0072105485 0.9997767010 0.8845597525
-0.7310717575 -0.6820283626 0.0192716911 -599.7592780913 0.6817461798 -0.7313246860 -0.0196557901 1764.9421789513 0.0274996698 -0.0012313912 0.9996210541 0.9015069029
-0.7327390768 -0.6799347878 0.0279665824 -600.5016790038 0.6794924118 -0.7332718778 -0.0245441548 1765.6321376924 0.0371955331 0.0010186193 0.9993074876 0.9282160885
-0.7315552975 -0.6814082839 0.0225742643 -601.2593991686 0.6812463230 -0.7318920071 -0.0154122449 1766.3350499153 0.0270239549 0.0041037252 0.9996263628 0.9607359739
-0.7292756675 -0.6840593745 0.0148247416 -602.0166770050 0.6841371091 -0.7293533844 0.0002379096 1767.0463752173 0.0106497311 0.0103156575 0.9998900792 0.9860528528
-0.7237283837 -0.6900355056 0.0082600017 -602.7550100207 0.6900733717 -0.7237337159 0.0028723217 1767.7451157915 0.0039960378 0.0077787880 0.9999617603 0.9997293283
-0.7581887223 -0.6520162284 0.0049698409 -603.4891092858 0.6519997626 -0.7582049590 -0.0046421634 1768.4313320252 0.0067949239 -0.0002793009 0.9999768752 1.0075633634
-0.8586696511 -0.5125197552 0.0031513236 -604.3131795313 0.5125064501 -0.8586731393 -0.0041926727 1769.0276155273 0.0048547845 -0.0019850471 0.9999862452 1.0095271447
-0.9192381443 -0.3936922960 -0.0027586398 -605.2169472944 0.3936886722 -0.9192421217 0.0017751330 1769.4868246091 -0.0032347141 0.0005457247 0.9999946194 1.0062147252
-0.9497226231 -0.3130027616 -0.0074973588 -606.1788805289 0.3129621140 -0.9497458904 0.0061203731 1769.8469238699 -0.0090362794 0.0034662676 0.9999531642 1.0030476992
-0.9637415338 -0.2668233651 -0.0027473531 -607.1402884723 0.2667839207 -0.9637032501 0.0101185661 1770.1366787490 -0.0053475030 0.0090187327 0.9999450318 0.9973868057
-0.9693038391 -0.2458325256 0.0040542380 -608.1111032003 0.2458613143 -0.9692550647 0.0098404073 1770.3902112489 0.0015104985 0.0105351249 0.9999433632 0.9883396281
-0.9708178782 -0.2391380592 0.0180453885 -609.0817258245 0.2392122308 -0.9709651658 0.0020384713 1770.6296780356 0.0170339675 0.0062956620 0.9998350907 0.9854945647
-0.9688735041 -0.2461773069 0.0260934225 -610.0602793419 0.2461087368 -0.9692245232 -0.0058577500 1770.8700907222 0.0267324301 0.0007464005 0.9996423461 0.9967005720
-0.9643223945 -0.2630883935 0.0294417491 -611.0483743408 0.2626460157 -0.9647230475 -0.0180696435 1771.1217073021 0.0331570474 -0.0096922038 0.9994031576 1.0214754810
-0.9589783465 -0.2814094688 0.0341941790 -612.0341980267 0.2811284228 -0.9595839129 -0.0128656160 1771.4065984196 0.0364326903 -0.0027248915 0.9993323942 1.0521313255
-0.9524561161 -0.3011055020 0.0465061673 -613.0190807005 0.3007946445 -0.9535903790 -0.0137102469 1771.7100493822 0.0484760645 0.0009303976 0.9988239112 1.0897302348
-0.9469593387 -0.3166993728 0.0544932861 -613.9749720000 0.3165055978 -0.9485098719 -0.0123785879 1772.0234313090 0.0556077109 0.0055254106 0.9984374053 1.1397516779
-0.9422609621 -0.3258583274 0.0772051142 -614.9367533398 0.3252702771 -0.9454004228 -0.0204276137 1772.3523602008 0.0796462556 0.0058643859 0.9968059405 1.2056332564
-0.9378063519 -0.3349028700 0.0914292837 -615.8901847507 0.3356948625 -0.9419445189 -0.0070343811 1772.6942848089 0.0884771471 0.0240954536 0.9957867259 1.2921003469
-0.9398177392 -0.3375269626 0.0530864070 -616.8788132417 0.3385425907 -0.9408844332 0.0111981089 1773.0507014415 0.0461685103 0.0284961912 0.9985271332 1.3647324029
-0.9413011005 -0.3366923375 0.0243003730 -617.8530273403 0.3370408933 -0.9414143962 0.0119319232 1773.3974087492 0.0188593338 0.0194217519 0.9996334934 1.3892542354
-0.9429100587 -0.3327229628 -0.0146986841 -618.8411218124 0.3326769957 -0.9430245586 0.0055406078 1773.7387929145 -0.0157047075 0.0003343808 0.9998766176 1.3854958371
-0.9411693286 -0.3329219008 -0.0579939901 -619.8372093859 0.3333881479 -0.9427880799 0.0017260459 1774.0803402662 -0.0552506810 -0.0177100074 0.9983154401 1.3423064743
-0.9419374646 -0.3295896183 -0.0642222409 -620.7933584447 0.3309055941 -0.9436025639 -0.0107558926 1774.4074940393 -0.0570552406 -0.0313828770 0.9978776551 1.2785504611
-0.9437311277 -0.3250530575 -0.0609267470 -621.7504761602 0.3272350828 -0.9444713985 -0.0298492532 1774.7332718695 -0.0478409789 -0.0481070385 0.9976958222 1.2260523251
-0.9332736420 -0.3500760310 -0.0802937220 -622.7179417795 0.3541573771 -0.9341727311 -0.0435185107 1775.0678134640 -0.0597734180 -0.0690512929 0.9958207958 1.1747054971
-0.9203485395 -0.3731889271 -0.1169982497 -623.6830145889 0.3806232851 -0.9234533636 -0.0485777743 1775.4346361904 -0.0899137397 -0.0892407418 0.9919433499 1.1029454215
-0.9146515532 -0.3905068365 -0.1044841944 -624.6024290024 0.3978433004 -0.9153930068 -0.0614520260 1775.8120392715 -0.0716466646 -0.0977755278 0.9926261641 1.0218624574
-0.9092856211 -0.4124228629 -0.0557408415 -625.5153691751 0.4155397298 -0.9071063106 -0.0669692040 1776.2208092630 -0.0229432383 -0.0840566685 0.9961968100 0.9657769883
-0.9038835768 -0.4235333120 -0.0601166635 -626.4364006477 0.4271957093 -0.9010276388 -0.0751865682 1776.6301966659 -0.0223227591 -0.0936414849 0.9953556986 0.9420766666
-0.8908340115 -0.4493338259 -0.0671853912 -627.3736796079 0.4536323816 -0.8878744506 -0.0767894681 1777.0773074480 -0.0251480868 -0.0988841389 0.9947811321 0.9107044127
-0.8338904963 -0.5487313882 -0.0593338341 -628.2679104572 0.5517630924 -0.8261643509 -0.1140611910 1777.5478929194 0.0135694571 -0.1278527630 0.9917003281 0.8839554186
-0.7730239166 -0.6331023229 -0.0401929476 -629.0970277422 0.6317940312 -0.7626182700 -0.1387432033 1778.1300715256 0.0571867681 -0.1326454788 0.9895124307 0.9165367430
-0.7210103426 -0.6919725944 -0.0363044680 -629.8656871896 0.6904770188 -0.7130775706 -0.1214984148 1778.7993236038 0.0581856715 -0.1126690145 0.9919274776 0.9760072187
-0.6928700311 -0.7200634222 -0.0379445399 -630.5803203935 0.7188050881 -0.6855831522 -0.1153038890 1779.5044687508 0.0570119756 -0.1071653375 0.9926052715 1.0251349875
-0.6123424250 -0.7897164326 -0.0372116998 -631.2545708654 0.7883393282 -0.6063692590 -0.1041029555 1780.2491442863 0.0596477838 -0.0930821026 0.9938701445 1.0726118919
-0.5820900644 -0.8121690011 -0.0394039412 -631.8872723145 0.8108396228 -0.5761423834 -0.1029517373 1781.0675969984 0.0609119290 -0.0918774602 0.9939055635 1.1274160835
-0.5429415617 -0.8385171460 -0.0458634543 -632.4592229269 0.8380090706 -0.5374586827 -0.0942282436 1781.8965340602 0.0543622861 -0.0895944205 0.9944936308 1.1805873971
-0.5162248636 -0.8539131267 -0.0659110179 -633.0063191549 0.8560735195 -0.5121748625 -0.0693904856 1782.7579340656 0.0254954800 -0.0922457710 0.9954098142 1.2239785004
-0.4955235580 -0.8657871066 -0.0697788610 -633.5285808945 0.8685941519 -0.4938499700 -0.0406989729 1783.6502505206 0.0007763576 -0.0807768104 0.9967319119 1.2416473386
-0.4849207234 -0.8714842827 -0.0732600634 -634.0335574143 0.8745506131 -0.4835591203 -0.0364938658 1784.5334326568 -0.0036217414 -0.0817662652 0.9966449523 1.2451598387
-0.4814873199 -0.8740723649 -0.0645558810 -634.5260347039 0.8764089110 -0.4808945390 -0.0254531527 1785.4269094303 -0.0087966732 -0.0688327197 0.9975894322 1.2426846732
-0.4881048097 -0.8702421735 -0.0665751775 -635.0228125005 0.8725995051 -0.4881519354 -0.0166670837 1786.3203853979 -0.0179944027 -0.0662287506 0.9976421974 1.2404175924
-0.4903386189 -0.8668958252 -0.0897756481 -635.5282819104 0.8708873959 -0.4913305963 -0.0122224696 1787.1941823845 -0.0335139149 -0.0841776292 0.9958870138 1.2126022066
-0.4959378058 -0.8622990802 -0.1024011184 -636.0312924618 0.8670735436 -0.4981606853 -0.0044047372 1788.0687234782 -0.0472140104 -0.0909737763 0.9947334363 1.1650182612
-0.5032201463 -0.8571811586 -0.1095898977 -636.5544467927 0.8625125575 -0.5060294468 -0.0025074197 1788.9571147860 -0.0533064024 -0.0957844471 0.9939737256 1.1022844378
-0.5107354041 -0.8528590714 -0.1085391696 -637.0758481773 0.8576765466 -0.5141713678 0.0043296590 1789.8411819368 -0.0595003222 -0.0908801900 0.9940827444 1.0369195390
-0.5112163993 -0.8517884659 -0.1145172584 -637.6046354990 0.8574819442 -0.5145132812 -0.0008937823 1790.7022291442 -0.0581593369 -0.0986533975 0.9934208568 0.9728743130
-0.5144360466 -0.8505155207 -0.1094481746 -638.1368628022 0.8561711395 -0.5166000295 -0.0097667511 1791.5823434150 -0.0482341569 -0.0987307371 0.9939445194 0.9180807120
-0.5176075974 -0.8488168441 -0.1076677311 -638.6710063389 0.8545395706 -0.5191621924 -0.0152558271 1792.4502333764 -0.0429476123 -0.0999028687 0.9940698765 0.8778348675
-0.5233144402 -0.8447962572 -0.1116301053 -639.2084987218 0.8515278651 -0.5233953648 -0.0309449039 1793.3065327628 -0.0322845407 -0.1112500603 0.9932679057 0.8453229249
-0.5281272453 -0.8425442016 -0.1058342153 -639.7449809280 0.8490308040 -0.5261441024 -0.0481567997 1794.1590016123 -0.0151098158 -0.1152894269 0.9932170163 0.8212332719
-0.5274153308 -0.8443838181 -0.0940693176 -640.2781367621 0.8496002985 -0.5246269706 -0.0542759117 1795.0104340322 -0.0035215995 -0.1085472683 0.9940850511 0.8089454498
-0.5265151751 -0.8469440672 -0.0739426632 -640.8070641908 0.8500587340 -0.5230741221 -0.0615923015 1795.8608390379 0.0134877407 -0.0952848881 0.9953586645 0.8046641446
-0.5222061767 -0.8512369672 -0.0519262423 -641.3268905274 0.8517259536 -0.5174869325 -0.0822810715 1796.7009861015 0.0431695379 -0.0871946120 0.9952554901 0.8177515213
-0.5187682358 -0.8541476928 -0.0362109987 -641.8460379708 0.8532781203 -0.5146905938 -0.0837259938 1797.5607214805 0.0528769040 -0.0743324390 0.9958306691 0.8563739049
-0.5158314745 -0.8559399660 -0.0358422165 -642.3709125141 0.8549665747 -0.5116904271 -0.0848826424 1798.4213534967 0.0543143270 -0.0744290356 0.9957460884 0.9104554719
-0.5053568830 -0.8618888724 -0.0419760928 -642.9041485485 0.8620528529 -0.5020887732 -0.0690778014 1799.3015333118 0.0384616634 -0.0710945529 0.9967277788 0.9603586145
-0.5039387689 -0.8623364412 -0.0492095444 -643.4311673581 0.8634912488 -0.5016101797 -0.0526316522 1800.1941410194 0.0207021832 -0.0690151410 0.9974007870 0.9998315078
-0.5064274359 -0.8608898979 -0.0489881187 -643.9525368325 0.8621327269 -0.5044624989 -0.0473787766 1801.0729812604 0.0160752414 -0.0662281727 0.9976750051 1.0259202148
-0.5089873178 -0.8593408431 -0.0496510389 -644.4784021555 0.8606883073 -0.5072752790 -0.0434445512 1801.9580546410 0.0121469327 -0.0648467942 0.9978212993 1.0448447584
-0.5069120866 -0.8611018917 -0.0392895474 -644.9979783650 0.8614808442 -0.5045033375 -0.0576813451 1802.8314053934 0.0298478076 -0.0630865634 0.9975616241 1.0640430882
-0.5121477048 -0.8584483185 -0.0277707203 -645.5198094313 0.8576673286 -0.5094170357 -0.0700074080 1803.7111742944 0.0459508637 -0.0596721728 0.9971598417 1.0960889228
-0.5166700001 -0.8557830983 -0.0262183061 -646.0550078192 0.8548582116 -0.5139237578 -0.0714129487 1804.5986573244 0.0476397841 -0.0593098624 0.9971021970 1.1375582685
-0.5207198701 -0.8534014908 -0.0235947551 -646.5743942490 0.8526234131 -0.5184425539 -0.0651968852 1805.4561575335 0.0434065939 -0.0540667542 0.9975934311 1.1729738793
-0.5221871900 -0.8521174166 -0.0348775987 -647.1086598794 0.8524020645 -0.5201912229 -0.0530265215 1806.3196950947 0.0270418018 -0.0574195074 0.9979838381 1.2042884631
-0.5235478757 -0.8509692376 -0.0418207915 -647.6446348636 0.8519834224 -0.5226394729 -0.0311805941 1807.1932544555 0.0046765299 -0.0519551549 0.9986384691 1.2229040144
-0.5204774426 -0.8525086624 -0.0482929830 -648.1766737018 0.8537676409 -0.5204773344 -0.0135705469 1808.0612362116 -0.0135663943 -0.0482941497 0.9987410215 1.2253638692
-0.5182761569 -0.8534520591 -0.0548580705 -648.7088243690 0.8551277617 -0.5180643881 -0.0191259233 1808.9200875538 -0.0120969541 -0.0568231691 0.9983109692 1.2218240024
-0.5188657202 -0.8538554437 -0.0413430238 -649.2284855500 0.8547879648 -0.5176084122 -0.0376705038 1809.7731205347 0.0107656678 -0.0548854523 0.9984346186 1.2239326176
-0.5190244750 -0.8544255860 -0.0238854004 -649.7483462195 0.8539971685 -0.5171793076 -0.0566956787 1810.6243004077 0.0360892037 -0.0498245092 0.9981057497 1.2438669139
-0.5189154368 -0.8547617472 -0.0104462863 -650.2746232314 0.8532876743 -0.5172104791 -0.0662832190 1811.4903413971 0.0512534313 -0.0433090729 0.9977461651 1.2805225346
-0.5169839523 -0.8559544266 -0.0083434190 -650.8032394790 0.8537805386 -0.5149212940 -0.0769080803 1812.3526974632 0.0615336077 -0.0468836921 0.9970032771 1.3277567715
-0.5214005518 -0.8533084978 -0.0024641830 -651.3379253462 0.8504934764 -0.5194416228 -0.0827118318 1813.2349587752 0.0692987097 -0.0452217663 0.9965704595 1.3849215137
-0.5152399552 -0.8569892746 -0.0098575720 -651.8667813397 0.8546695725 -0.5129213972 -0.0803216163 1814.0890381046 0.0637786041 -0.0498098728 0.9967202548 1.4441487562
-0.5168363266 -0.8557989898 -0.0220975240 -652.3990824091 0.8552813837 -0.5150619537 -0.0566121759 1814.9639807646 0.0370670491 -0.0481588299 0.9981516723 1.4975746365
-0.5173927268 -0.8549968882 -0.0358481167 -652.9363903903 0.8556523872 -0.5162543155 -0.0366124846 1815.8419850104 0.0127968154 -0.0496165599 0.9986863564 1.5311017918
-0.5148847754 -0.8563621748 -0.0392108864 -653.4645738263 0.8569635058 -0.5153700149 0.0027014066 1816.7274328222 -0.0225214975 -0.0322113855 0.9992273059 1.5368629355
-0.5128022575 -0.8574898361 -0.0417735055 -653.9936137419 0.8564265600 -0.5143390030 0.0445975041 1817.6212695018 -0.0597276496 -0.0129062388 0.9981312724 1.5038499237
-0.5121346377 -0.8578542531 -0.0424757973 -654.5194765131 0.8556097384 -0.5138733685 0.0621782650 1818.5034420313 -0.0751670701 -0.0044990626 0.9971608045 1.4373254624
-0.5104422712 -0.8584591125 -0.0499663879 -655.0435938363 0.8551030165 -0.5128666841 0.0759381026 1819.3806202938 -0.0908158519 -0.0039643914 0.9958598117 1.3517491774
-0.5110760293 -0.8573805965 -0.0608260224 -655.5785073435 0.8536009782 -0.5145763207 0.0810961173 1820.2656827256 -0.1008298682 -0.0104748706 0.9948485386 1.2428576855
-0.5088390778 -0.8590324514 -0.0560895751 -656.0914674583 0.8572888621 -0.5115804813 0.0578032709 1821.1131760918 -0.0783492174 -0.0186724050 0.9967510930 1.1392128630
-0.5116072580 -0.8576137712 -0.0525036481 -656.6063902091 0.8564229617 -0.5139152618 0.0493032905 1821.9784534505 -0.0692656069 -0.0197414085 0.9974029038 1.0553787663
-0.5209733932 -0.8527740265 -0.0369213125 -657.1162158814 0.8514984540 -0.5222346822 0.0471308775 1822.8335608867 -0.0594735781 -0.0068845073 0.9982061396 0.9886334188
-0.5248481759 -0.8508331659 -0.0248458463 -657.6459709332 0.8497805245 -0.5254347849 0.0423243079 1823.6964441071 -0.0490657968 0.0011003194 0.9987949424 0.9383031912
-0.5252505312 -0.8504123323 -0.0301785456 -658.1822868396 0.8493050150 -0.5261093477 0.0434735052 1824.5574961389 -0.0528476199 -0.0027963085 0.9985986730 0.8957665611
-0.5263454099 -0.8493540384 -0.0394743826 -658.7222084380 0.8479730288 -0.5277678045 0.0490192521 1825.4194814460 -0.0624680079 -0.0076721534 0.9980174778 0.8453268741
-0.5284521354 -0.8483698545 -0.0317321702 -659.2489220587 0.8482829495 -0.5291556647 0.0202563587 1826.2562499039 -0.0339761417 -0.0162133429 0.9992911234 0.7924871255
-0.5254906439 -0.8507936051 -0.0031344308 -659.7815255065 0.8507950626 -0.5254961470 0.0012493617 1827.1210554512 -0.0027100802 -0.0020102304 0.9999943072 0.7706679201
-0.5199363430 -0.8538912938 -0.0231485993 -660.3192456959 0.8535744841 -0.5204027850 0.0243216266 1827.9906511225 -0.0328146207 -0.0071133561 0.9994361414 0.7471690068
-0.5163616655 -0.8557165963 -0.0334624757 -660.8450739926 0.8561435347 -0.5167302886 0.0028384713 1828.8392966124 -0.0197200017 -0.0271830045 0.9994359438 0.7036647561
-0.5124078728 -0.8572462708 -0.0506656008 -661.3723774700 0.8586053196 -0.5124871187 -0.0124039599 1829.6947604838 -0.0153322194 -0.0498576411 0.9986386427 0.6782474504
-0.5126744662 -0.8567566363 -0.0559728312 -661.8908162733 0.8583337321 -0.5130063275 -0.0093654790 1830.5534690456 -0.0206904803 -0.0528448111 0.9983883663 0.6627123400
-0.5118426449 -0.8556856165 -0.0762838951 -662.4187152312 0.8581376895 -0.5134181698 0.0012201592 1831.4161903246 -0.0402096104 -0.0648375560 0.9970853918 0.6369399876
-0.5147087881 -0.8530849039 -0.0855629021 -662.9418543722 0.8558830366 -0.5171193010 0.0072011197 1832.2755882879 -0.0503893947 -0.0695253569 0.9963067468 0.5986579115
-0.5148878226 -0.8504073043 -0.1081570480 -663.4717488141 0.8549393714 -0.5186643948 0.0081189201 1833.1330878358 -0.0630015988 -0.0882873855 0.9941006670 0.5430884517
-0.5152867455 -0.8485516730 -0.1201650036 -664.0112026110 0.8542707582 -0.5197785201 0.0071945577 1834.0116970070 -0.0685641417 -0.0989461885 0.9927278631 0.4717676152
-0.5182835483 -0.8469479147 -0.1185807460 -664.5473389588 0.8521972238 -0.5230958704 0.0114281254 1834.8919037374 -0.0717081255 -0.0951311731 0.9928786455 0.3933042279
-0.5203338040 -0.8466593356 -0.1114482023 -665.0741777813 0.8518157221 -0.5238354591 0.0025273344 1835.7549200637 -0.0605203115 -0.0936182734 0.9937670304 0.3156439611
-0.5163141261 -0.8486881308 -0.1146655130 -665.6048252083 0.8540260840 -0.5202081733 0.0047858421 1836.6136716179 -0.0637116244 -0.0954563412 0.9933926292 0.2418203594
-0.5148438316 -0.8496444461 -0.1141934507 -666.1367827772 0.8549610793 -0.5186724914 0.0045165789 1837.4935626808 -0.0630664878 -0.0953056230 0.9934482656 0.1724364177
-0.5157476009 -0.8505071583 -0.1031600010 -666.6611200157 0.8550456164 -0.5185526046 0.0004359909 1838.3657020995 -0.0538647006 -0.0879816454 0.9946646792 0.1134139891
-0.5162132757 -0.8513729258 -0.0932094163 -667.1848443997 0.8550699888 -0.5185123327 0.0005244312 1839.2349172618 -0.0487767184 -0.0794298562 0.9956463879 0.0649106373
-0.5178508964 -0.8513505538 -0.0838610973 -667.7076417717 0.8544792218 -0.5194780181 -0.0028014486 1840.0973578792 -0.0411789818 -0.0731082978 0.9964735161 0.0256237145
-0.5186690645 -0.8518418970 -0.0731285446 -668.2283714088 0.8543192506 -0.5197214663 -0.0053118352 1840.9536474210 -0.0334816306 -0.0652302080 0.9973083778 -0.0079789848
-0.5169519866 -0.8535015721 -0.0655416666 -668.7497917491 0.8555947452 -0.5175789754 -0.0083448299 1841.8101538574 -0.0268006632 -0.0603909820 0.9978149396 -0.0392038420
-0.5206891505 -0.8513392333 -0.0640649552 -669.2697453468 0.8536246993 -0.5204137760 -0.0222345344 1842.6586134374 -0.0144111538 -0.0662647090 0.9976980039 -0.0663778758
-0.5226005516 -0.8505211580 -0.0591812748 -669.7992514342 0.8525774599 -0.5212925123 -0.0369566146 1843.5208125295 0.0005816272 -0.0697701681 0.9975629230 -0.0829043622
-0.5184189196 -0.8530928173 -0.0589446251 -670.3224472513 0.8550721212 -0.5163733509 -0.0470130835 1844.3690784340 0.0096690902 -0.0747743776 0.9971535996 -0.0872829682
