abs_elevation_angle_deg,darces_status,feature,profile,range_m,selected,sigma_z_m,site
0.5489138437206248,solution,0,0p25m,57.95930684540663,1,0.5022894782123006,10
1.5803160474337177,solution,1,0p25m,13.857534051915586,1,0.5186795054811373,10
0.9106955920607872,solution,2,0p25m,69.85900979830733,1,0.5062776419307037,10
1.351447025450449,solution,3,0p25m,53.3189108103307,1,0.5137256669633533,10
0.43968366228115635,no_solution,0,0p25m,55.05480224285616,0,0.5014701256417088,13
2.1381502170446476,no_solution,1,0p25m,10.944462069923766,0,0.53371128055119,13
1.415515332744842,no_solution,2,0p25m,56.75743343386838,0,0.5150389642718728,13
0.30692047261143257,no_solution,0,0p25m,53.679896143714736,0,0.5007168751813785,14
2.2799478426256115,no_solution,1,0p25m,10.789172813520043,0,0.5381710646169383,14
1.6513284090498928,no_solution,2,0p25m,55.187464609275175,0,0.520363263498502,14
0.4454201404143402,no_solution,0,0p25m,54.758846317284664,0,0.501508680320159,16
20.6405763361793,no_solution,1,0p25m,0.5303300858899106,0,1.9486575330560696,16
2.7018735222328787,no_solution,2,0p25m,10.74854641335283,0,0.5528798407046378,16
0.5559267573967107,no_solution,3,0p25m,57.21041207682392,0,0.5023482186562481,16
0.35979030694026526,no_solution,0,0p25m,50.25715123243656,0,0.5009848669570551,18
20.286109294394794,no_solution,1,0p25m,0.5303300858899106,0,1.9146181716482422,18
1.3169811122206776,no_solution,2,0p25m,62.71587717635782,0,0.5130430430419967,18
0.2304217615917059,solution,0,0p25m,44.77617949311888,1,0.5004041763666536,23
20.53166117091667,solution,1,0p25m,0.5303300858899106,1,1.938177117767117,23
3.1071766579907676,solution,2,0p25m,12.802587629069366,1,0.5689182465950485,23
1.6420719685075005,solution,3,0p25m,62.20354692459265,1,0.5201398968795972,23
0.47545265992630936,no_solution,0,0p25m,47.216588716255224,0,0.5017186343644029,24
21.142646041712325,no_solution,1,0p25m,0.5303300858899106,0,1.9972161070646144,24
3.1977236775246203,no_solution,2,0p25m,12.053267191927672,0,0.5727417778166259,24
0.7285209586977037,no_solution,0,0p25m,40.23563408224108,0,0.5040260639483192,30
22.387358631916154,no_solution,1,0p25m,0.5303300858899106,0,2.119384530769919,30
2.6456007430672854,no_solution,2,0p25m,10.162738312088923,0,0.5507974541674903,30
0.9994790668411576,no_solution,0,0p25m,37.20425042921843,0,0.5075520139564137,33
20.116638570244884,no_solution,1,0p25m,0.5303300858899106,0,1.898414477954684,33
1.9979445208516688,no_solution,2,0p25m,11.93864523302372,0,0.52955058358494,33
3.420295971393203,no_solution,0,0p25m,66.46733220161616,0,0.5824952128677471,36
1.0114713286428563,no_solution,1,0p25m,34.65950446847156,0,0.5077329760374518,36
21.24026698192017,no_solution,2,0p25m,0.5303300858899106,0,2.0067051111419105,36
1.5092098990219722,no_solution,3,0p25m,9.963997691689817,0,0.5170626794909625,36
1.1493544793283204,no_solution,4,0p25m,20.95008949861551,0,0.5099635373571993,36
1.4054786604618263,no_solution,0,0p25m,31.466748322634164,0,0.5148294296012355,39
21.27601487077192,no_solution,1,0p25m,0.5303300858899106,0,2.0101837849307675,39
1.241971888316625,no_solution,2,0p25m,12.063633366444787,0,0.5116155250601117,39
3.884078700927295,no_solution,0,0p25m,61.91450758909417,0,0.6043507800608965,41
1.4376538844744033,no_solution,1,0p25m,29.76207738045179,0,0.5155061219894713,41
0.8771602817087801,no_solution,2,0p25m,13.694204978749223,0,0.5058263625945879,41
22.08117117036569,no_solution,3,0p25m,0.5303300858899106,0,2.0890925909110267,41
0.7937743364414186,no_solution,4,0p25m,24.998124929682227,0,0.5047761187847263,41
1.4982635610455548,no_solution,0,0p25m,29.01346670082705,0,0.5168199664724309,43
0.5224158115135054,no_solution,1,0p25m,16.183517849960804,0,0.5020742044312743,43
21.359120293784045,no_solution,2,0p25m,0.5303300858899106,0,2.018278956143419,43
0.5754360422144891,no_solution,3,0p25m,26.377665742062923,0,0.502515515318804,43
4.878479440276235,no_solution,0,0p25m,52.25687753779401,0,0.6573611053464945,53
2.7714797757841967,no_solution,1,0p25m,20.406034646643135,0,0.5555054347064554,53
0.15265235445574055,no_solution,2,0p25m,23.93023714884581,0,0.5001774298818116,53
3.0561686831143624,skipped_insufficient_features,0,0p25m,19.31725265145124,0,0.5668020594093146,54
0.060399434219813676,skipped_insufficient_features,1,0p25m,25.60578547906703,0,0.5000277810554653,54
5.928815368762414,no_solution,0,0p25m,42.068768106518164,0,0.7208408753620092,61
4.315928227594748,no_solution,1,0p25m,10.684392823179051,0,0.6264126864088848,61
0.8508627075711938,no_solution,2,0p25m,32.276636286949106,0,0.5054840623740894,61
6.242747912766087,no_solution,0,0p25m,38.70279382680274,0,0.741048436238983,66
4.451010335288775,no_solution,1,0p25m,9.567196559076226,0,0.6336262580707038,66
0.39671162895073664,no_solution,2,0p25m,36.82942098377328,0,0.5011971233276874,66
6.452856885680547,no_solution,0,0p25m,35.79149689521242,0,0.7548527710045948,69
3.1876540217504683,no_solution,1,0p25m,7.986316422481644,0,0.572312370965488,69
0.7639874929616441,no_solution,2,0p25m,39.78575436007215,0,0.5044258921028408,69
3.7544335892000986,skipped_insufficient_features,0,0p25m,5.659615711335886,0,0.5980413611773386,70
0.7414099036757756,skipped_insufficient_features,1,0p25m,40.87366205761358,0,0.5041692035023578,70
6.086702772183629,skipped_insufficient_features,0,0p25m,35.9430973901805,0,0.7309395484331968,71
0.9351488159498063,skipped_insufficient_features,1,0p25m,43.18600757189763,0,0.506617120149031,71
0.7267134412052288,skipped_insufficient_features,0,0p25m,5.065199897338703,0,0.5040061879401346,72
1.34215332339258,skipped_insufficient_features,1,0p25m,41.813948031727406,0,0.5135399490118004,72
0.6696836115274628,no_solution,0,0p25m,4.667038675648618,0,0.5034040645351489,73
0.935659897248598,no_solution,1,0p25m,44.66437338640272,0,0.5066243089345378,73
0.8758380877652654,no_solution,2,0p25m,53.42196411589525,0,0.5058089090767063,73
1.3082380687872996,skipped_insufficient_features,0,0p25m,48.38291278953759,0,0.5128725466219277,76
1.3121515359518308,skipped_insufficient_features,1,0p25m,56.11622982702954,0,0.5129487288077427,76
6.759281309321781,skipped_insufficient_features,0,0p25m,27.868553066135313,0,0.7753624805127678,77
1.4472317136918347,skipped_insufficient_features,1,0p25m,47.35933118193288,0,0.5157103463959397,77
6.0876317380452685,no_solution,0,0p25m,27.868553066135313,0,0.7309993565344183,79
2.0088822264013246,no_solution,1,0p25m,6.366415789123422,0,0.5298661297136322,79
0.9133274778399437,no_solution,2,0p25m,48.29369782901284,0,0.506313758342567,79
1.5779169107329623,skipped_insufficient_features,0,0p25m,48.44487847027795,0,0.5186238217866868,80
2.111665598689019,skipped_insufficient_features,0,0p25m,50.31432450108021,0,0.532906186605323,82
3.114495682355332,skipped_insufficient_features,1,0p25m,37.38524107184545,0,0.5692241373812102,82
7.081786779311542,no_solution,0,0p25m,22.311011855135572,0,0.7974025532213623,83
1.6454212716196757,no_solution,1,0p25m,52.38588788977428,0,0.5202205844955435,83
1.4515208205543715,no_solution,2,0p25m,61.92561061467218,0,0.5158022153600271,83
6.659448335196859,no_solution,0,0p25m,23.165842311472293,0,0.7686327907671677,84
3.826753174799282,no_solution,1,0p25m,11.125702225028315,0,0.6015423769427622,84
1.795492584218524,no_solution,2,0p25m,55.10132711650419,0,0.5239911012146835,84
4.704069814373086,skipped_insufficient_features,0,0p25m,14.646885334432028,0,0.6475157228813685,87
2.2130904780271705,skipped_insufficient_features,1,0p25m,56.909193018351615,0,0.5360371042987894,87
5.0078817055973275,skipped_insufficient_features,0,0p25m,15.436361294035587,0,0.6648033576286941,88
2.149675712341952,skipped_insufficient_features,1,0p25m,59.09341122324891,0,0.534064400648968,88
2.67144433115399,skipped_insufficient_features,0,0p25m,58.602740976851926,0,0.5517493032415073,90
2.4007778381799234,skipped_insufficient_features,1,0p25m,68.12786691215277,0,0.5421667401043854,90
5.182208720255194,skipped_insufficient_features,0,0p25m,10.483618173130878,0,0.6750076052877826,97
2.751601337802943,skipped_insufficient_features,1,0p25m,75.90392776398333,0,0.5547500272391652,97
6.123386532932629,no_solution,0,0p25m,24.31884557292965,0,0.7333047169101923,98
2.9653779242934517,no_solution,1,0p25m,67.631584707147,0,0.5631037578656979,98
2.710975873026577,no_solution,2,0p25m,77.32096255220831,0,0.5532200705850413,98
6.094782255155152,no_solution,0,0p25m,26.242260763889988,0,0.7314598675337767,100
3.003949911675088,no_solution,1,0p25m,71.63383453368945,0,0.5646641890705457,100
5.65252373145681,no_solution,2,0p25m,43.5577920698467,0,0.7034973494635552,100
5.998151382517073,no_solution,0,0p25m,30.64565629905811,0,0.7252593358933821,103
3.2938157306283546,no_solution,1,0p25m,71.9272636070635,0,0.5768916081328148,103
2.944449458811085,no_solution,2,0p25m,82.30374383951194,0,0.5622638078002252,103
6.2699009071342084,skipped_insufficient_features,0,0p25m,31.010582871013565,0,0.7428201180182094,104
3.147072035879461,skipped_insufficient_features,1,0p25m,83.72368989718501,0,0.5705924183438656,104
2.9867092114793397,no_solution,0,0p25m,81.39966983962528,0,0.5639647394065408,105
4.34520473824017,no_solution,1,0p25m,59.6900850225563,0,0.6279639026547325,105
2.893419596395632,no_solution,2,0p25m,91.6953174922253,0,0.5602356999320179,105
5.829925644763957,no_solution,3,0p25m,46.39537961909569,0,0.7145843135502331,105
6.426682568976867,no_solution,0,0p25m,33.26268555002738,0,0.7531213262090394,106
3.622462027847626,no_solution,1,0p25m,74.88011251327018,0,0.5917756422524109,106
3.327420621817234,no_solution,2,0p25m,83.87509314450864,0,0.5783649123080301,106
6.55973035775158,skipped_insufficient_features,0,0p25m,32.95688471321281,0,0.76195643760611,107
3.459852811676592,skipped_insufficient_features,1,0p25m,77.62590579181669,0,0.5842801207850801,107
6.461090255192498,skipped_insufficient_features,0,0p25m,34.404305689840626,0,0.7553980938020405,110
3.2757899815870304,skipped_insufficient_features,1,0p25m,78.76884695106308,0,0.5761060046932875,110
6.65656186617797,no_solution,0,0p25m,39.06924941690075,0,0.7684388896378946,113
3.7912791890893214,no_solution,1,0p25m,82.924853029716,0,0.5998191791055786,113
3.5875193147177358,no_solution,2,0p25m,89.06616220540772,0,0.5901437490010646,113
6.46945326742695,no_solution,0,0p25m,42.654498590418335,0,0.7559523358590491,116
3.656919478009688,no_solution,1,0p25m,93.1700394440187,0,0.593396069689979,116
4.70350418725036,no_solution,2,0p25m,74.32046319823364,0,0.6474841480899216,116
6.114546922383451,no_solution,3,0p25m,59.16740023019433,0,0.7327341471579719,116
6.612335887750896,skipped_insufficient_features,0,0p25m,46.68545008886602,0,0.7654727610624733,121
6.279080001075979,skipped_insufficient_features,1,0p25m,62.65106742905503,0,0.7434198729055261,121
6.728410538901692,no_solution,0,0p25m,47.40286120056468,0,0.7732766822732787,122
3.8917791972406683,no_solution,1,0p25m,99.24039626079694,0,0.6047302478871087,122
4.93013916885789,no_solution,2,0p25m,79.65570444105055,0,0.6603183916132092,122
6.377664496692567,no_solution,3,0p25m,63.37512327404184,0,0.7498876729577804,122
5.777465943055696,skipped_insufficient_features,0,0p25m,47.80330793993236,0,0.7112872486480355,123
6.783465251613778,no_solution,0,0p25m,54.246255631149324,0,0.7769994637680881,128
5.264120346376473,no_solution,1,0p25m,83.70054509977817,0,0.6798708209734446,128
6.473078371659792,no_solution,2,0p25m,69.76231970053747,0,0.7561926864355564,128
6.767569375637906,skipped_insufficient_features,0,0p25m,72.47607363813246,0,0.7759231958179578,132
5.4668942555710425,skipped_insufficient_features,0,0p25m,89.47852395966308,0,0.6920914492538408,134
6.586493046277479,skipped_insufficient_features,1,0p25m,76.00842880891565,0,0.7637437312970129,134
6.739963832828303,skipped_insufficient_features,0,0p25m,79.29080179945213,0,0.774056784284499,138
5.669149083892583,skipped_insufficient_features,0,0p25m,95.03239579217184,0,0.7045287518530936,139
6.575124519453913,skipped_insufficient_features,1,0p25m,83.59519274455918,0,0.762984097769968,139
7.403545808755259,skipped_insufficient_features,0,0p25m,89.14051407749453,0,0.819824213650419,150
7.3846281727584335,skipped_insufficient_features,0,0p25m,117.04873450832349,0,0.8184945214285096,177
8.325612581236586,skipped_insufficient_features,0,0p25m,28.996228202992196,0,0.886222699885019,181
8.555353758527652,skipped_insufficient_features,0,0p25m,24.734212136229445,0,0.9032142744191728,187
7.675793541300483,skipped_insufficient_features,0,0p25m,18.44671379948201,0,0.8391116425202846,195
8.39262770365387,skipped_insufficient_features,0,0p25m,26.425011825919775,0,0.8911618320416493,244
9.461418900312923,skipped_insufficient_features,0,0p25m,24.475114912906946,0,0.9717558443949752,250
10.305297912733858,no_solution,0,0p25m,25.100423303203474,0,1.0375549525664025,253
8.205908294836622,no_solution,1,0p25m,26.559485123021492,0,0.8774365006220048,253
21.27841808495662,no_solution,2,0p25m,156.14306340660798,0,2.010417719722438,253
5.732681385528276,solution,0,0p5m,168.93970818016703,0,0.7084847948474121,10
2.7563835631444418,solution,1,0p5m,169.9003384340361,0,0.5549313522149152,10
0.5500329188116189,solution,2,0p5m,57.84137792272933,1,0.5022988020730086,10
0.19718673533806222,solution,3,0p5m,105.49703787310808,1,0.5002960227063115,10
1.6051811649421455,solution,4,0p5m,13.642763649642253,1,0.5192612569525417,10
0.9129574763953312,solution,5,0p5m,69.68590244805617,1,0.5063086748025368,10
1.3531803753868756,solution,6,0p5m,53.250586851226345,1,0.513760439397059,10
5.686403713451878,solution,0,0p5m,167.78147990764654,0,0.7056008789294534,13
2.4893113751984424,solution,1,0p5m,169.59694867538153,0,0.5452061973004111,13
0.4410613339288192,solution,2,0p5m,54.882829737541776,1,0.501479339590743,13
1.779725244369767,solution,3,0p5m,13.157697366940766,1,0.5235807689846421,13
0.25380114483266536,solution,4,0p5m,109.6408910945182,1,0.5004903144470362,13
0.9284103405413696,solution,5,0p5m,72.66446862119065,1,0.5065226959419254,13
1.412621194806551,solution,6,0p5m,56.87376372282742,1,0.5149783991569309,13
2.304100843862268,solution,0,0p5m,168.94414757546352,0,0.5389555326807429,14
0.30790542720130465,solution,1,0p5m,53.508176945210906,1,0.5007214804562294,14
2.2652696443511307,solution,2,0p5m,10.982941318244398,1,0.5376978326202942,14
0.4474228219209396,solution,3,0p5m,110.48812153349337,1,0.5015222572800925,14
1.1317324316279727,solution,4,0p5m,73.33570071936315,1,0.509663150282089,14
1.2492915821200954,solution,5,0p5m,69.2504512620676,1,0.5117513094029381,14
1.66242094731452,solution,6,0p5m,54.81902042174778,1,0.5206324669992378,14
5.674733662089264,solution,0,0p5m,164.079630058091,0,0.704875565480434,16
3.1000518614792547,solution,1,0p5m,169.27233973688672,0,0.5686210125554249,16
3.0758855265713563,solution,2,0p5m,168.17141552594484,0,0.5676168082248527,16
0.4440455706586711,solution,3,0p5m,54.92836243690503,1,0.5014993966180468,16
0.14157715709310714,solution,4,0p5m,75.8790155444837,1,0.500152621813113,16
29.312923446268815,solution,5,0p5m,0.3535533905932738,1,2.8515305984375416,16
2.6664597407983592,solution,6,0p5m,10.891510455395983,1,0.5515651189116042,16
0.5546494115329733,solution,7,0p5m,57.34217470588293,1,0.5023374645139994,16
6.0151576550201185,solution,0,0p5m,168.2724724962464,0,0.7263469998473868,18
2.1936758929338684,solution,1,0p5m,168.80351003459614,0,0.5354278178228091,18
2.1225086026468754,solution,2,0p5m,169.27233973688672,0,0.5332347273763922,18
2.395589899388958,solution,3,0p5m,82.8862171895907,0,0.5419915441096885,18
0.3585613808630217,solution,4,0p5m,50.42940610397866,1,0.5009781568618599,18
28.971414144979253,solution,5,0p5m,0.3535533905932738,1,2.813077022608807,18
0.827946672140089,solution,6,0p5m,78.29830777226287,1,0.5051940963932043,18
1.3139218663119634,solution,7,0p5m,62.861951926423664,1,0.5129832623787555,18
6.166440944630795,solution,0,0p5m,167.77402957549776,0,0.7360895204911599,23
1.7542697834874283,solution,1,0p5m,169.50700575492448,0,0.5229253020944676,23
1.7091338551087312,solution,2,0p5m,169.84882984583675,0,0.5217843858851667,23
0.23123644223277814,solution,3,0p5m,44.46487377694892,1,0.500407038302756,23
29.232044759114352,solution,4,0p5m,0.3535533905932738,1,2.842399092024944,23
3.391935630979194,solution,5,0p5m,11.51629280628102,1,0.581224946435388,23
0.8571758821550657,solution,6,0p5m,83.7085718430317,1,0.5055653073505096,23
1.6386167673540932,solution,7,0p5m,62.33478162310349,1,0.5200568176762366,23
6.1764060732558805,solution,0,0p5m,168.7220347198314,0,0.7367354339517425,24
1.7135972334148344,solution,1,0p5m,170.01507286120253,0,0.5218959900495408,24
1.7113127554724183,solution,2,0p5m,169.35207409417814,0,0.5218388345460868,24
0.47692896410348934,solution,3,0p5m,47.070425959406826,1,0.5017293058959494,24
0.04933836497825355,solution,4,0p5m,131.12255717457617,0,0.5000185377241108,24
29.91918608502322,solution,5,0p5m,0.3535533905932738,1,2.9204754360696845,24
3.194893465018606,solution,6,0p5m,12.06751838614717,1,0.5726209818202831,24
0.42447281510241275,solution,7,0p5m,118.93538161539652,1,0.5013703001069658,24
0.7672119498677016,solution,8,0p5m,86.00654044896818,1,0.5044631692840212,24
1.485666341433451,solution,9,0p5m,64.76206451310829,1,0.5165426995957101,24
6.958834718344283,no_solution,0,0p5m,166.14790097981978,0,0.788947115605874,30
1.7541806604368162,no_solution,1,0p5m,169.8355822553095,0,0.5229230224121364,30
1.5631451621106702,no_solution,2,0p5m,169.46717971335926,0,0.5182827084395305,30
0.7493760263699863,no_solution,3,0p5m,40.31904016714684,0,0.504258907146785,30
31.36020830762621,no_solution,4,0p5m,0.3535533905932738,0,3.087996921942599,30
2.6198563602323164,no_solution,5,0p5m,10.204165815979275,0,0.5498568964054878,30
0.5872077352138558,no_solution,6,0p5m,89.85891719801658,0,0.5026192241346767,30
6.903980548661176,no_solution,0,0p5m,165.52227946714606,0,0.7851955778583477,33
6.486918705607859,no_solution,1,0p5m,168.56638158304284,0,0.7571109013474819,33
1.431309374082245,no_solution,2,0p5m,169.95036039973556,0,0.5153715440967424,33
0.9936836225363158,no_solution,3,0p5m,37.3781353199969,0,0.5074653125839634,33
28.748442520892752,no_solution,4,0p5m,0.3535533905932738,0,2.7881166192131683,33
2.265019482125532,no_solution,5,0p5m,10.350120772242226,0,0.5376897902759259,33
1.2462630194279964,no_solution,6,0p5m,19.764235376052373,0,0.5116950353796513,33
7.015421879438612,no_solution,0,0p5m,161.96025747077584,0,0.7928306846858032,36
6.716243446792199,no_solution,1,0p5m,168.2724724962464,0,0.7724557863171649,36
3.4144618353728537,no_solution,2,0p5m,68.08909604334603,0,0.5822332552304977,36
1.24823356934454,no_solution,3,0p5m,167.508581869706,0,0.5117316355234618,36
1.2248133406694848,no_solution,4,0p5m,169.79877796968975,0,0.5113002169665608,36
0.5396396778761567,no_solution,5,0p5m,152.38807368032448,0,0.502212932536111,36
1.009682799220212,no_solution,6,0p5m,34.628384311139904,0,0.5077058543534217,36
0.2092294039464031,no_solution,7,0p5m,141.76080205755045,0,0.5003332723825362,36
30.037625476476414,no_solution,8,0p5m,0.3535533905932738,0,2.9340480661674944,36
1.5118114611637967,no_solution,9,0p5m,9.981232388838565,0,0.5171206073853869,36
1.1756129213743842,no_solution,10,0p5m,20.177338773981074,0,0.5104194228661691,36
7.1938344706173565,solution,0,0p5m,168.23235420096813,0,0.8051630577422503,39
7.170323407308817,solution,1,0p5m,167.8231956554278,0,0.8035303858538595,39
1.081245954828612,solution,2,0p5m,169.56009259256732,0,0.5088273431212753,39
0.38685261356482525,solution,3,0p5m,153.95007307565658,0,0.5011384262009136,39
1.0875314339781812,solution,4,0p5m,30.791638475404326,1,0.5089293927806059,39
0.07882985333197731,solution,5,0p5m,143.1542000780976,1,0.500047321246734,39
30.187580255064223,solution,6,0p5m,0.3535533905932738,0,2.9512815532997845,39
1.2535225035162942,solution,7,0p5m,11.963486114005399,1,0.5118301431448141,39
1.2463470748684107,solution,8,0p5m,22.991846380836837,1,0.5116965954603682,39
0.9018054711601796,solution,9,0p5m,92.41009144027507,1,0.5061563983312546,39
7.3536971079577755,solution,0,0p5m,168.05691000372462,0,0.8163234383547809,41
3.9089530199555544,solution,1,0p5m,61.51930591285958,0,0.6055784252132236,41
0.9404585462245793,solution,2,0p5m,170.15323975757852,0,0.5066919926474752,41
1.4427005467986596,solution,3,0p5m,29.319362203158512,1,0.5156135708316057,41
0.9040849313656962,solution,4,0p5m,13.308831654206164,1,0.5061873749459058,41
31.231492839271876,solution,5,0p5m,0.3535533905932738,0,3.0728173285902995,41
0.7882949020066174,solution,6,0p5m,25.171908946283754,1,0.5047107055404074,41
0.5988848148540584,solution,7,0p5m,97.63260213678626,1,0.5027241530510103,41
7.518477068188941,solution,0,0p5m,168.23829825577766,0,0.827932292703836,43
7.173189813154152,solution,1,0p5m,167.78147990764654,0,0.8037293160074769,43
1.4740682390890583,solution,2,0p5m,29.09682113221305,1,0.5162893669923678,43
0.5283019414708982,solution,3,0p5m,16.019519343600795,1,0.5021211118090685,43
30.37117464312078,solution,4,0p5m,0.3535533905932738,0,2.9724567355136404,43
0.5782082407867436,solution,5,0p5m,26.251190449196777,1,0.5025397512519053,43
0.5179080608102707,solution,6,0p5m,99.16463583354704,1,0.5020386340593938,43
7.990684419674031,solution,0,0p5m,168.09558292828518,0,0.8617591271696688,53
4.856543976467874,solution,1,0p5m,52.49404728157279,0,0.6561110119616784,53
0.3713918807967309,solution,2,0p5m,167.25168160589598,0,0.5010493400181687,53
2.7575677314687175,solution,3,0p5m,20.509144301993683,1,0.5549762914394153,53
0.15325990467883052,solution,4,0p5m,23.835372873106056,1,0.5001788447736324,53
0.027579841778351287,solution,5,0p5m,152.09577574673136,1,0.5000057926306245,53
0.44777820922343514,solution,6,0p5m,33.363527990906476,1,0.5015246729150805,53
0.7545387306697554,solution,7,0p5m,105.04344339367402,1,0.5043175460899026,53
8.290655986384404,solution,0,0p5m,167.79935935515368,0,0.883652081971792,54
3.072531109129456,solution,1,0p5m,18.85802216564611,1,0.567477905439666,54
0.17972248479328415,solution,2,0p5m,153.75020325189817,1,0.5002459210091939,54
0.06024029387771447,solution,3,0p5m,25.673429844880484,1,0.5000276348572885,54
0.3042450758817717,solution,4,0p5m,35.11587959883676,1,0.5007044403058759,54
0.5577983897620669,solution,5,0p5m,108.60766547532452,1,0.5023640204475995,54
7.545511358846045,solution,0,0p5m,109.36007040963352,0,0.8298468209442638,61
5.923262248944962,solution,1,0p5m,42.108490830235176,0,0.7204881230707405,61
1.2740539393934827,solution,2,0p5m,169.09206072432852,0,0.5122163148729064,61
0.566215540795745,solution,3,0p5m,108.44411002908365,1,0.5024357350763629,61
4.552983777307089,solution,4,0p5m,11.163556780883054,1,0.6391653597157334,61
0.9925765617870046,solution,5,0p5m,42.890849840029986,1,0.5074488063868995,61
0.8444664148146251,solution,6,0p5m,32.521146966243364,1,0.505402347429273,61
6.21661850148715,no_solution,0,0p5m,38.86675957679004,0,0.7393470494307216,66
4.595178039564142,no_solution,1,0p5m,9.17196816392207,0,0.6414803431318222,66
0.15686205034759756,no_solution,2,0p5m,169.44062381849284,0,0.5001873489794689,66
0.3935019233134953,no_solution,3,0p5m,37.12983975187612,0,0.5011778524389686,66
0.45973758760463207,no_solution,4,0p5m,48.565677180494454,0,0.5016070745623559,66
8.684037452320071,solution,0,0p5m,165.2592660034529,0,0.912803451068606,69
6.412601124071977,solution,1,0p5m,35.987845170279364,0,0.7521911991168726,69
3.1362075575121584,solution,2,0p5m,8.162413858657255,1,0.570134856168647,69
0.7355568684730499,solution,3,0p5m,40.97102634789614,1,0.5041038957668034,69
0.7738921461706569,solution,4,0p5m,49.83096426921719,1,0.5045408883850704,69
0.6487045512964202,solution,5,0p5m,122.11521199260967,1,0.5031947765424829,69
3.4733742476092857,solution,0,0p5m,5.303300858899107,1,0.5848937345428485,70
0.7582890325010004,solution,1,0p5m,41.177967409769025,1,0.5043603909627858,70
0.7794941368403304,solution,2,0p5m,49.65002517622725,1,0.5046065737129469,70
0.5777814215389204,solution,3,0p5m,122.11521199260967,1,0.502536012274683,70
6.061795813062475,no_solution,0,0p5m,36.09189659743583,0,0.7293376888092216,71
0.9385274681392498,no_solution,1,0p5m,43.03051243013497,0,0.5066647147131348,71
0.91656295226256,no_solution,2,0p5m,52.25538249788246,0,0.5063582969510229,71
0.6658440949102793,no_solution,3,0p5m,124.67808548417801,0,0.5033652697924341,71
8.668320512804481,solution,0,0p5m,167.82617495492173,0,0.9116295606774655,72
0.7977746611839048,solution,1,0p5m,5.3967582862307255,1,0.5048241553837205,72
1.2385369133045787,solution,2,0p5m,43.99005569444076,1,0.5115520674550975,72
1.243851599645296,solution,3,0p5m,52.01562265319911,1,0.5116503219340143,72
0.939184042959672,solution,4,0p5m,123.57841640027598,1,0.5066739831969541,72
0.5375004475411882,solution,0,0p5m,4.138236339311712,1,0.5021954596225388,73
0.9324597472498182,solution,1,0p5m,44.81768624103658,1,0.5065793592221831,73
0.884312011700072,solution,2,0p5m,54.010415662166494,1,0.5059212145593516,73
0.47915175682583516,solution,3,0p5m,125.31610032234485,1,0.5017454354416679,73
1.282325420443169,no_solution,0,0p5m,48.25064766404696,0,0.5123735832727582,76
1.2005291285234145,no_solution,1,0p5m,56.69325356689277,0,0.5108611489371637,76
0.6965002088887389,no_solution,2,0p5m,128.41388164836385,0,0.5036811563332895,76
1.400382689824618,no_solution,3,0p5m,65.95926773395836,0,0.5147235806959962,76
6.796364751866651,solution,0,0p5m,27.71506810383117,0,0.777873682675457,77
2.694237923881007,solution,1,0p5m,5.062114182829147,1,0.5525951623997085,77
1.4447489208146083,solution,2,0p5m,47.44075252354246,1,0.5156572841074449,77
1.343351343871936,solution,3,0p5m,57.60316831564042,1,0.5135638210025406,77
0.9452479985953876,solution,4,0p5m,128.02392354556238,1,0.5067598830519604,77
1.2358691058613565,solution,5,0p5m,112.2836809157947,1,0.5115028984704254,77
7.88456342342767,solution,0,0p5m,95.97200112532822,0,0.8540874264046013,79
6.091646960434523,solution,1,0p5m,27.850044883267245,0,0.7312579139328926,79
2.0104691346670003,solution,2,0p5m,6.373774391990981,1,0.5299120389575482,79
0.7192645468189767,solution,3,0p5m,57.254912452993935,1,0.5039247907044311,79
0.8452931401937186,solution,4,0p5m,50.844124537649385,1,0.5054128751672725,79
0.3625087438292671,solution,5,0p5m,130.66608205651534,1,0.500999791222953,79
0.8236458632441158,solution,6,0p5m,110.48585882365218,1,0.5051405410444133,79
0.8029849345718136,solution,7,0p5m,118.23123529761499,1,0.5048870766110292,79
9.092437084899487,no_solution,0,0p5m,167.94381500966327,0,0.9435620681302107,80
1.5652300899071292,no_solution,1,0p5m,48.83774155302434,0,0.5183306728849694,80
1.3406511409413109,no_solution,2,0p5m,59.7839861501389,0,0.5135100448049589,80
1.6735129901108374,no_solution,3,0p5m,68.87034920776865,0,0.5209033241754548,80
0.9322720608714762,no_solution,4,0p5m,130.65077496899895,0,0.5065767276162024,80
1.364717335041411,no_solution,5,0p5m,110.19584837914721,0,0.5139929571375258,80
11.531278965644276,no_solution,0,0p5m,163.45221014106846,0,1.1360514930746284,82
1.920891488534431,no_solution,1,0p5m,53.297514013319606,0,0.5273714882453072,82
1.736140702668241,no_solution,2,0p5m,65.9403139209998,0,0.5224637651945138,82
3.2117030081068534,no_solution,3,0p5m,36.710012258238216,0,0.5733396350071863,82
1.2161970491234009,no_solution,4,0p5m,131.76921112308443,0,0.5111434667516942,82
1.48850803941506,no_solution,5,0p5m,120.56377980139807,0,0.5166050539492623,82
7.132719083959033,no_solution,0,0p5m,22.150056433336687,0,0.8009237461846849,83
1.6459177520150696,no_solution,1,0p5m,52.37007733429463,0,0.5202325580948785,83
1.4529713734698109,no_solution,2,0p5m,61.863761605644385,0,0.515833342863328,83
0.8430260420359527,no_solution,3,0p5m,134.8577954736025,0,0.5053840294447058,83
8.852960534179505,solution,0,0p5m,165.38175534199652,0,0.9254668901000627,84
6.614173240757631,solution,1,0p5m,23.089499778037634,0,0.7655958081567916,84
3.6973299899001932,solution,2,0p5m,11.51629280628102,1,0.5953105006070918,84
1.7904993676334737,solution,3,0p5m,55.25509026325086,1,0.5238607990213722,84
1.6680383850699125,solution,4,0p5m,63.2307282893373,1,0.5207694314914567,84
1.0173325528481147,solution,5,0p5m,133.75584099395437,1,0.507822183492402,84
1.3113494123170704,solution,6,0p5m,121.16981884941481,1,0.5129330964857902,84
8.474554554509027,solution,0,0p5m,88.54730374212419,0,0.8972194209780191,87
4.6813829756051994,solution,1,0p5m,14.718186029535026,1,0.6462511111929425,87
2.216693873070705,solution,2,0p5m,56.81659088681756,1,0.5361507057580459,87
1.5457544820685578,solution,3,0p5m,124.04485075971513,1,0.5178849547053325,87
1.407366277310604,solution,4,0p5m,137.17370374820388,1,0.5148687296771973,87
8.267817529056265,solution,0,0p5m,167.49962686525603,0,0.8819747448705558,88
9.07403149867373,solution,1,0p5m,115.14393166815175,0,0.9421655174558577,88
5.015045617167155,solution,2,0p5m,14.90385856078888,1,0.6652187102504739,88
2.186114469851263,solution,3,0p5m,57.78948866359695,1,0.5351917903519243,88
1.9128385986893899,solution,4,0p5m,68.56839651034578,1,0.5271482021875507,88
1.492172636793518,solution,5,0p5m,126.61012992647942,1,0.5166856299640247,88
9.309127960972672,solution,0,0p5m,112.23468715152192,0,0.9600745233129995,90
5.585109757788468,solution,1,0p5m,17.41048534648015,1,0.6993315943120291,90
2.675592588838146,solution,2,0p5m,58.511750956538634,1,0.5519028012536774,90
2.323011335633887,solution,3,0p5m,68.81951031502622,1,0.5395747166537863,90
1.5858014893078611,solution,4,0p5m,138.22490730689603,1,0.5188071179181108,90
1.7788979006377197,solution,5,0p5m,124.43723317399821,1,0.5235593293944848,90
5.097155085784969,solution,0,0p5m,10.659502802663921,0,0.670003865711709,97
6.342851249467402,solution,1,0p5m,23.11114449783913,1,0.7475982130888607,97
3.0399763763124614,solution,2,0p5m,66.2995098021094,1,0.5661360317681278,97
2.7363315859616164,solution,3,0p5m,75.89878128138818,1,0.5541727786428071,97
1.9668334087164676,solution,4,0p5m,133.38712456605398,1,0.528661485188393,97
6.178263946864505,solution,0,0p5m,24.127266732889574,1,0.7368559126856127,98
2.9590581351420684,solution,1,0p5m,67.7762864134647,1,0.5628496181778545,98
2.7054252449466936,solution,2,0p5m,77.47983608655868,1,0.5530124858066642,98
2.023105873717753,solution,3,0p5m,132.93654501302493,1,0.5302787749142274,98
3.803698299084498,solution,4,0p5m,96.04230838541939,0,0.6004211690995542,98
7.538563146187916,solution,0,0p5m,167.34881236507178,0,0.8293544946634847,100
6.1232030394123145,solution,1,0p5m,26.184441945552326,1,0.7332928688481075,100
2.950096329203251,solution,2,0p5m,72.47154614053711,1,0.5624899743657068,100
1.9619675898791635,solution,3,0p5m,134.08625954958995,1,0.5285235609739622,100
1.9495768441415133,solution,4,0p5m,145.69016782199134,1,0.5281737247942262,100
3.7294221333519437,solution,5,0p5m,97.62748076233454,0,0.5968415702750416,100
6.065954986659528,solution,0,0p5m,30.300577552251376,1,0.7296049545043384,103
3.244618556257026,solution,1,0p5m,72.6266135793209,1,0.5747552413786452,103
2.9483506044356287,solution,2,0p5m,81.32419689120822,1,0.5624200182955411,103
1.8693885832041,solution,3,0p5m,151.3509993359806,1,0.5259580811634528,103
2.140750249878067,solution,4,0p5m,138.77184512717267,1,0.533790794738957,103
10.162976377668908,solution,0,0p5m,98.39270806314866,0,1.0263362000328011,104
6.2490851822891536,solution,1,0p5m,31.114707133444146,1,0.7414615995883632,104
3.340864759695895,solution,2,0p5m,75.0208304406183,1,0.5789574958726077,104
2.966450739133348,solution,3,0p5m,88.34378868941495,1,0.5631469421232913,104
1.9698376437325478,solution,4,0p5m,151.3509993359806,1,0.528746794928224,104
2.374210598388335,solution,5,0p5m,135.06711294760098,1,0.5412729931988752,104
3.8907905807766685,solution,6,0p5m,103.08309754756111,0,0.6046815012542837,104
5.726713796615583,solution,0,0p5m,47.36164059658407,0,0.7081122226029848,105
6.093239125610481,solution,1,0p5m,33.27348794460839,0,0.7313604635877812,105
6.051376869694977,solution,2,0p5m,31.298961644118485,1,0.7286685739452348,105
2.991960684862287,solution,3,0p5m,81.2565381984736,1,0.5641774522391318,105
4.356964671394297,solution,4,0p5m,59.52835458838082,1,0.628588916097592,105
2.8083275754704995,solution,5,0p5m,93.17792120454287,1,0.5569174168957716,105
5.846004331854252,solution,6,0p5m,46.266888808304365,0,0.7155979183654337,105
1.8993656221686364,solution,7,0p5m,150.7402567332297,1,0.526776525031892,105
2.0404743899065343,solution,8,0p5m,140.37850618951606,1,0.5307861775162053,105
6.421738270063929,solution,0,0p5m,33.28851153175822,1,0.7527946292576457,106
3.5858408282009226,solution,1,0p5m,75.12739180884692,1,0.5900656497357161,106
3.3141978316741225,solution,2,0p5m,83.96799985708842,1,0.5777838476420181,106
2.5789959751296276,solution,3,0p5m,135.543812105164,1,0.5483798262455284,106
2.3645342240726817,solution,4,0p5m,151.95599692016106,1,0.5409495897117389,106
3.9731158383408807,solution,5,0p5m,103.93086644495946,1,0.6087700901074207,106
9.254732765408757,solution,0,0p5m,96.49157994353705,0,0.955917326476956,107
6.559720612861419,solution,1,0p5m,33.28851153175822,1,0.761955787422776,107
3.4661443187994028,solution,2,0p5m,77.3151020176524,1,0.5845654139667326,107
3.088924453647812,solution,3,0p5m,89.34833518314709,1,0.5681578626438055,107
2.1365863851352858,solution,4,0p5m,153.15066111512544,1,0.5336634964676221,107
2.444243098520063,solution,5,0p5m,138.15073289707877,1,0.5436472551967422,107
6.107738657130011,no_solution,0,0p5m,36.703201495237444,0,0.7322949710592412,110
2.8584575932933127,no_solution,1,0p5m,89.0372113220085,0,0.5588626318421823,110
3.271558957819702,no_solution,2,0p5m,78.87093888118741,0,0.5759220824988356,110
1.956121423924134,no_solution,3,0p5m,144.1097671915405,0,0.5283582541171264,110
6.6388727245837105,no_solution,0,0p5m,39.17429003823809,0,0.7672514409988418,113
3.8116814091744717,no_solution,1,0p5m,82.3232956094446,0,0.6008088654667577,113
3.366147447205541,no_solution,2,0p5m,94.55487824538721,0,0.5800767682290513,113
2.505162240940285,no_solution,3,0p5m,146.83366439614588,0,0.5457602186220445,113
6.44995075223144,solution,0,0p5m,42.46321937865757,1,0.7546603660414607,116
3.9162219918289787,solution,1,0p5m,85.63074798225226,1,0.6059382035320051,116
3.650953832786525,solution,2,0p5m,93.32269284584538,1,0.5931147317600947,116
4.710473590349809,solution,3,0p5m,74.21000606387254,0,0.6478733605925985,116
6.146651983073674,solution,4,0p5m,59.0307123453546,0,0.7348083634221614,116
2.5406187445664328,solution,5,0p5m,160.117534954795,1,0.5470102280508571,116
9.611388450284975,solution,0,0p5m,84.60570311746129,0,0.9833189310929308,121
6.631826061970588,solution,1,0p5m,46.54701923861506,1,0.7667788086961079,121
4.050548841982788,solution,2,0p5m,90.22818295854128,1,0.6126691827021479,121
3.7317065777042564,solution,3,0p5m,99.15202973212399,1,0.5969509175057438,121
6.292637436173129,solution,4,0p5m,62.51499820043187,0,0.7443064752162852,121
2.426118838651567,solution,5,0p5m,166.10425942762575,1,0.5430271530947465,121
2.7731506693018613,solution,6,0p5m,155.2212131121259,1,0.555569133205206,121
2.4236676797917895,solution,0,0p5m,30.184847191927275,0,0.5429435912072573,122
6.709070310196505,solution,1,0p5m,47.54077197522144,1,0.7719721388886569,122
4.175261321435031,solution,2,0p5m,90.87422626905827,1,0.6190555958928549,122
3.895236966137531,solution,3,0p5m,99.15202973212399,1,0.6049008109994757,122
4.9452182636850885,solution,4,0p5m,79.41426194330587,0,0.6611850759636846,122
6.364149368614824,solution,5,0p5m,63.51082584882675,0,0.7489981577777611,122
2.559248223383017,solution,6,0p5m,166.75018740619154,1,0.54767292232989,122
2.902268147117666,solution,7,0p5m,155.8817660921251,1,0.5605853370567462,122
1.9353489292832455,solution,0,0p5m,28.646553021262434,0,0.5277744776531998,123
5.761251187828781,solution,1,0p5m,47.938763021171084,1,0.710271280344207,123
2.9249371055558417,solution,2,0p5m,94.90324019758229,1,0.5614849686352257,123
2.777059690746638,solution,3,0p5m,101.47721419116708,1,0.5557182768869483,123
1.932851757827953,solution,4,0p5m,152.32736129796248,1,0.5277046765290515,123
2.7208500014097656,solution,5,0p5m,109.73661649604475,1,0.5535902121055891,123
1.8080835749634316,solution,6,0p5m,168.17884825387526,1,0.5243211441570418,123
2.384604954694717,solution,7,0p5m,143.1017994296368,0,0.5416216546911081,123
0.8980401914310274,solution,0,0p5m,26.22260475238873,0,0.5061053974982758,128
6.767003956394627,solution,1,0p5m,54.37945384058211,1,0.775884933553273,128
4.157043960995078,solution,2,0p5m,100.82472415037891,1,0.6181146156642272,128
3.9715145857435434,solution,3,0p5m,106.92111578168272,1,0.608690003601809,128
6.462328431382563,solution,4,0p5m,69.87936032906998,0,0.7554801303497526,128
2.913989032530393,solution,5,0p5m,161.66670962198742,1,0.5610497877938337,128
2.8629668347327875,solution,6,0p5m,169.3343585926967,1,0.5590389686657516,128
9.170746352650863,solution,0,0p5m,165.73963014318574,0,0.949514494628567,132
7.187012308716732,solution,1,0p5m,55.95198834715349,1,0.8046890761080256,132
4.5613342127051375,solution,2,0p5m,101.49199475820741,1,0.6396224448118099,132
4.329839718680911,solution,3,0p5m,108.95928138529548,1,0.6271489376714183,132
6.849963051655385,solution,4,0p5m,71.4816409996301,0,0.7815140149367048,132
3.1973170881429223,solution,5,0p5m,165.87382252784795,1,0.5727244191525769,132
7.425038584056385,no_solution,0,0p5m,22.773339676033466,0,0.8213365983349805,134
6.986193969367128,no_solution,1,0p5m,59.482140176695054,0,0.7908230744218553,134
4.431891108924634,no_solution,2,0p5m,106.01945576166669,0,0.6325965996049269,134
4.134863920924427,no_solution,3,0p5m,115.61195872400052,0,0.6169726611375116,134
5.518590541312611,no_solution,4,0p5m,88.84326085866051,0,0.6952473378519067,134
6.577419897773555,no_solution,5,0p5m,76.1979330428326,0,0.763137424063887,134
3.1902555422758714,no_solution,6,0p5m,165.89793549046956,0,0.5724232093016324,134
7.098186891475138,solution,0,0p5m,63.860198872224004,1,0.7985351957964378,138
4.646048318017085,solution,1,0p5m,108.79165868760343,1,0.6442889825772177,138
4.414096196755384,solution,2,0p5m,116.35774576709537,1,0.6316408089427409,138
5.667950064711152,solution,3,0p5m,92.56686772274408,0,0.7044543137773943,138
6.917663839234698,solution,4,0p5m,77.09166621626491,0,0.7861301777196054,138
3.4712384763752118,solution,5,0p5m,166.7396923350886,1,0.5847966936590087,138
10.367006291425376,no_solution,0,0p5m,50.265544859277114,0,1.0424338911651878,139
4.742481510829862,no_solution,1,0p5m,110.21399638884347,0,0.6496653892387474,139
4.406746966697219,no_solution,2,0p5m,120.97365415659725,0,0.6312467902187787,139
5.650850330803715,no_solution,3,0p5m,95.34214702847844,0,0.7033936237014359,139
6.588704569280189,no_solution,4,0p5m,83.42137016376559,0,0.7638915730295968,139
3.5931236871296326,no_solution,5,0p5m,167.4533517132458,0,0.5904047106249768,139
8.992920366948944,no_solution,0,0p5m,79.98828039156736,0,0.9360225024983059,140
4.426054418695356,no_solution,1,0p5m,108.94092435811255,0,0.6322828312628849,140
4.181269208596186,no_solution,2,0p5m,116.96206650021193,0,0.619366521327565,140
6.351020273670747,no_solution,3,0p5m,81.87566793620678,0,0.7481349069681393,140
9.166664162523773,no_solution,0,0p5m,74.57965540279736,0,0.9492037784002444,146
7.752965123022077,no_solution,1,0p5m,68.25412075472073,0,0.844629120237776,146
5.247039911749604,no_solution,2,0p5m,112.81234418271788,0,0.6788531843015474,146
4.851456634266436,no_solution,3,0p5m,123.11021484832199,0,0.6558215673485189,146
5.989057198387938,no_solution,4,0p5m,101.01051925418462,0,0.7246783353549074,146
4.062798233356782,no_solution,5,0p5m,169.69862992964912,0,0.6132906789933008,146
7.690804383953359,no_solution,0,0p5m,70.76104154123227,0,0.8401831570053652,147
5.231798125910269,no_solution,1,0p5m,115.89920189544016,0,0.6779466638508487,147
4.808866325430043,no_solution,2,0p5m,127.63473273368812,0,0.653405533906175,147
5.946804950746043,no_solution,3,0p5m,104.07749516586186,0,0.7219847796837953,147
7.00584837533236,no_solution,4,0p5m,89.85057039329244,0,0.7921726993653324,147
4.26620783901046,no_solution,5,0p5m,168.71018048713006,0,0.6237939350936336,147
9.097913499532519,no_solution,0,0p5m,85.51681121276681,0,0.9439777828289196,149
5.13863883185038,no_solution,1,0p5m,116.84230826203323,0,0.6724384547389404,149
4.883166881850721,no_solution,2,0p5m,123.85727673415074,0,0.6576286763088225,149
5.875692206649198,no_solution,3,0p5m,105.07437841833755,0,0.717473203226383,149
7.31662348348412,no_solution,4,0p5m,86.38069807543813,0,0.8137261632368294,149
4.119164442221317,no_solution,5,0p5m,169.27233973688672,0,0.6161668357576908,149
7.816852192652097,no_solution,0,0p5m,73.30160298383659,0,0.8492131242946795,150
5.298751423356566,no_solution,1,0p5m,118.73763093476305,0,0.6819397898633334,150
5.0159456215626825,no_solution,2,0p5m,127.0851092772084,0,0.665270915616306,150
7.392429660877951,no_solution,3,0p5m,88.90514608277746,0,0.8190427071973493,150
4.362790946870138,no_solution,4,0p5m,169.0580521596058,0,0.6288989739768844,150
9.078546699167624,no_solution,0,0p5m,82.18044171212516,0,0.9425080266546314,151
9.462475402086563,no_solution,1,0p5m,56.01897000124154,0,0.9718370978399072,151
7.576347835718227,no_solution,2,0p5m,75.78340847441477,0,0.8320339836752232,151
5.062772204505323,no_solution,3,0p5m,124.05895775799505,0,0.6679946314342246,151
4.9053838968382415,no_solution,4,0p5m,129.4724874249352,0,0.6588989573823095,151
6.126791386646233,no_solution,5,0p5m,105.5349468185776,0,0.7335245978362336,151
4.411781352040121,no_solution,6,0p5m,168.85089576309628,0,0.6315166563459902,151
8.128022548906339,no_solution,0,0p5m,78.76944204448829,0,0.8717451141573797,156
5.548527905350006,no_solution,1,0p5m,126.20865659692286,0,0.6970822330803697,156
5.309316990132025,no_solution,2,0p5m,133.78574288764852,0,0.6825725172053683,156
6.638998220259047,no_solution,3,0p5m,108.49251126229865,0,0.7672598602914231,156
7.736401951099299,no_solution,4,0p5m,93.87025620504079,0,0.8434430879244857,156
8.53148402074933,no_solution,0,0p5m,79.9507661001444,0,0.9014411572246953,157
7.8771128000179464,no_solution,1,0p5m,80.79681305596156,0,0.8535502864285339,157
5.58793029254293,no_solution,2,0p5m,124.35483504874267,0,0.699505352436656,157
5.137257240772648,no_solution,3,0p5m,136.1180553784104,0,0.6723571902090745,157
6.342853126981095,no_solution,4,0p5m,112.09203807585979,0,0.7475983364012464,157
7.144399723328016,no_solution,5,0p5m,101.31942064579722,0,0.8017327972047167,157
7.985863091637232,no_solution,0,0p5m,81.79624074491443,0,0.8614097352651846,158
5.701756620855622,no_solution,1,0p5m,125.2562373696416,0,0.7065562792292159,158
5.245429714571438,no_solution,2,0p5m,137.46681417709513,0,0.6787573461059906,158
6.509647429961609,no_solution,3,0p5m,112.01841366489708,0,0.7586207810792372,158
7.550431206897369,no_solution,4,0p5m,97.89088313014649,0,0.8301955346221704,158
9.043233417555943,no_solution,0,0p5m,75.4527998155138,0,0.9398308040402931,159
5.649851950105217,no_solution,1,0p5m,128.2892240213495,0,0.7033317467853704,159
5.404820486313594,no_solution,2,0p5m,135.58807100921527,0,0.6883234380658061,159
6.712614797976879,no_solution,3,0p5m,111.05685480869697,0,0.7722110962201765,159
7.870287847764832,no_solution,4,0p5m,95.28968989350317,0,0.8530584250076165,159
7.84644038942071,no_solution,0,0p5m,84.35712773678345,0,0.8513410772912783,161
5.573456168887318,no_solution,1,0p5m,127.99072232001818,0,0.698614175336622,161
5.128134099701277,no_solution,2,0p5m,139.58375621826488,0,0.6718208854494615,161
6.28414833612145,no_solution,3,0p5m,116.29542123402796,0,0.7437512144910937,161
7.441470902704117,no_solution,4,0p5m,99.97812260689835,0,0.8224941008748545,161
8.539212162078027,no_solution,0,0p5m,162.89605581474342,0,0.9020150338619015,162
7.624162288905575,no_solution,1,0p5m,86.85404423514198,0,0.8354324048576102,162
5.29250563965169,no_solution,2,0p5m,133.72406290567153,0,0.6815660868372905,162
5.141469012230851,no_solution,3,0p5m,139.4637049558056,0,0.6726049636230864,162
7.2341457341441044,no_solution,4,0p5m,102.91076231376385,0,0.8079676111877436,162
8.014367812409827,no_solution,0,0p5m,87.55069959743325,0,0.8634765773562265,164
5.712120914861252,no_solution,1,0p5m,131.94932739502693,0,0.7072020047022873,164
5.394576072827978,no_solution,2,0p5m,140.50133451323515,0,0.6877038462266671,164
7.720011131394665,no_solution,3,0p5m,101.45011089200445,0,0.8422703776796976,164
8.809340759639452,no_solution,0,0p5m,72.70574255174071,0,0.9221887958327357,165
7.941667581013626,no_solution,1,0p5m,90.70901278263368,0,0.8582107245553968,165
5.726445840494083,no_solution,2,0p5m,137.0861955121667,0,0.7080954981492876,165
5.5759206497337495,no_solution,3,0p5m,142.0831622677367,0,0.6987658271285733,165
8.918267861682796,no_solution,0,0p5m,68.5975582655826,0,0.9303852418337879,168
9.501822197782209,no_solution,1,0p5m,40.34383472105744,0,0.9748652743540765,168
8.172887772809784,no_solution,2,0p5m,91.40090262136364,0,0.8750211084433699,168
5.906481762406125,no_solution,3,0p5m,135.98575293022427,0,0.7194231903177314,168
5.726181223248202,no_solution,4,0p5m,141.65318563308062,0,0.7080789824920566,168
6.667633830990567,no_solution,5,0p5m,122.8846003370642,0,0.7691828662674234,168
9.418257251432843,no_solution,0,0p5m,38.931028755993594,0,0.9684388920984144,169
8.231237298092951,no_solution,1,0p5m,91.75034059882285,0,0.8792917156334074,169
6.073313666262897,no_solution,2,0p5m,134.44562097740484,0,0.7300780408040315,169
5.710537969723709,no_solution,3,0p5m,143.36361114313493,0,0.7071033429312081,169
6.791895869641691,no_solution,4,0p5m,122.36267813348971,0,0.7775707358779334,169
8.322691877838203,no_solution,0,0p5m,66.73923134109353,0,0.886007767420765,172
9.005150591350493,no_solution,1,0p5m,37.25754957052329,0,0.936947571206673,172
8.037289320371102,no_solution,2,0p5m,95.25295271013913,0,0.8651406112365547,172
5.785746266170703,no_solution,3,0p5m,140.43726357345474,0,0.7118066394400977,172
5.514859271086134,no_solution,4,0p5m,148.3766322572392,0,0.6950190187484916,172
7.619925248313985,no_solution,5,0p5m,111.25252806116363,0,0.8351309121340168,172
2.536744013088818,no_solution,0,0p5m,148.75357138569817,0,0.5468729058174283,175
8.594653754594079,no_solution,1,0p5m,34.4183817167513,0,0.9061374332985599,175
8.628217029655564,no_solution,2,0p5m,95.85470776127795,0,0.9086376462853475,175
6.258369700313539,no_solution,3,0p5m,140.9365992210682,0,0.7420672760339291,175
5.926264608025073,no_solution,4,0p5m,150.36996043093183,0,0.7206788219359085,175
7.909611709876977,no_solution,5,0p5m,114.98315093960505,0,0.8558946719861237,175
8.105175932017271,no_solution,0,0p5m,168.17884825387526,0,0.8700794790492923,177
8.059325388328118,no_solution,1,0p5m,34.5126788296707,0,0.8667420572914202,177
8.10546611131747,no_solution,2,0p5m,97.99808671601707,0,0.8701006235872016,177
5.454276899083044,no_solution,3,0p5m,151.2915232258569,0,0.6913236490034228,177
5.894138981443712,no_solution,4,0p5m,140.84255393878655,0,0.7186408653264612,177
7.384836407571581,no_solution,5,0p5m,117.04539717562584,0,0.8185091503393586,177
8.66837415167475,no_solution,0,0p5m,31.47419578003543,0,0.9116335656670269,180
8.596201186732584,no_solution,1,0p5m,101.29474320022733,0,0.906252629540424,180
6.404095320265783,no_solution,2,0p5m,145.44973358518055,0,0.751629827329351,180
6.037667447623859,no_solution,3,0p5m,155.40793094305064,0,0.7277890130710902,180
7.3066912429390625,no_solution,4,0p5m,129.7849182301241,0,0.8130312617565936,180
8.374056434328505,no_solution,5,0p5m,113.88865176127075,0,0.8897916547425563,180
6.061777191699926,no_solution,6,0p5m,158.679314972053,0,0.7293364924174166,180
8.284797024600094,no_solution,0,0p5m,167.64732327120527,0,0.8832216170628906,181
7.871168336636675,no_solution,1,0p5m,30.620662958205198,0,0.8531218709370576,181
8.218238773437461,no_solution,2,0p5m,101.59047691589994,0,0.8783393784823437,181
5.9853204307367225,no_solution,3,0p5m,146.72636095807732,0,0.7244397324531596,181
5.725532219769231,no_solution,4,0p5m,154.4898864003725,0,0.7080384776769159,181
7.906087921759479,no_solution,5,0p5m,115.38034928010921,0,0.8556402958477249,181
8.352697482543089,no_solution,0,0p5m,25.575867531718256,0,0.8882171686542727,187
9.971757941472873,no_solution,1,0p5m,43.33733955839929,0,1.0113387698575487,187
8.44191454535276,no_solution,2,0p5m,106.78541567086772,0,0.8948035079377888,187
6.213498956971154,no_solution,3,0p5m,150.8795049037476,0,0.7391441547634161,187
5.965966831919348,no_solution,4,0p5m,157.25496812501663,0,0.7232051491921442,187
5.6421730582270975,no_solution,5,0p5m,167.09166645886324,0,0.7028560231108248,187
8.079710187509901,no_solution,6,0p5m,120.30845772430133,0,0.8682249702456002,187
9.877526078520313,no_solution,0,0p5m,49.78076937934969,0,1.0039806892243126,194
8.502136227452988,no_solution,1,0p5m,113.48182673891004,0,0.8992635397737718,194
6.50491177411443,no_solution,2,0p5m,157.7169141214727,0,0.758305986897142,194
6.207290177113824,no_solution,3,0p5m,165.49660117355884,0,0.7387404837103834,194
8.043952649658273,no_solution,4,0p5m,130.69286514573014,0,0.8656246864205018,194
7.722534879666322,no_solution,0,0p5m,18.333712117299104,0,0.8424508800606603,195
8.565323186803019,no_solution,1,0p5m,114.9483579700032,0,0.903955356139503,195
6.490124772826895,no_solution,2,0p5m,160.23615384800024,0,0.7573237330708166,195
6.2800928291509,no_solution,3,0p5m,166.44405967171073,0,0.7434860761182195,195
8.13984231761895,no_solution,4,0p5m,131.16258994088216,0,0.8726075237363429,195
9.059828477555385,no_solution,0,0p5m,90.93198007301942,0,0.941088494684366,198
8.684324811493436,no_solution,1,0p5m,118.5437682883415,0,0.9128249207326614,198
6.860956819420046,no_solution,2,0p5m,159.71263256236182,0,0.7822622620590709,198
6.605431498918233,no_solution,3,0p5m,167.2890462642429,0,0.765010515576518,198
7.6746329814125795,no_solution,4,0p5m,144.75194299214087,0,0.8390288330857238,198
8.481559620984298,no_solution,5,0p5m,131.42726125123357,0,0.8977383510947486,198
8.645099747089741,no_solution,0,0p5m,116.56167895153192,0,0.9098965829780717,199
6.435919383634324,no_solution,1,0p5m,163.24712861180745,0,0.7537319694970915,199
6.27819767676696,no_solution,2,0p5m,168.32149298292242,0,0.7433622042119125,199
8.999738736461364,no_solution,0,0p5m,92.25304873010973,0,0.9365381771176817,200
8.605358935503435,no_solution,1,0p5m,119.18105973685584,0,0.9069345146419688,200
6.7681862350148005,no_solution,2,0p5m,160.2798334164345,0,0.7759649406983101,200
8.130577071017656,no_solution,3,0p5m,136.23554969243528,0,0.8719314608968186,200
9.594998217447365,no_solution,0,0p5m,57.34217470588293,0,0.9820523516739551,201
8.759812469303906,no_solution,1,0p5m,93.39767127717907,0,0.9184734788489199,201
8.343735381595664,no_solution,2,0p5m,121.02117583299214,0,0.8875569589849831,201
6.324865622989935,no_solution,3,0p5m,167.69205407531987,0,0.7464177408377098,201
8.817800688534314,skipped_insufficient_features,0,0p5m,121.77078877957554,0,0.9228241350803682,203
8.575400027605637,no_solution,0,0p5m,122.47703866439619,0,0.9047047341695154,204
6.601219892866319,no_solution,1,0p5m,165.8572428325034,0,0.7647286591315066,204
8.1371383671012,no_solution,2,0p5m,138.12539592703436,0,0.8724101932233946,204
9.077121036345085,skipped_insufficient_features,0,0p5m,124.36689672095224,0,0.9423998740642033,208
7.256597696925201,skipped_insufficient_features,1,0p5m,164.58622360331378,0,0.8095324962364012,208
7.392679193433865,no_solution,0,0p5m,168.04203343211483,0,0.8190602449774455,209
8.375670647739414,no_solution,1,0p5m,128.05711616306218,0,0.8899107067182304,209
6.678399158961529,no_solution,2,0p5m,167.48320811353,0,0.7699067760801619,209
8.821641075465635,no_solution,0,0p5m,101.89762018810842,0,0.9231126171293985,211
8.394289230959632,no_solution,1,0p5m,127.85000977708215,0,0.8912844721997258,211
6.630412939303426,no_solution,2,0p5m,167.33536685351368,0,0.7666840555684149,211
8.504250253818775,skipped_insufficient_features,0,0p5m,54.26439901076948,0,0.8994203116039972,212
8.394201648853493,skipped_insufficient_features,1,0p5m,145.20373617782704,0,0.8912780073956952,212
7.4403755951465325,no_solution,0,0p5m,165.12608818717896,0,0.82241691427542,213
8.069049437133526,no_solution,1,0p5m,53.750581392204495,0,0.867449267142735,213
8.7436998653111,no_solution,2,0p5m,102.75760312502427,0,0.9172663792239686,213
8.416715433065008,no_solution,3,0p5m,129.45510804908395,0,0.8929406481678552,213
6.86285747463774,no_solution,4,0p5m,167.48320811353,0,0.7823916763027912,213
7.831623605323145,no_solution,0,0p5m,162.77783940082261,0,0.8502750796039596,215
7.394354160182417,no_solution,1,0p5m,168.33485972905316,0,0.8191779721696976,215
7.450637669747678,no_solution,2,0p5m,166.95695553046,0,0.8231402667419694,215
7.384687027490859,no_solution,0,0p5m,168.3764383754449,0,0.8184986560736437,216
8.140427250841794,no_solution,1,0p5m,52.27929800599851,0,0.8726502145628247,216
9.020234831421476,no_solution,2,0p5m,106.55339037308948,0,0.9380890989334659,216
7.586043381065547,no_solution,3,0p5m,163.0249214077406,0,0.832722405633956,216
7.497872005420041,no_solution,0,0p5m,166.69170645236073,0,0.8264749363521989,218
8.906313061576855,no_solution,1,0p5m,133.71097561531738,0,0.9294839879734893,218
7.744198997545918,no_solution,2,0p5m,163.5714675608188,0,0.8440012839878696,218
8.508558922021386,no_solution,3,0p5m,149.87202874452592,0,0.8997398767341154,218
7.604056031353977,no_solution,0,0p5m,165.56456444541507,0,0.8340023089399006,219
8.82655883206764,no_solution,1,0p5m,131.81284080088707,0,0.9234820924179834,219
7.198362080790225,no_solution,2,0p5m,168.23235420096813,0,0.805477725989439,219
8.41472806572626,no_solution,3,0p5m,146.13050673969485,0,0.8927938164431416,219
7.188542677591797,no_solution,0,0p5m,167.64732327120527,0,0.80479538466566,221
9.112215200622906,no_solution,1,0p5m,110.30922445561839,0,0.9450638216751298,221
8.935669779229121,no_solution,2,0p5m,135.82571553281065,0,0.9316978846504615,221
7.79701108966364,no_solution,3,0p5m,165.41047427536142,0,0.8477879225093969,221
8.437034595611742,no_solution,4,0p5m,153.38880337234528,0,0.8944425977611676,221
7.752418923479769,no_solution,0,0p5m,163.7700369420487,0,0.8445899929035751,223
8.86330235113,no_solution,1,0p5m,43.268059813215565,0,0.9262449126610307,223
9.09015423713937,no_solution,2,0p5m,114.02905331537222,0,0.9433888019942632,223
7.850642056125139,no_solution,3,0p5m,167.41154380746866,0,0.8516435093218735,223
8.47867721427091,no_solution,4,0p5m,155.9186486601266,0,0.8975248059075345,223
7.402685897903719,no_solution,0,0p5m,162.8899168150073,0,0.819763741549536,224
7.130230460395064,no_solution,1,0p5m,168.49072674779464,0,0.8007514461571823,224
7.710988161191624,no_solution,2,0p5m,167.31594365152412,0,0.841625230742082,224
8.369889642019473,no_solution,3,0p5m,155.25986281070843,0,0.8894843827103049,224
7.487562498216161,no_solution,0,0p5m,161.63423214158564,0,0.8257463723091796,226
8.823817303358751,no_solution,1,0p5m,141.7960683517001,0,0.9232761102228438,226
8.357704704339593,no_solution,2,0p5m,160.01757715951084,0,0.8885861472655131,226
8.01790083438083,no_solution,3,0p5m,167.07071855953694,0,0.8637329469844212,226
7.0279571462624935,no_solution,0,0p5m,166.726197701501,0,0.7936928177800022,227
7.29091514494865,no_solution,1,0p5m,159.43846775480503,0,0.8119283053589085,227
9.342305456575371,no_solution,2,0p5m,116.41574206266093,0,0.962614076430693,227
9.081054009113464,no_solution,3,0p5m,140.56359770580718,0,0.9426982482453176,227
8.085042005932436,no_solution,4,0p5m,168.08963382671757,0,0.8686130713093858,227
8.596385277261273,no_solution,5,0p5m,158.75492118356522,0,0.9062663343701878,227
8.187615901338319,skipped_insufficient_features,0,0p5m,32.18112801006205,0,0.8760979980041307,238
9.031521671453001,skipped_insufficient_features,1,0p5m,150.8331031305794,0,0.9389436746558084,238
7.0193436769918955,no_solution,0,0p5m,147.8601535235237,0,0.7931003412110493,242
7.895970813135356,no_solution,1,0p5m,27.93966714189702,0,0.8549102014974808,242
8.84483504721651,no_solution,2,0p5m,153.37250405467077,0,0.9248558233989282,242
8.781138642954982,skipped_insufficient_features,0,0p5m,25.69289785135184,0,0.9200723493905524,244
7.022448502337409,no_solution,0,0p5m,168.3853467496504,0,0.7933138701627162,250
7.6635986962868055,no_solution,1,0p5m,141.96698559876518,0,0.8382417512570988,250
9.432444371682655,no_solution,2,0p5m,58.65257880093594,0,0.969528621044293,250
9.407164740573009,no_solution,3,0p5m,24.872173206215816,0,0.9675872362090006,250
8.428622261574327,no_solution,4,0p5m,27.6337655776407,0,0.8938206171525142,250
9.126216933751385,no_solution,5,0p5m,151.93789849803767,0,0.9461276361331797,250
7.615354722060512,no_solution,0,0p5m,166.19754811669154,0,0.834805764613852,253
8.290885395322832,no_solution,1,0p5m,139.92721322173182,0,0.8836689391915616,253
10.000380982068561,no_solution,2,0p5m,86.2822403510711,0,1.0135780929050722,253
10.373240585072365,no_solution,3,0p5m,24.93240862812897,0,1.0429272905847373,253
8.239279123485113,no_solution,4,0p5m,26.45042532739313,0,0.8798811784638721,253
8.960838634449697,no_solution,5,0p5m,153.44583734986102,0,0.9335979401987076,253
21.263149111247735,no_solution,6,0p5m,156.26619916027906,0,2.008931560665858,253
5.369773285630955,no_solution,0,10m,168.0773631397161,0,0.6862064296617927,10
2.7401045000987865,no_solution,1,10m,169.85287751463028,0,0.5543151628515474,10
2.690740801412586,no_solution,2,10m,169.85287751463028,0,0.5524650007863681,10
1.735716462325182,no_solution,3,10m,171.0263137648707,0,0.5224530174213834,10
0.8909472625601376,no_solution,4,10m,135.09256086106296,0,0.5060098897070007,10
0.8931020617572694,no_solution,5,10m,96.17692030835673,0,0.5060388262969854,10
2.071794304366849,no_solution,6,10m,47.43416490252569,0,0.5317109076188652,10
3.2291169240152624,no_solution,7,10m,172.19175357722565,0,0.574087180774696,10
5.617502882385893,no_solution,0,10m,169.85287751463028,0,0.7013299725045954,13
4.57839835951857,no_solution,1,10m,171.0263137648707,0,0.6405581296654396,13
2.3475356828349723,no_solution,2,10m,173.92527130926086,0,0.5403842131623097,13
2.1444442479239916,no_solution,3,10m,168.0773631397161,0,0.5339039109443072,13
0.01181886678406771,no_solution,4,10m,172.19175357722565,0,0.5000010637656668,13
0.9472604644723064,no_solution,5,10m,75.16648189186454,0,0.5067885099676244,13
1.468819342351295,no_solution,6,10m,55.226805085936306,0,0.516175330672089,13
5.727786293294366,no_solution,0,10m,169.85287751463028,0,0.7081791664616299,14
2.9314109344494907,no_solution,1,10m,173.34935823359717,0,0.5617429142250346,14
2.250846233171771,no_solution,2,10m,164.46884203398528,0,0.5372354026538814,14
1.749218950897639,no_solution,3,10m,171.0263137648707,0,0.5227962741600313,14
0.04916507725621972,no_solution,4,10m,51.478150704935004,0,0.5000184077375878,14
3.3540459929617326,no_solution,5,10m,173.92527130926086,0,0.579540240376023,14
4.960450689014413,no_solution,0,10m,169.85287751463028,0,0.66206215665941,16
4.563330622058271,no_solution,1,10m,171.0263137648707,0,0.6397318017367756,16
2.623564589041831,no_solution,2,10m,173.92527130926086,0,0.5499919032781131,16
2.6654289590849976,no_solution,3,10m,171.0263137648707,0,0.5515270662643759,16
2.398160663156039,no_solution,4,10m,168.0773631397161,0,0.542078317940853,16
2.9192927361202585,no_solution,5,10m,101.24228365658294,0,0.5612604444867914,16
1.2759722176043502,no_solution,6,10m,135.83077707206124,0,0.5122527012589856,16
0.5010794433246095,no_solution,7,10m,115.10864433221339,0,0.5019085431409684,16
0.12236925283836117,no_solution,8,10m,51.478150704935004,0,0.5001140226590242,16
0.25686498472745395,no_solution,9,10m,75.16648189186454,0,0.5005022180525865,16
0.5434528807658017,no_solution,10,10m,85.14693182963201,0,0.5022442488425062,16
0.32459949881661393,no_solution,11,10m,172.19175357722565,0,0.5008017734304067,16
2.7498655534777283,no_solution,12,10m,173.92527130926086,0,0.5546842761945683,16
5.94742391891712,no_solution,0,10m,169.85287751463028,0,0.7220241691841848,18
5.935700151181196,no_solution,1,10m,169.85287751463028,0,0.7212784513965069,18
5.265270268936617,no_solution,2,10m,171.0263137648707,0,0.6799393989880027,18
3.845310136050342,no_solution,3,10m,173.34935823359717,0,0.6024482940024032,18
2.092054355185748,no_solution,4,10m,173.92527130926086,0,0.5323157503390723,18
2.1007606503207503,no_solution,5,10m,171.0263137648707,0,0.5325772693535925,18
1.0967330247137053,no_solution,6,10m,172.19175357722565,0,0.5090798183200962,18
0.32936412472777804,no_solution,7,10m,51.478150704935004,0,0.5008254647841721,18
1.915009833454658,no_solution,0,10m,172.19175357722565,0,0.5272083216439322,23
1.6939507030244378,no_solution,1,10m,173.92527130926086,0,0.5214067473284657,23
0.6156878680397129,no_solution,2,10m,147.13938969562162,0,0.5028787300998605,23
0.1463214934243855,no_solution,3,10m,125.89678312014172,0,0.5001630204505965,23
5.807178255252905,no_solution,4,10m,7.0710678118654755,0,0.7131527647410332,23
0.8746342721832772,no_solution,5,10m,95.13148795220224,0,0.5057930405929075,23
1.504269499788868,no_solution,6,10m,173.92527130926086,0,0.5169529310326285,23
5.8628062887679455,no_solution,7,10m,157.00318468107582,0,0.7166586459019062,23
6.058635994383812,no_solution,0,10m,172.19175357722565,0,0.7291347017702499,24
3.064181452494925,no_solution,1,10m,171.0263137648707,0,0.5671326711821398,24
1.6894223180251697,no_solution,2,10m,169.85287751463028,0,0.521294717708007,24
1.3232167179480998,no_solution,3,10m,171.0263137648707,0,0.5131653022959054,24
0.6597751537719094,no_solution,4,10m,169.85287751463028,0,0.5033043978748354,24
0.7560248233085775,no_solution,5,10m,87.46427842267951,0,0.504334498790092,24
0.7349815142864218,no_solution,6,10m,171.0263137648707,0,0.5040975035064678,24
1.6883560083743911,no_solution,7,10m,169.85287751463028,0,0.5212683780524981,24
5.910318842986955,no_solution,8,10m,151.16216457830973,0,0.7196665661312514,24
5.692175002731186,no_solution,9,10m,173.34935823359717,0,0.7059598635374444,24
6.942627392610713,no_solution,0,10m,165.6804152578089,0,0.7878373294562859,30
1.5281551383398884,no_solution,1,10m,173.34935823359717,0,0.5174866615872337,30
0.9934312712189679,no_solution,2,10m,157.00318468107582,0,0.5074615484706612,30
1.0114103603690092,no_solution,3,10m,35.35533905932738,0,0.5077320507330741,30
6.658357862330579,no_solution,4,10m,7.0710678118654755,0,0.7685595327926739,30
0.8063375118747155,no_solution,5,10m,91.92388155425118,0,0.504927776110995,30
0.9907587010638045,no_solution,6,10m,173.92527130926086,0,0.5074217409957019,30
6.914550902567436,no_solution,0,10m,163.24827717314508,0,0.7859174858315435,33
5.6472945319713554,no_solution,1,10m,173.34935823359717,0,0.7031732713224125,33
5.683379793905319,no_solution,2,10m,143.0034964607509,0,0.705412862038769,33
2.8695082938243033,no_solution,3,10m,172.19175357722565,0,0.5592951749324365,33
1.3419329354040463,no_solution,4,10m,173.92527130926086,0,0.5135355597196578,33
0.6184873936180578,no_solution,5,10m,157.00318468107582,0,0.5029048949728653,33
1.232593927672902,no_solution,0,10m,172.19175357722565,0,0.5114426740674763,36
0.8042038948647177,no_solution,1,10m,173.92527130926086,0,0.5049018552525009,36
1.3062378208942247,no_solution,2,10m,15.811388300841896,0,0.512833692091119,36
0.5107933810897041,no_solution,3,10m,115.10864433221339,0,0.5019831148855769,36
0.776284483158126,no_solution,4,10m,101.24228365658294,0,0.5045688824422714,36
7.2513761735298115,no_solution,0,10m,166.88319268278636,0,0.8091683789371393,39
7.1001221434849215,no_solution,1,10m,155.72411502397438,0,0.7986689241137781,39
0.7480386362846091,no_solution,2,10m,171.0263137648707,0,0.5042437814027806,39
0.6865353341457661,no_solution,3,10m,173.34935823359717,0,0.5035769381449029,39
0.5700996027385224,no_solution,4,10m,120.20815280171308,0,0.5024691862726782,39
0.8635961075504909,no_solution,5,10m,99.24716620639605,0,0.5056485327571196,39
3.6195916688826704,no_solution,6,10m,173.92527130926086,0,0.5916411586050211,39
7.3697811137156215,no_solution,0,10m,166.88319268278636,0,0.8174519230950662,41
7.340810350580676,no_solution,1,10m,155.72411502397438,0,0.8154200127680086,41
6.809656799622095,no_solution,2,10m,145.08618128546908,0,0.7787752784415952,41
0.9356584453016457,no_solution,3,10m,171.0263137648707,0,0.5066242885062678,41
0.860944741627779,no_solution,4,10m,173.34935823359717,0,0.5056140894297668,41
1.4565857578833692,no_solution,5,10m,73.824115301167,0,0.5159110314500076,41
0.40143697788016147,no_solution,6,10m,176.7766952966369,0,0.501225777607703,41
0.29824737902417825,no_solution,7,10m,25.495097567963924,0,0.5006769583677793,41
0.5891427816760351,no_solution,8,10m,99.24716620639605,0,0.5026364708887485,41
3.606786402385231,no_solution,9,10m,173.92527130926086,0,0.5910421403137236,41
7.673858141200575,no_solution,0,10m,165.07574019219177,0,0.8389735486658625,43
7.397281782915745,no_solution,1,10m,171.0263137648707,0,0.8193837701684472,43
1.7414017757952274,no_solution,2,10m,173.34935823359717,0,0.522597250438259,43
0.8936792708731037,no_solution,3,10m,168.0773631397161,0,0.5060465891785038,43
0.582498931011282,no_solution,4,10m,15.811388300841896,0,0.5025774899802795,43
0.5875929780060385,no_solution,5,10m,98.2344135219425,0,0.5026226532631616,43
1.9222449176268843,no_solution,6,10m,172.19175357722565,0,0.5274090984216493,43
7.963761766853269,no_solution,0,10m,168.67127793433,0,0.8598091250344172,53
8.095029601514655,no_solution,1,10m,145.7737973711325,0,0.8693403234869996,53
0.3508486248001427,no_solution,2,10m,171.0263137648707,0,0.5009365664629248,53
0.009121460006192494,no_solution,3,10m,173.34935823359717,0,0.5000006336117064,53
0.17198505478031606,no_solution,4,10m,25.495097567963924,0,0.5002252065283356,53
0.7660967163013271,no_solution,5,10m,106.06601717798213,0,0.5044502588767313,53
0.7734205612715789,no_solution,6,10m,120.20815280171308,0,0.5045353801265483,53
4.327125132158863,no_solution,7,10m,173.92527130926086,0,0.6270051500558169,53
8.350605884673836,no_solution,0,10m,165.6804152578089,0,0.8880630641438868,54
7.970940527243125,no_solution,1,10m,155.08062419270823,0,0.8603288360061735,54
7.774883961614983,no_solution,2,10m,145.08618128546908,0,0.8462001790236126,54
7.892946962935474,no_solution,3,10m,135.83077707206124,0,0.8546920571741301,54
4.344599094765596,no_solution,4,10m,51.478150704935004,0,0.6279317437188153,54
0.5183173758297113,no_solution,5,10m,165.07574019219177,0,0.5020418513144983,54
0.07964406099692325,no_solution,6,10m,172.19175357722565,0,0.500048303780073,54
0.18926748880774036,no_solution,7,10m,143.0034964607509,0,0.5002727291221224,54
0.5885365912035259,no_solution,8,10m,106.06601717798213,0,0.5026310619704184,54
0.573260787328974,no_solution,9,10m,113.35784048754634,0,0.5024965789274899,54
8.202609056979323,no_solution,0,10m,159.53056133543816,0,0.8771950048343253,61
6.463474413944521,no_solution,1,10m,93.00537618869137,0,0.7555560650659876,61
6.85098818592215,no_solution,2,10m,85.14693182963201,0,0.7815837642169908,61
0.9953824193784477,no_solution,3,10m,165.6804152578089,0,0.5074906762869743,61
0.775048506699199,no_solution,4,10m,165.07574019219177,0,0.5045544089987121,61
0.5877179503484534,no_solution,5,10m,135.83077707206124,0,0.5026237661469333,61
0.5000085213669684,no_solution,6,10m,155.08062419270823,0,0.501900408883075,61
0.5247158838501871,no_solution,7,10m,106.06601717798213,0,0.5020924719723451,61
0.3334260227801224,no_solution,8,10m,145.08618128546908,0,0.5008459336559888,61
0.3629115033913355,no_solution,9,10m,115.10864433221339,0,0.5010020118978323,61
8.683853954210763,no_solution,0,10m,165.07574019219177,0,0.912789741378296,66
8.2336214436651,no_solution,1,10m,135.09256086106296,0,0.8794664504558437,66
8.273649556357652,no_solution,2,10m,115.97413504743201,0,0.8824029079322261,66
0.5306502966211314,no_solution,3,10m,49.49747468305833,0,0.502139971636383,66
0.8482709912145304,no_solution,4,10m,38.07886552931954,0,0.5054508795092925,66
0.46481163164143563,no_solution,5,10m,172.19175357722565,0,0.5016426874871669,66
0.7598543440041048,no_solution,6,10m,106.06601717798213,0,0.5043783354583342,66
8.725131502436291,no_solution,0,10m,164.46884203398528,0,0.9158762647069724,69
8.320161086572536,no_solution,1,10m,149.164338901763,0,0.8858215506012226,69
8.087087733800134,no_solution,2,10m,115.97413504743201,0,0.868762004619361,69
7.87067472791914,no_solution,3,10m,105.11898020814318,0,0.8530863023320929,69
0.20989791487910844,no_solution,4,10m,169.85287751463028,0,0.5003354047726871,69
0.7602338287281573,no_solution,5,10m,51.478150704935004,0,0.5043826912933914,69
0.9619558312976092,no_solution,6,10m,65.19202405202648,0,0.5069993455862837,69
0.8466789057605141,no_solution,7,10m,121.03718436910205,0,0.5054305444960642,69
1.0382034204335089,no_solution,8,10m,101.24228365658294,0,0.5081438956504913,69
0.7800671090152916,no_solution,9,10m,171.0263137648707,0,0.5046133182503658,69
4.804784650919391,no_solution,10,10m,172.19175357722565,0,0.6531746645511829,69
8.310343480745455,no_solution,0,10m,164.46884203398528,0,0.8850993625809155,70
8.272787700893021,no_solution,1,10m,125.89678312014172,0,0.8823396271175449,70
7.636151917912086,no_solution,2,10m,105.11898020814318,0,0.8362859054264997,70
0.03298531034574076,no_solution,3,10m,169.85287751463028,0,0.5000082857607784,70
0.2572074987691302,no_solution,4,10m,169.85287751463028,0,0.5005035576446105,70
0.8486358257973876,no_solution,5,10m,121.03718436910205,0,0.5054555446501914,70
0.7978164675040469,no_solution,6,10m,171.0263137648707,0,0.5048246586527817,70
1.742081686261996,no_solution,7,10m,173.34935823359717,0,0.5226145283452567,70
4.714746936081511,no_solution,8,10m,172.19175357722565,0,0.648112183748022,70
8.687209616674732,no_solution,0,10m,164.46884203398528,0,0.913040468985244,71
7.876675255153454,no_solution,1,10m,115.97413504743201,0,0.8535187484639444,71
0.40674617833881704,no_solution,2,10m,169.85287751463028,0,0.5012583751569698,71
0.9564881861960817,no_solution,3,10m,171.0263137648707,0,0.5069205316781881,71
8.637561975093092,no_solution,0,10m,164.46884203398528,0,0.90933438741055,72
8.450174611996752,no_solution,1,10m,151.82226450688975,0,0.8954145754000243,72
8.240806829057632,no_solution,2,10m,127.47548783981962,0,0.8799931827322544,72
8.195014775028904,no_solution,3,10m,115.97413504743201,0,0.8766392596291444,72
0.2891791656903783,no_solution,4,10m,176.7766952966369,0,0.5006364434248339,72
1.811172489621495,no_solution,5,10m,38.07886552931954,0,0.5244024340734447,72
0.4689520278144132,no_solution,6,10m,157.00318468107582,0,0.501672035241561,72
0.4732098643553472,no_solution,7,10m,163.24827717314508,0,0.50170248510436,72
1.512682700631451,no_solution,8,10m,51.478150704935004,0,0.5171400277992065,72
0.8413290974871146,no_solution,9,10m,143.0034964607509,0,0.5053624877969289,72
1.0131484906008341,no_solution,10,10m,129.0348790056394,0,0.5077584512455778,72
1.1643144586256124,no_solution,11,10m,115.10864433221339,0,0.5102220512303364,72
2.091696983985531,no_solution,12,10m,173.34935823359717,0,0.532305036199842,72
5.599673643412591,no_solution,13,10m,172.19175357722565,0,0.7002293001935856,72
8.9287355355296,no_solution,14,10m,159.53056133543816,0,0.9311747233115454,72
8.42210765114995,no_solution,0,10m,161.40012391568973,0,0.8933391020132933,73
0.1495907179922593,no_solution,1,10m,163.24827717314508,0,0.5001703852593731,73
1.0404662050268645,no_solution,2,10m,65.19202405202648,0,0.508179155642036,73
0.7723871583344897,no_solution,3,10m,115.10864433221339,0,0.5045233211943916,73
0.8663778872056497,no_solution,4,10m,171.0263137648707,0,0.5056847816472646,73
1.7940264513082607,no_solution,5,10m,173.34935823359717,0,0.5239528068739,73
8.767455199129824,no_solution,0,10m,164.46884203398528,0,0.9190463157932808,76
8.589533112371411,no_solution,1,10m,137.2953021774598,0,0.9057562872655734,76
3.891421172411684,no_solution,2,10m,7.0710678118654755,0,0.6047125934292414,76
0.8769001071318895,no_solution,3,10m,129.0348790056394,0,0.5058229261460504,76
1.051275534999966,no_solution,4,10m,171.0263137648707,0,0.5083486187994981,76
3.751637386874038,no_solution,5,10m,79.05694150420949,0,0.5979069454533533,76
2.048662541178619,no_solution,6,10m,173.34935823359717,0,0.5310267255405454,76
8.96012782220342,no_solution,0,10m,161.40012391568973,0,0.9335442543119788,77
8.597899410795552,no_solution,1,10m,127.47548783981962,0,0.9063790597165616,77
7.997879350058373,no_solution,2,10m,95.13148795220224,0,0.8622806782889576,77
3.2138213840495733,no_solution,3,10m,7.0710678118654755,0,0.573430406975597,77
4.551924989823163,no_solution,4,10m,15.811388300841896,0,0.6391074414541255,77
0.48519818715463586,no_solution,5,10m,169.85287751463028,0,0.5017896878479623,77
0.9135347289851357,no_solution,6,10m,149.164338901763,0,0.5063166066948944,77
0.8092032140853822,no_solution,7,10m,169.85287751463028,0,0.504962696939323,77
1.1020151820780755,no_solution,8,10m,135.09256086106296,0,0.5091667227351389,77
3.5632674301191116,no_solution,9,10m,79.05694150420949,0,0.5890179075283423,77
8.616335341322376,no_solution,0,10m,164.46884203398528,0,0.9077521552865561,79
8.648209389253314,no_solution,1,10m,151.82226450688975,0,0.9101285622248099,79
7.846112964099773,no_solution,2,10m,106.06601717798213,0,0.8513175121551537,79
2.564717895904715,no_solution,3,10m,7.0710678118654755,0,0.5478682626193878,79
0.21431480273324027,no_solution,4,10m,169.85287751463028,0,0.500349664306172,79
4.187185511459871,no_solution,5,10m,15.811388300841896,0,0.6196729973484579,79
0.8763584907481629,no_solution,6,10m,105.11898020814318,0,0.5058157755435273,79
3.4591163569055436,no_solution,7,10m,171.0263137648707,0,0.5842467508018998,79
9.08533310854803,no_solution,0,10m,168.0773631397161,0,0.9430229306877715,80
8.572936612249729,no_solution,1,10m,117.6860229593982,0,0.9045215100085592,80
8.282105861905817,no_solution,2,10m,106.06601717798213,0,0.8830239315726106,80
8.15231127551384,no_solution,3,10m,95.13148795220224,0,0.8735178072983053,80
1.3516657829542522,no_solution,4,10m,60.41522986797286,0,0.5137300530883809,80
0.4945390019943395,no_solution,5,10m,169.85287751463028,0,0.5018591342347186,80
0.5439906787010489,no_solution,6,10m,163.24827717314508,0,0.5022486831505822,80
0.5938297559390321,no_solution,7,10m,157.00318468107582,0,0.5026784778773256,80
1.9950369546804878,no_solution,8,10m,47.43416490252569,0,0.5294669613557657,80
0.955199529124183,no_solution,9,10m,129.0348790056394,0,0.5069020198942229,80
1.3716872132259683,no_solution,10,10m,109.77249200050075,0,0.5141343357075939,80
1.4385944945520746,no_solution,11,10m,105.11898020814318,0,0.5155261216841828,80
1.3816140031990183,no_solution,12,10m,169.85287751463028,0,0.5143368704340034,80
2.643032469402124,no_solution,13,10m,171.0263137648707,0,0.5507032806952247,80
11.178989828280173,no_solution,0,10m,158.90248582070703,0,1.107422215210279,82
9.893111336308879,no_solution,1,10m,172.19175357722565,0,1.0051961556990021,82
11.40078970796319,no_solution,2,10m,142.30249470757707,0,1.1254177742925109,82
9.452503563644234,no_solution,3,10m,154.434452114805,0,0.9710703009824693,82
10.177514112208383,no_solution,4,10m,136.56500283747664,0,1.0274799800429055,82
8.249077938596928,no_solution,5,10m,165.07574019219177,0,0.8805997149978584,82
10.289723230206626,no_solution,6,10m,129.80754985747168,0,1.0363249424619525,82
8.242336681499586,no_solution,7,10m,66.70832032063167,0,0.880105352077187,82
3.2831156190982744,no_solution,8,10m,141.59802258506295,0,0.5764248772754851,82
8.894212850781857,no_solution,9,10m,35.35533905932738,0,0.9285721940352037,82
1.297250726886081,no_solution,10,10m,169.85287751463028,0,0.512659817661615,82
0.0467199667630177,no_solution,11,10m,171.0263137648707,0,0.50001662236321,82
2.4905409169373964,no_solution,12,10m,47.43416490252569,0,0.5452490660274515,82
1.7740226929522174,no_solution,13,10m,69.6419413859206,0,0.5234331795992627,82
1.0095476148201759,no_solution,14,10m,157.00318468107582,0,0.5077038062790646,82
3.050877212773524,no_solution,15,10m,55.226805085936306,0,0.5665841028610205,82
1.4284425881883611,no_solution,16,10m,123.4908903522847,0,0.5153109187598631,82
1.389802188386976,no_solution,17,10m,137.2953021774598,0,0.5145049729738779,82
1.1753043980842937,no_solution,18,10m,169.85287751463028,0,0.5104140089826404,82
1.67254347164272,no_solution,19,10m,169.85287751463028,0,0.520879583084663,82
3.422100122019463,no_solution,20,10m,87.46427842267951,0,0.5825762882700048,82
2.267620035543176,no_solution,21,10m,171.0263137648707,0,0.5377734318859263,82
8.910496729616709,no_solution,0,10m,168.0773631397161,0,0.9297993411117716,83
8.997057027371714,no_solution,1,10m,149.164338901763,0,0.9363353430980745,83
8.261895025320902,no_solution,2,10m,106.06601717798213,0,0.8815400530839881,83
7.046641340367519,no_solution,3,10m,35.35533905932738,0,0.7949790836043558,83
0.7489978469152779,no_solution,4,10m,157.00318468107582,0,0.5042546272810546,83
1.7127185126513553,no_solution,5,10m,105.11898020814318,0,0.5218739969728858,83
2.1088981383680827,no_solution,6,10m,171.0263137648707,0,0.5328225713263262,83
8.713173892413336,no_solution,0,10m,168.0773631397161,0,0.9149816088649388,84
8.655047405111818,no_solution,1,10m,142.30249470757707,0,0.9106387814374848,84
8.693803306613814,no_solution,2,10m,117.6860229593982,0,0.9135332337500266,84
8.35755485913918,no_solution,3,10m,106.06601717798213,0,0.8885751041107736,84
0.61137548876386,no_solution,4,10m,171.0263137648707,0,0.5028386555065881,84
0.9243971547436636,no_solution,5,10m,157.00318468107582,0,0.5064667767652086,84
0.8548092353877151,no_solution,6,10m,169.85287751463028,0,0.5055347818162133,84
1.3962051633419652,no_solution,7,10m,123.4908903522847,0,0.5146370799645963,84
1.9106427968601591,no_solution,8,10m,105.11898020814318,0,0.5270874651001716,84
1.3876553600111332,no_solution,9,10m,169.85287751463028,0,0.5144608079175893,84
9.058204835341462,no_solution,0,10m,168.0773631397161,0,0.9409654092728893,87
8.853276099874526,no_solution,1,10m,129.80754985747168,0,0.9254906257111037,87
8.896887827385369,no_solution,2,10m,117.6860229593982,0,0.9287737264227048,87
8.891703240924913,no_solution,3,10m,96.17692030835673,0,0.928383139270392,87
4.482803784780922,no_solution,4,10m,21.213203435596427,0,0.6353447249823018,87
4.475993247761551,no_solution,5,10m,15.811388300841896,0,0.6349759548796179,87
5.79288564589904,no_solution,6,10m,21.213203435596427,0,0.7122547723356001,87
1.9329786212252278,no_solution,7,10m,69.6419413859206,0,0.5277082206672111,87
1.8608464773698437,no_solution,8,10m,76.48529270389177,0,0.5257270216265197,87
1.546446110219041,no_solution,9,10m,137.2953021774598,0,0.5179006940585682,87
2.1475570273109708,no_solution,10,10m,169.85287751463028,0,0.5339993626204405,87
8.952936094986908,no_solution,0,10m,168.0773631397161,0,0.9330011626721844,88
9.259877995320995,no_solution,1,10m,155.08062419270823,0,0.9563102099517092,88
8.666579870063835,no_solution,2,10m,117.6860229593982,0,0.9114995989114025,88
9.11733771724516,no_solution,3,10m,106.06601717798213,0,0.9454529532990499,88
5.162127200616326,no_solution,4,10m,15.811388300841896,0,0.6738219385023356,88
6.051177586121501,no_solution,5,10m,21.213203435596427,0,0.7286557813277109,88
1.883373199482682,no_solution,6,10m,69.6419413859206,0,0.5263384275870758,88
1.7868906732240932,no_solution,7,10m,76.48529270389177,0,0.5237668334728823,88
0.9090226844326299,no_solution,8,10m,171.0263137648707,0,0.5062547381079956,88
1.2717937245727013,no_solution,9,10m,137.2953021774598,0,0.512173509581389,88
8.020927025477182,no_solution,10,10m,172.19175357722565,0,0.8639525730610312,88
9.032406373628827,no_solution,0,10m,158.90248582070703,0,0.9390106745915423,90
8.30314720729448,no_solution,1,10m,168.0773631397161,0,0.8845701993491873,90
9.495699151294607,no_solution,2,10m,142.30249470757707,0,0.9743937700441644,90
8.929776757544596,no_solution,3,10m,117.6860229593982,0,0.9312532705452292,90
8.660539772757197,no_solution,4,10m,96.17692030835673,0,0.9110486977855499,90
3.961839607564863,no_solution,5,10m,47.43416490252569,0,0.6082065822889366,90
1.7545436600849835,no_solution,6,10m,127.47548783981962,0,0.5229323082601208,90
1.9283243311193101,no_solution,7,10m,169.85287751463028,0,0.5275783325896976,90
3.7873989994463484,no_solution,8,10m,96.17692030835673,0,0.5996313799360752,90
9.040855361422773,no_solution,0,10m,163.24827717314508,0,0.9396506420171976,97
9.237896919623775,no_solution,1,10m,145.7737973711325,0,0.9546322675355529,97
8.970205380711226,no_solution,2,10m,107.93516572461452,0,0.9343055228590075,97
9.241157364052157,no_solution,3,10m,96.17692030835673,0,0.9548810726132353,97
8.340481100392031,no_solution,4,10m,75.16648189186454,0,0.8873172903201689,97
0.03832333121554228,no_solution,5,10m,171.0263137648707,0,0.5000111844986473,97
6.204512030744844,no_solution,6,10m,25.495097567963924,0,0.7385599227072053,97
6.9452464882818425,no_solution,7,10m,29.154759474226502,0,0.7880165939183544,97
1.742041815863024,no_solution,8,10m,145.7737973711325,0,0.5226135149865264,97
2.0839058081289235,no_solution,9,10m,127.47548783981962,0,0.5320718565970213,97
3.5216887188032353,no_solution,10,10m,169.85287751463028,0,0.5871007093639298,97
9.301324362879898,no_solution,11,10m,135.09256086106296,0,0.9594776333212169,97
9.764101572245854,no_solution,12,10m,151.16216457830973,0,0.9951530839688503,97
8.969944066707864,no_solution,0,10m,158.90248582070703,0,0.9342857792644609,98
8.787597381907162,no_solution,1,10m,120.20815280171308,0,0.9205568418234377,98
8.754516559602251,no_solution,2,10m,107.93516572461452,0,0.9180766425031409,98
8.922058557448246,no_solution,3,10m,96.17692030835673,0,0.9306711029499216,98
0.015188680875194852,no_solution,4,10m,171.0263137648707,0,0.5000017568477062,98
6.078779259580534,no_solution,5,10m,25.495097567963924,0,0.7304296051760989,98
7.027416749010268,no_solution,6,10m,29.154759474226502,0,0.7936556373998547,98
2.7695287306098,no_solution,7,10m,79.05694150420949,0,0.5554310958037031,98
2.555492064409536,no_solution,8,10m,86.31338250816034,0,0.5475389798954229,98
1.837525424886289,no_solution,9,10m,145.7737973711325,0,0.5251010925942536,98
9.360560439728651,no_solution,10,10m,121.03718436910205,0,0.9640126585534007,98
6.781216970625274,no_solution,11,10m,172.19175357722565,0,0.776847170128037,98
9.112744939065301,no_solution,12,10m,141.59802258506295,0,0.9451040598165216,98
8.727773708689421,no_solution,0,10m,163.24827717314508,0,0.9160740096493613,100
9.139422887743851,no_solution,1,10m,142.30249470757707,0,0.947131490950333,100
8.74004446358114,no_solution,2,10m,107.93516572461452,0,0.9169926372226787,100
8.518996712381785,no_solution,3,10m,86.31338250816034,0,0.9005142663383138,100
0.7679191309859755,no_solution,4,10m,171.0263137648707,0,0.5044713654699748,100
6.432451973339005,no_solution,5,10m,25.495097567963924,0,0.7535026916890306,100
2.8636925354702907,no_solution,6,10m,79.05694150420949,0,0.5590673686034398,100
1.6234112683319177,no_solution,7,10m,159.53056133543816,0,0.5196931342417245,100
1.872392327591978,no_solution,8,10m,171.0263137648707,0,0.5260395588779105,100
2.804439507083463,no_solution,9,10m,169.85287751463028,0,0.5567677130100602,100
7.213417626575684,no_solution,10,10m,173.34935823359717,0,0.8065246832799919,100
9.58013925023169,no_solution,11,10m,141.59802258506295,0,0.9809047025986729,100
9.151094856763192,no_solution,12,10m,148.49242404917499,0,0.9480191438328546,100
8.686027973910315,no_solution,13,10m,173.92527130926086,0,0.9129521753986627,100
9.130681664670137,no_solution,0,10m,149.83324063771698,0,0.9464669696628097,103
8.795028542191153,no_solution,1,10m,98.2344135219425,0,0.9211144318853524,103
0.37168987309754975,no_solution,2,10m,15.811388300841896,0,0.501051022884087,103
2.8622968361303696,no_solution,3,10m,91.92388155425118,0,0.5590127537558732,103
2.1906762910279407,no_solution,4,10m,136.56500283747664,0,0.5353341007356397,103
3.096269267046175,no_solution,5,10m,169.85287751463028,0,0.568463425788742,103
4.372305067369721,no_solution,6,10m,169.85287751463028,0,0.629405863780314,103
8.766903751275713,no_solution,7,10m,127.47548783981962,0,0.9190049779235068,103
11.230176947562436,no_solution,8,10m,166.88319268278636,0,1.111566291764801,103
9.94573691002422,no_solution,0,10m,168.0773631397161,0,1.009304746609232,104
10.121574950364206,no_solution,1,10m,145.7737973711325,0,1.0230816210559395,104
9.708891987612237,no_solution,2,10m,98.2344135219425,0,0.9908679018160893,104
4.470387625189486,no_solution,3,10m,169.85287751463028,0,0.6346726943616451,104
1.9550642183065359,no_solution,4,10m,171.0263137648707,0,0.5283284077733853,104
1.2547173360430122,no_solution,5,10m,15.811388300841896,0,0.5118524522925175,104
5.176258437001664,no_solution,6,10m,57.0087712549569,0,0.6746560116154566,104
2.8593225191698988,no_solution,7,10m,110.67971810589327,0,0.558896437954706,104
3.4167725807712532,no_solution,8,10m,169.85287751463028,0,0.5823369697479448,104
3.7576421400764133,no_solution,9,10m,172.19175357722565,0,0.5981956863766824,104
4.425820510188161,no_solution,10,10m,169.85287751463028,0,0.6322702623398065,104
10.165163851430432,no_solution,11,10m,134.35028842544403,0,1.0265082711398676,104
9.409466745886196,no_solution,12,10m,148.49242404917499,0,0.9677639516343363,104
10.550171731538338,no_solution,13,10m,135.09256086106296,0,1.056967067604368,104
9.976400868241475,no_solution,14,10m,149.164338901763,0,1.011701873761274,104
9.24300197808477,no_solution,15,10m,162.63455967290594,0,0.9550218483187259,104
4.883835000538791,no_solution,0,10m,45.27692569068709,0,0.6576668266654253,105
5.707716357921044,no_solution,1,10m,35.35533905932738,0,0.7069275130605817,105
5.493899208058629,no_solution,2,10m,35.35533905932738,0,0.6937380078258696,105
2.720891710776388,no_solution,3,10m,96.17692030835673,0,0.553591777968155,105
4.244096491267799,no_solution,4,10m,65.19202405202648,0,0.6226357330427343,105
1.8622824141838021,no_solution,5,10m,155.08062419270823,0,0.5257657958602873,105
1.7563723686680712,no_solution,6,10m,168.0773631397161,0,0.5229791150062224,105
2.5822564608406524,no_solution,7,10m,127.47548783981962,0,0.5484969781717695,105
9.051749164682075,no_solution,0,10m,168.0773631397161,0,0.9404760901132999,106
8.815685890603628,no_solution,1,10m,96.17692030835673,0,0.9226652943218401,106
2.060391649110408,no_solution,2,10m,15.811388300841896,0,0.5313727911759675,106
7.368884433493304,no_solution,3,10m,38.07886552931954,0,0.817388983565293,106
4.276661279772008,no_solution,4,10m,66.70832032063167,0,0.6243428653267322,106
1.9865899664337265,no_solution,5,10m,171.0263137648707,0,0.529224642624559,106
9.660223760463046,no_solution,6,10m,121.03718436910205,0,0.9870968470540785,106
7.429461920433321,no_solution,7,10m,172.19175357722565,0,0.8216480780994553,106
8.938336225846749,no_solution,0,10m,168.0773631397161,0,0.9318990944810345,107
8.736102223326716,no_solution,1,10m,155.08062419270823,0,0.9166974595142581,107
8.878807204847991,no_solution,2,10m,142.30249470757707,0,0.927411939895235,107
9.360609539414522,no_solution,3,10m,129.80754985747168,0,0.9640164214698003,107
9.284484811276245,no_solution,4,10m,96.17692030835673,0,0.9581901541578873,107
9.076013966535173,no_solution,5,10m,75.16648189186454,0,0.9423158942908801,107
8.225316234828416,no_solution,6,10m,65.19202405202648,0,0.8788578398240464,107
7.347212070602458,no_solution,7,10m,38.07886552931954,0,0.815868723323099,107
3.3858454312345008,no_solution,8,10m,86.31338250816034,0,0.5809531972832193,107
4.435794457126437,no_solution,9,10m,66.70832032063167,0,0.6328065829695239,107
5.238176872496136,no_solution,10,10m,57.0087712549569,0,0.6783258654987924,107
2.5074187264675327,no_solution,11,10m,169.85287751463028,0,0.5458393290513327,107
3.994396451602195,no_solution,12,10m,173.34935823359717,0,0.6098365388401779,107
7.740384377401856,no_solution,13,10m,172.19175357722565,0,0.8437281650820156,107
8.834581553349706,no_solution,0,10m,163.24827717314508,0,0.9240849990993227,110
8.571147374306848,no_solution,1,10m,168.0773631397161,0,0.9043884416106697,110
8.843548982861742,no_solution,2,10m,149.83324063771698,0,0.9247591243415764,110
8.779526224345243,no_solution,3,10m,98.2344135219425,0,0.919951415572268,110
2.353179411282813,no_solution,4,10m,107.93516572461452,0,0.5405715363708589,110
1.6043561500399,no_solution,5,10m,163.24827717314508,0,0.5192418192244531,110
3.563904494746331,no_solution,6,10m,76.48529270389177,0,0.5890474106324819,110
3.3772163656132967,no_solution,7,10m,85.14693182963201,0,0.5805687890131126,110
5.483889723391326,no_solution,8,10m,55.226805085936306,0,0.6931271918679757,110
3.008328894753328,no_solution,9,10m,101.24228365658294,0,0.5648423503025286,110
1.8917402434308024,no_solution,10,10m,173.34935823359717,0,0.5265672170059882,110
4.683774164514343,no_solution,11,10m,172.19175357722565,0,0.6463842240725538,110
8.613469886215729,no_solution,12,10m,114.23659658795863,0,0.9075386698396904,110
7.625139322432329,no_solution,13,10m,136.56500283747664,0,0.8355019365515376,110
8.882118589827162,no_solution,0,10m,165.07574019219177,0,0.9276612737963367,113
9.341679687707243,no_solution,1,10m,140.8900280360537,0,0.9625661498349022,113
9.843054844154423,no_solution,2,10m,127.47548783981962,0,1.0012944730321094,113
9.292334459553546,no_solution,3,10m,114.23659658795863,0,0.9587902085079302,113
9.417470968998217,no_solution,4,10m,86.31338250816034,0,0.9683785124781165,113
3.6118653337916,no_solution,5,10m,88.60022573334675,0,0.5912795438014842,113
2.0676127279591268,no_solution,6,10m,163.24827717314508,0,0.531586721271472,113
5.108824266098857,no_solution,7,10m,66.70832032063167,0,0.6706875584604557,113
4.6320110342270295,no_solution,8,10m,75.16648189186454,0,0.6435120437350317,113
3.0130613691966786,no_solution,9,10m,120.20815280171308,0,0.5650351241525192,113
3.015673626419771,no_solution,10,10m,172.19175357722565,0,0.5651416350599644,113
8.973835676383624,no_solution,0,10m,173.34935823359717,0,0.9345798303155616,116
9.286616644688,no_solution,1,10m,140.8900280360537,0,0.9583531023475719,116
9.679497890938695,no_solution,2,10m,127.47548783981962,0,0.9885895805049231,116
5.596609168881365,no_solution,3,10m,169.85287751463028,0,0.7000403050578872,116
9.20131627023199,no_solution,4,10m,101.24228365658294,0,0.951842791492087,116
9.51958355370629,no_solution,5,10m,88.60022573334675,0,0.9762335407269587,116
8.47450090402782,no_solution,6,10m,55.226805085936306,0,0.8972154471844718,116
1.3039454785692455,no_solution,7,10m,173.34935823359717,0,0.5127892332667966,116
6.2471465998069995,no_solution,8,10m,45.27692569068709,0,0.7413351906843969,116
3.912221704124457,no_solution,9,10m,86.31338250816034,0,0.6057401516890802,116
3.328936360113792,no_solution,10,10m,107.93516572461452,0,0.5784316319410695,116
2.4815694938171533,no_solution,11,10m,158.90248582070703,0,0.5449366833738565,116
3.149857473748753,no_solution,12,10m,129.80754985747168,0,0.5707099259152785,116
9.656072192469608,no_solution,0,10m,168.0773631397161,0,0.9867754426281026,121
8.801683117567897,no_solution,1,10m,171.0263137648707,0,0.9216138903419312,121
5.939758557380393,no_solution,2,10m,169.85287751463028,0,0.721536511737003,121
9.23982562858373,no_solution,3,10m,88.60022573334675,0,0.954779444133065,121
3.7499713282738774,no_solution,4,10m,171.0263137648707,0,0.5978268904596008,121
9.187691461872983,no_solution,5,10m,66.70832032063167,0,0.9508047661692501,121
3.7664648990026537,no_solution,6,10m,98.2344135219425,0,0.5986205260977286,121
4.368387213878327,no_solution,7,10m,86.31338250816034,0,0.6291970434870794,121
6.066205326454847,no_solution,8,10m,65.19202405202648,0,0.7296210440705537,121
3.210494571358158,no_solution,9,10m,129.80754985747168,0,0.5732878743451814,121
2.740707851666478,no_solution,10,10m,158.90248582070703,0,0.5543379473602645,121
5.197554902367871,no_solution,11,10m,168.0773631397161,0,0.6759154471387631,121
9.648741906593845,no_solution,0,10m,145.7737973711325,0,0.9862080571436779,122
9.74237117256598,no_solution,1,10m,132.09844813622905,0,0.9934655251147071,122
9.111786881072772,no_solution,2,10m,66.70832032063167,0,0.9450312877355721,122
5.082490457371003,no_solution,3,10m,29.154759474226502,0,0.6691459480979448,122
3.3512233192786263,no_solution,4,10m,129.80754985747168,0,0.5794153040353798,122
2.7920026899459955,no_solution,5,10m,168.0773631397161,0,0.5562899856642786,122
9.050755628686952,no_solution,0,10m,173.34935823359717,0,0.9404007937280918,123
9.304702136564142,no_solution,1,10m,168.0773631397161,0,0.9597359758599018,123
9.461621495133597,no_solution,2,10m,132.09844813622905,0,0.9717714253304442,123
9.165647810611077,no_solution,3,10m,76.48529270389177,0,0.9491264258747363,123
2.886267820490453,no_solution,4,10m,96.17692030835673,0,0.5599537348751644,123
2.697700041386676,no_solution,5,10m,110.67971810589327,0,0.5527241584022551,123
1.8096648904365351,no_solution,6,10m,172.19175357722565,0,0.5243627432920642,123
2.326843600561311,no_solution,7,10m,145.7737973711325,0,0.5397007284238009,123
3.579440555997862,no_solution,8,10m,105.11898020814318,0,0.5897680919666379,123
4.947674612859352,no_solution,9,10m,76.48529270389177,0,0.6613264046890862,123
2.5872514703341745,no_solution,10,10m,158.90248582070703,0,0.548676692951629,123
6.372435144286426,no_solution,11,10m,66.70832032063167,0,0.7495433905508148,123
5.4307863430697605,no_solution,12,10m,106.06601717798213,0,0.6898967618781128,123
5.797878037123813,no_solution,13,10m,172.19175357722565,0,0.7125683101846567,123
7.361290425539533,no_solution,14,10m,169.85287751463028,0,0.8168560735201361,123
10.153005442705357,no_solution,15,10m,163.24827717314508,0,1.025552009741919,123
9.08896665142641,no_solution,0,10m,171.0263137648707,0,0.9432986710720727,128
9.068181143741645,no_solution,1,10m,91.92388155425118,0,0.941721812972726,128
9.544837993967592,no_solution,2,10m,79.05694150420949,0,0.9781804647561824,128
9.537097248090584,no_solution,3,10m,57.0087712549569,0,0.9775835357141882,128
9.061364557790318,no_solution,4,10m,45.27692569068709,0,0.941204949031796,128
6.753725049462725,no_solution,5,10m,55.226805085936306,0,0.7749867532779144,128
3.9343199715383483,no_solution,6,10m,107.93516572461452,0,0.6068359727131447,128
7.4963912103352515,no_solution,7,10m,57.0087712549569,0,0.8263702648732462,128
4.712184041507654,no_solution,8,10m,95.13148795220224,0,0.647968936150094,128
5.212244523205179,no_solution,9,10m,86.31338250816034,0,0.6767858727350069,128
3.5224519304319366,no_solution,10,10m,139.46325680981354,0,0.5871357524084919,128
2.93804835937321,no_solution,11,10m,172.19175357722565,0,0.5620078510881734,128
9.084386063548775,no_solution,12,10m,159.53056133543816,0,0.942951067933664,128
11.308435093392832,no_solution,13,10m,129.0348790056394,0,1.117912440211107,128
9.210287385542927,no_solution,0,10m,157.00318468107582,0,0.9525265480252335,132
9.613599633436188,no_solution,1,10m,66.70832032063167,0,0.9834898565455834,132
6.250192560018195,no_solution,2,10m,38.07886552931954,0,0.7415338167165118,132
3.1570951603835335,no_solution,3,10m,168.0773631397161,0,0.5710156343721806,132
6.182596204079502,no_solution,4,10m,168.0773631397161,0,0.737136917960998,132
6.94126982592497,no_solution,5,10m,155.08062419270823,0,0.7877444221740868,132
10.186202472118595,no_solution,6,10m,141.59802258506295,0,1.028163789464903,132
9.20859788714109,no_solution,0,10m,171.0263137648707,0,0.9523977616400718,134
9.707879293598536,no_solution,1,10m,123.4908903522847,0,0.9907893719162423,134
9.496833402935733,no_solution,2,10m,109.77249200050075,0,0.9744811055060542,134
9.285561621475377,no_solution,3,10m,96.17692030835673,0,0.9582724593612272,134
9.756465325641148,no_solution,4,10m,69.6419413859206,0,0.9945599259622782,134
3.312864953894712,no_solution,5,10m,173.34935823359717,0,0.5777253725896195,134
8.468655909903418,no_solution,6,10m,29.154759474226502,0,0.8967825732440527,134
7.013314154909935,no_solution,7,10m,35.35533905932738,0,0.7926857878081647,134
6.559240494768233,no_solution,8,10m,65.19202405202648,0,0.7619237542846892,134
3.802652605635639,no_solution,9,10m,127.47548783981962,0,0.6003704278376035,134
5.969088318593451,no_solution,10,10m,85.14693182963201,0,0.7234041356349914,134
3.9026473448909735,no_solution,11,10m,139.46325680981354,0,0.6052667007043891,134
9.2659263722705,no_solution,12,10m,137.2953021774598,0,0.9567721490001565,134
11.335421784130258,no_solution,13,10m,120.20815280171308,0,1.1201037618386829,134
9.170379036518126,no_solution,14,10m,151.16216457830973,0,0.9494865344411013,134
9.03592744958805,no_solution,0,10m,168.67127793433,0,0.9392773534096334,138
9.573746036343032,no_solution,1,10m,155.72411502397438,0,0.9804110913052552,138
9.301490415073442,no_solution,2,10m,135.83077707206124,0,0.9594903327821558,138
9.183177037903702,no_solution,3,10m,125.09996003196804,0,0.9504609414295392,138
8.838579294552869,no_solution,4,10m,38.07886552931954,0,0.9243854995604183,138
7.012802149565759,no_solution,5,10m,65.19202405202648,0,0.7926505925109598,138
5.151587614036989,no_solution,6,10m,101.24228365658294,0,0.673200702893336,138
6.008058281836439,no_solution,7,10m,172.19175357722565,0,0.7258927605843541,138
9.276828507419575,no_solution,8,10m,145.08618128546908,0,0.9576050410324192,138
11.721420576210265,no_solution,9,10m,137.2953021774598,0,1.1516068880369887,138
9.428656382565075,no_solution,0,10m,168.67127793433,0,0.9692376089887608,139
10.001336659495674,no_solution,1,10m,151.82226450688975,0,1.013652894641208,139
9.894525537133031,no_solution,2,10m,120.20815280171308,0,1.0053064763537374,139
9.59374252538719,no_solution,3,10m,51.478150704935004,0,0.9819553448067787,139
8.62951315117485,no_solution,4,10m,38.07886552931954,0,0.9087342667049846,139
6.978634352652303,no_solution,5,10m,43.01162633521314,0,0.7903044098800569,139
4.392376337489116,no_solution,6,10m,123.4908903522847,0,0.6304775474597819,139
6.934847262609184,no_solution,7,10m,79.05694150420949,0,0.7873049911357412,139
4.320724768105941,no_solution,8,10m,127.47548783981962,0,0.6266663643088343,139
3.947409825084829,no_solution,9,10m,149.83324063771698,0,0.607487089138864,139
4.272240877507636,no_solution,10,10m,164.46884203398528,0,0.6241106340849039,139
5.8706888069945045,no_solution,11,10m,127.47548783981962,0,0.7171568149527003,139
7.345309819666393,no_solution,12,10m,141.59802258506295,0,0.8157353735291674,139
9.674811929126603,no_solution,13,10m,145.7737973711325,0,0.9882265772169898,139
11.107293456042834,no_solution,14,10m,127.47548783981962,0,1.1016268557824866,139
10.454065013621987,no_solution,15,10m,139.46325680981354,0,1.0493320202020087,139
11.479980265222736,no_solution,16,10m,147.13938969562162,0,1.1318670338931178,139
9.21529273705081,no_solution,0,10m,149.164338901763,0,0.9529081399864872,140
9.018357941836378,no_solution,1,10m,120.20815280171308,0,0.9379470265706725,140
6.769735441069694,no_solution,2,10m,43.01162633521314,0,0.776069788011514,140
3.7083082584367753,no_solution,3,10m,132.09844813622905,0,0.5958331943147449,140
4.373053802635978,no_solution,4,10m,115.10864433221339,0,0.6294457848699587,140
4.285293312493112,no_solution,5,10m,118.53269591129698,0,0.624796812945284,140
5.017052039637961,no_solution,6,10m,101.24228365658294,0,0.6653351016330087,140
5.497985524667962,no_solution,7,10m,93.00537618869137,0,0.6939875433165035,140
3.5363112042858367,no_solution,8,10m,154.434452114805,0,0.587773073701803,140
3.2749289974597144,no_solution,9,10m,173.92527130926086,0,0.5760685631248711,140
3.4670111646241693,no_solution,10,10m,164.46884203398528,0,0.5846047518484726,140
4.94765332857747,no_solution,11,10m,134.35028842544403,0,0.6613251798970564,140
8.501797478359913,no_solution,12,10m,149.83324063771698,0,0.8992384201378715,140
8.795997292711858,no_solution,13,10m,151.82226450688975,0,0.9211871332073057,140
9.936077893653696,no_solution,14,10m,145.08618128546908,0,1.008550137505835,140
9.118545014655101,no_solution,0,10m,169.85287751463028,0,0.9455446762494507,146
9.822117868878426,no_solution,1,10m,109.77249200050075,0,0.9996643716222203,146
9.020327679924042,no_solution,2,10m,73.824115301167,0,0.9380961274205479,146
9.913510762367855,no_solution,3,10m,60.41522986797286,0,1.0067879751487754,146
1.4017644011298809,no_solution,4,10m,172.19175357722565,0,0.5147522444538785,146
7.536346690205715,no_solution,5,10m,47.43416490252569,0,0.8291974826759525,146
2.1988015875664675,no_solution,6,10m,173.92527130926086,0,0.5355882206767182,146
8.421869666957305,no_solution,7,10m,65.19202405202648,0,0.893321514407397,146
7.452675513426405,no_solution,8,10m,75.16648189186454,0,0.8232839584577037,146
7.768840977072253,no_solution,9,10m,76.48529270389177,0,0.8457668678117721,146
5.2831601148064395,no_solution,10,10m,115.10864433221339,0,0.6810073773210757,146
9.896893105572916,no_solution,0,10m,163.24827717314508,0,1.005491179472939,147
9.987054915706857,no_solution,1,10m,143.0034964607509,0,1.0125352806063128,147
9.664500209919922,no_solution,2,10m,129.0348790056394,0,0.9874279655626546,147
7.147943745453399,no_solution,3,10m,171.0263137648707,0,0.8019783823981226,147
9.46596091252394,no_solution,4,10m,115.10864433221339,0,0.9721051823807768,147
10.014023276261332,no_solution,5,10m,60.41522986797286,0,1.0146460973565008,147
9.36055415521496,no_solution,6,10m,35.35533905932738,0,0.9640121769194292,147
1.3671671414861877,no_solution,7,10m,172.19175357722565,0,0.5140425717802659,147
2.0091595503054522,no_solution,8,10m,173.92527130926086,0,0.5298741503561712,147
7.936033637049597,no_solution,9,10m,47.43416490252569,0,0.8578034094589823,147
7.579560289357114,no_solution,10,10m,75.16648189186454,0,0.8322620415087134,147
8.005456504484078,no_solution,11,10m,76.48529270389177,0,0.8628301290428033,147
6.6360356177978925,no_solution,12,10m,95.13148795220224,0,0.7670611236512241,147
4.999140002505383,no_solution,13,10m,127.47548783981962,0,0.6642969968747421,147
5.219606043360636,no_solution,14,10m,125.09996003196804,0,0.6772225981057177,147
4.616668122253979,no_solution,15,10m,149.164338901763,0,0.6426645075783478,147
4.195601643319276,no_solution,16,10m,173.92527130926086,0,0.6201094650196803,147
4.679510175309783,no_solution,17,10m,168.0773631397161,0,0.6461468851866541,147
9.003719099207919,no_solution,0,10m,169.85287751463028,0,0.9368392740689103,149
9.28204359754261,no_solution,1,10m,143.0034964607509,0,0.9580035734342048,149
9.059561711314812,no_solution,2,10m,115.10864433221339,0,0.9410682711017955,149
9.159790122401624,no_solution,3,10m,73.824115301167,0,0.9486806646991199,149
9.131768239355914,no_solution,4,10m,60.41522986797286,0,0.9465495611557282,149
9.802346919140225,no_solution,5,10m,47.43416490252569,0,0.9981260568956603,149
2.072063805638308,no_solution,6,10m,172.19175357722565,0,0.5317189190298702,149
1.3822864974283011,no_solution,7,10m,173.92527130926086,0,0.5143506412333113,149
8.267983457114683,no_solution,8,10m,47.43416490252569,0,0.8819869250802891,149
7.567601275173657,no_solution,9,10m,75.16648189186454,0,0.8314132460385187,149
4.799242997273448,no_solution,10,10m,127.47548783981962,0,0.6528614044565041,149
4.48795673829257,no_solution,11,10m,137.2953021774598,0,0.6356239781624298,149
6.677063891118332,no_solution,12,10m,157.00318468107582,0,0.769816957825852,149
9.92124771410701,no_solution,13,10m,136.56500283747664,0,1.007391976964416,149
10.576070844930118,no_solution,14,10m,155.72411502397438,0,1.059028137535806,149
9.605589821259665,no_solution,0,10m,163.24827717314508,0,0.9828707542892109,150
9.498093970811027,no_solution,1,10m,143.0034964607509,0,0.9745781710651051,150
9.314918034274964,no_solution,2,10m,87.46427842267951,0,0.9605175071736926,150
9.020534161469747,no_solution,3,10m,73.824115301167,0,0.9381117578399397,150
9.01544578695729,no_solution,4,10m,60.41522986797286,0,0.9377266089717641,150
1.9689780387777698,no_solution,5,10m,172.19175357722565,0,0.5287223732281503,150
4.130389501264737,no_solution,6,10m,21.213203435596427,0,0.6167427881030253,150
1.9274114699191263,no_solution,7,10m,173.92527130926086,0,0.5275528903106409,150
10.103366903228489,no_solution,8,10m,47.43416490252569,0,1.0216515723735813,150
7.752825188935444,no_solution,9,10m,75.16648189186454,0,0.8446190958720827,150
8.208620769347245,no_solution,10,10m,76.48529270389177,0,0.8776350737803721,150
5.000662889387787,no_solution,11,10m,127.47548783981962,0,0.6643851724915902,150
5.53959799170428,no_solution,12,10m,115.97413504743201,0,0.6965343500335178,150
4.611250181028581,no_solution,13,10m,158.90248582070703,0,0.6423656398215467,150
4.31277216745947,no_solution,14,10m,171.0263137648707,0,0.6262458697580511,150
10.126221286287125,no_solution,15,10m,136.56500283747664,0,1.0234466679698355,150
10.216316673521609,no_solution,16,10m,166.88319268278636,0,1.0305352777328984,150
9.346834898002575,no_solution,0,10m,163.24827717314508,0,0.9629610102235329,151
8.48272700591566,no_solution,1,10m,107.00467279516349,0,0.897824845064496,151
8.693860842876573,no_solution,2,10m,73.824115301167,0,0.9135375341717679,151
8.781685511491093,no_solution,3,10m,60.41522986797286,0,0.9201133671042042,151
8.502620089575045,no_solution,4,10m,25.495097567963924,0,0.8992994207580735,151
8.770834401148333,no_solution,5,10m,47.43416490252569,0,0.9192996487285409,151
7.836822857840123,no_solution,6,10m,75.16648189186454,0,0.8506490523802869,151
5.049736188750918,no_solution,7,10m,125.09996003196804,0,0.6672349025817258,151
4.498023582657556,no_solution,8,10m,147.13938969562162,0,0.6361701151527812,151
7.50724275190641,no_solution,9,10m,137.2953021774598,0,0.8271375107870544,151
9.356408879144283,no_solution,10,10m,145.7737973711325,0,0.9636945134142909,151
8.403285940139785,no_solution,11,10m,164.46884203398528,0,0.8919486873706566,151
12.389772728237132,no_solution,12,10m,127.47548783981962,0,1.2068351706656388,151
11.504906817933149,no_solution,13,10m,139.46325680981354,0,1.1338996485677941,151
9.150052840619866,no_solution,0,10m,169.85287751463028,0,0.9479398831313518,156
7.632458885942363,no_solution,1,10m,171.0263137648707,0,0.8360229543022949,156
6.034976562059897,no_solution,2,10m,173.34935823359717,0,0.7276164894024729,156
9.183766430930175,no_solution,3,10m,107.00467279516349,0,0.9505058272164705,156
8.7356699154683,no_solution,4,10m,65.19202405202648,0,0.9166650930203475,156
9.48516034864416,no_solution,5,10m,51.478150704935004,0,0.973582461528569,156
2.744813029723585,no_solution,6,10m,172.19175357722565,0,0.5544930812744691,156
8.532202211223433,no_solution,7,10m,25.495097567963924,0,0.9014944808276286,156
1.0410353082936625,no_solution,8,10m,173.92527130926086,0,0.5081880354380292,156
8.18515457440059,no_solution,9,10m,57.0087712549569,0,0.8759179808611408,156
7.84302884910415,no_solution,10,10m,85.14693182963201,0,0.8510955639167289,156
4.941022817536975,no_solution,11,10m,147.13938969562162,0,0.6609437821264931,156
6.3293494259041125,no_solution,12,10m,115.10864433221339,0,0.7467118822379728,156
7.539185038594744,no_solution,13,10m,157.00318468107582,0,0.8293985523681946,156
9.166018630806954,no_solution,0,10m,163.24827717314508,0,0.9491546479315175,157
8.524393302916078,no_solution,1,10m,169.85287751463028,0,0.9009147775941603,157
9.116708924510801,no_solution,2,10m,107.00467279516349,0,0.9454051831507401,157
8.561371372704501,no_solution,3,10m,79.05694150420949,0,0.9036615596134694,157
8.393047099443448,no_solution,4,10m,65.19202405202648,0,0.8911927875281923,157
9.256044576111812,no_solution,5,10m,51.478150704935004,0,0.9560174878761942,157
0.42507191998411786,no_solution,6,10m,173.92527130926086,0,0.5013741657825842,157
8.069631238956397,no_solution,7,10m,86.31338250816034,0,0.8674915905644767,157
5.5625457170561265,no_solution,8,10m,125.89678312014172,0,0.6979432316291426,157
4.8869649856519235,no_solution,9,10m,145.7737973711325,0,0.6578455938373463,157
4.535164489223197,no_solution,10,10m,168.67127793433,0,0.6381917281711293,157
13.725032503192232,no_solution,11,10m,91.92388155425118,0,1.3195788519689693,157
9.062216052900256,no_solution,12,10m,151.82226450688975,0,0.9412695060213051,157
9.54268031182574,no_solution,0,10m,162.63455967290594,0,0.9780140590113716,158
9.112906673391866,no_solution,1,10m,169.85287751463028,0,0.9451163450710274,158
7.951160658200374,no_solution,2,10m,171.0263137648707,0,0.858897291913101,158
9.219302231282073,no_solution,3,10m,141.59802258506295,0,0.9532138606717512,158
8.860667375159899,no_solution,4,10m,107.00467279516349,0,0.9260466517583088,158
8.705406811066185,no_solution,5,10m,65.19202405202648,0,0.9144007140131164,158
9.016942022154959,no_solution,6,10m,51.478150704935004,0,0.9378398542513067,158
0.41807101751001313,no_solution,7,10m,173.92527130926086,0,0.5013293316471271,158
8.563727384761702,no_solution,8,10m,57.0087712549569,0,0.9038367108736977,158
7.859707961297768,no_solution,9,10m,85.14693182963201,0,0.85229627792784,158
8.24758563271453,no_solution,10,10m,86.31338250816034,0,0.8804902654890839,158
5.8589867571612775,no_solution,11,10m,125.09996003196804,0,0.7164173775278373,158
7.122226472660685,no_solution,12,10m,105.11898020814318,0,0.8001974628823022,158
13.006331673329843,no_solution,13,10m,99.24716620639605,0,1.2585098538868573,158
9.182870562588654,no_solution,0,10m,169.85287751463028,0,0.9504376018897176,159
9.244820095409708,no_solution,1,10m,141.59802258506295,0,0.955160610982479,159
8.923919983887679,no_solution,2,10m,107.00467279516349,0,0.9308114906695828,159
8.823892550528637,no_solution,3,10m,65.19202405202648,0,0.9232817635532781,159
9.122031162528119,no_solution,4,10m,51.478150704935004,0,0.9458095549539379,159
0.0044810835643787055,no_solution,5,10m,173.92527130926086,0,0.500000152918759,159
8.878184307563165,no_solution,6,10m,57.0087712549569,0,0.9273650418196444,159
8.15293791696028,no_solution,7,10m,85.14693182963201,0,0.8735635683334181,159
8.388083092784472,no_solution,8,10m,86.31338250816034,0,0.8908264315535176,159
5.033440236422197,no_solution,9,10m,147.13938969562162,0,0.6662867862810797,159
5.909907337300394,no_solution,10,10m,125.89678312014172,0,0.7196404615796974,159
6.472898544246242,no_solution,11,10m,115.10864433221339,0,0.7561807620911326,159
4.801692073284614,no_solution,12,10m,168.67127793433,0,0.6529998196006417,159
9.833788636706739,no_solution,13,10m,132.85330255586422,0,1.0005728943793826,159
13.269191886425594,no_solution,14,10m,99.24716620639605,0,1.2807435300389867,159
11.405813826834287,no_solution,15,10m,164.46884203398528,0,1.125826562293476,159
9.405610710411052,no_solution,0,10m,155.72411502397438,0,0.967467947719174,161
7.929364032973929,no_solution,1,10m,171.0263137648707,0,0.8573213626953898,161
0.2241009119307143,no_solution,2,10m,173.92527130926086,0,0.500382314188195,161
7.8411225671602365,no_solution,3,10m,65.19202405202648,0,0.8509583952928913,161
7.803613350674711,no_solution,4,10m,85.14693182963201,0,0.8482620115953947,161
5.279337230557923,no_solution,5,10m,135.83077707206124,0,0.6807789904972178,161
6.45861331241881,no_solution,6,10m,115.10864433221339,0,0.755234003643222,161
7.431035521591165,no_solution,7,10m,166.88319268278636,0,0.8217589052385883,161
13.13303484740759,no_solution,8,10m,99.24716620639605,0,1.2692120016191464,161
12.158986438511471,no_solution,9,10m,109.77249200050075,0,1.1876695558447363,161
8.193324403553362,no_solution,10,10m,168.0773631397161,0,0.8765155851944431,161
13.944562031639638,no_solution,11,10m,99.24716620639605,0,1.3384053149208128,161
9.332990901323306,no_solution,0,10m,162.63455967290594,0,0.9619007991193296,162
8.521058873826645,no_solution,1,10m,163.24827717314508,0,0.9006673002076437,162
9.141209898030679,no_solution,2,10m,141.59802258506295,0,0.9472673684458631,162
8.582845535284141,no_solution,3,10m,93.00537618869137,0,0.9052586305194567,162
3.1618354308691043,no_solution,4,10m,172.19175357722565,0,0.5712161503453562,162
8.28152657826112,no_solution,5,10m,51.478150704935004,0,0.8829813820566029,162
0.25881393789072327,no_solution,6,10m,173.92527130926086,0,0.5005098642927446,162
0.4142389706765472,no_solution,7,10m,165.07574019219177,0,0.5013051047056049,162
7.50596224912445,no_solution,8,10m,66.70832032063167,0,0.8270469509411257,162
4.798977254383894,no_solution,9,10m,155.72411502397438,0,0.652846387950213,162
5.029108538776874,no_solution,10,10m,149.164338901763,0,0.6660350631180189,162
7.172362973646067,no_solution,11,10m,166.88319268278636,0,0.8036719294388488,162
13.089138270789821,no_solution,12,10m,99.24716620639605,0,1.2655010741324304,162
12.326264808915873,no_solution,13,10m,109.77249200050075,0,1.2015513654188974,162
9.151000880560513,no_solution,0,10m,165.6804152578089,0,0.9480119954322903,164
9.16850122314664,no_solution,1,10m,137.2953021774598,0,0.9493436007014273,164
8.815916264406884,no_solution,2,10m,98.2344135219425,0,0.9226825968715862,164
8.912094904722153,no_solution,3,10m,69.6419413859206,0,0.9299198204549138,164
8.785558228540292,no_solution,4,10m,47.43416490252569,0,0.920403864489471,164
7.824711513862706,no_solution,5,10m,43.01162633521314,0,0.8497780544969589,164
1.549756417364074,no_solution,6,10m,165.07574019219177,0,0.5179761176285663,164
8.568166035368577,no_solution,7,10m,63.63961030678928,0,0.9041667367428701,164
7.798184924925738,no_solution,8,10m,93.00537618869137,0,0.8478722007735195,164
5.89681976530354,no_solution,9,10m,129.0348790056394,0,0.7188107112622704,164
6.776532760937599,no_solution,10,10m,115.10864433221339,0,0.7765299443940805,164
7.052775785562641,no_solution,11,10m,169.85287751463028,0,0.7954017141473488,164
11.200249681135881,no_solution,12,10m,127.47548783981962,0,1.1091427422001285,164
9.190541063997584,no_solution,0,10m,165.07574019219177,0,0.9510218247734418,165
9.093952572176295,no_solution,1,10m,135.83077707206124,0,0.9436771003628427,165
9.36459498114757,no_solution,2,10m,96.17692030835673,0,0.9643218805115187,165
2.4411282351784918,no_solution,3,10m,165.6804152578089,0,0.5435404039395588,165
5.842075247834998,no_solution,4,10m,137.2953021774598,0,0.7153500956265794,165
6.781803175164798,no_solution,5,10m,121.03718436910205,0,0.7768868761710955,165
7.735078577914356,no_solution,6,10m,159.53056133543816,0,0.8433483686037799,165
7.433314724800451,no_solution,7,10m,173.92527130926086,0,0.821919444204708,165
11.655122904256032,no_solution,8,10m,120.20815280171308,0,1.146175028525706,165
10.32939434309671,no_solution,9,10m,136.56500283747664,0,1.0394590761139564,165
12.758324691665246,no_solution,10,10m,115.97413504743201,0,1.2376427185035754,165
9.199906100104878,no_solution,0,10m,164.46884203398528,0,0.9517353319278999,168
9.454642803479418,no_solution,1,10m,149.164338901763,0,0.9712347783503634,168
9.49392973946367,no_solution,2,10m,127.47548783981962,0,0.9742575350613816,168
9.167622268032291,no_solution,3,10m,96.17692030835673,0,0.9492767005298686,168
8.675423855325267,no_solution,4,10m,65.19202405202648,0,0.9121600132763967,168
7.865798361514691,no_solution,5,10m,96.17692030835673,0,0.8527349659259871,168
5.918466909949119,no_solution,6,10m,137.2953021774598,0,0.720183642227157,168
6.7004399146008256,no_solution,7,10m,123.4908903522847,0,0.771390545029815,168
7.683562976297459,no_solution,8,10m,109.77249200050075,0,0.8396661425192519,168
7.56280405622545,no_solution,9,10m,173.92527130926086,0,0.8310729126775301,168
7.9857672455232365,no_solution,10,10m,171.0263137648707,0,0.8614027903040415,168
8.781915437155725,no_solution,11,10m,173.34935823359717,0,0.9201306128759574,168
12.090720573939855,no_solution,12,10m,125.09996003196804,0,1.1820193935442995,168
9.01633670374513,no_solution,0,10m,163.24827717314508,0,0.9377940388603756,169
9.268426575974521,no_solution,1,10m,127.47548783981962,0,0.9569631288222367,169
8.952909786291208,no_solution,2,10m,93.00537618869137,0,0.9329991762135205,169
4.470974345283925,no_solution,3,10m,172.19175357722565,0,0.6347044242245107,169
9.152616076758845,no_solution,4,10m,65.19202405202648,0,0.9481348604767004,169
8.392474869056352,no_solution,5,10m,71.06335201775947,0,0.8911505515019574,169
0.9566334929973841,no_solution,6,10m,173.92527130926086,0,0.5069226205602257,169
8.745820442513487,no_solution,7,10m,66.70832032063167,0,0.9174252011444244,169
6.093887024565276,no_solution,8,10m,135.09256086106296,0,0.7314021978530687,169
5.300644866133586,no_solution,9,10m,157.00318468107582,0,0.6820531285057505,169
11.841643893840521,no_solution,10,10m,123.4908903522847,0,1.1614787739254588,169
9.926640791514917,no_solution,11,10m,158.90248582070703,0,1.0078130860963028,169
8.57604310951672,no_solution,0,10m,163.24827717314508,0,0.904752568459821,172
8.17502324825852,no_solution,1,10m,171.0263137648707,0,0.8751772052058381,172
7.444303653450194,no_solution,2,10m,173.34935823359717,0,0.8226937470101378,172
8.731222935317488,no_solution,3,10m,93.00537618869137,0,0.916332184146132,172
8.1727970286443,no_solution,4,10m,99.24716620639605,0,0.8750144756567446,172
1.4148111318280392,no_solution,5,10m,172.19175357722565,0,0.5150242168095629,172
0.9432576784734881,no_solution,6,10m,173.92527130926086,0,0.5067316294945772,172
8.857524602202558,no_solution,7,10m,66.70832032063167,0,0.925810209741541,172
6.123614360089799,no_solution,8,10m,135.09256086106296,0,0.7333194278103289,172
11.795495887809887,no_solution,9,10m,123.4908903522847,0,1.157686116264497,172
9.078770003571785,no_solution,0,10m,155.08062419270823,0,0.9425249673282838,175
8.43349987572967,no_solution,1,10m,165.6804152578089,0,0.894181224796421,175
8.825225719383148,no_solution,2,10m,86.31338250816034,0,0.9233819274801983,175
3.4831753420449787,no_solution,3,10m,165.07574019219177,0,0.5853396230020277,175
2.9859509520240457,no_solution,4,10m,168.0773631397161,0,0.563934050308409,175
1.1668312089982211,no_solution,5,10m,171.0263137648707,0,0.5102658574817617,175
5.693289370967281,no_solution,6,10m,157.00318468107582,0,0.7060292012664813,175
6.921220638249534,no_solution,7,10m,163.24827717314508,0,0.7863732478643921,175
9.269588236235014,no_solution,8,10m,137.2953021774598,0,0.9570518688559332,175
8.33201552293414,no_solution,9,10m,159.53056133543816,0,0.8866939841451165,175
12.392238056631808,no_solution,10,10m,120.20815280171308,0,1.207040432884772,175
9.67927614981828,no_solution,11,10m,173.92527130926086,0,0.9885724018187849,175
8.681652629040787,no_solution,0,10m,155.72411502397438,0,0.9126252817457224,177
8.100054602933456,no_solution,1,10m,166.88319268278636,0,0.8697063491346911,177
8.77113314356406,no_solution,2,10m,85.14693182963201,0,0.9193220465644188,177
3.1707446789526634,no_solution,3,10m,163.24827717314508,0,0.571593645970708,177
3.253524054814817,no_solution,4,10m,149.164338901763,0,0.575140140627334,177
2.395710217206666,no_solution,5,10m,135.09256086106296,0,0.5419956035540403,177
6.39850733455729,no_solution,6,10m,29.154759474226502,0,0.7512612188385539,177
0.4194309406879633,no_solution,7,10m,101.24228365658294,0,0.501337982701151,177
0.42124203345468103,no_solution,8,10m,87.46427842267951,0,0.5013495472335693,177
2.905881589867818,no_solution,9,10m,69.6419413859206,0,0.5607283630342103,177
8.42919521304183,no_solution,10,10m,79.05694150420949,0,0.8938629722117871,177
5.0716584294101965,no_solution,11,10m,163.24827717314508,0,0.6685131634340247,177
5.8770108457007195,no_solution,12,10m,141.59802258506295,0,0.7175566098158243,177
8.486925526186647,no_solution,13,10m,99.24716620639605,0,0.8981359574395008,177
7.8033757791649485,no_solution,14,10m,113.35784048754634,0,0.8482449495702806,177
11.05519456075449,no_solution,15,10m,129.80754985747168,0,1.097422331806554,177
10.012077655249342,no_solution,16,10m,145.7737973711325,0,1.0144937543615382,177
8.67699520591311,no_solution,17,10m,172.19175357722565,0,0.9122773768238841,177
13.040998110218881,no_solution,18,10m,135.83077707206124,0,1.2614352345183695,177
12.319385166186773,no_solution,19,10m,147.13938969562162,0,1.2009794294635396,177
12.069808503859942,no_solution,20,10m,161.40012391568973,0,1.1802903136538154,177
12.45053139685325,no_solution,21,10m,171.0263137648707,0,1.2118971446145643,177
8.795723323830572,no_solution,0,10m,166.88319268278636,0,0.9211665725239829,180
8.708507188228628,no_solution,1,10m,76.48529270389177,0,0.9146325674145637,180
3.2171685286718295,no_solution,2,10m,165.07574019219177,0,0.5735739251265256,180
2.524142528468115,no_solution,3,10m,137.2953021774598,0,0.5464275230477006,180
1.5835570481669476,no_solution,4,10m,164.46884203398528,0,0.5187548538382033,180
0.8743638994019146,no_solution,5,10m,171.0263137648707,0,0.5057894795217427,180
1.090488429108121,no_solution,6,10m,109.77249200050075,0,0.5089775995797574,180
1.2787596642763979,no_solution,7,10m,91.92388155425118,0,0.5123056673316997,180
7.020154159060337,no_solution,8,10m,75.16648189186454,0,0.7931560767723108,180
9.087592808281668,no_solution,9,10m,79.05694150420949,0,0.94319440922612,180
9.064213373521085,no_solution,10,10m,99.24716620639605,0,0.9414209429965119,180
6.6668961704513,no_solution,11,10m,141.59802258506295,0,0.7691332819911668,180
6.355052835625895,no_solution,12,10m,149.164338901763,0,0.7483999618185606,180
11.179618039360909,no_solution,13,10m,142.30249470757707,0,1.1074730419474403,180
8.322201621098376,no_solution,0,10m,166.88319268278636,0,0.8859716924810658,181
8.37986682634659,no_solution,1,10m,155.08062419270823,0,0.8902202235942899,181
8.635187900422306,no_solution,2,10m,125.09996003196804,0,0.9091573557579087,181
8.000929504571541,no_solution,3,10m,76.48529270389177,0,0.862501833829587,181
0.6687783582699015,no_solution,4,10m,161.40012391568973,0,0.5033948979596607,181
0.0024643741981497783,no_solution,5,10m,114.23659658795863,0,0.5000000462496053,181
8.669243332561667,no_solution,6,10m,79.05694150420949,0,0.9116984649742834,181
5.458930136644555,no_solution,7,10m,163.24827717314508,0,0.6916066987600827,181
6.760780616016493,no_solution,8,10m,134.35028842544403,0,0.7754638908254081,181
6.103788549984084,no_solution,9,10m,149.164338901763,0,0.7320402746875988,181
7.749234119599557,no_solution,10,10m,120.20815280171308,0,0.8443618690570333,181
10.717305252164923,no_solution,11,10m,139.46325680981354,0,1.0702939223374874,181
10.304572523390359,no_solution,12,10m,155.08062419270823,0,1.0374976524568786,181
9.550187887497373,no_solution,13,10m,168.0773631397161,0,0.9785931139560973,181
8.11583300127766,no_solution,0,10m,173.34935823359717,0,0.870856215373475,187
9.126075899185443,no_solution,1,10m,141.59802258506295,0,0.9461169179710193,187
8.744368641525403,no_solution,2,10m,120.20815280171308,0,0.917316466175789,187
8.780225265947479,no_solution,3,10m,65.19202405202648,0,0.9200038437954061,187
0.6518190220472554,no_solution,4,10m,168.0773631397161,0,0.503225430917672,187
9.23731002123406,no_solution,5,10m,47.43416490252569,0,0.9545874843098024,187
5.340000542746471,no_solution,6,10m,99.24716620639605,0,0.6844139970215561,187
7.800383576627185,no_solution,7,10m,87.46427842267951,0,0.8480300714351984,187
8.471309085941213,no_solution,8,10m,88.60022573334675,0,0.8969790512894741,187
5.762894961175452,no_solution,9,10m,165.07574019219177,0,0.7103742068122351,187
6.556955511857916,no_solution,10,10m,145.08618128546908,0,0.7617713166558076,187
5.72164523614523,no_solution,11,10m,166.88319268278636,0,0.7077959381646705,187
7.799095969813213,no_solution,12,10m,125.09996003196804,0,0.8479376147892592,187
8.203381160858193,no_solution,0,10m,168.67127793433,0,0.8772515176411402,194
8.505611465473038,no_solution,1,10m,147.13938969562162,0,0.899521263634476,194
8.771671690283743,no_solution,2,10m,135.09256086106296,0,0.9193624240956784,194
8.721097653483502,no_solution,3,10m,135.83077707206124,0,0.9155744084126706,194
8.315638866636066,no_solution,4,10m,75.16648189186454,0,0.8854888550830738,194
0.805182196509607,no_solution,5,10m,127.47548783981962,0,0.50491373206566,194
0.6902774467669112,no_solution,6,10m,142.30249470757707,0,0.5036159015991972,194
0.06824880772576089,no_solution,7,10m,158.90248582070703,0,0.5000354707105146,194
8.940542801657124,no_solution,8,10m,87.46427842267951,0,0.9320656180095473,194
8.688999275805642,no_solution,9,10m,113.35784048754634,0,0.9131742022163057,194
7.029102378803239,no_solution,10,10m,148.49242404917499,0,0.7937716160758573,194
6.419002879014999,no_solution,11,10m,171.0263137648707,0,0.7526139377533465,194
12.089795329014454,no_solution,12,10m,154.434452114805,0,1.1819428738094462,194
8.093709268407887,no_solution,0,10m,171.0263137648707,0,0.8692441633755982,195
8.49323783250504,no_solution,1,10m,147.13938969562162,0,0.8986038062731073,195
9.045801014144914,no_solution,2,10m,135.83077707206124,0,0.9400253436682751,195
8.369225855558517,no_solution,3,10m,75.16648189186454,0,0.8894354381958678,195
0.7765421555792529,no_solution,4,10m,132.85330255586422,0,0.5045719026737622,195
2.2708137304855756,no_solution,5,10m,165.07574019219177,0,0.5378762647376857,195
11.005821392418776,no_solution,6,10m,101.24228365658294,0,1.0934430479622788,195
6.776353565498066,no_solution,7,10m,171.0263137648707,0,0.7765178107998936,195
8.62389236812946,no_solution,0,10m,143.0034964607509,0,0.9083152980057986,198
6.73186559989292,no_solution,1,10m,169.85287751463028,0,0.7735099120151653,198
8.138451478683447,no_solution,2,10m,73.824115301167,0,0.8725060192050593,198
4.973833685569986,no_solution,3,10m,115.97413504743201,0,0.6628340563674885,198
3.184136756150235,no_solution,4,10m,173.34935823359717,0,0.572162627981403,198
3.9984167260868313,no_solution,5,10m,132.85330255586422,0,0.6100384472918877,198
9.117677224447421,no_solution,6,10m,35.35533905932738,0,0.9454787465334423,198
1.5009415432571558,no_solution,7,10m,162.63455967290594,0,0.51687919230251,198
0.4427303024379713,no_solution,8,10m,120.20815280171308,0,0.5014905401401841,198
8.546227431395119,no_solution,9,10m,29.154759474226502,0,0.9025361344297852,198
6.687512592040395,no_solution,10,10m,164.46884203398528,0,0.770520018213161,198
12.658840905889535,no_solution,11,10m,118.53269591129698,0,1.229302754316068,198
12.166249180876003,no_solution,12,10m,123.4908903522847,0,1.1882711845492122,198
8.389380611101297,no_solution,0,10m,161.40012391568973,0,0.8909221840278471,199
8.733214682982908,no_solution,1,10m,137.2953021774598,0,0.916481282615287,199
8.020365286148607,no_solution,2,10m,149.164338901763,0,0.8639118024081894,199
8.50937941843087,no_solution,3,10m,105.11898020814318,0,0.8998007378444937,199
8.634172270300297,no_solution,4,10m,65.19202405202648,0,0.9090816267884172,199
4.124512765846424,no_solution,5,10m,127.47548783981962,0,0.6164411245703824,199
7.853305521942381,no_solution,6,10m,47.43416490252569,0,0.851835255526365,199
1.0538835432052824,no_solution,7,10m,164.46884203398528,0,0.5083897597991672,199
0.3843530996479579,no_solution,8,10m,132.85330255586422,0,0.5011237786365227,199
2.4074306837268646,no_solution,9,10m,165.07574019219177,0,0.542391879902691,199
9.98077130586999,no_solution,10,10m,65.19202405202648,0,1.0120437153753625,199
8.586190029772713,no_solution,11,10m,96.17692030835673,0,0.9055074942365096,199
8.49362968762654,no_solution,12,10m,121.03718436910205,0,0.8986328534868633,199
7.6876865043538025,no_solution,13,10m,143.0034964607509,0,0.8399605263076938,199
7.769775566052066,no_solution,14,10m,141.59802258506295,0,0.8458338737555001,199
8.25529742694646,no_solution,0,10m,166.88319268278636,0,0.8810559466708872,200
8.496902027523888,no_solution,1,10m,135.09256086106296,0,0.8988754423905567,200
8.974567055344496,no_solution,2,10m,96.17692030835673,0,0.9346350983494434,200
8.598717220468547,no_solution,3,10m,66.70832032063167,0,0.9064399475486796,200
4.2025623086992105,no_solution,4,10m,127.47548783981962,0,0.6204708900328815,200
3.9651097586581407,no_solution,5,10m,135.09256086106296,0,0.6083698884715917,200
2.875749170922454,no_solution,6,10m,154.434452114805,0,0.5595400474210296,200
7.318666543004536,no_solution,7,10m,51.478150704935004,0,0.8138691528328104,200
1.8796147345280385,no_solution,8,10m,145.7737973711325,0,0.5262359544970032,200
1.0862668654092822,no_solution,9,10m,168.67127793433,0,0.5089088155930599,200
0.4337313779617949,no_solution,10,10m,137.2953021774598,0,0.5014306458589222,200
9.386377376724646,no_solution,11,10m,21.213203435596427,0,0.9659921158986391,200
8.750113979887821,no_solution,12,10m,47.43416490252569,0,0.9177468093489783,200
3.192227642795499,no_solution,13,10m,171.0263137648707,0,0.5725072775017271,200
8.950974953794413,no_solution,14,10m,93.00537618869137,0,0.9328530906305899,200
8.605499481784745,no_solution,15,10m,120.20815280171308,0,0.9069449817077534,200
7.443337352207035,no_solution,16,10m,149.164338901763,0,0.8226256407117261,200
12.615718106969679,no_solution,17,10m,109.77249200050075,0,1.2256931543754996,200
11.833519989007486,no_solution,18,10m,158.90248582070703,0,1.1608108156268946,200
7.8552116145500825,no_solution,0,10m,169.85287751463028,0,0.8519724929346275,201
8.594984703073123,no_solution,1,10m,132.09844813622905,0,0.9061620696389554,201
5.501961526450832,no_solution,2,10m,155.72411502397438,0,0.6942304385954788,201
4.468759290575149,no_solution,3,10m,127.47548783981962,0,0.6345846477764608,201
8.777121174799728,no_solution,4,10m,60.41522986797286,0,0.9197710475809512,201
2.7168220229679854,no_solution,5,10m,154.434452114805,0,0.5534390857484718,201
1.4246789651617473,no_solution,6,10m,163.24827717314508,0,0.515231501614279,201
6.622370711757947,no_solution,7,10m,117.6860229593982,0,0.7661449811244877,201
8.703353258970571,no_solution,8,10m,117.6860229593982,0,0.9142471605371457,201
6.672343120129466,no_solution,9,10m,161.40012391568973,0,0.7694994752400838,201
8.584336336905459,no_solution,10,10m,125.09996003196804,0,0.9053695567657613,201
9.84406113647381,no_solution,11,10m,115.10864433221339,0,1.001372847931516,201
8.132893404201305,no_solution,0,10m,165.07574019219177,0,0.8721004512032567,203
8.641444980560498,no_solution,1,10m,132.09844813622905,0,0.9096239750604609,203
6.1365293299096075,no_solution,2,10m,157.00318468107582,0,0.7341537924286134,203
7.778564208180197,no_solution,3,10m,69.6419413859206,0,0.8464641349568145,203
4.46374394539569,no_solution,4,10m,120.20815280171308,0,0.6343135883958256,203
2.463595670287893,no_solution,5,10m,137.2953021774598,0,0.544313713459932,203
1.2472525763651978,no_solution,6,10m,163.24827717314508,0,0.5117134080732554,203
1.1905459953489879,no_solution,7,10m,171.0263137648707,0,0.5106830957339784,203
0.6848166635661664,no_solution,8,10m,151.16216457830973,0,0.5035591130799516,203
0.13621623971688765,no_solution,9,10m,163.24827717314508,0,0.5001412839409131,203
1.6152379046119032,no_solution,10,10m,164.46884203398528,0,0.5194989445133577,203
8.482455914615516,no_solution,11,10m,106.06601717798213,0,0.8978047589671861,203
7.918489650970363,no_solution,12,10m,145.7737973711325,0,0.8565357480029251,203
7.363086397839416,no_solution,13,10m,168.67127793433,0,0.816982085570967,203
12.466847724446543,no_solution,14,10m,155.72411502397438,0,1.2132576485563684,203
7.925895025168213,no_solution,0,10m,166.88319268278636,0,0.8570707009480235,204
8.401943779886926,no_solution,1,10m,135.09256086106296,0,0.8918495810929867,204
8.982529927067672,no_solution,2,10m,125.09996003196804,0,0.9352369269804559,204
8.637981810769258,no_solution,3,10m,96.17692030835673,0,0.9093656957959461,204
8.074496043861448,no_solution,4,10m,65.19202405202648,0,0.8678455278348562,204
4.226232762045228,no_solution,5,10m,120.20815280171308,0,0.6217029178122166,204
3.980817806359923,no_solution,6,10m,127.47548783981962,0,0.609155612801501,204
8.341389105977017,no_solution,7,10m,47.43416490252569,0,0.8873841589500636,204
3.6203305522340923,no_solution,8,10m,99.24716620639605,0,0.5916757698002644,204
2.579061334669622,no_solution,9,10m,132.09844813622905,0,0.5483821734514064,204
6.081310822841157,no_solution,10,10m,35.35533905932738,0,0.7305924964033038,204
8.377026146169946,no_solution,11,10m,127.47548783981962,0,0.890010684303795,204
7.528888337403141,no_solution,12,10m,149.164338901763,0,0.8286692754533754,204
9.335104318925389,no_solution,13,10m,172.19175357722565,0,0.96206261703222,204
8.038980964563725,no_solution,0,10m,161.40012391568973,0,0.8652634908446727,208
8.467443436027347,no_solution,1,10m,137.2953021774598,0,0.8966927921841819,208
8.486049581472624,no_solution,2,10m,125.89678312014172,0,0.8980710449546923,208
5.160430180586336,no_solution,3,10m,109.77249200050075,0,0.6737218620290364,208
5.735020207462828,no_solution,4,10m,96.17692030835673,0,0.7086308688390837,208
7.828545275075216,no_solution,5,10m,55.226805085936306,0,0.850053706267445,208
2.3037338391554822,no_solution,6,10m,145.7737973711325,0,0.5389435591638442,208
0.7441985961472928,no_solution,7,10m,171.0263137648707,0,0.5042004986701352,208
0.6321248886144367,no_solution,8,10m,151.82226450688975,0,0.5030340315894516,208
1.5107044023923724,no_solution,9,10m,165.07574019219177,0,0.5170959455475492,208
9.751700650202215,no_solution,10,10m,29.154759474226502,0,0.9941898963317687,208
9.068427926021503,no_solution,11,10m,105.11898020814318,0,0.9417405275640598,208
8.96681489164704,no_solution,12,10m,129.0348790056394,0,0.9340493694824562,208
8.165657078151572,no_solution,13,10m,149.164338901763,0,0.8744926793304305,208
7.765147995017116,no_solution,0,10m,161.40012391568973,0,0.8455021279675564,209
7.851705989262236,no_solution,1,10m,149.164338901763,0,0.851720100169371,209
8.100639384785241,no_solution,2,10m,127.47548783981962,0,0.8697489507102057,209
8.481338809272811,no_solution,3,10m,115.10864433221339,0,0.8977219911777822,209
5.122500621778345,no_solution,4,10m,159.53056133543816,0,0.6714899936619697,209
8.184025451376046,no_solution,5,10m,55.226805085936306,0,0.8758354055063315,209
2.706297936508279,no_solution,6,10m,163.24827717314508,0,0.5530450999043455,209
3.9651087560646876,no_solution,7,10m,107.00467279516349,0,0.6083698383894657,209
2.916424393523897,no_solution,8,10m,127.47548783981962,0,0.5611464793131722,209
1.6054667281427906,no_solution,9,10m,137.2953021774598,0,0.5192679871153781,209
1.0339319410057506,no_solution,10,10m,140.8900280360537,0,0.5080775378180091,209
0.15457083403040364,no_solution,11,10m,139.46325680981354,0,0.5001819168608832,209
9.810842848264214,no_solution,12,10m,29.154759474226502,0,0.9987869785717338,209
8.657419916105717,no_solution,13,10m,105.11898020814318,0,0.9108158397528577,209
7.82777897858035,no_solution,14,10m,149.164338901763,0,0.8499986044933233,209
7.243322738930838,no_solution,15,10m,162.63455967290594,0,0.8086069963227195,209
7.657568550012502,no_solution,16,10m,159.53056133543816,0,0.8378118070503815,209
12.676692536484326,no_solution,17,10m,155.08062419270823,0,1.230798001032226,209
11.843818580896194,no_solution,18,10m,168.0773631397161,0,1.1616576011704935,209
7.5856244136768884,no_solution,0,10m,164.46884203398528,0,0.8326926500136567,211
8.255583954340159,no_solution,1,10m,149.164338901763,0,0.8810769679912716,211
8.452524550874635,no_solution,2,10m,125.89678312014172,0,0.8955884597216295,211
8.312335760306329,no_solution,3,10m,127.47548783981962,0,0.8852458904366297,211
8.67837286571261,no_solution,4,10m,115.10864433221339,0,0.912380279825966,211
4.763923109951004,no_solution,5,10m,109.77249200050075,0,0.6508699710659095,211
5.17956305115128,no_solution,6,10m,96.17692030835673,0,0.6748512481637762,211
3.9212581709972816,no_solution,7,10m,113.35784048754634,0,0.6061877409700395,211
7.955476448084392,no_solution,8,10m,55.226805085936306,0,0.8592095261832002,211
1.574082716233719,no_solution,9,10m,132.09844813622905,0,0.5185349941809558,211
1.2628249374939566,no_solution,10,10m,145.7737973711325,0,0.5120043685316575,211
0.9321294668922329,no_solution,11,10m,85.14693182963201,0,0.5065747286092662,211
0.34479789121511545,no_solution,12,10m,169.85287751463028,0,0.500904569123264,211
0.3861937954821893,no_solution,13,10m,157.00318468107582,0,0.5011345562438078,211
1.4669278892230273,no_solution,14,10m,65.19202405202648,0,0.5161343311207863,211
1.2708240183841597,no_solution,15,10m,117.6860229593982,0,0.5121551669445511,211
0.9635375997659668,no_solution,16,10m,165.6804152578089,0,0.5070222276930137,211
8.74340523177142,no_solution,17,10m,21.213203435596427,0,0.9172443135283355,211
1.4732201671270058,no_solution,18,10m,135.83077707206124,0,0.5162709160831529,211
2.8716957080407215,no_solution,19,10m,165.6804152578089,0,0.5593809534588314,211
5.8968381860068275,no_solution,20,10m,168.0773631397161,0,0.7188118784753011,211
8.770193256020502,no_solution,21,10m,123.4908903522847,0,0.9192515805767275,211
7.312206395640193,no_solution,22,10m,149.83324063771698,0,0.8134170767833769,211
6.688011216217103,no_solution,23,10m,169.85287751463028,0,0.7705535815081547,211
7.332169026869072,no_solution,24,10m,157.00318468107582,0,0.8148145798873386,211
7.568571677363923,no_solution,25,10m,159.53056133543816,0,0.8314821006664836,211
7.310990724723258,no_solution,26,10m,169.85287751463028,0,0.8133320235932678,211
9.871517226085107,no_solution,27,10m,129.0348790056394,0,1.0035122297695813,211
9.962821418851405,no_solution,28,10m,169.85287751463028,0,1.0106400296024725,211
7.757483065600603,no_solution,0,10m,164.46884203398528,0,0.8449528071651317,212
8.262020091149015,no_solution,1,10m,149.164338901763,0,0.8815492313088498,212
8.561117189558333,no_solution,2,10m,127.47548783981962,0,0.9036426640885665,212
8.679591030873132,no_solution,3,10m,115.10864433221339,0,0.9124712743055224,212
5.160510167031622,no_solution,4,10m,109.77249200050075,0,0.6737265785594638,212
4.401082644613417,no_solution,5,10m,107.00467279516349,0,0.6309433930504517,212
3.082198338270212,no_solution,6,10m,135.09256086106296,0,0.5678785367077972,212
1.1202269419036033,no_solution,7,10m,145.7737973711325,0,0.5094694396891062,212
4.086524321040313,no_solution,8,10m,35.35533905932738,0,0.6144980759599862,212
0.09627088283312842,no_solution,9,10m,149.164338901763,0,0.5000705756392653,212
0.10296748388301047,no_solution,10,10m,139.46325680981354,0,0.5000807348083246,212
9.653295808907536,no_solution,11,10m,69.6419413859206,0,0.9865605262742234,212
7.4697735193789025,no_solution,0,10m,164.46884203398528,0,0.8244901964520982,213
7.857002518497031,no_solution,1,10m,149.164338901763,0,0.8521014485668948,213
7.8546310553746075,no_solution,2,10m,127.47548783981962,0,0.8519306916938513,213
4.933628212377774,no_solution,3,10m,109.77249200050075,0,0.6605187884965658,213
3.75255475418161,no_solution,4,10m,120.20815280171308,0,0.5979510362124911,213
2.623868085232996,no_solution,5,10m,135.09256086106296,0,0.550002959810281,213
2.478902388741469,no_solution,6,10m,143.0034964607509,0,0.5448439994920181,213
2.002927157539382,no_solution,7,10m,154.434452114805,0,0.5296941385809749,213
1.6080858026841387,no_solution,8,10m,132.09844813622905,0,0.5193297654347222,213
9.203706628284863,no_solution,9,10m,69.6419413859206,0,0.952024957091756,213
8.997274493808673,no_solution,10,10m,115.10864433221339,0,0.9363517906466269,213
8.465202877652972,no_solution,11,10m,129.0348790056394,0,0.8965268958596704,213
6.769028121302129,no_solution,12,10m,169.85287751463028,0,0.7760219166268113,213
7.0548636665728095,no_solution,13,10m,163.24827717314508,0,0.7955455940503627,213
7.752086070885121,no_solution,0,10m,164.46884203398528,0,0.8445661493362631,215
8.156527246997967,no_solution,1,10m,151.82226450688975,0,0.8738257075357442,215
3.9290436108925277,no_solution,2,10m,120.20815280171308,0,0.6065739378508579,215
8.000968004067591,no_solution,3,10m,55.226805085936306,0,0.8625046254917969,215
1.8479294874719066,no_solution,4,10m,158.90248582070703,0,0.5253794481358692,215
1.6423289182239595,no_solution,5,10m,132.09844813622905,0,0.5201460816284796,215
1.098833201711964,no_solution,6,10m,164.46884203398528,0,0.5091143230933742,215
1.062762604381408,no_solution,7,10m,145.7737973711325,0,0.5085305656520789,215
7.65235338285175,no_solution,8,10m,163.24827717314508,0,0.8374400783467423,215
7.343617458128816,no_solution,0,10m,164.46884203398528,0,0.8156167491883014,216
7.900845825179733,no_solution,1,10m,151.82226450688975,0,0.8552619586047051,216
7.55663089225258,no_solution,2,10m,139.46325680981354,0,0.8306350918754456,216
7.94706073350416,no_solution,3,10m,127.47548783981962,0,0.8586007347966124,216
8.50606124436556,no_solution,4,10m,115.97413504743201,0,0.8995546220198523,216
4.1507724998498094,no_solution,5,10m,113.35784048754634,0,0.6177913113312509,216
7.764822335587534,no_solution,6,10m,55.226805085936306,0,0.8454787846895591,216
2.876050018047106,no_solution,7,10m,143.0034964607509,0,0.5595518625411491,216
3.0441616676509433,no_solution,8,10m,135.09256086106296,0,0.5663079159801913,216
1.0669847230009284,no_solution,9,10m,145.7737973711325,0,0.508597921835657,216
0.33386460479040075,no_solution,10,10m,157.00318468107582,0,0.5008481587333042,216
0.3159914704555889,no_solution,11,10m,166.88319268278636,0,0.5007598439315821,216
8.932775053104285,no_solution,12,10m,79.05694150420949,0,0.9314794720978096,216
9.651011677310933,no_solution,13,10m,101.24228365658294,0,0.9863837293123577,216
8.678060795843418,no_solution,14,10m,137.2953021774598,0,0.9123569695581424,216
7.587082766431696,no_solution,15,10m,163.24827717314508,0,0.8327962270012973,216
8.855501626463916,no_solution,16,10m,149.83324063771698,0,0.92565802935235,216
8.280315554224476,no_solution,0,10m,149.83324063771698,0,0.8828924335050403,218
7.545539640283255,no_solution,1,10m,164.46884203398528,0,0.8298488252417427,218
7.15425091611934,no_solution,2,10m,171.0263137648707,0,0.8024155693712725,218
9.051235486465966,no_solution,3,10m,118.53269591129698,0,0.9404371600097928,218
5.668825061746892,no_solution,4,10m,142.30249470757707,0,0.7045086349393965,218
3.950420043521922,no_solution,5,10m,115.97413504743201,0,0.6076370344614225,218
7.536694556659593,no_solution,6,10m,57.0087712549569,0,0.8292221240304807,218
2.7708103274355267,no_solution,7,10m,135.83077707206124,0,0.5554799225086617,218
1.6747409155345652,no_solution,8,10m,163.24827717314508,0,0.5209334112458993,218
10.061615118010087,no_solution,9,10m,87.46427842267951,0,1.0183754068561004,218
7.677380260225343,no_solution,10,10m,166.88319268278636,0,0.8392248676947183,218
7.62366444698451,no_solution,0,10m,164.46884203398528,0,0.8353969767393643,219
6.811835580366256,no_solution,1,10m,171.0263137648707,0,0.7789231392267771,219
8.5965772513059,no_solution,2,10m,123.4908903522847,0,0.9062806262080826,219
5.054790795571712,no_solution,3,10m,149.164338901763,0,0.6675293463974619,219
5.379973873206452,no_solution,4,10m,139.46325680981354,0,0.6868218088167086,219
3.473500428906693,no_solution,5,10m,115.10864433221339,0,0.5848994690970378,219
3.890413607455122,no_solution,6,10m,96.17692030835673,0,0.6046629157466022,219
2.3726397020125383,no_solution,7,10m,135.83077707206124,0,0.5412204136918608,219
1.4163143929480018,no_solution,8,10m,129.0348790056394,0,0.5150557066795611,219
1.9922919933907197,no_solution,9,10m,115.10864433221339,0,0.5293881156999812,219
2.369304377332096,no_solution,10,10m,169.85287751463028,0,0.5411088759683425,219
8.55578814450675,no_solution,11,10m,49.49747468305833,0,0.9032465582869567,219
3.8068071313981715,no_solution,12,10m,165.07574019219177,0,0.6005720801993203,219
9.6188348229288,no_solution,13,10m,73.824115301167,0,0.9838945892301554,219
5.748965425007503,no_solution,14,10m,172.19175357722565,0,0.7095024785679573,219
8.677419738077035,no_solution,15,10m,114.23659658795863,0,0.9123090862426386,219
8.528742569741745,no_solution,16,10m,142.30249470757707,0,0.901237627005547,219
7.8832849851405635,no_solution,17,10m,157.00318468107582,0,0.8539952456719989,219
7.738282954305697,no_solution,18,10m,171.0263137648707,0,0.8435777300853681,219
8.404013481033564,no_solution,19,10m,158.90248582070703,0,0.8920024120174448,219
9.624544320593298,no_solution,20,10m,155.72411502397438,0,0.9843360710782483,219
7.096156607360559,no_solution,0,10m,169.85287751463028,0,0.7983949173737781,221
7.600395494132128,no_solution,1,10m,157.00318468107582,0,0.8337421083719301,221
8.290326364522516,no_solution,2,10m,118.53269591129698,0,0.8836278612963439,221
8.990281483649415,no_solution,3,10m,105.11898020814318,0,0.93582295888053,221
8.81936352833218,no_solution,4,10m,79.05694150420949,0,0.9229415271810854,221
5.121459387651222,no_solution,5,10m,98.2344135219425,0,0.6714288578601761,221
3.9230136587457785,no_solution,6,10m,114.23659658795863,0,0.6062747757132747,221
7.8133755409110455,no_solution,7,10m,51.478150704935004,0,0.8489632919531117,221
8.026562046347001,no_solution,8,10m,35.35533905932738,0,0.8643616188137886,221
1.7213583226689373,no_solution,9,10m,127.47548783981962,0,0.5220906891668219,221
0.9933995232047073,no_solution,10,10m,157.00318468107582,0,0.5074610749778979,221
0.9233161253332189,no_solution,11,10m,165.07574019219177,0,0.5064517542422471,221
0.3304926043848558,no_solution,12,10m,168.0773631397161,0,0.5008311263749612,221
7.575419438422514,no_solution,13,10m,21.213203435596427,0,0.831968082302081,221
5.270986530292362,no_solution,14,10m,79.05694150420949,0,0.6802804246813439,221
3.6704640157445834,no_solution,15,10m,165.6804152578089,0,0.5940360527588107,221
9.791886060570212,no_solution,16,10m,105.11898020814318,0,0.9973125258341199,221
8.961474628040271,no_solution,17,10m,115.97413504743201,0,0.9336459764483956,221
7.74737614018011,no_solution,18,10m,168.0773631397161,0,0.844228801085785,221
7.719878018639665,no_solution,0,10m,164.46884203398528,0,0.8422608578935805,223
8.313956575292295,no_solution,1,10m,127.47548783981962,0,0.8853651073567653,223
8.655212264288737,no_solution,2,10m,115.97413504743201,0,0.9106510841740056,223
9.119461979068582,no_solution,3,10m,75.16648189186454,0,0.9456143442265262,223
5.140648748006037,no_solution,4,10m,93.00537618869137,0,0.672556699366895,223
3.719499070027985,no_solution,5,10m,113.35784048754634,0,0.5963671467612792,223
2.0554395499112936,no_solution,6,10m,149.83324063771698,0,0.5312264659088576,223
1.9063342865984088,no_solution,7,10m,155.08062419270823,0,0.5269684723843885,223
1.7337737192714942,no_solution,8,10m,127.47548783981962,0,0.5224038304718132,223
0.7919357973602512,no_solution,9,10m,161.40012391568973,0,0.504754120796452,223
0.25963006844787934,no_solution,10,10m,157.00318468107582,0,0.5005130833155992,223
0.9915021710659457,no_solution,11,10m,165.07574019219177,0,0.5074328043924538,223
3.8951026239095388,no_solution,12,10m,173.92527130926086,0,0.6048941822677699,223
9.05683798840945,no_solution,13,10m,118.53269591129698,0,0.940861796825155,223
7.739180285095102,no_solution,14,10m,169.85287751463028,0,0.8436419655243378,223
8.54538241626976,no_solution,15,10m,169.85287751463028,0,0.9024733578603948,223
7.176632982311951,no_solution,0,10m,168.0773631397161,0,0.8039683182687122,224
6.978503382749376,no_solution,1,10m,172.19175357722565,0,0.7902954261957398,224
7.550283528242295,no_solution,2,10m,155.08062419270823,0,0.8301850659836842,224
7.764780237805813,no_solution,3,10m,142.30249470757707,0,0.8454757671472022,224
8.541542982586895,no_solution,4,10m,127.47548783981962,0,0.9021881524001387,224
8.805752739762386,no_solution,5,10m,106.06601717798213,0,0.9219193999208404,224
8.172533679382603,no_solution,6,10m,85.14693182963201,0,0.8749952267565374,224
4.666792893600397,no_solution,7,10m,101.24228365658294,0,0.645439815621514,224
8.07816797096077,no_solution,8,10m,35.35533905932738,0,0.8681127308355058,224
1.4730033319456093,no_solution,9,10m,123.4908903522847,0,0.5162662001533177,224
0.8538555273375954,no_solution,10,10m,127.47548783981962,0,0.5055225040306768,224
0.3705951102372335,no_solution,11,10m,161.40012391568973,0,0.501044846980613,224
0.16600884589017426,no_solution,12,10m,168.67127793433,0,0.500209830452137,224
9.643596528974005,no_solution,13,10m,29.154759474226502,0,0.9858098720982655,224
3.2776553352013513,no_solution,14,10m,166.88319268278636,0,0.5761871489249757,224
9.280007167488993,no_solution,15,10m,66.70832032063167,0,0.957847942515649,224
9.853424000343482,no_solution,16,10m,69.6419413859206,0,1.0021021934422825,224
8.990542055781475,no_solution,17,10m,137.2953021774598,0,0.9358426615968618,224
7.980650947602446,no_solution,18,10m,163.24827717314508,0,0.8610321119742019,224
8.30269814005297,no_solution,19,10m,157.00318468107582,0,0.8845371836748914,224
7.703391234981472,no_solution,0,10m,155.08062419270823,0,0.8410822770500271,226
7.218408999835027,no_solution,1,10m,163.24827717314508,0,0.8068719845462858,226
7.962149322938741,no_solution,2,10m,142.30249470757707,0,0.8596924156853261,226
8.555075821445119,no_solution,3,10m,107.93516572461452,0,0.9031936182481972,226
8.589656527714176,no_solution,4,10m,75.16648189186454,0,0.90576547252316,226
4.711785772137311,no_solution,5,10m,93.00537618869137,0,0.6479466799987392,226
7.764937842453475,no_solution,6,10m,45.27692569068709,0,0.845487064181479,226
2.9786650754609405,no_solution,7,10m,113.35784048754634,0,0.5636394835010988,226
8.379168674302838,no_solution,8,10m,35.35533905932738,0,0.8901687228736415,226
2.068800428700788,no_solution,9,10m,129.0348790056394,0,0.5316219714933574,226
0.40258066562873235,no_solution,10,10m,161.40012391568973,0,0.5012327636285688,226
10.008989444417432,no_solution,11,10m,29.154759474226502,0,1.0142519648947486,226
9.38772303502512,no_solution,12,10m,69.6419413859206,0,0.9660953402081843,226
9.733563127546287,no_solution,13,10m,87.46427842267951,0,0.9927818411700654,226
9.204743997527064,no_solution,14,10m,118.53269591129698,0,0.9521040183430384,226
9.252025635656269,no_solution,15,10m,137.2953021774598,0,0.9557106423783749,226
7.87816125184697,no_solution,16,10m,171.0263137648707,0,0.8536258609394235,226
7.814962407041655,no_solution,17,10m,173.34935823359717,0,0.8490773188635712,226
7.3152416354902705,no_solution,0,10m,158.90248582070703,0,0.8136294598769399,227
8.110755064547945,no_solution,1,10m,142.30249470757707,0,0.8704860642402431,227
7.957041433684752,no_solution,2,10m,129.80754985747168,0,0.8593227641146639,227
8.917237423995308,no_solution,3,10m,106.06601717798213,0,0.9303075424265586,227
9.010098444931597,no_solution,4,10m,95.13148795220224,0,0.9373219377568657,227
5.182282282810024,no_solution,5,10m,143.0034964607509,0,0.6750119534295927,227
4.65520610808064,no_solution,6,10m,107.00467279516349,0,0.6447966331312484,227
4.9063856599739895,no_solution,7,10m,93.00537618869137,0,0.6589563149159492,227
3.6637954673889577,no_solution,8,10m,106.06601717798213,0,0.5937207493512552,227
7.855751347370183,no_solution,9,10m,45.27692569068709,0,0.8520113556802593,227
7.809898515884168,no_solution,10,10m,45.27692569068709,0,0.8487134759927598,227
7.429339295710594,no_solution,11,10m,47.43416490252569,0,0.8216394421666601,227
1.9841627008433453,no_solution,12,10m,123.4908903522847,0,0.5291551819868446,227
1.1624045930485667,no_solution,13,10m,127.47548783981962,0,0.5101888690330774,227
0.702678651569774,no_solution,14,10m,132.85330255586422,0,0.5037465174492592,227
1.4935825263429052,no_solution,15,10m,145.08618128546908,0,0.5167166796898294,227
9.659351827789576,no_solution,16,10m,69.6419413859206,0,0.9870293404646221,227
8.971559926499426,no_solution,17,10m,88.60022573334675,0,0.9344078687828786,227
8.553321784030558,no_solution,18,10m,127.47548783981962,0,0.9030632644123177,227
8.965256439690672,no_solution,19,10m,149.83324063771698,0,0.9339316386182189,227
7.276690559248608,no_solution,0,10m,168.0773631397161,0,0.8109346705583599,238
7.510881178561145,no_solution,1,10m,149.83324063771698,0,0.8273948620277475,238
8.038036600479263,no_solution,2,10m,132.85330255586422,0,0.8651948918282953,238
8.408488629512085,no_solution,3,10m,107.93516572461452,0,0.8923329126320095,238
3.582925230254228,no_solution,4,10m,169.85287751463028,0,0.5899300514389793,238
8.76244698001255,no_solution,5,10m,65.19202405202648,0,0.9186709207348694,238
2.9761686654568433,no_solution,6,10m,99.24716620639605,0,0.5635386854308088,238
7.444779811426671,no_solution,7,10m,35.35533905932738,0,0.8227273086327722,238
7.36483246486414,no_solution,8,10m,35.35533905932738,0,0.8171046082221571,238
0.34705499071001483,no_solution,9,10m,105.11898020814318,0,0.5009164402017119,238
0.04957167376710161,no_solution,10,10m,149.164338901763,0,0.5000187134559557,238
0.046533734993146024,no_solution,11,10m,158.90248582070703,0,0.5000164901117126,238
0.4033422617352777,no_solution,12,10m,166.88319268278636,0,0.5012374266793524,238
7.246706735430543,no_solution,13,10m,65.19202405202648,0,0.8088428535500254,238
9.683977107149577,no_solution,14,10m,57.0087712549569,0,0.9889366203174043,238
10.283645030898272,no_solution,15,10m,105.11898020814318,0,1.035845069812695,238
8.947734710002964,no_solution,16,10m,158.90248582070703,0,0.9326084667627031,238
6.831438738379833,no_solution,0,10m,168.0773631397161,0,0.7802544320243767,242
6.927813268448105,no_solution,1,10m,149.83324063771698,0,0.7868239299615395,242
5.826089470520278,no_solution,2,10m,171.0263137648707,0,0.7143426919358428,242
7.521535583949537,no_solution,3,10m,123.4908903522847,0,0.8281487532561588,242
8.304522345276036,no_solution,4,10m,99.24716620639605,0,0.8846713043294137,242
7.773817441042121,no_solution,5,10m,101.24228365658294,0,0.8461236947777795,242
8.881036104622984,no_solution,6,10m,79.05694150420949,0,0.9275797635211511,242
1.166633706547001,no_solution,7,10m,168.0773631397161,0,0.510262416490246,242
0.5024354973963666,no_solution,8,10m,109.77249200050075,0,0.5019188679244347,242
0.7531743000766586,no_solution,9,10m,169.85287751463028,0,0.5043020101424815,242
1.5074697794966774,no_solution,10,10m,87.46427842267951,0,0.5170239851511113,242
9.933899059129086,no_solution,11,10m,57.0087712549569,0,1.0083799479815088,242
8.725774810727769,no_solution,12,10m,157.00318468107582,0,0.9159244085149313,242
7.137323222437723,no_solution,0,10m,163.24827717314508,0,0.8012425813794503,244
7.314993966002768,no_solution,1,10m,145.7737973711325,0,0.8136121284729431,244
7.625136018917653,no_solution,2,10m,132.85330255586422,0,0.8355017014472108,244
8.409268475746021,no_solution,3,10m,98.2344135219425,0,0.8923905126911303,244
8.955640124190444,no_solution,4,10m,85.14693182963201,0,0.9332053431333607,244
9.523950607710837,no_solution,5,10m,55.226805085936306,0,0.9765700881279341,244
8.848191963293997,no_solution,6,10m,25.495097567963924,0,0.9251082524561675,244
5.746898113165518,no_solution,7,10m,35.35533905932738,0,0.7093731970251888,244
11.6134041605402,no_solution,8,10m,60.41522986797286,0,1.1427613752410255,244
9.20294342955905,no_solution,9,10m,101.24228365658294,0,0.9519667931514415,244
7.606659657728318,no_solution,0,10m,155.08062419270823,0,0.8341874119479836,250
7.465754875249341,no_solution,1,10m,145.7737973711325,0,0.8242065862890877,250
8.100394027524672,no_solution,2,10m,127.47548783981962,0,0.8697310762019649,250
7.994742293793896,no_solution,3,10m,29.154759474226502,0,0.8620532552392948,250
8.833906708312123,no_solution,4,10m,65.19202405202648,0,0.924034277274812,250
13.30208841011313,no_solution,5,10m,171.0263137648707,0,1.2835343910443475,250
7.609603735573165,no_solution,0,10m,157.00318468107582,0,0.834396749570741,253
7.638215033468974,no_solution,1,10m,145.7737973711325,0,0.8364328253140036,253
8.608343639734587,no_solution,2,10m,125.09996003196804,0,0.9071568109744419,253
9.74382867589844,no_solution,3,10m,88.60022573334675,0,0.9935786759835737,253
8.86126194483735,no_solution,4,10m,60.41522986797286,0,0.9260913866054298,253
8.985975845224324,no_solution,5,10m,135.09256086106296,0,0.935497423496166,253
8.866741629127898,no_solution,6,10m,171.0263137648707,0,0.9265037214039523,253
21.3881727190517,no_solution,7,10m,139.46325680981354,0,2.0211115759851648,253
21.50560979621225,no_solution,8,10m,155.08062419270823,0,2.032575846177508,253
5.727911274609886,solution,0,1m,169.08134137154224,0,0.7081869680596887,10
5.071935773329433,solution,1,1m,159.0675956944091,0,0.6685293555615215,10
2.7675885697712603,solution,2,1m,169.21140623492258,0,0.5553572139969548,10
0.5497131295953773,solution,3,1m,58.553394436189606,1,0.5022961357465768,10
0.19812464222435136,solution,4,1m,104.99761902062352,1,0.5002988446114018,10
1.5584799108168315,solution,5,1m,14.713938969562161,1,0.518175598823463,10
0.945021302344731,solution,6,1m,68.28250141873832,1,0.506756662061085,10
1.3449380930578534,solution,7,1m,53.57704732439069,1,0.5135954700014991,10
5.691645355923353,solution,0,1m,168.3641885912797,0,0.7059269105843787,13
2.494106204638801,solution,1,1m,169.27049358940263,0,0.5453734731780066,13
0.4334829471122928,solution,2,1m,55.394043001030354,1,0.5014290097217345,13
1.8039689917764292,solution,3,1m,12.98075498574717,1,0.5242130586413851,13
0.25317667530122173,solution,4,1m,109.91132789662765,1,0.500487905752855,13
0.925577590138936,solution,5,1m,72.88689868556625,1,0.5064832002644983,13
1.4192428742039533,solution,6,1m,56.60830327787612,1,0.5151171422817991,13
5.8945424593778855,solution,0,1m,168.32854778676136,0,0.7186664258931031,14
5.208599482949242,solution,1,1m,154.9015816575157,0,0.676569758150387,14
2.2863988548891285,solution,2,1m,169.6540597804839,0,0.5383798868242,14
0.3049704278171398,solution,3,1m,54.023143188822324,1,0.5007078009144871,14
1.8859113241250314,solution,4,1m,12.747548783981962,1,0.5264077333885229,14
0.46002247488694425,solution,5,1m,107.01635389042181,1,0.5016090637930396,14
1.1350737699917386,solution,6,1m,73.11976476986233,1,0.5097197636319034,14
1.2447750506545754,solution,7,1m,69.50179853787958,1,0.5116674351241243,14
1.6703910640665325,solution,8,1m,54.55730931781735,1,0.520826921414064,14
5.674485006994621,solution,0,1m,164.08686723805778,0,0.7048601196722918,16
4.982129415943493,solution,1,1m,153.7546747256811,0,0.6633131473722261,16
3.105933297699949,solution,2,1m,168.95117637944992,0,0.5688663374413033,16
3.0728032663497573,solution,3,1m,168.34042889335882,0,0.5674891707484641,16
0.5247144345328514,solution,4,1m,111.5907702276492,1,0.502092460436572,16
0.44132063634727653,solution,5,1m,55.2675311552814,1,0.5014810770253928,16
0.13869570712789583,solution,6,1m,77.2172260574025,1,0.5001464734364325,16
17.43631138240341,solution,7,1m,0.7071067811865476,1,1.6480628532038848,16
0.20755673528394653,solution,8,1m,71.51573253487655,1,0.5003279667335464,16
2.7808443672490744,solution,9,1m,10.793516572461451,1,0.5558628395627638,16
0.5529615422056867,solution,10,1m,57.554322166106694,1,0.5023232917201839,16
6.002662813981752,solution,0,1m,168.625324313995,0,0.7255477217298992,18
5.264237103989322,solution,1,1m,152.52049042669643,0,0.6798777836724439,18
2.2039819575737036,solution,2,1m,168.01339232335022,0,0.5357506674306726,18
2.117002611304044,solution,3,1m,169.71299302056988,0,0.5330677112350591,18
2.3920495540639553,solution,4,1m,83.00903565275289,0,0.5418721732720571,18
0.35145018954323026,solution,5,1m,50.936234646860186,1,0.5009397779537216,18
17.144606863718653,solution,6,1m,0.7071067811865476,1,1.6214783386039293,18
0.18309069605698292,solution,7,1m,113.68597099026775,1,0.5002552227736934,18
0.8352012093955449,solution,8,1m,77.96473561809852,1,0.5052850521003049,18
1.3194618363361084,solution,9,1m,62.59792328823697,1,0.5130916159137129,18
6.158587852321801,solution,0,1m,168.8268343599441,0,0.7355808625346563,23
1.7509879208591608,solution,1,1m,169.82490983362834,0,0.5228414252291119,23
1.7060669231504981,solution,2,1m,170.1543417018796,0,0.5217078543674686,23
0.23548607838789457,solution,3,1m,43.502873468312416,1,0.5004221305844215,23
17.362362227972447,solution,4,1m,0.7071067811865476,1,1.6413112959859522,23
0.1446764304207351,solution,5,1m,127.32831578246844,1,0.5001593760096982,23
3.4658100076298446,solution,6,1m,11.423659658795863,1,0.5845502447114428,23
0.48261472272358324,solution,7,1m,117.27958049038205,1,0.5017707126449557,23
0.8548992984528869,solution,8,1m,83.93151970505478,1,0.5055359419575983,23
1.6584664546023011,solution,9,1m,61.5995129850878,1,0.5205363046774859,23
6.1773916852295985,solution,0,1m,168.85644790768282,0,0.7367993463705413,24
6.152839636925961,solution,1,1m,167.59027418081277,0,0.7352087418599705,24
5.3795773254077925,solution,2,1m,147.6092815509919,0,0.6867978739324669,24
1.7133787975872528,solution,3,1m,170.0367607313195,0,0.5218905219554325,24
1.7120155707355074,solution,4,1m,168.29289943428986,0,0.5218564108540136,24
0.47300920339559455,solution,5,1m,47.460509900337144,1,0.5017010439410966,24
0.050430893670296364,solution,6,1m,131.07440634998122,0,0.5000193677818772,24
17.249909267739135,solution,7,1m,0.7071067811865476,1,1.6310602167555708,24
3.1874108864932573,solution,8,1m,12.103718436910205,1,0.5723020156981522,24
0.42853391838270427,solution,9,1m,117.52659273543158,1,0.501396610257369,24
0.7603882386587142,solution,10,1m,86.77845354694908,1,0.5043844642671065,24
1.154661278466729,solution,11,1m,79.8655119560377,1,0.5100548727162227,24
1.494470298712084,solution,12,1m,64.54843142943135,1,0.5167362450440748,24
6.947458475787222,solution,0,1m,166.42265470782516,0,0.7881680167567334,30
1.750715221849786,solution,1,1m,170.1719718402534,0,0.5228344621496055,30
1.5585043643167864,solution,2,1m,169.972056526948,0,0.5181761594732854,30
0.6659103900458468,solution,3,1m,149.90163441403834,0,0.5033659377751974,30
0.7171836549010653,solution,4,1m,40.87175063537161,1,0.5039021995072576,30
18.84374328632305,solution,5,1m,0.7071067811865476,1,1.7781450507403258,30
1.8223496953249207,solution,6,1m,16.507574019219177,1,0.5246976373690792,30
0.5872850128194764,solution,7,1m,89.8470923291344,1,0.5026199118206781,30
6.905369143868006,no_solution,0,1m,165.48867030706361,0,0.785290385083899,33
6.473619264720899,no_solution,1,1m,168.9156594280116,0,0.7562285539518385,33
1.4368051511778979,no_solution,2,1m,169.30002953337012,0,0.5154880864023866,33
0.996480773598084,no_solution,3,1m,37.31621631409058,0,0.5075070975498107,33
17.329051307119286,no_solution,4,1m,0.7071067811865476,0,1.6382727152268683,33
2.3002386962370114,no_solution,5,1m,9.82344135219425,0,0.5388296129132988,33
0.1877604626623793,no_solution,6,1m,127.61857231610139,0,0.5002684043781694,33
1.2627302156562317,no_solution,7,1m,19.50640920313116,0,0.5120025882852853,33
1.0331971848804122,no_solution,8,1m,107.11909260257949,0,0.5080661500428403,33
7.043970880471828,solution,0,1m,161.84097132679352,0,0.7947951525696627,36
6.706525717476676,solution,1,1m,168.5185449735429,0,0.7718006261827663,36
3.4001646820274765,solution,2,1m,66.86179776224985,0,0.5815927133352758,36
1.246702721629435,solution,3,1m,170.24247413615674,0,0.5117031974271594,36
1.2329300187356282,solution,4,1m,169.08134137154224,0,0.5114488471124271,36
0.5526833664513244,solution,5,1m,154.24169345543376,0,0.5023209600275892,36
0.9803342133399819,solution,6,1m,34.4746283518764,1,0.507267466240714,36
0.21885888590771407,solution,7,1m,141.48674849610475,1,0.5003646439418614,36
18.151463896571364,solution,8,1m,0.7071067811865476,0,1.7137841374142304,36
1.56058989002935,solution,9,1m,9.82344135219425,1,0.5182240048957611,36
1.1683847599042416,solution,10,1m,20.112185361118765,1,0.5102929437856338,36
0.8116680949680717,solution,11,1m,90.90929545431534,1,0.5049928306645822,36
0.8399409557963958,solution,12,1m,109.76565947508355,1,0.5053448978214141,36
7.185000511638725,solution,0,1m,168.44138446355754,0,0.8045493391996364,39
7.141789645036628,solution,1,1m,168.5007418381296,0,0.8015519632671402,39
1.081586855191153,solution,2,1m,169.50663703819978,0,0.5088328632430712,39
0.41420934157332784,solution,3,1m,156.02724121127054,0,0.5013049182493776,39
1.3898903152994646,solution,4,1m,31.81980515339464,1,0.5145067873214335,39
0.09973315440609931,solution,5,1m,145.80294921571374,0,0.5000757428841588,39
18.117303365920932,solution,6,1m,0.7071067811865476,0,1.7106271788763958,39
1.2175945689685606,solution,7,1m,12.589678312014172,1,0.5111688188416535,39
0.5937402612781908,solution,8,1m,123.7760073681487,1,0.5026776726966392,39
0.8601502400402379,solution,9,1m,92.80355596635293,1,0.5056037884094641,39
0.9648436472815525,solution,10,1m,111.77879942099933,1,0.5070411487553229,39
7.366170268873414,solution,0,1m,167.7691866821795,0,0.8171984908884794,41
6.239860083506131,solution,1,1m,129.84798804756275,0,0.7408602290180722,41
3.8595184107574863,solution,2,1m,62.30971031869752,0,0.6031439886052083,41
0.9407448839958564,solution,3,1m,170.10144032312013,0,0.506696042035935,41
1.398324513759906,solution,4,1m,30.008332176247315,1,0.5146809331436653,41
0.01976048708538885,solution,5,1m,143.60536201688294,0,0.5000029736426554,41
0.8844973381905059,solution,6,1m,13.583077707206124,1,0.5059236825147077,41
18.296951169383178,solution,7,1m,0.7071067811865476,0,1.7272492946154658,41
0.7902457862779232,solution,8,1m,25.10975905897944,1,0.5047339441108416,41
0.24765296784892019,solution,9,1m,130.8453285371702,1,0.5004668576939255,41
0.5988102259171749,solution,10,1m,97.64476432456581,1,0.5027234763151095,41
7.546263730351855,solution,0,1m,167.9002680164627,0,0.829900142329497,43
7.497741761192923,solution,1,1m,156.35376554467757,0,0.8264657295733976,43
0.9173825865295416,solution,2,1m,170.04264171083676,0,0.5063696041968508,43
0.6230810772980929,solution,3,1m,159.82021148778398,0,0.5029480826631987,43
0.32030948803201903,solution,4,1m,149.58108169150267,0,0.5007807364614444,43
1.4738253752276185,solution,5,1m,28.78367592924851,1,0.5162840821534702,43
0.5320569303438574,solution,6,1m,15.890248582070704,1,0.5021513081499943,43
16.88183673178115,solution,7,1m,0.7071067811865476,0,1.5976411094672236,43
0.6054757344059328,solution,8,1m,25.5049014897137,1,0.5027842808801681,43
0.2042828238842736,solution,9,1m,130.3629548606505,1,0.5003177050909352,43
0.519472001384489,solution,10,1m,98.86607102540285,1,0.5020509403704159,43
1.0127407944313185,solution,11,1m,112.59884546477375,1,0.5077522547866669,43
7.981714660377909,solution,0,1m,168.28695730804571,0,0.8611091710493646,53
8.011321159279179,solution,1,1m,147.4262527503158,0,0.863255534917048,53
4.8858575783808105,solution,2,1m,52.17758139277826,0,0.6577823371602736,53
0.3698770520474862,solution,3,1m,168.10859585398958,0,0.5010408060401252,53
0.3416243574034148,solution,4,1m,165.36172471282464,0,0.5008880086709693,53
2.816038391612853,solution,5,1m,19.6596032513375,1,0.5572148076874497,53
0.15405505744159262,solution,6,1m,24.9098374141623,1,0.5001807050482632,53
0.02751605628528244,solution,7,1m,152.44835190975337,1,0.5000057658678557,53
0.4406243026101401,solution,8,1m,34.532593299664015,1,0.5014764135957602,53
0.7665718762007588,solution,9,1m,104.09851103642166,1,0.5044557572682921,53
0.759746850850585,solution,10,1m,122.32947314527271,1,0.5043771020095562,53
8.327514752398546,solution,0,1m,167.4171436860634,0,0.8863626941092045,54
0.5696169387106769,solution,1,1m,169.62458548217592,0,0.5024650170395261,54
3.043310863352985,solution,2,1m,19.03943276465977,1,0.5662729595395372,54
0.17285057783270832,solution,3,1m,152.7497954172116,0,0.5002274784544786,54
0.0650487283879537,solution,4,1m,25.347583711273153,1,0.5000322224638761,54
0.3090303464171024,solution,5,1m,34.763486591537394,1,0.5007267581514953,54
0.19333598835191806,solution,6,1m,141.50088338946864,1,0.500284577050404,54
0.5576359165438928,solution,7,1m,108.63931148529983,1,0.5023626466351041,54
0.6317473471688266,solution,8,1m,101.8258316931416,1,0.5030304190949836,54
0.5579418389840031,solution,9,1m,123.76792799429099,1,0.5023652337299578,54
8.127466031102111,solution,0,1m,163.01073584276588,0,0.871704520318918,61
7.759596363084308,solution,1,1m,121.58330477495666,0,0.8451042391972061,61
7.5696762963894555,solution,2,1m,109.00688051678206,0,0.831560482922045,61
6.650199536461558,solution,3,1m,93.78965827851171,0,0.7680116293859496,61
5.90546237971661,solution,4,1m,42.02975136733502,0,0.7193585470781989,61
1.2760548123876327,solution,5,1m,168.8268343599441,0,0.5122542691105474,61
0.5679476108043088,solution,6,1m,108.11336642617323,1,0.5024506244179382,61
4.190748815854326,solution,7,1m,10.51189802081432,1,0.6198577223096176,61
1.0111926403974623,solution,8,1m,42.101068870041765,1,0.507728746878601,61
0.8431409757935532,solution,9,1m,31.216982557575932,1,0.5053854899938846,61
8.622775005269624,solution,0,1m,167.75726511838465,0,0.9082320221575798,66
6.908417836660638,solution,1,1m,90.46822646653354,0,0.785498565859729,66
4.3935597675987665,solution,2,1m,9.192388155425117,1,0.6305408340490041,66
0.15733852321053793,solution,3,1m,168.92749924153853,0,0.5001884886545384,66
0.39437895075652046,solution,4,1m,37.04726710568541,1,0.5011831025890459,66
0.45590017079358386,solution,5,1m,48.974483151943524,1,0.5015803990798996,66
0.4979055326514909,solution,6,1m,122.08398748402675,1,0.5018844857661527,66
8.691895815618468,no_solution,0,1m,165.10754071210678,0,0.9133906681700072,69
0.020084044413267114,no_solution,1,1m,169.02218789259592,0,0.5000030718201971,69
0.7564762973543699,no_solution,2,1m,40.18084120572888,0,0.5043396555062732,69
0.7761373249632065,no_solution,3,1m,50.42320894191484,0,0.5045671580125717,69
0.6488704514248161,no_solution,4,1m,122.08398748402675,0,0.5031964057685981,69
0.8521623289879728,no_solution,5,1m,111.63556780883053,0,0.5055007392966225,69
8.123727241966145,solution,0,1m,168.5185449735429,0,0.8714318303891087,70
8.380491052208994,solution,1,1m,131.79719268633912,0,0.8902662723068496,70
5.859635463469734,solution,2,1m,36.28360511305347,0,0.7164583486943022,70
3.346355423734771,solution,3,1m,5.70087712549569,1,0.5792000288777878,70
0.013250311578559852,solution,4,1m,168.29289943428986,1,0.5000013370460341,70
0.748648974980027,solution,5,1m,40.47838929601819,1,0.5042506809736601,70
0.7808612068318758,solution,6,1m,49.563091106185055,1,0.5046226737378603,70
0.577929186350814,solution,7,1m,122.08398748402675,1,0.5025373063990833,70
0.869172072118001,solution,8,1m,105.84186317332097,1,0.5057213069881465,70
8.691581579744868,no_solution,0,1m,166.99251480231084,0,0.913367183282227,71
6.030004227778813,no_solution,1,1m,36.28360511305347,0,0.727297793536883,71
0.11960082273472346,no_solution,2,1m,169.02218789259592,0,0.5001089223588573,71
0.9317908933714508,no_solution,3,1m,43.34166586553867,0,0.5065699833841968,71
0.918266682311755,no_solution,4,1m,52.15841255253078,0,0.5063818117748751,71
0.6639701702087787,no_solution,5,1m,125.02999640086374,0,0.5033464154781279,71
0.9110676728175278,no_solution,6,1m,109.9840897584737,0,0.5062827416858191,71
8.651868140505627,solution,0,1m,168.15023044884595,0,0.9104015426348173,72
0.6728214161017865,solution,1,1m,4.743416490252569,1,0.5034359325915864,72
0.24464403764679266,solution,2,1m,168.32854778676136,1,0.5004555871646537,72
1.2298710462449822,solution,3,1m,44.30011286667337,1,0.5113927217999212,72
1.301094967702809,solution,4,1m,51.6768807108169,1,0.5127340527610447,72
1.1883285591984971,solution,5,1m,61.98790204547981,1,0.510643740523757,72
0.936524514091081,solution,6,1m,123.92941539440909,1,0.5066364792097003,72
1.156518077590844,solution,7,1m,109.9840897584737,1,0.5100869256910553,72
2.9778783845030405,solution,8,1m,86.50144507463445,0,0.5636077118751786,72
8.530307080757323,solution,0,1m,167.32752313950027,0,0.901353776237169,73
0.2819996821788833,solution,1,1m,6.041522986797286,1,0.5006052519776929,73
0.0001801876045754628,solution,2,1m,167.60817402501584,0,0.5000000002472547,73
0.1085953359834012,solution,3,1m,161.01707983937604,1,0.5000898005780884,73
0.92879728039933,solution,4,1m,44.99444410146657,1,0.5065280999943992,73
0.8862315428659931,solution,5,1m,53.89341332667657,1,0.5059468010605804,73
0.47780926909649934,solution,6,1m,125.66821396041244,1,0.5017356848605953,73
0.7576380468608299,solution,7,1m,110.29279214889793,1,0.5043529388735741,73
8.9303497659283,no_solution,0,1m,165.39800482472575,0,0.9312964982277031,76
0.17553080517062203,no_solution,1,1m,169.74245196767956,0,0.5002345861046139,76
1.27784090657488,no_solution,2,1m,48.42003717470692,0,0.5122881972423433,76
1.1934278831782652,no_solution,3,1m,57.03069349043548,0,0.510734348898076,76
0.6945996017973693,no_solution,4,1m,128.76529035419443,0,0.5036611644531411,76
1.0148176239745825,no_solution,5,1m,113.19231422671771,0,0.5077838451705549,76
8.877598224386759,solution,0,1m,168.2691296702993,0,0.9273209165194357,77
6.7665749868414595,solution,1,1m,27.54087870784082,0,0.775855905876027,77
2.4575704236555187,solution,2,1m,5.1478150704935,1,0.5441057391841543,77
1.4352584600370808,solution,3,1m,47.75458093209488,1,0.5154552450224567,77
0.45579454689414356,solution,4,1m,169.05176721939347,1,0.5015796679866105,77
1.3356527708266248,solution,5,1m,57.93530875036397,1,0.513410770349074,77
0.9455256160272295,solution,6,1m,127.9863273947651,1,0.5067638285765536,77
1.2367090446316773,solution,7,1m,112.20739726060845,1,0.5115183680089744,77
8.675213001543833,solution,0,1m,163.33554420272398,0,0.912144265259953,79
8.374531043364806,solution,1,1m,136.47160876900367,0,0.8898266573923824,79
8.45924537035763,solution,2,1m,124.30004022525496,0,0.8960858645281883,79
7.904259883115943,solution,3,1m,95.32313465261201,0,0.855508350071353,79
5.9528241893075595,solution,4,1m,28.50438562747845,1,0.7223679158645555,79
0.004946997571571502,solution,5,1m,165.1559868730165,0,0.5000001863708815,79
0.18867136106720464,solution,6,1m,169.77779595695074,0,0.5002710142733328,79
0.7232045769316079,solution,7,1m,56.94295391003175,1,0.5039677422050475,79
0.8897212677985534,solution,8,1m,49.23921201644072,1,0.5059934564243775,79
0.3672864404522989,solution,9,1m,131.12780025608603,0,0.50102629200971,79
0.3498967864840529,solution,10,1m,147.3041072068257,0,0.5009314962136528,79
0.8245445802295549,solution,11,1m,110.33811671403495,0,0.505151709621894,79
0.7989220115592611,solution,12,1m,118.03601145413208,0,0.5048379767057867,79
9.099518036655262,no_solution,0,1m,167.81090548590697,0,0.9440995992004604,80
1.5719106967087229,no_solution,1,1m,48.646685395821166,0,0.5184847638827771,80
1.360837151798282,no_solution,2,1m,59.16502345136018,0,0.5139145464189098,80
0.4942435866957312,no_solution,3,1m,169.95440565045672,0,0.5018569177702099,80
0.543333610493288,no_solution,4,1m,163.4457096408468,0,0.5022432660117719,80
1.6728360137781026,no_solution,5,1m,69.64553108419807,0,0.5208867453737409,80
0.9319207320949942,no_solution,6,1m,130.70003825554144,0,0.5065718029201667,80
0.9281554978631931,no_solution,7,1m,144.10586386403574,0,0.5065191379751787,80
1.368928564631824,no_solution,8,1m,109.85672487381007,0,0.5140782970662262,80
1.3381664862938791,no_solution,9,1m,116.6554756537386,0,0.5134606521519208,80
11.554055414733552,solution,0,1m,163.12112064352672,0,1.1379110593622828,82
1.9752818092905124,solution,1,1m,52.02403290787826,1,0.5289016877754711,82
1.8579974852638175,solution,2,1m,61.192319779527885,1,0.5256501713601014,82
2.9757715954103388,solution,3,1m,38.942264957241505,0,0.5635226590356633,82
0.7629925518007094,solution,4,1m,167.9002680164627,1,0.5044144209807987,82
1.2837236990864718,solution,5,1m,131.12780025608603,1,0.5124002651138854,82
1.5032088629085782,solution,6,1m,117.040591249361,1,0.5169294134990291,82
9.081973692292488,solution,0,1m,167.21991508190644,0,0.9427680261023148,83
7.101410285166184,solution,1,1m,22.192341021172147,0,0.7987579449291227,83
3.542736755284988,solution,2,1m,10.51189802081432,1,0.5880691763801975,83
0.5091839514719386,solution,3,1m,168.9452574060604,1,0.5019706614432463,83
1.6526321113418525,solution,4,1m,52.54046059942756,1,0.5203948164277584,83
1.4443146729448508,solution,5,1m,61.98790204547981,1,0.5156480121718072,83
0.8452157728431929,solution,6,1m,134.5083640522031,1,0.5054118895232583,83
1.1065327811304078,solution,7,1m,119.76017702057726,1,0.5092413680463389,83
8.870312717008183,solution,0,1m,165.0530217839104,0,0.9267724855281912,84
8.110218167514699,solution,1,1m,93.56548508932127,0,0.8704469327405941,84
6.506009900514474,solution,2,1m,23.717082451262844,0,0.7583789733965933,84
3.947543029498379,solution,3,1m,10.51189802081432,1,0.607493722665987,84
1.8263684319085607,solution,4,1m,54.207932998777956,1,0.5248041812701929,84
1.6572553361172933,solution,5,1m,63.81614215854794,1,0.5205068959931923,84
1.0177343083270207,solution,6,1m,133.70302913546874,1,0.5078283165012257,84
1.3128530964594527,solution,7,1m,121.03098776759612,1,0.5129624087448061,84
9.172398294460193,solution,0,1m,166.68083273130117,0,0.9496402454345938,87
8.857804140202225,solution,1,1m,129.74012486505475,0,0.9258312392112192,87
8.982005033735598,solution,2,1m,116.55256324937689,0,0.9351972502960105,87
8.44917186238581,solution,3,1m,88.81722805852478,0,0.8953403819902093,87
4.673422026256009,solution,4,1m,14.230249470757707,1,0.6458082417487657,87
2.2058146989855225,solution,5,1m,57.118298293979315,1,0.5358082188757204,87
1.0244344488852857,solution,6,1m,165.31333884475262,1,0.5079309439223035,87
1.368971070617571,solution,7,1m,137.02736952886457,0,0.5140791597136446,87
1.5203197465086944,solution,8,1m,125.97817271257748,1,0.5173107102247867,87
1.4037959256359982,solution,9,1m,137.52272539475067,1,0.5147944371733486,87
1.3468596448265913,solution,10,1m,152.30397237104486,1,0.5136338443847291,87
9.002173654723059,solution,0,1m,167.28568378674848,0,0.9367223626175294,88
9.147595622463488,solution,1,1m,157.01751494658168,0,0.9477529873906352,88
9.09755236048842,solution,2,1m,114.84119469946313,0,0.943950366167868,88
5.115419988457801,solution,3,1m,14.230249470757707,1,0.6710743966812931,88
2.175316271475902,solution,4,1m,58.090446718888295,1,0.5348559669735731,88
1.9270465209625012,solution,5,1m,68.06247130394253,1,0.527542721886302,88
0.9203470172203154,solution,6,1m,168.9215794385075,1,0.5064105822571039,88
1.2016784083135856,solution,7,1m,138.26243162913056,1,0.5108817383474373,88
1.4739350093511843,solution,8,1m,127.44606702444764,1,0.516286467745431,88
3.5221242090253924,solution,9,1m,88.50141241810776,0,0.5871207043182651,88
9.619027566669653,no_solution,0,1m,161.27771079724562,0,0.9839094916017371,90
9.212074762416252,no_solution,1,1m,126.3032066101253,0,0.9526628040004077,90
9.255189778774993,no_solution,2,1m,112.90039858211307,0,0.9559522205347577,90
2.69526578538188,no_solution,3,1m,58.090446718888295,0,0.5526334455282013,90
2.333276065444803,no_solution,4,1m,68.51642138932827,0,0.5399126420758046,90
2.1329607999845464,no_solution,5,1m,80.01562347441904,0,0.5335528324899226,90
1.0972191845530026,no_solution,6,1m,169.50663703819978,0,0.5090877999940343,90
1.58181903859411,no_solution,7,1m,138.57308540982984,0,0.518714429875633,90
1.7772999234073334,no_solution,8,1m,124.54918707081151,0,0.5235179456015067,90
1.5300617622465602,no_solution,9,1m,151.1241211719691,0,0.5175296046855039,90
8.898831601439253,solution,0,1m,167.50671628325833,0,0.9289201831506512,97
6.3445899867144275,solution,1,1m,23.16246964380094,1,0.7477124182732389,97
3.0614773402917645,solution,2,1m,65.89764790946639,1,0.5670210219021756,97
2.7513405931656396,solution,3,1m,75.91113225344489,1,0.5547401481352967,97
1.4728339367221246,solution,4,1m,169.05768246370823,1,0.5162625164449282,97
1.7126067730884944,solution,5,1m,145.60391478253598,1,0.521871201041426,97
1.9718020880389082,solution,6,1m,133.0507422001095,1,0.5288026414320636,97
3.773041946326446,solution,7,1m,96.3768644437035,0,0.5989376877837137,97
9.123385953393957,solution,0,1m,156.347369661277,0,0.945912501588105,98
8.597025618400714,solution,1,1m,165.80259346584418,0,0.9063140061080528,98
9.070670045435374,solution,2,1m,129.3928127834,0,0.9419105652583314,98
8.901476040552135,solution,3,1m,106.12492638395562,0,0.9291194502170077,98
6.047545684650215,solution,4,1m,25.10975905897944,1,0.7284226752212628,98
2.971718025905684,solution,5,1m,67.48703579206898,1,0.5633591475277993,98
2.694383835396896,solution,6,1m,77.79781487933964,1,0.5526005962016516,98
2.4536843799318255,solution,7,1m,87.02011261771614,1,0.5439718334875207,98
1.8221029356037186,solution,8,1m,145.80294921571374,1,0.5246911022915658,98
1.5830232810801008,solution,9,1m,167.93599971417683,1,0.518742434675536,98
1.6781785846051427,solution,10,1m,158.84111558409555,1,0.521017750625843,98
2.014672962962571,solution,11,1m,133.49344553198108,1,0.5300338122017942,98
2.6358847465749866,solution,12,1m,118.39130035606502,0,0.5504415876419336,98
3.790532960963641,solution,13,1m,96.3768644437035,0,0.5997830515092772,98
8.714502832006314,solution,0,1m,163.50076452420643,0,0.9150810175353861,100
9.149247158347318,solution,1,1m,153.77418508969572,0,0.9478786011769326,100
7.535787423372924,solution,2,1m,167.41117047556892,0,0.8291578675931969,100
8.967042898980917,solution,3,1m,105.1594028130628,0,0.9340665945315952,100
5.8349839550024525,solution,4,1m,28.044607324760317,1,0.7149030363299348,100
2.9312754329616966,solution,5,1m,72.58443359288546,1,0.5617375105853833,100
2.9143506277131883,solution,6,1m,76.52777273643864,1,0.561064140175553,100
2.5100073532918628,solution,7,1m,89.51256894984078,1,0.5459301580982899,100
1.6127821930151138,solution,8,1m,160.5381574579701,1,0.5194407773940594,100
1.9571129663749098,solution,9,1m,134.4191206636913,1,0.5283862598762434,100
1.6036154670316611,solution,10,1m,166.84274032753117,1,0.519224376305649,100
3.724870199450753,solution,11,1m,97.74712271980184,0,0.5966238296091567,100
8.50663292976272,solution,0,1m,163.17628504166896,0,0.8995970226570825,103
9.003510614219612,solution,1,1m,152.7367015487764,0,0.9368235019741672,103
8.833461632511813,solution,2,1m,116.06248317178122,0,0.9240008257991142,103
8.9524903231024,solution,3,1m,97.37812896128165,0,0.932967504586087,103
6.307598116078979,solution,4,1m,28.71410803072246,1,0.7452859068326408,103
3.2607356164486614,solution,5,1m,72.26686654338903,1,0.5754524176287288,103
2.937535402372139,solution,6,1m,81.62413858657254,1,0.5619873590399197,103
2.6101466034397642,solution,7,1m,95.54318395364476,1,0.5495041428818661,103
1.8619560854354198,solution,8,1m,151.9555856163241,1,0.5257569817062924,103
2.1307127012486315,solution,9,1m,139.32157047636235,1,0.5334842968630721,103
1.821931637264052,solution,10,1m,163.8246013271511,1,0.5246865661745203,103
11.173959071971767,solution,11,1m,165.6517431239406,0,1.1070152207961552,103
10.015029511310921,solution,0,1m,166.8906827836713,0,1.0147248896058654,104
10.419256714444607,solution,1,1m,150.48754101253698,0,1.0465718936625286,104
6.356689492762245,solution,2,1m,30.83018001893599,1,0.7485075598682501,104
3.3011399768858736,solution,3,1m,76.22663576467218,1,0.5772117511227386,104
3.0815782805282272,solution,4,1m,83.80035799446205,1,0.5678528105802143,104
2.7476002844903564,solution,5,1m,95.6896023609671,1,0.5545985194907136,104
5.796164413600007,solution,6,1m,47.94267410147248,0,0.7124606735223927,104
1.9343341409820778,solution,7,1m,152.13316535193763,1,0.5277461024247054,104
1.8583029403469784,solution,8,1m,166.36856674263922,1,0.5256584057581447,104
2.278499570860913,solution,9,1m,139.86600730699365,1,0.5381242537266269,104
3.885985680460528,solution,10,1m,103.21094903158289,0,0.604444704189139,104
5.694806478396146,no_solution,0,1m,47.62877281643944,0,0.7061236095018165,105
5.847645630663873,no_solution,1,1m,34.50362299817223,0,0.7157014668046504,105
4.304250886303575,no_solution,2,1m,19.557607215607945,0,0.6257958662546916,105
6.006283653400643,no_solution,3,1m,31.535694062442957,0,0.7257792564154857,105
3.0631772715588785,no_solution,4,1m,81.62413858657254,0,0.5670912008282023,105
2.814422727449218,no_solution,5,1m,92.9758033038704,0,0.5571524399376454,105
4.3422074309194505,no_solution,6,1m,60.749485594529936,0,0.6278047776505653,105
6.092979382091487,no_solution,7,1m,44.50280890011326,0,0.7313437328825948,105
1.841231913026677,no_solution,8,1m,153.68962229116187,0,0.5252000940419502,105
2.044918145341366,no_solution,9,1m,140.07319515167777,0,0.5309166178521196,105
1.7307428839583094,no_solution,10,1m,166.29040862298703,0,0.5223271959189913,105
9.124806177448535,solution,0,1m,165.97138307551697,0,0.9460204258045193,106
6.363982113117725,solution,1,1m,33.59315406448165,1,0.7489871552481,106
3.600384314413899,solution,2,1m,74.82312476768128,1,0.5907432341747035,106
3.320958026337521,solution,3,1m,84.03868156985806,1,0.5780807001687981,106
2.1191124545686137,solution,4,1m,153.7936929786134,0,0.5331316649508344,106
2.0187387621659485,solution,5,1m,166.5007507490582,1,0.5301518032027985,106
2.58912241054414,solution,6,1m,135.01296234065825,1,0.5487440819732314,106
2.3652569510068115,solution,7,1m,151.90951253953781,1,0.5409737054908632,106
3.969294472780554,solution,8,1m,104.03124530639822,0,0.608579001522658,106
9.028638439160428,solution,0,1m,166.36856674263922,0,0.93872533819796,107
9.20297159686576,solution,1,1m,148.47390343087233,0,0.9519689397742331,107
9.29114916232644,solution,2,1m,96.10671152422186,0,0.9586995895509591,107
6.651250461671697,solution,3,1m,32.380549717384355,1,0.7680821911319328,107
3.4704984620602497,solution,4,1m,77.26901060580497,1,0.5847630806802452,107
3.0863408140010464,solution,5,1m,89.8359616189419,1,0.568050511460163,107
2.1317170846193214,solution,6,1m,153.5008143300875,1,0.5335149086574001,107
2.4579888004056114,solution,7,1m,137.37721790748276,1,0.5441201663838555,107
2.0306248999842738,solution,8,1m,169.99558817804655,1,0.5304979605446991,107
2.9685606654980825,solution,9,1m,126.38235636353676,0,0.5632319096931653,107
8.660350513788316,solution,0,1m,166.89667462235428,0,0.9110345711443028,110
9.049174537279386,solution,1,1m,95.2601700607342,0,0.9402809744677397,110
6.438872638075464,solution,2,1m,34.792240514229604,1,0.7539272951497071,110
2.437783886312043,solution,3,1m,104.1849317319928,1,0.5434258095605926,110
2.852201195522062,solution,4,1m,89.23284148787373,1,0.558618342831245,110
3.2921016349267975,solution,5,1m,78.50159234053791,1,0.5768167629388914,110
1.6468899595397684,solution,6,1m,159.02987140785848,1,0.5202560144746643,110
1.8504845919556614,solution,7,1m,150.54733474890878,1,0.5254480270841304,110
1.7420326293130108,solution,8,1m,168.07290084960158,1,0.5226132815012691,110
9.26840184290468,solution,0,1m,167.66782637107215,0,0.9569612394858376,113
9.52321344465533,solution,1,1m,143.94617049439003,0,0.9765132750962917,113
9.435995872368178,solution,2,1m,116.34646535241197,0,0.9698014994469747,113
6.700109861890386,solution,3,1m,38.890872965260115,1,0.771368309810865,113
3.8555424290282754,solution,4,1m,81.46471628870992,1,0.6029491277399397,113
3.581284215613979,solution,5,1m,89.2216341477783,1,0.5898537666365526,113
2.070013451213148,solution,6,1m,159.4506193151974,1,0.5316579918028149,113
1.9879354194437031,solution,7,1m,168.5185449735429,1,0.529263177987177,113
2.5108460312760026,solution,8,1m,146.50085323983612,1,0.5459596023679573,113
9.265401861254379,solution,0,1m,167.96577032240825,0,0.9567320860186599,116
9.34027937900481,solution,1,1m,143.07515507592504,0,0.9624589063411055,116
9.459151289581804,solution,2,1m,89.17679070251407,0,0.9715814569214856,116
6.464568522907375,solution,3,1m,42.737571292716204,1,0.7556285684210765,116
3.9258743965902494,solution,4,1m,85.41955279676895,1,0.6064166650047659,116
3.6819955038872707,solution,5,1m,92.53377761660873,1,0.5945822581799756,116
4.741715893502539,solution,6,1m,73.8816621361485,0,0.6496224382358954,116
6.171617078934533,solution,7,1m,58.86000339789321,0,0.7364249604117966,116
2.405771347753892,solution,8,1m,162.14962226289643,1,0.5423356762639925,116
2.61470517990972,solution,9,1m,151.06455573694313,1,0.5496696192201088,116
2.5293128254620503,solution,10,1m,161.81625381895356,1,0.5466100345045084,116
9.692751901969242,solution,0,1m,167.4290894677505,0,0.9896166201422454,121
9.503355220589667,solution,1,1m,137.7406984155373,0,0.9749833399426816,121
9.651905950133695,solution,2,1m,84.74963126763443,0,0.9864529464650041,121
2.293688852153071,solution,3,1m,30.700162866017504,0,0.5386164826010267,121
6.592923405965447,solution,4,1m,46.82413907377262,1,0.7641736681080132,121
4.083960994231357,solution,5,1m,89.52373986826065,1,0.6143674020709701,121
3.7432332977763743,solution,6,1m,98.8458395684917,1,0.5975033822181846,121
3.4344177367017696,solution,7,1m,111.21375814169755,1,0.5831306714839914,121
4.890062074435045,solution,8,1m,78.08008709011537,0,0.6580225492329224,121
6.261442558807637,solution,9,1m,62.83709095749102,0,0.7422678296483393,121
2.424632624536024,solution,10,1m,166.2061972370465,1,0.5429764783200249,121
2.775401514884673,solution,11,1m,155.09513209640076,1,0.5556549903931864,121
9.727349691826063,solution,0,1m,166.89667462235428,0,0.9922996697206039,122
9.632466587961538,solution,1,1m,134.0391733785314,0,0.9849487921622235,122
9.618215874774483,solution,2,1m,112.66099591251624,0,0.9838467346498856,122
2.451540621540852,solution,3,1m,29.841246622753548,0,0.543898040690774,122
6.717793214799732,solution,4,1m,47.71268175233918,1,0.7725603097290116,122
4.184771572833266,solution,5,1m,90.66697303869806,1,0.6195479158536111,122
3.907265743868021,solution,6,1m,98.8458395684917,1,0.605494979598202,122
4.958585148631532,solution,7,1m,79.19911615668448,0,0.6619546538035562,122
6.442268822776852,solution,8,1m,62.74153329334565,0,0.7541519677568735,122
2.5540763049580715,solution,9,1m,167.08830000930647,1,0.5474885375688922,122
2.9169629336539273,solution,10,1m,155.09513209640076,1,0.5611678697871216,122
3.4330060609745274,solution,11,1m,135.10181345933148,0,0.5830670604519567,122
9.381994797437388,solution,0,1m,167.12420530850702,0,0.9656559654916927,123
9.379513885468173,solution,1,1m,133.2760293526184,0,0.9654656985820748,123
1.9242679645316103,solution,2,1m,28.991378028648448,0,0.5274653610092668,123
5.79325151996818,solution,3,1m,47.71268175233918,1,0.7122777456383412,123
2.933750170461263,solution,4,1m,94.6176516301266,1,0.5618362316535458,123
2.7818006379543307,solution,5,1m,101.30399794677405,1,0.5558993914778696,123
1.9345655825563932,solution,6,1m,152.19231255224423,1,0.5277525727499487,123
1.8248446665878577,solution,7,1m,166.68083273130117,1,0.5247637583719892,123
2.8228432328566626,solution,8,1m,110.71811053301082,1,0.5574778062655766,123
2.3855952117888926,solution,9,1m,142.93530004865838,0,0.5416549393191374,123
10.220352472870653,solution,10,1m,162.14962226289643,0,1.0308532583975796,123
10.227815193028158,solution,11,1m,162.3037276220112,0,1.0314413469362795,123
9.285438263184556,solution,0,1m,167.34545108845953,0,0.9582630304003168,128
9.451079097400193,solution,1,1m,130.23248442688944,0,0.9709607863290607,128
0.8987756000677755,solution,2,1m,26.201145013147805,0,0.5061153422552086,128
6.738421590392921,solution,3,1m,54.61226968365259,1,0.7739526141579026,128
4.147930782543036,solution,4,1m,101.04701875859574,1,0.6176449233583202,128
3.964542304275548,solution,5,1m,107.10975679180679,1,0.6083415440547167,128
3.67076314038743,solution,6,1m,118.06989455403101,1,0.5940502056774966,128
6.48384072099779,solution,7,1m,69.64553108419807,0,0.756906618343895,128
2.8591705403670162,solution,8,1m,164.26959548254814,1,0.5588904971805394,128
2.858036560947039,solution,9,1m,169.0044378115557,1,0.5588461785428919,128
9.168634439044078,solution,0,1m,165.77846663544696,0,0.9493537403894325,132
9.258140481526315,solution,1,1m,100.85881220795731,0,0.9561775274379325,132
9.628277057444915,solution,2,1m,74.38077708655645,0,0.9846247469503684,132
7.225604505456419,solution,3,1m,55.682133579811754,1,0.8073728275197721,132
4.51036798244059,solution,4,1m,102.5304832720494,1,0.6368408679428724,132
4.337055985652536,solution,5,1m,108.77729542510238,1,0.6275314572707241,132
6.821540172940134,solution,6,1m,71.79484661171719,0,0.7795819868815167,132
3.1999658341260253,solution,7,1m,165.7362362309462,1,0.5728375335224174,132
7.850612110272939,solution,8,1m,151.7316710512344,0,0.851641353625886,132
7.203177451847268,solution,9,1m,166.29040862298703,0,0.805812485055115,132
9.555142535124135,no_solution,0,1m,164.71338743405164,0,0.9789753433638416,134
6.9648845934823145,no_solution,1,1m,59.75366097570926,0,0.7893616656191775,134
4.417747508492847,no_solution,2,1m,106.36023693091323,0,0.6318367254185909,134
4.167638398688739,no_solution,3,1m,114.53602053502645,0,0.618661516007129,134
5.505495466398799,no_solution,4,1m,89.00842656737619,0,0.6944464078131785,134
3.1289024694968535,no_solution,5,1m,168.01339232335022,0,0.5698278902890513,134
9.048603683447034,no_solution,6,1m,140.65027550630677,0,0.9402377154022923,134
11.0509926051717,no_solution,7,1m,130.00961502904315,0,1.0970834706766108,134
9.368260432457603,solution,0,1m,95.53271690892079,0,0.9646028518989059,138
9.732402649318296,solution,1,1m,68.80770305714324,0,0.9926917789984012,138
7.060268361088517,solution,2,1m,64.20669746996803,1,0.7959181268946649,138
4.622271878439638,solution,3,1m,109.41891975339549,1,0.6429738545737712,138
4.415172280525272,solution,4,1m,116.32927404570184,1,0.6316985370033562,138
4.048105629891221,solution,5,1m,129.12977967920492,1,0.6125453738808765,138
5.737501442983929,solution,6,1m,91.6651515026294,0,0.7087858713973563,138
6.9249517512244045,solution,7,1m,77.00973964376195,0,0.7866282892991778,138
3.391433801284907,solution,8,1m,169.28821577416426,1,0.5812025406006496,138
10.144804168861645,solution,9,1m,137.6172227593625,0,1.0249071757993475,138
11.790175531769153,solution,10,1m,136.36165150070602,0,1.1572491292572678,138
11.525014787297835,solution,11,1m,142.0580867110352,0,1.1355402397899574,138
9.587872460043561,no_solution,0,1m,167.12420530850702,0,0.9815019145322663,139
9.949175182663424,no_solution,1,1m,119.53451384432866,0,1.009573416189101,139
10.401032390664842,no_solution,2,1m,61.97176776565277,0,1.045127897394369,139
4.739108808236901,no_solution,3,1m,110.29279214889793,0,0.6494762128648123,139
4.419114787121256,no_solution,4,1m,120.63374320645116,0,0.6319101154619896,139
5.6550625980567295,no_solution,5,1m,95.2706670492025,0,0.7036547521025915,139
6.593695737148101,no_solution,6,1m,83.357663115037,0,0.7642253194684308,139
3.589813345290687,no_solution,7,1m,167.60817402501587,0,0.5902505322728483,139
9.591103175667552,no_solution,8,1m,142.51491150051632,0,0.9817514585339641,139
9.02240338083619,solution,0,1m,167.7691866821795,0,0.9382532611463849,140
9.006517760589498,solution,1,1m,79.8655119560377,0,0.93705100755718,140
9.214195509573916,solution,2,1m,67.3238442158497,0,0.9528244849823228,140
6.861775216110001,solution,3,1m,65.33375850201793,1,0.7823179841608096,140
4.440167252518292,solution,4,1m,108.59327787667154,1,0.6330419607987248,140
3.7438717811905695,solution,5,1m,130.54692642877504,1,0.5975340195341406,140
4.188885606889767,solution,6,1m,116.79255113233891,1,0.6197611188387818,140
6.3377446918196325,solution,7,1m,82.10054811022884,0,0.7472628860215867,140
3.1789128987932664,solution,8,1m,169.88967008032006,1,0.5719404645009356,140
8.689139502823776,solution,9,1m,146.4257491017205,0,0.913184681163142,140
9.762139415532527,solution,10,1m,136.3029713542592,0,0.9950006562160636,140
9.356416205992678,no_solution,0,1m,165.537004926391,0,0.9636950748494327,146
9.629978097223544,no_solution,1,1m,151.90951253953781,0,0.9847563108622533,146
9.516322363317421,no_solution,2,1m,113.36886697854928,0,0.9759822493166106,146
9.126129087130087,no_solution,3,1m,74.91662031885849,0,0.9461209600729825,146
9.786321583604089,no_solution,4,1m,61.58327695080865,0,0.9968798933366225,146
7.73267936392715,no_solution,5,1m,68.51642138932827,0,0.8431766631026898,146
5.244080928068478,no_solution,6,1m,112.98893751159889,0,0.6786770796887709,146
4.855073594441902,no_solution,7,1m,122.7538186778725,0,0.656027335852918,146
6.002688167141692,no_solution,8,1m,100.77946219344496,0,0.725549342695602,146
4.466381802127735,no_solution,9,1m,135.72951042422574,0,0.6344561298945244,146
4.066397316951582,no_solution,10,1m,169.54792832706627,0,0.6134735269041817,146
9.04066499444698,no_solution,11,1m,154.42312003064825,0,0.9396362204683951,146
9.741731970538007,no_solution,0,1m,166.89667462235428,0,0.993415903409522,147
9.827915033135167,no_solution,1,1m,111.36651202224122,0,1.0001156153626538,147
5.225333829761957,no_solution,2,1m,116.07109890063073,0,0.6775626422719908,147
4.8386037846228644,no_solution,3,1m,126.7142454501466,0,0.6550911131175398,147
4.402518295584398,no_solution,4,1m,140.47953587622646,0,0.6310202668863155,147
5.959826906545773,no_solution,5,1m,103.8484472681224,0,0.7228138982364297,147
7.024231645604437,no_solution,6,1m,89.61305708433342,0,0.793436521150016,147
4.270142575471319,no_solution,7,1m,168.55414560312659,0,0.6240004523069854,147
9.27021368271368,no_solution,8,1m,151.2696268257445,0,0.9570996486691884,147
10.877200328653672,no_solution,9,1m,133.57582116535912,0,1.0831009880874454,147
9.306278293323066,no_solution,0,1m,146.30276825815702,0,0.9598565357596063,149
9.059498475975012,no_solution,1,1m,115.10212856415819,0,0.9410634772521207,149
9.089744056327232,no_solution,2,1m,85.5949764881094,0,0.9433576711829115,149
9.371485059558413,no_solution,3,1m,58.8430114796991,0,0.9648500621314597,149
5.12336655722901,no_solution,4,1m,117.16868182240509,0,0.6715408422736406,149
4.887310046282541,no_solution,5,1m,123.75176766414289,0,0.6578653059342078,149
5.88844982674552,no_solution,6,1m,104.84512387326366,0,0.7182805488042184,149
7.062280282182501,no_solution,7,1m,89.56840960963859,0,0.7960568351441235,149
4.09590985140779,no_solution,8,1m,169.58331285831161,0,0.6149770054413458,149
9.053010378766436,no_solution,9,1m,149.76815415835236,0,0.9405716768426206,149
10.552173433413412,no_solution,10,1m,156.08491278787966,0,1.0571263108811983,149
9.485067871830873,no_solution,0,1m,165.36172471282464,0,0.973575343678678,150
9.283286883384452,no_solution,1,1m,112.527774349269,0,0.9580985951144863,150
9.789702645835181,no_solution,2,1m,56.12931497889494,0,0.9971427582851917,150
5.288713600117248,no_solution,3,1m,118.96428035339011,0,0.6813393183868989,150
5.023707624521283,no_solution,4,1m,126.88774566521387,0,0.665721382449099,150
7.41175502297959,no_solution,5,1m,88.670739254841,0,0.820401660654633,150
4.346019092985009,no_solution,6,1m,169.71299302056988,0,0.6280071484847924,150
8.949517314750713,no_solution,7,1m,152.46147054256036,0,0.9327430416825678,150
10.021367693163599,no_solution,8,1m,137.9873182578747,0,1.0152212510419412,150
9.282825714961536,no_solution,0,1m,166.5547957880529,0,0.9580633485071032,151
9.21232002279705,no_solution,1,1m,142.97727092094044,0,0.9526815014662744,151
8.944619296654025,no_solution,2,1m,110.51018052650171,0,0.9323732955440787,151
9.041188158298873,no_solution,3,1m,82.52575355608697,0,0.9396758538131064,151
9.518672122196437,no_solution,4,1m,55.682133579811754,0,0.9761633074645136,151
7.6003385929260645,no_solution,5,1m,75.54137938904744,0,0.8337380640800852,151
5.0736264532266615,no_solution,6,1m,123.79216453394778,0,0.6686280733346827,151
4.892133507453329,no_solution,7,1m,129.82488205270977,0,0.6581409399296685,151
6.114085989476857,no_solution,8,1m,105.76625170629808,0,0.7327044064749579,151
4.407327946057006,no_solution,9,1m,169.02218789259592,0,0.6312779232847371,151
8.723672997700636,no_solution,10,1m,153.40306385467014,0,0.9157671179457758,151
9.807376025210104,no_solution,11,1m,139.79449202311227,0,0.9985172631023784,151
12.324821331136539,no_solution,12,1m,126.58001422025517,0,1.2014313553361098,151
11.61364236992953,no_solution,13,1m,136.19287793420037,0,1.1427808570911913,151
10.483810787813395,no_solution,14,1m,157.7101772239192,0,1.051692896140693,151
9.346308135176923,no_solution,0,1m,166.22424612552766,0,0.962920659846291,156
8.81687713730847,no_solution,1,1m,165.80259346584418,0,0.9227547662747599,156
9.175695898509248,no_solution,2,1m,107.10042016724304,0,0.9498912916268961,156
9.173056114518813,no_solution,3,1m,84.21698166047035,0,0.9496903227909088,156
9.223679454276088,no_solution,4,1m,53.52102390649865,0,0.9535476708083571,156
8.15085224169809,no_solution,5,1m,78.53979882836472,0,0.8734112651706899,156
5.560356808832474,no_solution,6,1m,125.93847704335637,0,0.6978087083698672,156
5.317316780597324,no_solution,7,1m,133.5833073404009,0,0.6830520578110926,156
4.931886520373297,no_solution,8,1m,145.74807031312628,0,0.6604187421135783,156
6.683640116650464,no_solution,9,1m,107.76131031126152,0,0.7702593934321444,156
7.687486349462942,no_solution,10,1m,94.65991759979511,0,0.8399462355611741,156
13.658314949569837,no_solution,11,1m,93.01881530099166,0,1.3138730781772472,156
9.587313662874323,no_solution,12,1m,144.2029819386548,0,0.9814587551659986,156
12.013006727855018,no_solution,13,1m,122.21497453258337,0,1.1755979141513386,156
11.294352206427613,no_solution,14,1m,159.7263284496329,0,1.1167694983730638,156
9.339806033677418,no_solution,0,1m,160.15773474921528,0,0.962422656095061,157
9.25212385868607,no_solution,1,1m,161.2963111791463,0,0.9557181411658847,157
9.021480974204481,no_solution,2,1m,94.74439297393803,0,0.9381834320449948,157
8.508099387750717,no_solution,3,1m,80.10305861825752,0,0.8997057912550418,157
9.341069033308434,no_solution,4,1m,51.6768807108169,0,0.9625193818472738,157
7.902028515387741,no_solution,5,1m,80.53881052014613,0,0.855347308346235,157
5.597943526895287,no_solution,6,1m,124.13097921147646,0,0.7001225920610312,157
5.150494168961692,no_solution,7,1m,135.76634339923868,0,0.6731362933653294,157
4.68167986206221,no_solution,8,1m,150.50747489742827,0,0.646267636018569,157
6.357959335586365,no_solution,9,1m,111.82352167589787,0,0.748591051660822,157
7.127627348705688,no_solution,10,1m,101.56032689982835,0,0.8005712468886204,157
9.07852780711931,no_solution,11,1m,150.54069217324596,0,0.9425065934424725,157
9.382398491211942,no_solution,0,1m,165.4644977026794,0,0.9656869272631843,158
9.262821781525304,no_solution,1,1m,103.11401456640121,0,0.9565350263656861,158
9.374772007230492,no_solution,2,1m,50.08492787256462,0,0.9651020787206382,158
8.010795029191758,no_solution,3,1m,81.53833454271678,0,0.8632173660673415,158
5.712005748563487,no_solution,4,1m,125.02999640086374,0,0.7071948261371587,158
5.229407791248495,no_solution,5,1m,137.74795824258157,0,0.6778046310996448,158
6.525035034770382,no_solution,6,1m,111.751957477263,0,0.7596443776095427,158
7.56845753062329,no_solution,7,1m,97.65500499206377,0,0.8314740012313082,158
13.48361816111304,no_solution,8,1m,95.55364985179791,0,1.2989679935068346,158
12.92890179901891,no_solution,9,1m,99.8624053385457,0,1.2519833737144928,158
11.234229550196448,no_solution,10,1m,162.23593929829482,0,1.1118946188014263,158
9.36195046531348,no_solution,0,1m,101.91417958262727,0,0.9641191902500055,159
8.97640934478294,no_solution,1,1m,76.50163396947806,0,0.9347743212284358,159
9.309571990073588,no_solution,2,1m,50.42320894191484,0,0.96010849164524,159
8.16068400456894,no_solution,3,1m,82.62263612352247,0,0.8741293413449094,159
5.661762852447714,no_solution,4,1m,128.01757691817167,0,0.7040703282117138,159
5.412967153080877,no_solution,5,1m,135.3827906345559,0,0.6888166164430609,159
6.726442925578046,no_solution,6,1m,110.82644088844503,0,0.7731438849614425,159
7.550695531481044,no_solution,7,1m,99.56153875869938,0,0.8302142722579487,159
10.54631775563407,no_solution,8,1m,137.7406984155373,0,1.0566604939400248,159
9.210305940814012,no_solution,0,1m,158.51971486222146,0,0.9525279624923714,161
8.628821943407708,no_solution,1,1m,162.4269066380321,0,0.9086827394290945,161
8.915531346479046,no_solution,2,1m,103.31747190093262,0,0.9301789036467879,161
8.707411070660426,no_solution,3,1m,76.50163396947806,0,0.9145505938952108,161
9.036597157377377,no_solution,4,1m,48.56439024635232,0,0.9393280796357265,161
11.881570134370136,no_solution,5,1m,41.862871377868956,0,1.1647634082795413,161
7.832352913259412,no_solution,6,1m,84.61973765026691,0,0.8503275315956784,161
5.563866714037499,no_solution,7,1m,128.2127138781486,0,0.6980244295697062,161
5.123017960850487,no_solution,8,1m,139.60121775973158,0,0.6715203717465741,161
6.296195818021157,no_solution,9,1m,116.07109890063073,0,0.7445393310617276,161
9.232515977763962,no_solution,10,1m,149.94832443211894,0,0.9542217106183918,161
10.27352003757139,no_solution,11,1m,139.36462965903507,0,1.0350458945298149,161
8.524132231741895,no_solution,0,1m,163.1885412643915,0,0.900895399952059,162
9.100582014772478,no_solution,1,1m,142.24099268495002,0,0.944180380342996,162
8.94486938861992,no_solution,2,1m,100.34191546906008,0,0.9323921730444502,162
8.682808837322249,no_solution,3,1m,73.93578294709538,0,0.9127116595214975,162
8.800323687901615,no_solution,4,1m,48.399380161320245,0,0.9215118478471287,162
7.656811860085805,no_solution,5,1m,86.57078028988765,0,0.8377578651857502,162
5.281888216249468,no_solution,6,1m,133.99440286817955,0,0.6809313812687809,162
5.12572184094117,no_solution,7,1m,139.6656722319411,0,0.6716791718593281,162
4.808589112739693,no_solution,8,1m,149.52090154891388,0,0.6533898503489145,162
7.185125003511184,no_solution,9,1m,103.70390542308424,0,0.8045579857703083,162
11.498867636486978,no_solution,10,1m,116.28628465988584,0,1.133407074661085,162
10.152714726468211,no_solution,11,1m,140.66449445400215,0,1.0255291491381002,162
8.6933057350822,no_solution,0,1m,167.50671628325833,0,0.9134960442737308,164
9.10562452885477,no_solution,1,1m,140.99822693920657,0,0.9445632697688752,164
8.920125749185923,no_solution,2,1m,100.6106356206937,0,0.9305253422617377,164
8.61576612033967,no_solution,3,1m,72.88689868556625,0,0.907709744528621,164
9.083539711117185,no_solution,4,1m,45.8530260724415,0,0.9428868479697028,164
8.012098713821288,no_solution,5,1m,88.11640028961692,0,0.8633119454492747,164
5.7390554596669485,no_solution,6,1m,131.32593041741603,0,0.7088829684716377,164
5.381600307288555,no_solution,7,1m,140.84211018015884,0,0.6869199875040483,164
5.0643695160967495,no_solution,8,1m,150.76637556166162,0,0.6680877995144231,164
7.671425853598978,no_solution,9,1m,102.10044074341697,0,0.8388000206387124,164
11.701888370003367,no_solution,10,1m,117.1003842863037,0,1.150005694190243,164
11.027474979945307,no_solution,11,1m,129.52412902621657,0,1.0951876092403405,164
10.344462664221298,no_solution,12,1m,142.10031667804262,0,1.0406504722905803,164
9.011034197883651,no_solution,0,1m,166.59081607339584,0,0.9373927469279354,165
9.385468748259768,no_solution,1,1m,131.53896761036253,0,0.9659224185141618,165
9.114170459753643,no_solution,2,1m,99.56153875869938,0,0.9452123441395845,165
8.851761371403644,no_solution,3,1m,71.43178564196754,0,0.9253766964502199,165
8.966399116148638,no_solution,4,1m,45.721985958617324,0,0.9340179596778502,165
7.939583996568087,no_solution,5,1m,90.73312515283489,0,0.8580600755586388,165
5.741049676817437,no_solution,6,1m,136.73514544549255,0,0.70900758993702,165
5.262905768949605,no_solution,7,1m,150.54069217324596,0,0.6797983962551267,165
9.19114347957633,no_solution,0,1m,164.6283693656716,0,0.9510677145716623,168
9.455601238468752,no_solution,1,1m,158.4755501646863,0,0.9713084724036932,168
9.327995981738608,no_solution,2,1m,129.24588968319264,0,0.9615184012855755,168
9.079066453834551,no_solution,3,1m,97.47050836022146,0,0.9425474573261642,168
8.954972835914788,no_solution,4,1m,68.3117852204142,0,0.9331549544344876,168
9.254460199220425,no_solution,5,1m,41.527099585692234,0,0.9558965156715621,168
8.173290691024055,no_solution,6,1m,91.50136611002046,0,0.8750505593788594,168
5.903253474351831,no_solution,7,1m,136.06064824187777,0,0.719218490770395,168
5.740282936445408,no_solution,8,1m,141.30286621296824,0,0.7089596725723497,168
6.700279657796498,no_solution,9,1m,122.28041543926811,0,0.7713797486769771,168
11.583422441696333,no_solution,10,1m,133.57582116535912,0,1.1403102280901591,168
8.971351174148555,no_solution,0,1m,164.22088783099426,0,0.9343920956602545,169
9.33288476214916,no_solution,1,1m,157.7101772239192,0,0.9618926726853163,169
9.426543997021168,no_solution,2,1m,149.98833287959434,0,0.969075341618419,169
9.38449806715884,no_solution,3,1m,128.26729902824025,0,0.9658479637486092,169
8.662508384289978,no_solution,4,1m,69.11222757226105,0,0.9111956450506992,169
9.337082875421649,no_solution,5,1m,39.274673773310965,0,0.9622141199512425,169
8.253326298753157,no_solution,6,1m,91.50136611002046,0,0.880911340497681,169
6.107206796327755,no_solution,7,1m,133.83758814324173,0,0.7322606728257385,169
5.686307756697937,no_solution,8,1m,144.3346805171924,0,0.7055949118623034,169
5.297765221575265,no_solution,9,1m,155.9887816479121,0,0.6818807662513973,169
6.832733854977366,no_solution,10,1m,121.62442188968464,0,0.7803424459240451,169
10.361506054765632,no_solution,11,1m,148.5075755643462,0,1.0419986613017644,169
8.631338172206855,solution,0,1m,162.1866209032052,0,0.9088703230503576,172
8.923940678389737,solution,1,1m,92.14390918557775,0,0.930813051493444,172
3.116640740558265,solution,2,1m,147.3855488167005,0,0.5693138940368798,172
8.991224593052268,solution,3,1m,37.31621631409058,0,0.9358942714057389,172
7.967856667090327,solution,4,1m,96.50129532809392,1,0.8601055560937991,172
5.775013885356946,solution,5,1m,140.70003553659822,1,0.7111335150270951,172
5.504572127960581,solution,6,1m,148.6556423416212,1,0.6943899727200246,172
5.166103231174791,solution,7,1m,158.70255196435878,1,0.6740564859448323,172
7.6031354941854845,solution,8,1m,111.5011210705973,0,0.8339368700411325,172
11.415777584725388,solution,9,1m,127.59506260040001,0,1.126637415236412,172
10.929512677730997,solution,10,1m,136.17819208669206,0,1.0873030197004923,172
10.372723979737023,solution,11,1m,149.30673126152084,0,1.0428864015993797,172
8.338638582635761,no_solution,0,1m,167.75726511838465,0,0.8871816091858777,175
8.486478977284158,no_solution,1,1m,92.80355596635293,0,0.8981028653259807,175
2.542552893436238,no_solution,2,1m,148.41327433892158,0,0.5470788410776192,175
8.317313167723746,no_solution,3,1m,35.531676008879735,0,0.8856120241465019,175
6.212808915270906,no_solution,4,1m,142.0580867110352,0,0.7390992812318175,175
5.886066191537978,no_solution,5,1m,151.1241211719691,0,0.7181296364863277,175
5.520827781344483,no_solution,6,1m,161.93362837903683,0,0.6953842760913976,175
7.886290171726528,no_solution,7,1m,115.39714034585086,0,0.8542119412986519,175
11.065250269406668,no_solution,8,1m,138.26966406265691,0,1.098233411772242,175
8.665808093424365,no_solution,0,1m,158.9606869637899,0,0.911441978619389,177
8.091303619453138,no_solution,1,1m,168.47106576501497,0,0.8690689746478439,177
8.927627011732906,no_solution,2,1m,151.8634254848744,0,0.9310911024395624,177
8.812897846900846,no_solution,3,1m,129.50868696732277,0,0.9224559067713616,177
8.71773215298349,no_solution,4,1m,85.67671795768089,0,0.9153226025368769,177
2.3097883668787538,no_solution,5,1m,138.9190411714679,0,0.5391412987273136,177
7.995408060054668,no_solution,6,1m,34.792240514229604,0,0.862101517588011,177
8.13601767679992,no_solution,7,1m,97.70619222956138,0,0.8723284139970393,177
5.466948208589412,no_solution,8,1m,150.93872929106035,0,0.692094734511736,177
5.057446184977069,no_solution,9,1m,163.4457096408468,0,0.667684098047553,177
5.894747600401521,no_solution,10,1m,140.8279091657616,0,0.7186794220400462,177
7.362844554937283,no_solution,11,1m,117.39889266939446,0,0.8169651162417838,177
11.048002358145379,no_solution,12,1m,129.89418770676386,0,1.0968423487948948,177
10.170762530446746,no_solution,13,1m,143.45208259206277,0,1.0269487261397034,177
9.882284508820469,no_solution,14,1m,155.52009516457994,0,1.0043517271357867,177
10.301835670749496,no_solution,15,1m,154.8628425413921,0,1.0372814734061928,177
8.92172427543548,no_solution,0,1m,164.488601428792,0,0.9306458926529061,180
9.043351493769645,no_solution,1,1m,85.74672005388894,0,0.9398397499359947,180
8.491144424637847,no_solution,2,1m,31.81980515339464,0,0.8984486354635847,180
1.1491854413794322,no_solution,3,1m,159.7263284496329,0,0.5099606346974985,180
0.8916214803941382,no_solution,4,1m,167.7155329717555,0,0.506018936372103,180
8.597903811169497,no_solution,5,1m,101.27437978087055,0,0.9063793873291454,180
6.388709477017067,no_solution,6,1m,145.80294921571374,0,0.7506152749872815,180
6.063782423551416,no_solution,7,1m,154.73364210797857,0,0.729465335722802,180
5.60202401111147,no_solution,8,1m,168.9452574060604,0,0.700374291579063,180
7.326428849344709,no_solution,9,1m,129.4314490377049,0,0.8144125716742209,180
8.374732757250964,no_solution,10,1m,113.87932209141394,0,0.8898415341089368,180
6.075037703182113,no_solution,11,1m,158.33035084910284,0,0.7301889194506059,180
10.86066421236159,no_solution,12,1m,155.26912120573104,0,1.0817739329757372,180
8.270752909812376,no_solution,0,1m,167.93599971417683,0,0.8821902343770308,181
8.57770093860314,no_solution,1,1m,82.68313008105099,0,0.9048758884513983,181
7.818340873784733,no_solution,2,1m,30.83018001893599,0,0.8493201141853672,181
0.9083316748202556,no_solution,3,1m,162.5930502819847,0,0.5062452894733094,181
8.151559740198838,no_solution,4,1m,102.77402395547233,0,0.873462927509833,181
5.80809479640583,no_solution,5,1m,151.36214850483591,0,0.7132103891801277,181
5.586017160033226,no_solution,6,1m,158.84741105853755,0,0.6993874894261481,181
7.77291360251817,no_solution,7,1m,117.43295959823205,0,0.8460588802884247,181
10.329958886267661,no_solution,8,1m,155.61008964716908,0,1.0395037029845857,181
8.428472994463798,no_solution,0,1m,166.83075256079138,0,0.8938095828505314,187
8.434722404887864,no_solution,1,1m,82.05181289892381,0,0.8942716195884909,187
8.495918109600673,no_solution,2,1m,24.9098374141623,0,0.8988024979231448,187
0.46700636619561997,no_solution,3,1m,157.78624781646846,0,0.5016582118908871,187
10.04440875962643,no_solution,4,1m,43.01743832447488,0,1.0170264816399517,187
6.227610268854407,no_solution,5,1m,150.56726071759425,0,0.74006234519158,187
5.9576760524272245,no_solution,6,1m,157.47539490345787,0,0.7226768885787948,187
5.631274627593493,no_solution,7,1m,167.4171436860634,0,0.7021814299016819,187
8.063680190001884,no_solution,8,1m,120.5508191593902,0,0.867058733229933,187
8.23707803970853,no_solution,0,1m,167.9717238108843,0,0.8797198187135146,194
0.38822013618825757,no_solution,1,1m,155.34638714820503,0,0.5011464801157509,194
8.467201253283504,no_solution,2,1m,114.15997547301768,0,0.8966748596311767,194
6.292995661217997,no_solution,3,1m,162.63609685429617,0,0.7443299141390463,194
6.22044426686153,no_solution,4,1m,165.14387666516734,0,0.7395959439488304,194
8.065447258982198,no_solution,5,1m,130.3399401565,0,0.867187250747081,194
11.565244765672155,no_solution,6,1m,151.50082508026154,0,1.138824983017893,194
8.267162546484386,no_solution,0,1m,167.4708929933796,0,0.8819266657241631,195
7.791099080754243,no_solution,1,1m,17.507141400011598,0,0.8473635310547242,195
0.12161257662953127,no_solution,2,1m,154.18333243252982,0,0.5001126170435992,195
10.066926731344315,no_solution,3,1m,50.04497976820452,0,1.018791964723528,195
8.567439428082006,no_solution,4,1m,114.91953706833317,0,0.904112707332766,195
6.46604736868088,no_solution,5,1m,160.5692996808543,0,0.7557265762538429,195
6.307381430701913,no_solution,6,1m,165.7181341917655,0,0.7452717131395625,195
8.094277912591702,no_solution,7,1m,131.84270931682192,0,0.8692855771176979,195
9.581209896326211,no_solution,8,1m,111.61765093389127,0,0.9809873760645176,195
8.413404528548918,no_solution,0,1m,168.0669509451516,0,0.8926960371262496,198
8.689322820505893,no_solution,1,1m,141.91018286225975,0,0.9131983802977058,198
8.867800418710768,no_solution,2,1m,67.75322870535396,0,0.926583403224246,198
9.085868018059859,no_solution,3,1m,90.66697303869806,0,0.9430635212891411,198
8.671005136176584,no_solution,4,1m,118.72868229707596,0,0.9118300209428178,198
6.785936701030582,no_solution,5,1m,161.59362611192313,0,0.7771669003350519,198
6.636426512239205,no_solution,6,1m,166.5007507490582,0,0.7670873432308942,198
7.683447100232997,no_solution,7,1m,144.5838856857845,0,0.8396578708843784,198
8.508022269534683,no_solution,8,1m,131.38683343470913,0,0.8997000711557135,198
11.616837637316694,no_solution,9,1m,153.27263291272843,0,1.143042191448121,198
8.318566526164698,no_solution,0,1m,166.14000120380402,0,0.8857042327244774,199
8.606694977694799,no_solution,1,1m,139.86600730699365,0,0.9070340177041216,199
8.705716628033677,no_solution,2,1m,107.83552290409686,0,0.9144238815451442,199
8.38951982174724,no_solution,3,1m,69.5449494931156,0,0.890932457622952,199
4.264229634357112,no_solution,4,1m,129.67844847930593,0,0.6236901549068722,199
0.16371949255391433,no_solution,5,1m,151.25640482306858,0,0.5002040841439385,199
9.958979886142341,no_solution,6,1m,53.44623466625128,0,1.0103397227859319,199
6.4497486095291,no_solution,7,1m,162.8941374021791,0,0.7546469843871302,199
6.2779366527414275,no_solution,8,1m,168.32854778676136,0,0.7433451444343466,199
8.227592651449209,no_solution,0,1m,167.45297847455566,0,0.8790246344051601,200
8.66563395423933,no_solution,1,1m,66.18534581008095,0,0.9114289777618898,200
4.259177498905511,no_solution,2,1m,128.4854077317732,0,0.6234252541387868,200
4.105858553552078,no_solution,3,1m,116.8096742568868,0,0.615485480332717,200
0.6922103876873955,no_solution,4,1m,167.16010289539787,0,0.5036361094806135,200
9.002867524493112,no_solution,5,1m,92.3065544801668,0,0.9367748523837307,200
8.556920944958755,no_solution,6,1m,120.26013470805694,0,0.9033307515482546,200
6.628055059516109,no_solution,7,1m,163.73301438622573,0,0.766525974804709,200
8.14957966975065,no_solution,8,1m,135.91357548089152,0,0.8733183447400115,200
8.088694405512298,no_solution,0,1m,164.97424041346576,0,0.8688789836404697,201
8.301767673887337,no_solution,1,1m,147.05271163769814,0,0.8844687773649598,201
8.675055097719849,no_solution,2,1m,130.8606128672795,0,0.9121324720000353,201
8.691778758255959,no_solution,3,1m,100.85881220795731,0,0.913381919678225,201
3.982616102835228,no_solution,4,1m,115.13687506615767,0,0.6092457004108044,201
0.15611823957721577,no_solution,5,1m,151.56681694882954,0,0.5001855767637458,201
9.904446391102143,no_solution,6,1m,55.682133579811754,0,1.0060805326112199,201
8.73550720023112,no_solution,7,1m,93.66162501259521,0,0.9166529108241925,201
8.337673467490605,no_solution,8,1m,121.21262310502154,0,0.8871105434523436,201
6.336512668276837,no_solution,9,1m,167.38130122567455,0,0.7471820032449518,201
9.633066768064095,no_solution,10,1m,117.67964989750777,0,0.9849952176387029,201
8.259076488555497,no_solution,0,1m,162.5192296314501,0,0.8813332222650948,203
8.605326354618509,no_solution,1,1m,137.02736952886457,0,0.9069320882166787,203
4.4491460673684395,no_solution,2,1m,122.06760421995673,0,0.6335257342505991,203
0.24998352232427043,no_solution,3,1m,146.12494653549064,0,0.5004756817446275,203
2.3636663675801417,no_solution,4,1m,160.10153028625305,0,0.5409206396470467,203
10.246842043625382,no_solution,5,1m,56.50221234606659,0,1.0329413204656708,203
8.84060666850134,no_solution,6,1m,121.45163646489083,0,0.9245379102540406,203
6.741542189173771,no_solution,7,1m,167.42311668344965,0,0.7741634047902617,203
11.48091129571617,no_solution,8,1m,121.19612205017123,0,1.1319429316530596,203
8.134396988926742,no_solution,0,1m,162.6729848499744,0,0.8722101562961829,204
8.295967861902731,no_solution,1,1m,137.82779110179484,0,0.8840424482706081,204
8.84908407561265,no_solution,2,1m,128.5087545655937,0,0.9251753419272699,204
8.314804655643053,no_solution,3,1m,63.94137940332536,0,0.8854274901833706,204
0.5865774877933388,no_solution,4,1m,147.64315087399078,0,0.5026136189677982,204
0.8910925207471343,no_solution,5,1m,157.51984002023363,0,0.5060118382184766,204
8.590241139225487,no_solution,6,1m,122.46019761538848,0,0.90580898320571,204
6.615073615885816,no_solution,7,1m,165.5067974434887,0,0.7656561117702877,204
8.13590256746719,no_solution,8,1m,138.14666119743902,0,0.872320014455168,204
8.200172581647504,no_solution,0,1m,158.1850182539421,0,0.8770166841694373,208
7.7039421487045825,no_solution,1,1m,166.04969135773786,0,0.841121643863028,208
8.310934510743866,no_solution,2,1m,140.31571544199886,0,0.8851428302188101,208
8.235918046220338,no_solution,3,1m,60.518592184551025,0,0.8796347868914277,208
4.071880362835418,no_solution,4,1m,117.73911839316617,0,0.6137522981783923,208
9.110131525777616,no_solution,5,1m,124.10680883819388,0,0.9449055564639086,208
7.272035012074966,no_solution,6,1m,164.2330660981521,0,0.8106096406612942,208
8.01677404907442,no_solution,0,1m,156.27059864222701,0,0.8636511784687384,209
7.378689758117791,no_solution,1,1m,168.3641885912797,0,0.8180774073022528,209
8.529025813131836,no_solution,2,1m,125.18985581907185,0,0.9012586544189906,209
8.180723517949703,no_solution,3,1m,58.553394436189606,0,0.8755939518328626,209
3.7207579777667488,no_solution,4,1m,118.29835163686771,0,0.5964272854588439,209
0.9712874262526708,no_solution,5,1m,147.3855488167005,0,0.5071348665617034,209
8.372179737053614,no_solution,6,1m,128.11127975318956,0,0.889653254456282,209
6.72186918413352,no_solution,7,1m,166.5547957880529,0,0.7728352634934815,209
8.260590812571483,no_solution,8,1m,139.38615426217913,0,0.8814443436730635,209
7.571791418353059,no_solution,0,1m,167.32752313950027,0,0.8317105818799871,211
8.100409664380434,no_solution,1,1m,155.0241916605276,0,0.8697322153556204,211
8.189623122770728,no_solution,2,1m,138.6091627562911,0,0.8762448175417608,211
8.6656960606371,no_solution,3,1m,122.7538186778725,0,0.9114336144816001,211
8.046195003354477,no_solution,4,1m,57.554322166106694,0,0.865787622216262,211
0.7695281771740158,no_solution,5,1m,144.11280303984097,0,0.5044900418705388,211
1.1167322166574363,no_solution,6,1m,153.93017897735322,0,0.5094109790846393,211
8.9328200160416,no_solution,7,1m,101.29412618705983,0,0.9314828644513814,211
6.554668773028567,no_solution,8,1m,168.625324313995,0,0.7616187863951561,211
7.7630126126408605,no_solution,0,1m,165.7181341917655,0,0.8453490706678232,212
8.25223275699138,no_solution,1,1m,154.18981808148033,0,0.8808311214264325,212
8.612836481076942,no_solution,2,1m,126.69846092198594,0,0.9074914825476845,212
8.981906464589361,no_solution,3,1m,118.16302298096474,0,0.9351897995426752,212
8.106052678854022,no_solution,4,1m,57.554322166106694,0,0.8701433659572421,212
2.011486829290611,no_solution,5,1m,96.6048653019091,0,0.5299414979016394,212
1.0266072859553779,no_solution,6,1m,155.08868430675398,0,0.5079643659634068,212
8.831827407848788,no_solution,7,1m,129.71699965694552,0,0.9238780040147517,212
7.104485607753105,no_solution,8,1m,168.72018255087326,0,0.7989705019943246,212
8.396483732064569,no_solution,9,1m,145.16370069683398,0,0.8914464655471923,212
7.441202048710923,no_solution,0,1m,165.10754071210678,0,0.8224751542372876,213
7.812068969165801,no_solution,1,1m,154.74010469170557,0,0.8488694128183287,213
7.767883334511053,no_solution,2,1m,56.555282688710875,0,0.8456982122947471,213
3.8375748890563313,no_solution,3,1m,111.83246398072431,0,0.6020703000433344,213
0.8427076784520102,no_solution,4,1m,149.7748309963994,0,0.5053799847788432,213
9.32827522451773,no_solution,5,1m,67.98896969362015,0,0.9615397775985437,213
8.715556525331376,no_solution,6,1m,103.09461673627774,0,0.9151598407284559,213
8.41328320947477,no_solution,7,1m,129.50868696732277,0,0.8926870746822715,213
6.794449689914661,no_solution,8,1m,169.21140623492258,0,0.7777438492117414,213
8.007602926385257,no_solution,9,1m,146.50085323983612,0,0.8629858108509197,213
7.8386569804354655,no_solution,0,1m,162.62994804155844,0,0.8507810004300342,215
8.26425743152429,no_solution,1,1m,151.58001187491706,0,0.8817134319848586,215
7.360285346020701,no_solution,2,1m,169.1227364963091,0,0.8167855589557953,215
9.017701802715743,no_solution,3,1m,118.5179311328037,0,0.9378973620619522,215
8.534398732185943,no_solution,4,1m,52.52142420003479,0,0.9016575762116209,215
1.7526458893591605,no_solution,5,1m,130.178723299931,0,0.5228837810950911,215
0.8676123300678359,no_solution,6,1m,146.43257834238938,0,0.5057009039908683,215
1.5339445048395246,no_solution,7,1m,160.5007788143098,0,0.5176172109362482,215
7.403928071982161,no_solution,8,1m,167.96577032240825,0,0.8198510967336597,215
7.3792993887935765,no_solution,0,1m,168.5007418381296,0,0.8181202213967829,216
7.9902553201261926,no_solution,1,1m,154.63667094192115,0,0.8617280279413498,216
8.901747882351064,no_solution,2,1m,117.95973889425154,0,0.9291399355295547,216
7.738532504894424,no_solution,3,1m,55.682133579811754,0,0.843595593874955,216
8.448492433800117,no_solution,4,1m,50.70009861923347,0,0.895290112894805,216
1.4238893019561747,no_solution,5,1m,139.79449202311227,0,0.5152148638199093,216
9.89098058477297,no_solution,6,1m,68.93837828089663,0,1.0050299468172021,216
9.048153097211289,no_solution,7,1m,106.21911315766104,0,0.9402035708162788,216
7.602263740379771,no_solution,8,1m,162.6729848499744,0,0.8338749019564243,216
7.526530078993797,no_solution,0,1m,166.04969135773786,0,0.8285023053388874,218
8.353192054537255,no_solution,1,1m,148.5075755643462,0,0.8882536097284836,218
8.204594436613483,no_solution,2,1m,52.31156659860226,0,0.8773403252424129,218
1.7061811493608205,no_solution,3,1m,122.06760421995673,0,0.5217107024730682,218
10.083770103007598,no_solution,4,1m,93.12625838075961,0,1.0201133368668247,218
8.886314359915355,no_solution,5,1m,134.01678999289604,0,0.9279772442043002,218
7.762149691459977,no_solution,6,1m,163.1885412643915,0,0.8452872239403324,218
8.485719084994928,no_solution,7,1m,150.2814027083857,0,0.89804655391069,218
7.582099024212909,no_solution,0,1m,166.04969135773786,0,0.832442298220219,219
7.958727195860578,no_solution,1,1m,52.90085065478626,0,0.859444750609985,219
3.7514889931401934,no_solution,2,1m,101.27437978087055,0,0.5978998140320795,219
0.6589252253344677,no_solution,3,1m,135.98713174414704,0,0.5032959169569121,219
2.543833792665781,no_solution,4,1m,97.93109822727406,0,0.547124304529436,219
1.7596684997476821,no_solution,5,1m,153.96915275469954,0,0.5230635940466938,219
9.354294462598501,no_solution,6,1m,74.50167783345553,0,0.963532497830583,219
8.850096191351879,no_solution,7,1m,111.5100892296298,0,0.9252514588329187,219
8.940924305305515,no_solution,8,1m,130.15567601914256,0,0.9320944103469044,219
7.231511525388078,no_solution,9,1m,167.45297847455566,0,0.807784141949079,219
8.362885382239659,no_solution,10,1m,147.28373976783723,0,0.888967992441646,219
7.1582532903826595,no_solution,0,1m,168.3641885912797,0,0.8026930821162539,221
7.873032196194641,no_solution,1,1m,151.50082508026154,0,0.8532561852475957,221
8.555489475275376,no_solution,2,1m,114.80635870891473,0,0.9032243609194898,221
8.936732128109048,no_solution,3,1m,107.17509038951168,0,0.9317780469463475,221
3.952945721483233,no_solution,4,1m,113.36886697854928,0,0.6077629045361532,221
7.922642629298357,no_solution,5,1m,50.75923561284193,0,0.8568357292170371,221
10.29848686936975,no_solution,6,1m,90.02499652874195,0,1.0370169812862877,221
9.089338419303829,no_solution,7,1m,110.59159100040111,0,0.9433268856887663,221
8.92523402596221,no_solution,8,1m,135.98713174414704,0,0.9309106010067751,221
7.799281406677236,no_solution,9,1m,165.36172471282464,0,0.8479509297225951,221
8.4543396050077,no_solution,10,1m,153.07024531240552,0,0.8957227770279566,221
7.745593027468704,no_solution,0,1m,163.9161370945521,0,0.8441011068066862,223
8.275237405032975,no_solution,1,1m,145.9469081549863,0,0.8825195003651817,223
9.161747460418768,no_solution,2,1m,111.20476608491202,0,0.9488296045591867,223
8.172459121236948,no_solution,3,1m,47.62877281643944,0,0.874989777144642,223
1.8471242874771472,no_solution,4,1m,124.99799998399975,0,0.525357854423025,223
9.1359107182042,no_solution,5,1m,113.44822607692022,0,0.9468644647996068,223
8.914107836535477,no_solution,6,1m,138.76058518181594,0,0.9300715770020189,223
7.867031157503812,no_solution,7,1m,167.0583730317041,0,0.8528237794739335,223
8.459858316168077,no_solution,8,1m,156.27059864222701,0,0.8961312354495587,223
7.429123901483442,no_solution,0,1m,162.3037276220112,0,0.8216242730168319,224
7.116180970187721,no_solution,1,1m,168.8268343599441,0,0.7997792086062696,224
7.8682266299446555,no_solution,2,1m,140.40833308603874,0,0.8529099092761876,224
7.664834357524944,no_solution,3,1m,49.076470940767535,0,0.8383298693828606,224
3.6099911039639205,no_solution,4,1m,101.15582039606025,0,0.5911919088427324,224
10.151886495000623,no_solution,5,1m,26.65520587052368,0,1.0254640218781716,224
9.981346803835708,no_solution,6,1m,96.93554559602994,0,1.0120887324433452,224
7.694999288129267,no_solution,7,1m,167.66782637107215,0,0.8404827483340994,224
8.401930448403684,no_solution,8,1m,154.72717925432494,0,0.8918485967134528,224
7.472978810380336,no_solution,0,1m,161.30251082980698,0,0.8247164497940495,226
7.185972863453464,no_solution,1,1m,166.62082702951633,0,0.804616875479689,226
8.198094802475756,no_solution,2,1m,118.34061010490016,0,0.8768646312634668,226
8.198072656794096,no_solution,3,1m,42.85440467443224,0,0.8768630107085057,226
1.6396648041894544,no_solution,4,1m,142.75328367501743,0,0.5200820002570136,226
8.844471837301239,no_solution,5,1m,141.59272580185748,0,0.9248285131880977,226
8.36078352839334,no_solution,6,1m,159.9578069367044,0,0.888813063579917,226
8.019620194057353,no_solution,7,1m,167.03442758904524,0,0.8638577258073776,226
7.032357124231189,no_solution,0,1m,166.62082702951633,0,0.793995590665934,227
7.326659645790621,no_solution,1,1m,158.65213518890945,0,0.8144287327832301,227
8.170606883384725,no_solution,2,1m,141.35947085356537,0,0.8748543991162361,227
8.281039967971278,no_solution,3,1m,124.66154178414448,0,0.8829456404243523,227
9.0361757375045,no_solution,4,1m,107.92821688511305,0,0.9392961595364855,227
5.133421742766879,no_solution,5,1m,93.05106125133662,0,0.6721316535871834,227
5.48164933990799,no_solution,6,1m,86.15393200545174,0,0.6929905580021486,227
8.083854677216948,no_solution,7,1m,43.982951242498494,0,0.868526637766522,227
0.6944172592490688,no_solution,8,1m,134.43399867593018,0,0.50365924928138,227
10.337013597754032,no_solution,9,1m,95.03946548671242,0,1.0400614367192464,227
8.972012499411369,no_solution,10,1m,121.43516788805456,0,0.9344420651768033,227
9.103195667633328,no_solution,11,1m,140.21590494662152,0,0.9443788319819632,227
8.083013229350895,no_solution,12,1m,168.1323883134954,0,0.8684653860773085,227
8.599179543004501,no_solution,13,1m,158.70255196435878,0,0.90647436944446,227
7.321373966463072,no_solution,0,1m,167.04041427151694,0,0.8140586653976747,238
7.413185320025806,no_solution,1,1m,151.83049759518013,0,0.8205022964389972,238
7.71678643559377,no_solution,2,1m,142.10031667804262,0,0.8420397762123384,238
8.239280304498866,no_solution,3,1m,31.976553910638962,0,0.8798812650473485,238
0.3543110777280585,no_solution,4,1m,120.98140352963343,0,0.5009551260051676,238
2.365234504354633,no_solution,5,1m,141.54327960026927,0,0.5409729564011331,238
9.568409067430713,no_solution,6,1m,57.86622503671723,0,0.9799991123508787,238
11.324085592337472,no_solution,7,1m,71.03872183534835,0,1.1191830813661725,238
9.17759719685921,no_solution,8,1m,127.5009803883876,0,0.9500360509190241,238
9.026474642369969,no_solution,9,1m,150.91885236775425,0,0.938561497417462,238
8.836218249550624,no_solution,10,1m,164.06248809523765,0,0.92420801988743,238
6.949087259191803,no_solution,0,1m,165.2044188271004,0,0.7882795294711029,242
7.01333187895891,no_solution,1,1m,147.98817520329115,0,0.7926870061808946,242
7.934118555028464,no_solution,2,1m,126.73791855636576,0,0.8576649807002326,242
8.652583660945485,no_solution,3,1m,95.19716382329885,0,0.9104549325608509,242
7.7985544789203205,no_solution,4,1m,28.293108701590217,0,0.8478987347943875,242
1.4693287409055173,no_solution,5,1m,89.73572309844057,0,0.5161863809951184,242
2.257822058597962,no_solution,6,1m,144.10586386403574,0,0.5374587343865259,242
9.037206922748634,no_solution,7,1m,61.98790204547981,0,0.9393742667001279,242
11.068104024504997,no_solution,8,1m,61.98790204547981,0,1.0984636305232756,242
9.447372651637144,no_solution,9,1m,93.36219791757262,0,0.9706758555239178,242
8.856816939567166,no_solution,10,1m,153.16167928042574,0,0.9257569737442805,242
7.183829665436677,no_solution,0,1m,164.8104972384951,0,0.8044680212856797,244
7.195995750019661,no_solution,1,1m,149.71472873435,0,0.805313255941335,244
7.561703766110545,no_solution,2,1m,135.47878062634015,0,0.8309948660269467,244
8.47266885048131,no_solution,3,1m,98.45049517397055,0,0.8970797557347023,244
8.650699432318294,no_solution,4,1m,26.086394921491163,0,0.9103143405829756,244
2.302360367168329,no_solution,5,1m,149.41385477926738,0,0.5388987643232085,244
9.132931133589706,no_solution,6,1m,132.12304870839154,0,0.9466379574120793,244
7.012554146166789,no_solution,0,1m,168.625324313995,0,0.792633545132241,250
7.453161131505251,no_solution,1,1m,158.5386388234742,0,0.8233182025488316,250
7.649010808033239,no_solution,2,1m,142.24099268495002,0,0.8372018778321035,250
7.993560627618784,no_solution,3,1m,130.9599175320449,0,0.8619675983288861,250
9.378552598829867,no_solution,4,1m,58.99576255969576,0,0.9653919796987281,250
9.381302511534937,no_solution,5,1m,24.9098374141623,0,0.9656028708199424,250
8.327789606109738,no_solution,6,1m,27.97320146139873,0,0.8863829235030324,250
9.13061701319499,no_solution,7,1m,151.8634254848744,0,0.9464620555513981,250
7.96998991490752,no_solution,0,1m,158.72775434686903,0,0.8602600055609182,253
7.6456593035349565,no_solution,1,1m,165.5309638708118,0,0.8369630824326072,253
8.277789503408544,no_solution,2,1m,140.15170352157693,0,0.8827069128791665,253
8.962227076918737,no_solution,3,1m,119.5846980177648,0,0.933702810003264,253
9.808075126492916,no_solution,4,1m,88.25247871873061,0,0.9985716500877968,253
10.238182620205876,no_solution,5,1m,25.268557536986556,0,1.032258553401561,253
7.985771070467202,no_solution,6,1m,27.721832551258224,0,0.8614030674569473,253
8.970015360784796,no_solution,7,1m,133.70302913546874,0,0.9342911658731117,253
9.002955257622618,no_solution,8,1m,152.7497954172116,0,0.936781489305395,253
21.26467691361838,no_solution,9,1m,156.5199667774051,0,2.0090802475093783,253
5.749779344788479,no_solution,0,2m,168.4339633209407,0,0.7095533845423773,10
5.455563696998744,no_solution,1,2m,164.7118696390761,0,0.6914019099299958,10
5.090834940607019,no_solution,2,2m,158.47397262642215,0,0.6696339466527617,10
2.7497700633512223,no_solution,3,2m,169.75865220954128,0,0.5546806600395354,10
2.690740801412586,no_solution,4,2m,169.85287751463028,0,0.5524650007863681,10
0.48795297973430984,no_solution,5,2m,123.97580409095961,0,0.5018100322620658,10
0.1988337996821032,no_solution,6,2m,104.62313319720452,0,0.5003009871516247,10
0.9231808768964925,no_solution,7,2m,69.6419413859206,0,0.5064498759693327,10
1.3752744059425874,no_solution,8,2m,52.55473337388365,0,0.5142073650493859,10
5.690897490945936,solution,0,2m,168.3864602632884,0,0.7058803835257736,13
2.484533351006338,solution,1,2m,169.9235122047564,0,0.5450397785944866,13
0.4383143293155181,solution,2,2m,55.226805085936306,1,0.5014609958637235,13
2.095809551796149,solution,3,2m,11.40175425099138,1,0.5324284307174353,13
0.25442759939414467,solution,4,2m,109.37092849564732,0,0.5004927367486036,13
4.397534102333998,solution,5,2m,7.0710678118654755,1,0.6307534507578972,13
0.9139470241402519,solution,6,2m,75.53806987208503,1,0.5063222749411013,13
1.4125734669779841,solution,7,2m,57.21887800367987,1,0.5149774013460728,13
5.845230113967101,solution,0,2m,169.75865220954128,0,0.7155490786500927,14
2.2724230865023847,solution,1,2m,170.6985647274165,0,0.5379281315335024,14
0.2770341182714958,solution,2,2m,53.23532661682466,1,0.5005841365962485,14
2.2770547207108556,solution,3,2m,11.40175425099138,1,0.538077579139731,14
6.207582185351054,solution,4,2m,5.0990195135927845,1,0.7387594645784091,14
0.4576807175438608,solution,5,2m,107.56393447619885,0,0.5015927487693803,14
1.1209910682281061,solution,6,2m,75.53806987208503,1,0.5094822456431524,14
1.2480525794290913,solution,7,2m,69.00724599634447,1,0.5117282715894256,14
1.655857588559796,solution,8,2m,55.08175741568164,1,0.5204729802361969,14
5.6739092996169225,no_solution,0,2m,164.10362579784763,0,0.7048243595932817,16
4.97945808462303,no_solution,1,2m,153.83757668398187,0,0.6631588228191431,16
3.094190289393866,no_solution,2,2m,169.59363195591985,0,0.5683768774355515,16
2.6972826934701835,no_solution,3,2m,168.0773631397161,0,0.5527086010835057,16
2.1737919172650972,no_solution,4,2m,84.581321815162,0,0.5348086771678984,16
0.5248859750051513,no_solution,5,2m,111.11255554616679,0,0.5020938260243849,16
0.17138535557335097,no_solution,6,2m,75.05997601918082,0,0.5002236390505389,16
3.823801454994397,no_solution,7,2m,7.0710678118654755,0,0.6013985627680778,16
0.557207624856454,no_solution,8,2m,57.07889277132134,0,0.5023590270620225,16
5.993328854261179,solution,0,2m,168.67127793433,0,0.724951183800734,18
6.00136374008078,solution,1,2m,168.31518053936787,0,0.7254646694406127,18
5.261145725279947,solution,2,2m,152.6106156202772,0,0.6796934622616155,18
2.2078335048366085,solution,3,2m,167.72000476985446,0,0.5358716615102053,18
2.1246998598757485,solution,4,2m,169.09760495051373,0,0.5333013024759609,18
0.356127889107763,solution,5,2m,50.774009099144415,1,0.5009649371693541,18
0.17828220980258352,solution,6,2m,115.2128465059344,0,0.500241996162578,18
3.8523106766977286,solution,7,2m,7.615773105863909,1,0.6027908445985226,18
0.8237920152090734,solution,8,2m,79.51100552753688,1,0.5051423564979444,18
1.3095603511807379,solution,9,2m,63.071388124885914,1,0.512898262837059,18
6.118251085876782,no_solution,0,2m,169.75865220954128,0,0.7329731902132828,23
6.148072871530032,no_solution,1,2m,168.88457596832222,0,0.7349002860124986,23
5.839166310167554,no_solution,2,2m,155.62133529821674,0,0.7151666725701149,23
1.7368454700488913,no_solution,3,2m,170.13524032369074,0,0.5224816252161543,23
1.7025004737553542,no_solution,4,2m,170.51099671282202,0,0.5216190171944114,23
0.21828944482715837,no_solution,5,2m,144.00694427700353,0,0.5003627495710131,23
22.367768873330892,no_solution,6,2m,1.4142135623730951,0,2.1174417115586377,23
3.404860369690599,no_solution,7,2m,12.083045973594572,0,0.581802868316112,23
0.502549794500517,no_solution,8,2m,115.73245007343446,0,0.5019197394303149,23
0.8594553392093004,no_solution,9,2m,83.48652585896721,0,0.5055947863811147,23
1.6290427971493238,no_solution,10,2m,63.071388124885914,0,0.5198274619748587,23
2.337474228916119,no_solution,11,2m,112.61438629233834,0,0.5400512199341745,23
5.60877585290895,no_solution,12,2m,164.61470165206995,0,0.7007909846703829,23
6.153294375274769,solution,0,2m,169.5228598154243,0,0.7352381739432493,24
6.095870108420526,solution,1,2m,169.1685549976709,0,0.7315299513628314,24
5.369292068535004,solution,2,2m,147.70917371646217,0,0.6861774147944827,24
1.7138083440018244,solution,3,2m,169.9941175452845,0,0.5219012753807661,24
0.4691204996245315,solution,4,2m,47.853944456021594,1,0.5016732348701339,24
0.05449330519639403,solution,5,2m,130.08458786497346,0,0.5000226136926386,24
21.776318767414285,solution,6,2m,1.4142135623730951,1,2.059089260888954,24
0.4270944344302809,solution,7,2m,117.72000679578642,1,0.5013872559489402,24
0.7560248233085775,solution,8,2m,87.46427842267951,1,0.504334498790092,24
1.1581849609630754,solution,9,2m,79.1580697086532,1,0.5101157424459545,24
1.561674394911481,solution,10,2m,63.324560795950255,0,0.5182489088269552,24
2.148199468323901,solution,11,2m,114.72575996697516,0,0.5340190778971705,24
5.39957929426603,solution,12,2m,167.38578195294843,0,0.6880063651625535,24
6.942627392610713,no_solution,0,2m,165.6804152578089,0,0.7878373294562859,30
1.7576591171635414,no_solution,1,2m,169.49926253526885,0,0.523012076787039,30
1.5503769912214083,no_solution,2,2m,170.13524032369074,0,0.5179902738325232,30
0.6495099029477721,no_solution,3,2m,147.00340132119393,0,0.5032026893668399,30
0.20462999040832613,no_solution,4,2m,125.89678312014172,0,0.5003187855152333,30
8.693796388058567,no_solution,5,2m,3.1622776601683795,0,0.9135327166384641,30
1.8475969944750603,no_solution,6,2m,15.811388300841896,0,0.5253705303604473,30
0.591941000752039,no_solution,7,2m,89.1403387922662,0,0.5026615102859163,30
6.934582322362629,no_solution,0,2m,164.78470802838473,0,0.787286867769439,33
1.4339201623679736,no_solution,1,2m,169.64079697997178,0,0.5154268554327074,33
3.3505743849100984,no_solution,2,2m,70.21395872616783,0,0.5793865922964463,33
2.6867367198444696,no_solution,3,2m,7.0710678118654755,0,0.5523161415739004,33
0.18852891864409502,no_solution,4,2m,127.09838708654017,0,0.5002706053167356,33
1.309959536297604,no_solution,5,2m,19.026297590440446,0,0.5129060311890482,33
1.0289252106288218,no_solution,6,2m,107.56393447619885,0,0.5080000954048595,33
6.978665910965352,no_solution,0,2m,163.37074401495514,0,0.7903065745862126,36
6.677387194687851,no_solution,1,2m,169.00295855398508,0,0.7698387044482549,36
6.230146594861689,no_solution,2,2m,143.95138068111746,0,0.7402274849305704,36
3.4110293460663956,no_solution,3,2m,66.64833081180653,0,0.5820792895198614,36
1.2267970040359981,no_solution,4,2m,170.48753620133056,0,0.5113364544364787,36
1.2231929934476498,no_solution,5,2m,170.29973576021777,0,0.5112706582046027,36
0.551993572773496,no_solution,6,2m,154.434452114805,0,0.5023151831354742,36
0.2167390447988509,no_solution,7,2m,140.29255147726127,0,0.5003576168008459,36
1.5125571058242642,no_solution,8,2m,10.295630140987,0,0.5171372275744028,36
1.1702581520504816,no_solution,9,2m,19.849433241279208,0,0.5103256526207196,36
0.8205920016932116,no_solution,10,2m,90.21086409075129,0,0.5051026791785059,36
7.167336508139525,solution,0,2m,168.86088949191284,0,0.8033231291633472,39
7.11684023912185,solution,1,2m,169.09760495051373,0,0.799824812364933,39
6.236555449981435,solution,2,2m,133.30416347586447,0,0.7406449092008229,39
1.0771452819328062,solution,3,2m,170.20575783445165,0,0.508761073675778,39
0.4051902149395721,solution,4,2m,154.7966407904254,0,0.5012487776658171,39
1.0481644458540016,solution,5,2m,31.400636936215164,1,0.5082996708718972,39
0.07875434543129668,solution,6,2m,144.42298985964803,0,0.5000472306401325,39
1.1969758907056829,solution,7,2m,13.341664064126334,1,0.5107976120142729,39
1.1919410576937552,solution,8,2m,24.041630560342615,1,0.5107078914822448,39
0.5971505181640823,solution,9,2m,123.0690862889621,0,0.5027084395747862,39
0.8712998213443821,solution,10,2m,92.31467922275417,1,0.5057491978905208,39
0.9695315208562638,solution,11,2m,111.75866856758807,1,0.5071092686526671,39
7.298808368683463,solution,0,2m,169.1685549976709,0,0.8124800215276542,41
6.9876324096364515,solution,1,2m,151.16216457830973,0,0.790921793241721,41
6.239692525652494,solution,2,2m,129.46814279968643,0,0.7408493101347705,41
3.8797456147505223,solution,3,2m,61.98386886924694,0,0.6041374826123519,41
0.9401684138104018,solution,4,2m,170.20575783445165,0,0.5066878908204163,41
1.0344227499846512,solution,5,2m,29.154759474226502,1,0.5080851490976954,41
0.005504115420456873,solution,6,2m,141.59802258506295,0,0.5000002307117488,41
0.9397214512186066,solution,7,2m,15.811388300841896,1,0.5066815741769841,41
0.8623472992689077,solution,8,2m,24.20743687382041,1,0.5056322968462506,41
0.2548409665711454,solution,9,2m,130.11533345459327,1,0.5004943383726134,41
0.5989515759555395,solution,10,2m,97.62171889492625,1,0.5027247588366935,41
7.568121952965411,solution,0,2m,167.40967713964446,0,0.8314501901518793,43
7.558585977414963,solution,1,2m,155.08062419270823,0,0.8307737373240199,43
0.9180256325456543,solution,2,2m,169.9235122047564,0,0.506378482226628,43
0.5978644212382948,solution,3,2m,157.66420012165096,0,0.502714902384108,43
1.4680165316303344,solution,4,2m,28.460498941515414,1,0.516157922704988,43
0.5179048635456766,solution,5,2m,16.55294535724685,1,0.5020386089385144,43
0.7029412574403613,solution,6,2m,25.179356624028344,1,0.5037493081350971,43
0.5212527371047813,solution,7,2m,99.24716620639605,1,0.5020649974141342,43
1.0183981510892899,solution,8,2m,111.97321108193691,1,0.5078384555586889,43
7.943940259829708,solution,0,2m,169.09760495051373,0,0.8583750628439075,53
7.981743993423028,solution,1,2m,147.97972834141845,0,0.861111296093169,53
4.915140175864265,solution,2,2m,51.86520991955976,0,0.65945786407678,53
0.3628694183971321,solution,3,2m,170.20575783445165,0,0.5010017797410223,53
0.3540130409828014,solution,4,2m,163.51758315239374,0,0.5009535213172377,53
2.666179304913275,solution,5,2m,21.213203435596427,1,0.5515547650509282,53
0.17654055534263596,solution,6,2m,23.53720459187964,1,0.5002372921804208,53
0.03310552102609469,solution,7,2m,151.74320413119,0,0.5000083462630922,53
0.42852357579931016,solution,8,2m,35.805027579936315,1,0.5013965429357171,53
0.7748202409571875,solution,9,2m,103.58571330062848,1,0.5045517384562883,53
0.7556107929991109,solution,10,2m,108.89444430272832,1,0.5043297724156387,53
0.7553809970421055,solution,11,2m,123.03657992645927,0,0.5043271502722229,53
8.305703312457524,solution,0,2m,167.86303941010956,0,0.8847581380840852,54
0.558678996922471,solution,1,2m,167.38578195294843,0,0.5023714734302946,54
3.0049878925837517,solution,2,2m,19.6468827043885,1,0.5647064013111306,54
0.17013441238171997,solution,3,2m,151.82226450688975,0,0.5002203869757357,54
0.0696102887751055,solution,4,2m,24.698178070456937,1,0.5000368999703241,54
0.3371310809585967,solution,5,2m,37.013511046643494,1,0.5008648223980255,54
0.20065840266541632,solution,6,2m,139.8070098385628,0,0.5003065348738248,54
0.564351752905021,solution,7,2m,107.93516572461452,0,0.5024197637714863,54
0.6317016587168343,solution,8,2m,101.83319694480774,1,0.5030299820710263,54
0.5647003114143375,solution,9,2m,122.28654872879518,1,0.5024227466984361,54
8.072871980547454,no_solution,0,2m,164.12799883018133,0,0.8677273607171654,61
6.645147971173258,no_solution,1,2m,93.86160024205851,0,0.7676725254485145,61
1.2362567419219752,no_solution,2,2m,165.14841809717706,0,0.5115100364925356,61
0.49603852101063833,no_solution,3,2m,169.1685549976709,0,0.5018704052167337,61
0.57084847127707,no_solution,4,2m,107.56393447619885,0,0.502475661893141,61
1.0028832245178085,no_solution,5,2m,42.44997055358225,0,0.5076031693525642,61
0.500907954821649,no_solution,6,2m,31.906112267087636,0,0.5019072394271559,61
0.008189869051256309,no_solution,7,2m,169.5464538113375,0,0.5000005107971243,61
8.594620559273782,no_solution,0,2m,168.31518053936787,0,0.9061349622037467,66
8.577873613400824,no_solution,1,2m,167.14664220378464,0,0.9048887336003347,66
0.15718024748156095,no_solution,2,2m,169.09760495051373,0,0.500188109691831,66
0.539803639461134,no_solution,3,2m,35.35533905932738,0,0.5022142745889322,66
0.45034868492960234,no_solution,4,2m,49.57822102496216,0,0.5015422016927231,66
0.49814789362532796,no_solution,5,2m,122.0245876862528,0,0.5018863174446977,66
0.6158999250140796,no_solution,6,2m,135.80132547217644,0,0.502880707913889,66
8.627699504066843,no_solution,0,2m,166.35504200354134,0,0.9085990683564075,69
6.668641731126356,no_solution,1,2m,89.45389874119518,0,0.7692506196085154,69
0.02000246730929132,no_solution,2,2m,169.7115199389835,0,0.5000030469167934,69
0.7818367040140484,no_solution,3,2m,39.21734310225516,0,0.5046341791393821,69
0.7753178546977311,no_solution,4,2m,49.73932046178355,0,0.5045575611675724,69
1.7476973571488315,no_solution,5,2m,26.570660511172846,0,0.5227574705907142,69
0.6748582456758451,no_solution,6,2m,122.61321299109652,0,0.5034566976445336,69
0.8553420596961011,no_solution,7,2m,111.22050170719426,0,0.5055416470968713,69
8.589394622223246,solution,0,2m,166.97904060090895,0,0.9057459801126863,70
8.092927089031182,solution,1,2m,169.1685549976709,0,0.8691871998808599,70
8.405452426702366,solution,2,2m,131.40015220691336,0,0.8921086747120279,70
2.6676910028988536,solution,3,2m,5.830951894845301,1,0.551610588505317,70
0.013250428539337923,solution,4,2m,168.2914139223983,0,0.5000013370696385,70
0.7705703171716863,solution,5,2m,40.52159917870962,1,0.504502158619078,70
0.5903465047723987,solution,6,2m,123.5556554755791,1,0.5026472278114461,70
0.8704354219306625,solution,7,2m,105.6882207249228,1,0.5057378591504365,70
8.724376249531694,no_solution,0,2m,166.35504200354134,0,0.9158197447880109,71
5.909553514084828,no_solution,1,2m,36.138621999185304,0,0.7196180169497698,71
0.14891774978435202,no_solution,2,2m,171.14321488157222,0,0.5001688559245734,71
0.9389394950213859,no_solution,3,2m,43.01162633521314,0,0.5066705303181013,71
0.663598870260232,no_solution,4,2m,125.09996003196804,0,0.5033426859052004,71
0.9098089452199065,no_solution,5,2m,110.13627921806692,0,0.5062654977057668,71
0.8448960387100443,no_solution,6,2m,120.6731121667126,0,0.5054078171136639,71
8.637513763217417,no_solution,0,2m,168.4339633209407,0,0.9093307921430593,72
8.759218518802252,no_solution,1,2m,129.83836104942176,0,0.9184289684262427,72
0.28715380673164176,no_solution,2,2m,169.75865220954128,0,0.5006275649931294,72
1.2128460090977304,no_solution,3,2m,44.9221548904324,0,0.5110827899402042,72
3.0962319054277874,no_solution,4,2m,25.495097567963924,0,0.5684618700146924,72
0.8626828370463897,no_solution,5,2m,139.46325680981354,0,0.5056366569558712,72
1.0029372165528787,no_solution,6,2m,122.61321299109652,0,0.5076039820693977,72
1.1549204009953662,no_solution,7,2m,110.13627921806692,0,0.510059342841414,72
3.002105958578794,no_solution,8,2m,85.80209787645055,0,0.5645892282899801,72
8.545431653532466,no_solution,0,2m,167.0269439342048,0,0.9024770156590075,73
0.0015193102329627115,no_solution,1,2m,168.31518053936787,0,0.5000000175787368,73
0.5073404557337471,no_solution,2,2m,7.0710678118654755,0,0.5019564447667783,73
0.10812199844614563,no_solution,3,2m,161.72198366332265,0,0.5000890195192368,73
0.9604218477156542,no_solution,4,2m,48.104053883222775,0,0.5069771896942921,73
0.5364449782965134,no_solution,5,2m,126.37246535539299,0,0.5021868640592958,73
0.7587145885796788,no_solution,6,2m,110.13627921806692,0,0.5043652658725165,73
8.947502003319554,solution,0,2m,165.07574019219177,0,0.9325908996157245,76
1.5765664311401553,solution,1,2m,7.0710678118654755,1,0.5185925119696613,76
0.175514054191095,solution,2,2m,169.75865220954128,0,0.5002345413436622,76
1.261850677800652,solution,3,2m,50.695167422546305,1,0.5119860639305054,76
1.1794626100226475,solution,4,2m,57.706152185014034,1,0.5104870909407097,76
0.6908291485030938,solution,5,2m,129.46814279968643,1,0.5036216636687486,76
0.9360170429236432,solution,6,2m,120.10828447696687,1,0.5066293347593355,76
8.844538496637567,no_solution,0,2m,168.90825912311098,0,0.9248335253585328,77
6.753495484657661,no_solution,1,2m,27.892651361962706,0,0.7749712325485695,77
1.532627015774743,no_solution,2,2m,46.32493928760188,0,0.5175874611819904,77
0.4538966712252711,no_solution,3,2m,169.75865220954128,0,0.5015665602184045,77
1.3205003633305323,no_solution,4,2m,58.60034129593445,0,0.5131119762092295,77
2.6517050380964835,no_solution,5,2m,32.89376840679705,0,0.5510215908629443,77
0.9555323732686052,no_solution,6,2m,131.03434664239754,0,0.5069067989308611,77
0.9130319398083122,no_solution,7,2m,143.5339681051144,0,0.5063096977119488,77
1.2291443561918913,no_solution,8,2m,112.89818421923357,0,0.511379408276857,77
3.583917095102886,no_solution,9,2m,78.60025445251433,0,0.5899761719653049,77
8.641545790135364,solution,0,2m,163.98170629676957,0,0.9096314938707508,79
8.61441264195148,solution,1,2m,152.42703172337903,0,0.9076089053447398,79
7.707900232764873,solution,2,2m,95.42536350467836,0,0.841404510511909,79
6.031924880117566,solution,3,2m,27.892651361962706,0,0.7274208799569841,79
0.008646772949428241,solution,4,2m,165.41463055002117,0,0.5000005693805317,79
2.564717895904715,solution,5,2m,7.0710678118654755,1,0.5478682626193878,79
0.18869263745411163,solution,6,2m,169.75865220954128,0,0.5002710753849821,79
0.7153612376902735,solution,7,2m,57.56735185849702,1,0.5038824673964323,79
0.9020440797680155,solution,8,2m,49.8196748283246,1,0.5061596373133135,79
0.36534219808360524,solution,9,2m,131.8256424221024,1,0.5010154660380086,79
0.3496430940737573,solution,10,2m,147.41099009232656,1,0.5009301471621597,79
0.8278781844263876,solution,11,2m,110.5350623105628,1,0.5051932414154293,79
0.8042956810541381,solution,12,2m,117.34564329364768,0,0.5049029689562736,79
9.08533310854803,no_solution,0,2m,168.0773631397161,0,0.9430229306877715,80
1.5852896115185893,no_solution,1,2m,48.27007354458868,0,0.5187951922609255,80
1.3769117872588554,no_solution,2,2m,58.872744118140105,0,0.5142407594806735,80
0.49412813342997447,no_solution,3,2m,169.9941175452845,0,0.50185605189597,80
0.5472390103779081,no_solution,4,2m,163.51758315239374,0,0.5022755590727497,80
1.656616377141968,no_solution,5,2m,70.32780389006896,0,0.5204913886376933,80
0.9269562282707299,no_solution,6,2m,131.40015220691336,0,0.5065024072516701,80
0.9692225694773372,no_solution,7,2m,129.00387591076478,0,0.5071047693650762,80
0.9275416607340397,no_solution,8,2m,144.20124826089406,0,0.5065105718447719,80
1.3605308185116585,no_solution,9,2m,110.5350623105628,0,0.5139083650519753,80
1.3496411821737277,no_solution,10,2m,115.66330446602328,0,0.5136894852301678,80
11.536874997508866,no_solution,0,2m,163.37074401495514,0,1.1365082813756031,82
1.9430421568265392,no_solution,1,2m,54.12947441089743,0,0.5279900292888636,82
1.7239255216493448,no_solution,2,2m,66.40783086353596,0,0.5221552694593777,82
2.6438632545827776,no_solution,3,2m,43.93176527297759,0,0.5507337356272791,82
3.842205352986266,no_solution,4,2m,32.89376840679705,0,0.6022965102825537,82
0.7863040185158454,no_solution,5,2m,167.6007159889241,0,0.5046870486562668,82
1.2156765814996522,no_solution,6,2m,131.8256424221024,0,0.5111340321953717,82
1.0264617519043377,no_solution,7,2m,169.75865220954128,0,0.5079621252489391,82
1.4945371090495458,no_solution,8,2m,117.72000679578642,0,0.5167377178987173,82
9.116745057298575,solution,0,2m,166.57130605239308,0,0.9454079281726072,83
7.123058222103819,solution,1,2m,22.135943621178654,0,0.8002550187723336,83
3.5149126309615406,solution,2,2m,10.295630140987,1,0.5867898284344923,83
0.5093668952747425,solution,3,2m,168.88457596832222,0,0.5019720750609266,83
1.6343562657100381,solution,4,2m,53.16013544000805,1,0.5199545985262658,83
1.4337097996429742,solution,5,2m,62.625873247404705,1,0.5154223952345545,83
0.8371696429487547,solution,6,2m,135.80132547217644,1,0.5053098659599733,83
0.820517347165246,solution,7,2m,147.41099009232656,1,0.505101755336049,83
1.100280676282027,solution,8,2m,120.44085685513866,1,0.509138141418115,83
8.862712336631093,solution,0,2m,165.19685227025363,0,0.926200517017033,84
8.714856920822143,solution,1,2m,135.09256086106296,0,0.9151075053364777,84
8.154685628445748,solution,2,2m,93.04837451562494,0,0.8736912034090467,84
7.294174898931469,solution,3,2m,71.17583859709698,0,0.8121561237505088,84
6.663392282246724,solution,4,2m,22.847319317591726,0,0.7688977906300704,84
4.132757696507119,solution,5,2m,10.295630140987,1,0.6168644332241843,84
1.7961300773355833,solution,6,2m,55.08175741568164,1,0.5240077609880949,84
1.6299822671141946,solution,7,2m,64.88451279003334,1,0.519849912949294,84
1.021262617141319,solution,8,2m,135.80132547217644,1,0.5078822789028734,84
1.2537625043382477,solution,9,2m,123.1665539016173,1,0.5118346226564212,84
9.208389381770566,solution,0,2m,166.01807130550577,0,0.9523818683235642,87
8.406481343136608,solution,1,2m,89.27485648266257,0,0.8921846617672459,87
6.334587130629394,solution,2,2m,21.02379604162864,0,0.7470556060182599,87
4.782075929346509,solution,3,2m,13.92838827718412,1,0.651892365856178,87
2.2284922198830523,solution,4,2m,56.515484603779164,1,0.5365237922283455,87
1.0287812933867166,solution,5,2m,164.61470165206995,0,0.5079978747304378,87
1.0785854168651148,solution,6,2m,168.88457596832222,0,0.5087843194270573,87
1.370668706493967,solution,7,2m,136.8575902169843,0,0.5141136335180508,87
1.5121750721683205,solution,8,2m,126.65701717630967,1,0.5171287112033357,87
1.4026459435627403,solution,9,2m,139.0323703315167,1,0.5147705461110821,87
1.3407061264373328,solution,10,2m,153.00326793895613,1,0.5135111388501326,87
3.569688380318416,solution,11,2m,89.1852005660132,0,0.5893154443126906,87
9.015889946516394,solution,0,2m,167.0269439342048,0,0.9377602253301914,88
8.268893299784727,solution,1,2m,167.83920876839238,0,0.882053715108593,88
9.144889746778198,solution,2,2m,114.23659658795863,0,0.9475471982150198,88
8.384000758110258,solution,3,2m,87.05170877128145,0,0.8905252040779946,88
5.407304119279197,solution,4,2m,13.92838827718412,1,0.68847374769369,88
2.1696648598038433,solution,5,2m,58.463663928973865,1,0.5346807901661864,88
1.935098363367714,solution,6,2m,67.77905281132217,1,0.5277674701526809,88
0.9241842422560734,solution,7,2m,168.22009392459628,1,0.5064638166714392,88
1.2231570136537502,solution,8,2m,138.3979768638256,1,0.5112700022778366,88
1.47178546406694,solution,9,2m,127.63228431709588,1,0.5162397249701736,88
3.4951870787831565,solution,10,2m,89.1852005660132,0,0.5858873472049283,88
9.635126376704275,no_solution,0,2m,161.00310556011024,0,0.9851545407012428,90
8.30314720729448,no_solution,1,2m,168.0773631397161,0,0.8845701993491873,90
9.236720657609016,no_solution,2,2m,125.96031120952345,0,0.9545425139239727,90
2.6648825838719388,no_solution,3,2m,58.9406481131655,0,0.5515069010494296,90
2.3128204532280625,no_solution,4,2m,69.12307863514182,0,0.5392404945751373,90
4.1612290677698835,no_solution,5,2m,41.97618372363071,0,0.6183305460920803,90
1.092713447578436,no_solution,6,2m,170.20575783445165,0,0.509013956600309,90
1.5673515914206149,no_solution,7,2m,140.6627171641441,0,0.5183795399112896,90
1.7740172050721545,no_solution,8,2m,124.77980605851253,0,0.5234330377745565,90
1.5230292091297788,no_solution,9,2m,151.82226450688975,0,0.5173714581125763,90
1.8384141886053667,no_solution,10,2m,132.4009063413087,0,0.5251248152162582,90
8.839587782732975,solution,0,2m,168.6475615003075,0,0.9244613125722396,97
7.891151306094078,solution,1,2m,79.00632886041473,0,0.8545625314670142,97
6.249138400354378,solution,2,2m,23.53720459187964,1,0.7414650700388061,97
2.9694364713366217,solution,3,2m,68.24954212300622,1,0.5632671928441316,97
2.7652652360248346,solution,4,2m,75.27283706623525,1,0.5552687964987856,97
1.4789109040223507,solution,5,2m,168.36270370839262,1,0.5163949165851482,97
1.7140173668469048,solution,6,2m,146.81280598094978,1,0.521906509033876,97
2.0087528746884407,solution,7,2m,131.03434664239754,1,0.5298623889974584,97
3.7470864062569538,solution,8,2m,97.04638066409278,0,0.5976883281619093,97
9.137085699515929,solution,0,2m,156.1089363233252,0,0.9469537934316167,98
8.582353666318292,solution,1,2m,166.0903368652132,0,0.9052220334692854,98
8.963000978643644,solution,2,2m,130.97327971765844,0,0.9337612656192867,98
8.872262039115586,solution,3,2m,106.48004507887852,0,0.9269192094320002,98
6.427612326820751,solution,4,2m,23.53720459187964,1,0.7531827736052024,98
2.9655337631511896,solution,5,2m,67.89698078707183,1,0.563110030111283,98
2.7165465692642496,solution,6,2m,77.1621668954417,1,0.5534287576794895,98
2.468281680449547,solution,7,2m,86.68333173107735,1,0.5444757598277065,98
4.071777182885327,solution,8,2m,53.75872022286245,0,0.6137470499160451,98
3.099923048868962,solution,9,2m,85.47514258543241,0,0.5686156436194288,98
1.5895857259399828,solution,10,2m,167.2423391369542,0,0.5188953936972178,98
1.862963634310851,solution,11,2m,143.75673897247393,1,0.525784200161677,98
2.0248310007113806,solution,12,2m,132.82319074619463,1,0.5303289996295681,98
1.7333405618505626,solution,13,2m,155.72411502397438,1,0.5223928705601999,98
9.68957877064084,solution,14,2m,143.45033983926285,0,0.9893706967653809,98
8.679169831919856,solution,0,2m,164.17673403987544,0,0.9124398110862829,100
9.110788012130532,solution,1,2m,154.434452114805,0,0.9449554184754576,100
7.413320207910537,solution,2,2m,169.0266251216062,0,0.8205117875685364,100
8.85854241898307,solution,3,2m,118.29623831720095,0,0.9258867805636642,100
9.008177092239011,solution,4,2m,104.546640309481,0,0.9371765552872668,100
5.972294982118431,solution,5,2m,27.459060435491963,1,0.7236086063831384,100
2.897678830945072,solution,6,2m,73.824115301167,1,0.5604038902076944,100
2.509373129226217,solution,7,2m,88.60022573334675,1,0.5459078972990663,100
1.6390918239957393,solution,8,2m,155.72411502397438,1,0.5200682306482826,100
1.9668447872781858,solution,9,2m,133.75350462698165,1,0.5286618080791791,100
3.057768536677845,solution,10,2m,89.27485648266257,1,0.5668680160486139,100
1.9655396013727928,solution,11,2m,144.5060552364502,1,0.5286247815997555,100
9.181279221127184,solution,12,2m,157.07959765672945,0,0.9503164179116195,100
8.496655429570202,solution,0,2m,163.37074401495514,0,0.8988571601378986,103
9.085975857951707,solution,1,2m,150.7912464302885,0,0.9430717046137592,103
9.010099609333803,solution,2,2m,143.17122615944868,0,0.9373220258665581,103
8.940984514892426,solution,3,2m,130.97327971765844,0,0.9320989544433328,103
8.809197324036582,solution,4,2m,116.3872845288522,0,0.9221780256632978,103
8.919468800617508,solution,5,2m,97.74456506629922,0,0.9304758016427859,103
5.854949024773463,solution,6,2m,31.400636936215164,1,0.7161624135252944,103
3.2797468215676653,solution,7,2m,71.84705978674423,1,0.5762781719077291,103
2.9425151276633685,solution,8,2m,80.8084154033477,1,0.5621864140716762,103
2.62723103532738,solution,9,2m,94.92101980067429,1,0.5501255451093149,103
1.8704138903977652,solution,10,2m,151.2679741386127,1,0.5259858796842539,103
2.134258388432143,solution,11,2m,139.0898989862312,1,0.5335924198297023,103
1.7983876046202336,solution,12,2m,166.13849644197458,1,0.5240668009499437,103
9.547382422389779,solution,13,2m,137.20787149431334,0,0.9783767128975609,103
9.046115299576792,solution,14,2m,158.39823231336896,0,0.940049157480469,103
11.129468993266034,solution,15,2m,166.33099530754933,0,1.1034182053270867,103
10.004214008102338,solution,0,2m,167.0748335327616,0,1.0138781206904575,104
10.191774530481592,solution,1,2m,150.71164520368026,0,1.0286024270110248,104
10.212422968565958,solution,2,2m,130.97327971765844,0,1.0302285289656568,104
6.1926260093359895,solution,3,2m,31.400636936215164,1,0.737787853962234,104
3.222005992248279,solution,4,2m,78.44743462982075,1,0.5737815474974415,104
2.7301654900634476,solution,5,2m,96.30160954002794,1,0.5539404256237735,104
3.1068033871425302,solution,6,2m,84.77027781009096,1,0.5689026611769725,104
3.995839124041401,solution,7,2m,65.92419889539804,0,0.6099089775530432,104
6.199664895231368,solution,8,2m,45.09988913511872,0,0.738244985179544,104
1.936613891884646,solution,9,2m,151.95394038984313,1,0.5278098669494111,104
1.8445339016910656,solution,10,2m,166.35504200354134,1,0.5252884439129272,104
2.275741273635593,solution,11,2m,140.03570973148243,1,0.53803517169953,104
3.8762936747653756,solution,12,2m,103.46980235798269,0,0.603967678489236,104
9.959812336669366,solution,13,2m,137.17871555019022,0,1.0104047954655906,104
9.402251344336177,solution,14,2m,159.8311609167624,0,0.9672101023084418,104
5.812412697009835,no_solution,0,2m,47.095647357266465,0,0.7134819256877202,105
5.677271297807359,no_solution,1,2m,35.014282800023196,0,0.7050332171731802,105
4.07651698810608,no_solution,2,2m,19.026297590440446,0,0.613988233523156,105
3.206438479506638,no_solution,3,2m,80.06247560499239,0,0.5731142502815442,105
2.885467155067864,no_solution,4,2m,90.2551937563706,0,0.5599222028402613,105
4.310042866242117,no_solution,5,2m,61.204574992397426,0,0.6261016739511774,105
6.024681584307873,no_solution,6,2m,45.0111097397076,0,0.7269567901278721,105
1.8488544651585295,no_solution,7,2m,153.05554547287727,0,0.5254042645772051,105
2.741349884135262,no_solution,8,2m,104.39348638684312,0,0.5543621970990571,105
1.766886625924697,no_solution,9,2m,162.1172415260018,0,0.523249099602532,105
2.046299333011345,no_solution,10,2m,139.97856978837868,0,0.5309572121814453,105
2.6856876583718687,no_solution,11,2m,116.55899793666725,0,0.5522771709919579,105
9.150392827821072,solution,0,2m,166.23477373883,0,0.9479657438423756,106
6.350870167287752,solution,1,2m,34.20526275297414,1,0.7481250422209219,106
3.600175605393881,solution,2,2m,74.95331880577403,1,0.5907334962792882,106
3.308932964717404,solution,3,2m,82.86132994346639,1,0.5775529750173701,106
2.109621206330346,solution,4,2m,154.48624534242524,1,0.5328444085466447,106
2.054123618138688,solution,5,2m,161.82088863926066,1,0.5311876352397492,106
3.4635045822221735,solution,6,2m,96.17692030835673,0,0.5844456663327777,106
2.5927114145028343,solution,7,2m,134.82581355215328,1,0.5488734674872233,106
3.0145283862617833,solution,8,2m,125.80143083447024,0,0.565094930618698,106
9.366071511593933,solution,9,2m,111.61541112229978,0,0.9644350580971995,106
9.774005576039233,solution,10,2m,119.03780911962384,0,0.9959226121312119,106
8.993632699344689,solution,0,2m,167.0269439342048,0,0.9360763701260459,107
9.243678729644415,solution,1,2m,148.06079832285116,0,0.9550734984111333,107
9.253084859599129,solution,2,2m,96.5090669315583,0,0.9557915096849077,107
6.515239847373919,solution,3,2m,33.734255586866,1,0.7589926638166299,107
3.4487472190292032,solution,4,2m,77.88452991448301,1,0.5837774676159552,107
3.064531968666176,solution,5,2m,90.47651629014017,1,0.5671471492013057,107
2.1305437388216517,solution,6,2m,154.20116731075677,1,0.5334791484431867,107
2.4547755806104967,solution,7,2m,137.55726080436466,1,0.5440094160181768,107
2.3640894881217216,solution,8,2m,144.5060552364502,0,0.5409347530145411,107
2.022269270239809,solution,9,2m,170.6985647274165,1,0.530254432100868,107
8.795548672374148,solution,10,2m,118.33004690272035,0,0.9211534654823685,107
8.668399468130497,solution,0,2m,166.73931749890306,0,0.9116354559436647,110
9.002829443340138,solution,1,2m,147.13938969562162,0,0.9367719715902245,110
9.13294842076607,solution,2,2m,94.37160589923221,0,0.946639271508159,110
6.025033599874161,solution,3,2m,37.33630940518894,1,0.726979337913937,110
2.4409866965656475,solution,4,2m,104.04806581575652,1,0.5435355513985619,110
2.871072105699136,solution,5,2m,88.64536084872124,1,0.5593564937910166,110
1.6399217364770258,solution,6,2m,159.70597985047397,1,0.5200881761889292,110
1.8104163922050442,solution,7,2m,153.44705927452634,1,0.5243825244206802,110
1.738300624898149,solution,8,2m,168.4339633209407,1,0.5225185224079922,110
3.028426847508803,solution,9,2m,97.41663102366043,1,0.5656626745364544,110
5.823110384556118,solution,10,2m,51.24451190127583,0,0.7141551104711704,110
8.493785925593308,solution,11,2m,115.87061750072795,0,0.8986444351400182,110
9.230808527259063,solution,0,2m,168.36270370839262,0,0.9540914515701571,113
9.535532108268159,solution,1,2m,143.75673897247393,0,0.9774628586460109,113
6.629826781275335,solution,2,2m,39.319206502675,1,0.7666447550253402,113
3.8249637850793032,solution,3,2m,82.03657720797473,1,0.6014551847053413,113
3.6118653337916,solution,4,2m,88.60022573334675,1,0.5912795438014842,113
2.078793488597536,solution,5,2m,158.7765725792064,1,0.5319192708090973,113
4.9355819685620235,solution,6,2m,67.60177512462228,0,0.6606310411148062,113
1.9959751759399418,solution,7,2m,167.83920876839238,1,0.5294939328926445,113
6.020129427884649,solution,8,2m,57.42821606144492,0,0.7266652683426168,113
2.4995024679863644,solution,9,2m,147.16657229140046,1,0.5455620565140192,113
3.5752901945474744,solution,10,2m,103.39245620450265,1,0.589575342733038,113
9.332358879983596,solution,0,2m,166.73931749890306,0,0.961852409519485,116
9.296769947195326,solution,1,2m,143.75673897247393,0,0.9591293465283918,116
6.370058488359869,solution,2,2m,43.104524124504614,1,0.7493869639750264,116
3.683956014188212,solution,3,2m,91.26883367283708,1,0.5946752428327247,116
3.912221704124457,solution,4,2m,86.31338250816034,0,0.6057401516890802,116
3.6473790164076103,solution,5,2m,94.37160589923221,1,0.5929463031894743,116
4.784596028321199,solution,6,2m,73.33484846919642,0,0.6520344877720956,116
2.4022376783160944,solution,7,2m,162.3884232326923,1,0.542216097134336,116
2.5971768383124214,solution,8,2m,152.0855022676389,1,0.5490346573246208,116
3.245861722692486,solution,9,2m,125.96031120952345,1,0.5748089230975353,116
2.5323329247170028,solution,10,2m,161.62301816263673,1,0.5467167894265209,116
9.67409165657412,solution,0,2m,166.73931749890306,0,0.9881707854595833,121
2.2798369686411357,solution,1,2m,30.886890422961002,0,0.5381674800475882,121
6.570695570120644,solution,2,2m,47.265209192385896,1,0.7626883231070101,121
4.058045740252023,solution,3,2m,90.2551937563706,1,0.6130494012079681,121
3.7664648990026537,solution,4,2m,98.2344135219425,1,0.5986205260977286,121
3.445342280144468,solution,5,2m,110.86027241532469,1,0.5836235961131947,121
2.440501253164755,solution,6,2m,165.12419568312816,1,0.543518910168707,121
2.787256167804378,solution,7,2m,154.434452114805,1,0.5561081161905259,121
9.736354069515086,no_solution,0,2m,166.73931749890306,0,0.9929984539895071,122
9.646306213424422,no_solution,1,2m,133.843191832831,0,0.9860195578416563,122
9.640041149606786,no_solution,2,2m,112.40106761058811,0,0.9855347717909645,122
2.502722481204188,no_solution,3,2m,29.154759474226502,0,0.5456747504181925,122
4.221977576718479,no_solution,4,2m,89.94442728707543,0,0.6214811017299896,122
3.6632694628823526,no_solution,5,2m,105.53672346628922,0,0.5936958962650197,122
4.956374107479408,no_solution,6,2m,79.51100552753688,0,0.6618272720790673,122
6.3771276521827645,no_solution,7,2m,63.387695966961914,0,0.749852322822958,122
2.5572112209056894,no_solution,8,2m,166.88319268278636,0,0.5476002635325109,122
2.929705149647912,no_solution,9,2m,154.434452114805,0,0.5616749040946419,122
9.436660367022307,no_solution,0,2m,166.13849644197458,0,0.9698525593906325,123
9.392116937211801,no_solution,1,2m,133.09395177843356,0,0.96643242640286,123
9.58677675337595,no_solution,2,2m,79.71198153351854,0,0.9814172870807018,123
1.913492526365281,no_solution,3,2m,29.154759474226502,0,0.5271663023549776,123
2.886267820490453,no_solution,4,2m,96.17692030835673,0,0.5599537348751644,123
2.7462942456482433,no_solution,5,2m,102.61578825892242,0,0.5545491028334462,123
1.8117399775824952,no_solution,6,2m,167.83920876839238,0,0.5244173822172115,123
2.7825674219187575,no_solution,7,2m,112.79184367674819,0,0.5559287079648333,123
4.30909129454647,no_solution,8,2m,76.11832893594026,0,0.6260514140207221,123
2.313129151748349,no_solution,9,2m,146.54009690183776,0,0.5392506000697835,123
2.9958209143822,no_solution,10,2m,113.21660655575224,0,0.5643340010269676,123
2.744122439371197,no_solution,11,2m,135.35878250043476,0,0.5544669706876436,123
5.918040095889782,no_solution,12,2m,168.67127793433,0,0.7201565476546521,123
7.039329623443875,no_solution,13,2m,156.95222202950808,0,0.7944755519600248,123
10.262180123126,no_solution,14,2m,161.47445618425226,0,1.0341511080779946,123
10.211984223447606,no_solution,15,2m,162.5607578722491,0,1.0301939665564543,123
9.323875020358596,solution,0,2m,166.6433316997713,0,0.961202962050568,128
9.461630097593257,solution,1,2m,130.08458786497346,0,0.9717720869211703,128
0.9236615514316223,solution,2,2m,25.495097567963924,0,0.5064565525913769,128
6.753725049462725,solution,3,2m,55.226805085936306,1,0.7749867532779144,128
4.241469223239617,solution,4,2m,99.40824915468535,1,0.6224983787451077,128
4.038785124741819,solution,5,2m,105.53672346628922,1,0.6120735267067209,128
3.682703642621147,solution,6,2m,117.6860229593982,1,0.5946158402550156,128
6.732061458485702,solution,7,2m,67.1863081289633,0,0.7735231348261101,128
2.864181799781926,solution,8,2m,163.98170629676957,1,0.5590865189940204,128
4.044251872061688,solution,9,2m,117.2092146548214,0,0.6123501892521377,128
2.85740728536255,solution,10,2m,169.66437457521835,1,0.5588215910621535,128
5.337411844322784,solution,11,2m,168.0773631397161,0,0.6842584082671975,128
9.060680417464104,solution,12,2m,140.03570973148243,0,0.9411530817026378,128
9.572715068923644,solution,13,2m,139.0323703315167,0,0.9803315016364429,128
10.97336580059305,solution,14,2m,131.40015220691336,0,1.0908300614992472,128
9.74696873647653,solution,15,2m,158.90248582070703,0,0.9938224676177341,128
9.206998196890384,no_solution,0,2m,165.07574019219177,0,0.9522758283550208,132
9.361119340241753,no_solution,1,2m,99.72963451251589,0,0.964055492120198,132
7.357109913632512,no_solution,2,2m,55.08175741568164,0,0.8165628024274468,132
4.528962098889302,no_solution,3,2m,102.1077861869505,0,0.6378533978326071,132
6.8642152607491695,no_solution,4,2m,71.34423592694787,0,0.78248413666395,132
3.20523932300367,no_solution,5,2m,165.46298679765212,0,0.5730629518102042,132
7.936437273673569,no_solution,6,2m,150.1532550429727,0,0.8578325873432662,132
10.408679189326389,no_solution,7,2m,129.00387591076478,0,1.0457336956352026,132
10.509497849315299,no_solution,8,2m,137.20787149431334,0,1.0537332502242955,132
9.980559344196472,no_solution,9,2m,157.3848785620779,0,1.0120271353406858,132
9.51537761512049,no_solution,0,2m,165.41463055002117,0,0.9759094568285204,134
9.788812310658813,no_solution,1,2m,122.4499897917513,0,0.9970735352760017,134
7.018775442288505,no_solution,2,2m,59.21148537234985,0,0.7930612662716897,134
4.44097609857215,no_solution,3,2m,105.80170130957252,0,0.633085515406392,134
4.145404914268501,no_solution,4,2m,115.31695452100702,0,0.6175148622389054,134
5.620906171398295,no_solution,5,2m,87.46427842267951,0,0.7015402827333488,134
3.1343648606745687,no_solution,6,2m,167.72000476985446,0,0.5700573720618606,134
4.22139530541513,no_solution,7,2m,125.32358118087753,0,0.6214507603258538,134
7.58633610194722,no_solution,8,2m,164.20109622045769,0,0.8327431954498071,134
9.199069321597525,no_solution,9,2m,138.91724155050014,0,0.951671569267183,134
11.096066277351603,no_solution,10,2m,129.46814279968643,0,1.100720311011995,134
9.547221142856113,solution,0,2m,161.62301816263673,0,0.9783642731365724,138
9.547505270261603,solution,1,2m,156.16017418023074,0,0.9783861884054176,138
9.473220009824276,solution,2,2m,121.2023102090055,0,0.9726636113888893,138
7.110532268069467,solution,3,2m,63.51377803280167,1,0.7993885434437136,138
4.6843540585549555,solution,4,2m,107.89810007595129,1,0.646416511949327,138
4.372899861651896,solution,5,2m,117.6860229593982,1,0.6294375766797538,138
4.04623170218101,solution,6,2m,129.18978287774928,1,0.6124504476724191,138
6.675099842567794,solution,7,2m,80.26207074328447,0,0.7696848587341261,138
3.9396592973651594,solution,8,2m,141.76741515595182,0,0.607101381672784,138
3.377383516130369,solution,9,2m,169.9941175452845,1,0.5805762282581791,138
9.458813755354829,solution,10,2m,141.0319112825179,0,0.9715555004781901,138
11.100868865180828,solution,11,2m,122.0245876862528,0,1.1011080663733934,138
10.113607097540887,solution,12,2m,138.0507153186828,0,1.022455733534347,138
11.800203503698285,solution,13,2m,136.24243098242192,0,1.158072821588009,138
11.530159528417382,solution,14,2m,141.9929575718458,0,1.1359601240496902,138
9.565128443040212,no_solution,0,2m,167.5291019494822,0,0.9797459063483118,139
10.000926327419183,no_solution,1,2m,118.90332207301863,0,1.0136207773072767,139
9.950354217100495,no_solution,2,2m,64.88451279003334,0,1.0096655536077337,139
7.19394386904673,no_solution,3,2m,67.95586803212802,0,0.8051706599336975,139
4.750489705930588,no_solution,4,2m,110.13627921806692,0,0.6501149004891144,139
4.4284832786634984,no_solution,5,2m,120.44085685513866,0,0.6324133696038051,139
6.934847262609184,no_solution,6,2m,79.05694150420949,0,0.7873049911357412,139
3.969208557841416,no_solution,7,2m,146.23952953972466,0,0.6085747067704785,139
3.5762847790881613,no_solution,8,2m,168.24387061643583,0,0.5896215179377806,139
9.635084187311511,no_solution,9,2m,141.85203558638133,0,0.9851512769898392,139
11.087774666610107,no_solution,10,2m,125.13193037750197,0,1.100050969588593,139
8.763089779516648,no_solution,0,2m,168.57639217873896,0,0.9187190981090824,140
9.248188014035012,no_solution,1,2m,152.0855022676389,0,0.9554176817372528,140
9.263428091526489,no_solution,2,2m,117.65202930676547,0,0.9565813330852879,140
8.979212337463547,no_solution,3,2m,80.11242100947892,0,0.9349861636606114,140
4.345709005342276,no_solution,4,2m,111.22050170719426,0,0.627990680843783,140
3.7565586422019144,no_solution,5,2m,130.36103712382777,0,0.5981435617298076,140
3.184450513962154,no_solution,6,2m,169.59363195591985,0,0.5721759806300323,140
3.580304592635978,no_solution,7,2m,152.5319638633162,0,0.589808239658271,140
8.74948710874031,no_solution,8,2m,144.69968901141425,0,0.9176998500207632,140
10.388610419676892,no_solution,9,2m,124.45882853377658,0,1.0441440836774352,140
11.176290450275125,no_solution,10,2m,134.97407158413796,0,1.1072038256669394,140
9.355158687079026,no_solution,0,2m,165.55965692160635,0,0.9635987169331445,146
9.586560259688607,no_solution,1,2m,152.6106156202772,0,0.9814005664499609,146
9.502722505939946,no_solution,2,2m,113.53413583587978,0,0.9749346107445743,146
9.539401854522099,no_solution,3,2m,94.41398201537736,0,0.9777612395431877,146
9.913510762367855,no_solution,4,2m,60.41522986797286,0,1.0067879751487754,146
5.306377811983993,no_solution,5,2m,111.5437134042076,0,0.6823964316764856,146
4.877432818953188,no_solution,6,2m,122.18837915284743,0,0.6573013824769449,146
4.49127778241892,no_solution,7,2m,134.97407158413796,0,0.6358040626870517,146
5.97883579063211,no_solution,8,2m,101.24228365658294,0,0.7240258477373007,146
7.077572636111621,no_solution,9,2m,87.14355971613737,0,0.7971116924443941,146
4.08174513834277,no_solution,10,2m,168.90825912311098,0,0.6142544862262362,146
9.025138279594346,no_solution,11,2m,154.69324484281788,0,0.9384603158516446,146
10.959674224122006,no_solution,12,2m,130.20752666416791,0,1.0897284286872175,146
9.70158911605944,no_solution,0,2m,167.6007159889241,0,0.9903016550100404,147
9.799166596496613,no_solution,1,2m,145.8012345626744,0,0.997878697256328,147
9.840565051240858,no_solution,2,2m,111.22050170719426,0,1.0011005667633743,147
7.682448825944811,no_solution,3,2m,71.06335201775947,0,0.8395866126489648,147
5.24990184844331,no_solution,4,2m,115.52488909321661,0,0.6790235662791514,147
4.860115546263781,no_solution,5,2m,126.15070352558483,0,0.6563143249850448,147
4.389741484995765,no_solution,6,2m,140.8900280360537,0,0.6303366821829864,147
5.889522394858967,no_solution,7,2m,105.23307464861035,0,0.718348465208786,147
4.230604190254443,no_solution,8,2m,170.13524032369074,0,0.621930947012214,147
9.28627843747103,no_solution,9,2m,151.00331122197287,0,0.9583272504164627,147
10.886883310480494,no_solution,10,2m,133.4541119636259,0,1.083878338924694,147
9.373908805560434,no_solution,0,2m,167.6007159889241,0,0.9650358925903094,149
9.262694209280296,no_solution,1,2m,147.00340132119393,0,0.9565252832066441,149
9.371810118110282,no_solution,2,2m,111.22050170719426,0,0.9648749837056976,149
9.07301598283507,no_solution,3,2m,85.75546629807339,0,0.9420884914619833,149
9.40960071158592,no_solution,4,2m,58.60034129593445,0,0.9677742360612702,149
5.196040966894992,no_solution,5,2m,115.52488909321661,0,0.675825818805703,149
4.9104183441221805,no_solution,6,2m,123.1665539016173,0,0.6591872828954766,149
4.080981749991498,no_solution,7,2m,170.20575783445165,0,0.6142155949729359,149
9.06982693854345,no_solution,8,2m,149.48578527739687,0,0.9418466241146608,149
9.80446348457041,no_solution,9,2m,138.2244551445221,0,0.9982906934707487,149
10.831214095556328,no_solution,10,2m,151.74320413119,0,1.0794119638928465,149
9.517674560841778,solution,0,2m,164.78470802838473,0,0.9760864396815728,150
9.479844170411273,solution,1,2m,145.8012345626744,0,0.9731733169995777,150
9.498938747380908,solution,2,2m,109.55363982999378,0,0.9746432224219721,150
9.239286478340023,solution,3,2m,88.19297024139736,0,0.954738301442022,150
7.8419258973827795,solution,4,2m,73.06161783043132,1,0.8510161982326604,150
5.258104600747552,solution,5,2m,119.70797801316336,1,0.67951219650992,150
5.000662889387787,solution,6,2m,127.47548783981962,1,0.6643851724915902,150
4.869202603152037,solution,7,2m,132.09844813622905,1,0.6568320117838493,150
7.392528144484768,solution,8,2m,89.27485648266257,0,0.8190496288456809,150
4.424560337877523,solution,9,2m,170.13524032369074,1,0.6322025551051671,150
8.986583137443764,solution,10,2m,151.82226450688978,0,0.9355433356837287,150
10.00452273046686,solution,11,2m,138.2244551445221,0,1.0139022872962173,150
12.299260567104783,solution,12,2m,127.88275880665071,0,1.199306880317808,150
10.707202108887978,solution,13,2m,159.3047394147456,0,1.0694865661227138,150
9.149655944996049,no_solution,0,2m,167.17057157286985,0,0.9479096941572592,151
9.157993216823884,no_solution,1,2m,143.8401890988746,0,0.948543941997969,151
9.000808656341297,no_solution,2,2m,109.80892495603443,0,0.9366191074134639,151
8.988113693219146,no_solution,3,2m,82.37718130647589,0,0.9356590526371451,151
9.283697348170652,no_solution,4,2m,56.79788728465171,0,0.9581299669835823,151
7.648945672936042,no_solution,5,2m,75.05997601918082,0,0.8371972365470086,151
5.092587585382505,no_solution,6,2m,123.3288287465668,0,0.6697365027241744,151
4.8805236250915875,no_solution,7,2m,130.39171752837677,0,0.6574777737393107,151
6.146052113880708,no_solution,8,2m,105.23307464861035,0,0.7347695587631642,151
8.706658932094163,no_solution,9,2m,153.70751445521458,0,0.9144943470506299,151
9.916574782853658,no_solution,10,2m,138.2244551445221,0,1.0070271569291893,151
12.264308268839764,no_solution,11,2m,127.22421153223941,0,1.1964037809030923,151
11.746917827722658,no_solution,12,2m,134.61797799699713,0,1.1536981983025645,151
10.34984492088531,no_solution,13,2m,160.13119621110684,0,1.0410761543929081,151
12.003961372393643,no_solution,14,2m,141.0319112825179,0,1.1748512396183266,151
9.30742479326639,no_solution,0,2m,166.93112352104984,0,0.9599442355256412,156
8.814431594656256,no_solution,1,2m,165.8493292117879,0,0.9225710913993082,156
9.183766430930175,no_solution,2,2m,107.00467279516349,0,0.9505058272164705,156
9.226019220668048,no_solution,3,2m,53.23532661682466,0,0.9537261246334642,156
8.099533705660726,no_solution,4,2m,79.05694150420949,0,0.869668402546284,156
5.580409630394017,no_solution,5,2m,125.4830665866913,0,0.6990421485006175,156
5.351775526512583,no_solution,6,2m,133.00375934536586,0,0.6851222370493436,156
6.724046699579489,no_solution,7,2m,107.22872749408155,0,0.772982183502891,156
7.525217055792257,no_solution,8,2m,97.0051545022222,0,0.8284093494183647,156
13.758549736610554,no_solution,9,2m,92.31467922275417,0,1.3224480804614513,156
9.546065237235629,no_solution,10,2m,144.83784035948617,0,0.9782751181782379,156
10.431645759975957,no_solution,11,2m,140.03570973148243,0,1.047553967428393,156
12.006179610981459,no_solution,12,2m,122.28654872879518,0,1.1750343360712954,156
12.427024459429838,no_solution,13,2m,141.8238343861849,0,1.209937917804332,156
11.271668638358344,no_solution,14,2m,160.0562401157793,0,1.1149293932438769,156
9.337035078682373,no_solution,0,2m,160.20611723651504,0,0.9622104599134931,157
9.253259862456938,no_solution,1,2m,161.27616066858735,0,0.9558048707143354,157
8.649364274934712,no_solution,2,2m,167.36188335460378,0,0.9102147241609806,157
9.13074261592454,no_solution,3,2m,136.65284482951682,0,0.9464716025338226,157
9.350304997688797,no_solution,4,2m,104.62313319720452,0,0.9632268407775165,157
8.490467543645677,no_solution,5,2m,80.2122185206219,0,0.8983984655799018,157
9.072226953484574,no_solution,6,2m,53.23532661682466,0,0.9420286462771473,157
14.091450479245315,no_solution,7,2m,29.698484809834994,0,1.351046399165994,157
7.857719580764526,no_solution,8,2m,81.05553651663777,0,0.852153084459034,157
5.61799571540979,no_solution,9,2m,123.68508398347798,0,0.7013604235122567,157
5.20194662155426,no_solution,10,2m,134.08206442324789,0,0.6761755303408111,157
5.329749665030099,no_solution,11,2m,131.18688958886096,0,0.683798132939302,157
4.725337298439215,no_solution,12,2m,149.11069713471264,0,0.648704614373602,157
6.383962862655988,no_solution,13,2m,111.36426715962351,0,0.7503025128424521,157
7.445078996270191,no_solution,14,2m,97.25224933131366,0,0.8227483968899937,157
5.4022793560477895,no_solution,15,2m,145.03103116229988,0,0.688169687914794,157
13.511333474929367,no_solution,16,2m,93.43446901438462,0,1.3013292406201322,157
9.115884613145361,no_solution,17,2m,149.91330828182,0,0.9453425608890511,157
9.321300656737645,no_solution,0,2m,166.88319268278636,0,0.9610059304970072,158
9.13147881835601,no_solution,1,2m,104.62313319720452,0,0.9465275616904532,158
9.182009111815907,no_solution,2,2m,50.53711507397311,0,0.9503719997437143,158
8.239365860497577,no_solution,3,2m,43.93176527297759,0,0.8798875374130818,158
13.782488940183036,no_solution,4,2m,31.144823004794873,0,1.3244985254046044,158
8.09581705239313,no_solution,5,2m,81.00617260431454,0,0.8693976764876212,158
5.685136257537376,no_solution,6,2m,125.67418191498204,0,0.7055220664954691,158
5.493526442051454,no_solution,7,2m,131.0953851209111,0,0.693715249449152,158
5.2952955917464495,no_solution,8,2m,136.06616037795732,0,0.6817329872175738,158
6.562695392126849,no_solution,9,2m,111.22050170719426,0,0.762154286658359,158
7.6019937325196,no_solution,10,2m,97.12878049270464,0,0.8338557091885929,158
5.512519375521772,no_solution,11,2m,145.03103116229988,0,0.6948758813531197,158
13.587609717987421,no_solution,12,2m,94.79451460923254,0,1.3078343695214543,158
12.84116120527341,no_solution,13,2m,100.56838469419701,0,1.2446004981461039,158
10.831669749148539,no_solution,14,2m,133.7235955244997,0,1.0794484941255298,158
10.826277476531041,no_solution,15,2m,157.91770008456936,0,1.079016218682209,158
11.453823132848425,no_solution,16,2m,159.38004893963358,0,1.1297354098343197,158
9.29906246444893,no_solution,0,2m,102.61578825892242,0,0.9593046536427142,159
9.002213601187254,no_solution,1,2m,75.8023746329889,0,0.9367253844449782,159
9.362696121229748,no_solution,2,2m,49.73932046178355,0,0.9641763395283077,159
5.6860122715198615,no_solution,3,2m,127.47548783981962,0,0.7055765374597526,159
5.442342015403449,no_solution,4,2m,134.6476884316994,0,0.6905982684303102,159
7.5901421900205746,no_solution,5,2m,99.12618221237011,0,0.8330135431566655,159
13.100918384382883,no_solution,6,2m,100.56838469419701,0,1.26649661428959,159
8.958431148580457,no_solution,7,2m,152.0855022676389,0,0.9334161146287634,159
10.555703974431676,no_solution,8,2m,137.6154061142865,0,1.0574072012403877,159
11.580561487065562,no_solution,9,2m,161.91973320136123,0,1.1400764244123964,159
9.2513564986421,no_solution,0,2m,158.54967675779096,0,0.9556595581531305,161
8.002080075526186,no_solution,1,2m,169.45205811674285,0,0.8625852658362415,161
8.975506277149575,no_solution,2,2m,102.61578825892242,0,0.934706074669426,161
8.786487089650748,no_solution,3,2m,75.8023746329889,0,0.9204735461436444,161
9.000079020881147,no_solution,4,2m,48.76474136094644,0,0.9365639163718714,161
11.674662181230303,no_solution,5,2m,42.5440947723653,0,1.14777501402858,161
7.803613350674711,no_solution,6,2m,85.14693182963201,0,0.8482620115953947,161
5.580635713422638,no_solution,7,2m,127.88275880665071,0,0.6990560682912232,161
5.107206850379894,no_solution,8,2m,140.03570973148243,0,0.6705927410341692,161
5.216054100006812,no_solution,9,2m,137.6735268670052,0,0.6770118340429927,161
6.325723918861057,no_solution,10,2m,115.52488909321661,0,0.7464740381081666,161
7.495656448438506,no_solution,11,2m,99.24716620639605,0,0.8263183306010962,161
13.13303484740759,no_solution,12,2m,99.24716620639605,0,1.2692120016191464,161
11.697187987190876,no_solution,13,2m,114.23659658795863,0,1.1496204816129545,161
9.270378283580714,no_solution,14,2m,149.3251485852266,0,0.9571122232215096,161
10.589419854355489,no_solution,15,2m,134.73678042761748,0,1.0600910471768368,161
9.176189640736716,no_solution,0,2m,165.46298679765212,0,0.9499288827534155,162
9.159037538773854,no_solution,1,2m,157.20687007888682,0,0.9486234011300665,162
8.521058873826645,no_solution,2,2m,163.24827717314508,0,0.9006673002076437,162
9.141209898030679,no_solution,3,2m,141.59802258506295,0,0.9472673684458631,162
8.883665294633715,no_solution,4,2m,101.04454463255303,0,0.9277777453624305,162
8.285735601165511,no_solution,5,2m,75.8023746329889,0,0.8832905678893612,162
8.749326793574923,no_solution,6,2m,48.02082881417188,0,0.9176878408950055,162
0.41135088476862347,no_solution,7,2m,166.23477373883,0,0.5012869923481773,162
7.62140823044708,no_solution,8,2m,87.05170877128145,0,0.8352364282712759,162
5.225503154972307,no_solution,9,2m,135.6244815658294,0,0.6775726978838629,162
5.148863248815815,no_solution,10,2m,139.26234236145822,0,0.6730402383025488,162
4.74571558101897,no_solution,11,2m,151.42654985173505,0,0.6498468665991112,162
7.21723813704116,no_solution,12,2m,103.23759005323593,0,0.8067905064971859,162
13.037638610412102,no_solution,13,2m,99.48869282486326,0,1.2611516466046149,162
11.534612121387077,no_solution,14,2m,115.97413504743201,0,1.1363235616759744,162
10.435341734472884,no_solution,15,2m,129.46814279968643,0,1.0478470133703943,162
9.269952452219302,no_solution,0,2m,163.51758315239374,0,0.9570796923248521,164
8.747713548218021,no_solution,1,2m,167.0269439342048,0,0.9175669977926396,164
9.13242532596357,no_solution,2,2m,140.57738082636197,0,0.94659950848165,164
8.868766692841055,no_solution,3,2m,101.20276676059801,0,0.9266561254239635,164
8.545157683611167,no_solution,4,2m,73.49829930005184,0,0.9024566627383356,164
9.057158331092554,no_solution,5,2m,45.5411901469428,0,0.9408860796043644,164
0.9827593564619974,no_solution,6,2m,169.00295855398508,0,0.5073032149825305,164
5.745097435034198,no_solution,7,2m,131.18688958886096,0,0.7092606094214231,164
5.374400172721527,no_solution,8,2m,141.0319112825179,0,0.6864854798675388,164
5.058230133398366,no_solution,9,2m,150.95032295427526,0,0.6677297942520218,164
6.544345733911291,no_solution,10,2m,117.88977903109328,0,0.7609305236397962,164
7.415695947312449,no_solution,11,2m,105.80170130957252,0,0.8206789635351754,164
8.016616165911291,no_solution,12,2m,160.4306703844374,0,0.8636397215569076,164
12.995791537581237,no_solution,13,2m,102.77159140540736,0,1.2576208225894892,164
11.764838251203457,no_solution,14,2m,116.45600027478189,0,1.1551688063231857,164
11.0475673901203,no_solution,15,2m,129.28263611173776,0,1.0968072762338121,164
10.314946434378147,no_solution,16,2m,142.77955035648486,0,1.0383172267246883,164
8.98155835863365,no_solution,0,2m,167.14664220378464,0,0.9351634867483304,165
9.466992997353714,no_solution,1,2m,153.26447729333762,0,0.9721845702991233,165
9.346421072461016,no_solution,2,2m,132.09844813622905,0,0.9629293108533293,165
9.063295943764537,no_solution,3,2m,100.12991560967181,0,0.9413513820166188,165
8.761396022684186,no_solution,4,2m,72.18032973047436,0,0.9185921548661947,165
8.851554738300651,no_solution,5,2m,46.32493928760188,0,0.9253611552043337,165
1.913215106538068,no_solution,6,2m,169.3576098083579,0,0.5271586229258353,165
7.823407608821447,no_solution,7,2m,92.09777413162601,0,0.8496843141899897,165
5.744484167100844,no_solution,8,2m,136.65284482951682,0,0.7092222689667455,165
5.315943814777984,no_solution,9,2m,149.03019828209315,0,0.6829697279898576,165
7.478314456080889,no_solution,10,2m,162.92943257741985,0,0.8250931668300763,165
11.808638705655769,no_solution,11,2m,117.72000679578642,0,1.1587658352598973,165
10.411401311149339,no_solution,12,2m,142.6954799564443,0,1.045949381121372,165
9.203903919105684,no_solution,0,2m,163.98170629676957,0,0.9520399930324001,168
9.36388117345104,no_solution,1,2m,160.0562401157793,0,0.9642671685094435,168
9.49392973946367,no_solution,2,2m,127.47548783981962,0,0.9742575350613816,168
9.106840022430175,no_solution,3,2m,96.88137075826292,0,0.9446555755849342,168
8.943511114015996,no_solution,4,2m,67.89698078707183,0,0.9322896496112185,168
9.306797186894965,no_solution,5,2m,41.012193308819754,0,0.9598962272918219,168
8.090172449491085,no_solution,6,2m,92.66067126888301,0,0.8689866052061732,168
5.969989364663404,no_solution,7,2m,134.52880732393342,0,0.7234615846544087,168
5.447042879529363,no_solution,8,2m,149.03019828209315,0,0.6908838750471693,168
6.699348741865906,no_solution,9,2m,122.4499897917513,0,0.7713170360365578,168
8.124867342608999,no_solution,10,2m,149.91330828182,0,0.8715149790653324,168
8.13702134653459,no_solution,11,2m,163.3217682980441,0,0.8724016537795531,168
11.629331296570577,no_solution,12,2m,133.0338302838793,0,1.1440642153601976,168
9.009306228668752,no_solution,0,2m,163.51758315239374,0,0.9372619920710095,169
9.37416681781877,no_solution,1,2m,157.00318468107582,0,0.9650556755137363,169
9.334064655987104,no_solution,2,2m,128.9728653632228,0,0.9619830117209852,169
9.10752648860849,no_solution,3,2m,91.40021881811882,0,0.9447077083519627,169
8.58989827660336,no_solution,4,2m,69.81403870282824,0,0.9057834649583546,169
8.86290916866233,no_solution,5,2m,40.8166632639171,0,0.9262153275311059,169
8.152387319473307,no_solution,6,2m,93.00537618869137,0,0.8735233604044792,169
6.1400931209832965,no_solution,7,2m,133.09395177843356,0,0.734384181015778,169
5.701606009950031,no_solution,8,2m,143.58969322343438,0,0.706546900262228,169
5.2949734940652595,no_solution,9,2m,156.41611170208776,0,0.6817137161985968,169
6.866726959485923,no_solution,10,2m,121.03718436910205,0,0.7826551955967778,169
7.5830608723061514,no_solution,11,2m,111.00450441310929,0,0.8325105982225328,169
7.720172659593135,no_solution,12,2m,167.5291019494822,0,0.8422819297314931,169
11.684844301516897,no_solution,13,2m,125.19584657647394,0,1.148609079725277,169
10.442538708750094,no_solution,14,2m,147.3295625460145,0,1.0484177354310082,169
9.139312514986626,no_solution,0,2m,157.07959765672945,0,0.9471230989154288,172
8.627220452298955,no_solution,1,2m,162.265215003093,0,0.9085633591112359,172
8.92833899872695,no_solution,2,2m,92.09777413162601,0,0.9311448103719079,172
3.087311777529772,no_solution,3,2m,148.78844041120936,0,0.5680908471157304,172
8.397471639310647,no_solution,4,2m,39.11521443121589,0,0.891519395742461,172
1.4674008515780068,no_solution,5,2m,166.01807130550577,0,0.516144578499169,172
8.057968601286637,no_solution,6,2m,95.00526301210897,0,0.8666434065481811,172
5.752450559081613,no_solution,7,2m,141.28694207179942,0,0.7097204798777548,172
5.520547304219306,no_solution,8,2m,148.22280526288793,0,0.6953671068507414,172
5.1842012527374886,no_solution,9,2m,158.14550262337528,0,0.6751253924546635,172
7.636750170334354,no_solution,10,2m,111.00450441310929,0,0.8363285069318775,172
8.599326219871113,no_solution,11,2m,166.6433316997713,0,0.9064852903032986,172
11.475820871342828,no_solution,12,2m,126.90941651429968,0,1.131527980605823,172
10.98237839298678,no_solution,13,2m,135.50645741070792,0,1.0915554376577228,172
10.328063040109107,no_solution,14,2m,149.96666296213968,0,1.0393538401610216,172
9.083227787610252,no_solution,0,2m,155.00322577288512,0,0.9428631801858445,175
8.32298057937906,no_solution,1,2m,168.0773631397161,0,0.8860290115322107,175
8.430000486186021,no_solution,2,2m,93.43446901438462,0,0.8939225032549062,175
2.5458158256102807,no_solution,3,2m,148.22280526288793,0,0.5471946915057267,175
8.329649461559004,no_solution,4,2m,35.35533905932738,0,0.8865198163593483,175
6.1541745884148975,no_solution,5,2m,143.5339681051144,0,0.7352951471042878,175
5.859188292282784,no_solution,6,2m,151.82226450688975,0,0.7164301058884976,175
7.114176083278202,no_solution,7,2m,158.7765725792064,0,0.7996405351693097,175
9.231170866882398,no_solution,8,2m,137.87675656179326,0,0.9541190932929786,175
11.966445049512835,no_solution,9,2m,124.61942063739504,0,1.1717560051415539,175
11.116549888499026,no_solution,10,2m,137.6154061142865,0,1.102374469650707,175
9.215322551138046,no_solution,11,2m,168.0773631397161,0,0.9529104131233995,175
8.6961098434167,no_solution,0,2m,158.39823231336896,0,0.9137056386006235,177
8.119084316899135,no_solution,1,2m,167.88686666919483,0,0.8710932623386274,177
8.920940413564667,no_solution,2,2m,151.40013210033868,0,0.9305867779952492,177
8.84683951955514,no_solution,3,2m,129.00387591076478,0,0.9250065491571576,177
8.77113314356406,no_solution,4,2m,85.14693182963201,0,0.9193220465644188,177
2.6888742934498184,no_solution,5,2m,157.4102919125684,0,0.5523955871121917,177
8.133897957163544,no_solution,6,2m,48.27007354458868,0,0.8721737449198301,177
2.389961744625745,no_solution,7,2m,135.41787178950938,0,0.5418018488337091,177
7.869674730873863,no_solution,8,2m,35.35533905932738,0,0.8530142468834391,177
1.1041776774225571,no_solution,9,2m,158.826949854236,0,0.5092024173599333,177
8.51080992892626,no_solution,10,2m,73.06161783043132,0,0.8999068523580679,177
10.706098269431676,no_solution,11,2m,58.18934610390462,0,1.069398370362116,177
8.13614512411791,no_solution,12,2m,97.74456506629922,0,0.8723377138949712,177
5.49246734598198,no_solution,13,2m,150.23315213360866,0,0.6936505933190309,177
5.05523472563544,no_solution,14,2m,163.51758315239374,0,0.6675552146198331,177
5.9102181475570585,no_solution,15,2m,141.42842712835352,0,0.719660178262978,177
5.213455691609923,no_solution,16,2m,165.48715962273326,0,0.6768577018811709,177
7.367653935629959,no_solution,17,2m,117.37972567696688,0,0.817302617931335,177
11.05519456075449,no_solution,18,2m,129.80754985747168,0,1.097422331806554,177
10.190296637482945,no_solution,19,2m,143.17122615944868,0,1.0284860787809662,177
9.864807727765273,no_solution,20,2m,155.80115532305913,0,1.0029892524059654,177
9.575744806192638,no_solution,21,2m,165.6804152578089,0,0.9805654022139154,177
10.25600900087063,no_solution,22,2m,155.56991997169632,0,1.0336642960766422,177
12.430846638605212,no_solution,23,2m,140.03570973148243,0,1.2102564154977542,177
12.165017998197602,no_solution,24,2m,157.8923684032892,0,1.1881691893058246,177
8.899502340220746,no_solution,0,2m,164.90603384958357,0,0.9289707235714421,180
9.432774964210891,no_solution,1,2m,149.164338901763,0,0.9695540206025418,180
9.09120722787925,no_solution,2,2m,85.28774824088158,0,0.9434687212461811,180
8.651018048974672,no_solution,3,2m,46.32493928760188,0,0.9103381134508758,180
2.4936769171640876,no_solution,4,2m,138.97481786280562,0,0.5453584856526188,180
8.602808014666778,no_solution,5,2m,31.400636936215164,0,0.9067445474828708,180
1.0871938181970044,no_solution,6,2m,160.0562401157793,0,0.5089238967990452,180
0.8897023425050462,no_solution,7,2m,168.0773631397161,0,0.5059932029222759,180
8.6573501383366,no_solution,8,2m,100.56838469419701,0,0.9108106320582385,180
6.38997652448648,no_solution,9,2m,145.7737973711325,0,0.7506987813768249,180
6.061332978231004,no_solution,10,2m,154.7966407904254,0,0.7293079529757277,180
5.64667577692445,no_solution,11,2m,167.6007159889241,0,0.703134934640262,180
7.393127334405269,no_solution,12,2m,128.69343417595164,0,0.8190917420698579,180
8.228437703643936,no_solution,13,2m,115.97413504743201,0,0.8790865562907434,180
10.268974326733604,no_solution,14,2m,163.98170629676957,0,1.034687174984287,180
10.882388261003332,no_solution,15,2m,154.95160534825058,0,1.0835174508147258,180
8.290562173419659,no_solution,0,2m,167.5291019494822,0,0.883645188541806,181
8.302519162949478,no_solution,1,2m,163.88410539158457,0,0.8845240253606386,181
8.593888261731319,no_solution,2,2m,151.16216457830973,0,0.906080450059298,181
8.64171671835738,no_solution,3,2m,125.00399993600205,0,0.9096442425010407,181
8.530202326390981,no_solution,4,2m,83.15046602394962,0,0.9013459990398736,181
1.8157944514520812,no_solution,5,2m,145.49914089093448,0,0.5245243048979928,181
7.67801440114875,no_solution,6,2m,31.400636936215164,0,0.8392701213448406,181
1.4900796459370955,no_solution,7,2m,148.97650821522163,0,0.5166395871695304,181
0.9085120830754982,no_solution,8,2m,162.5607578722491,0,0.5062477556390086,181
8.455147527024474,no_solution,9,2m,75.8023746329889,0,0.8957825680658047,181
8.203504544524428,no_solution,10,2m,101.91172650877817,0,0.8772605486776913,181
5.808661382501306,no_solution,11,2m,151.34728276384746,0,0.7132460137179101,181
5.351128124537074,no_solution,12,2m,166.33099530754933,0,0.6850832747771703,181
7.589568804895848,no_solution,13,2m,120.34118164618461,0,0.832972811950586,181
10.02304649619817,no_solution,14,2m,159.53056133543816,0,1.0153527392610178,181
10.413719889231768,no_solution,15,2m,154.33081351434652,0,1.0461331054517684,181
8.419675470163344,no_solution,0,2m,167.2423391369542,0,0.8931593664336849,187
9.098932958304722,no_solution,1,2m,144.42298985964803,0,0.9440551792472496,187
8.45498701050038,no_solution,2,2m,82.13403679352427,0,0.8957706887239202,187
9.242497865738246,no_solution,3,2m,69.06518659932803,0,0.9549833749710283,187
8.488250227194976,no_solution,4,2m,40.8166632639171,0,0.8982341298831962,187
7.906012130064103,no_solution,5,2m,25.495097567963924,0,0.8556348250553324,187
1.041792557692497,no_solution,6,2m,143.67324037551322,0,0.5081998581985552,187
0.6451848914925177,no_solution,7,2m,169.80577139779436,0,0.5031603086138654,187
0.46497980166297953,no_solution,8,2m,158.47397262642215,0,0.501643874463316,187
10.398124141184097,no_solution,9,2m,41.78516483155236,0,1.0448975338341033,187
8.421965764104657,no_solution,10,2m,107.0420478129973,0,0.8933286161967723,187
6.206527625550015,no_solution,11,2m,151.08275877809487,0,0.7386909190334118,187
5.94885112015332,no_solution,12,2m,157.91770008456936,0,0.7221150003872018,187
5.616411999127322,no_solution,13,2m,167.86303941010956,0,0.7012625744059545,187
7.664787599744817,no_solution,14,2m,127.03542812932147,0,0.838326534864968,187
8.277176504400538,no_solution,0,2m,167.14664220378464,0,0.8826618955588023,194
8.638746589282304,no_solution,1,2m,144.83784035948617,0,0.9094227289661714,194
8.978321041037821,no_solution,2,2m,137.44089638822936,0,0.9349187995021496,194
8.692733275497535,no_solution,3,2m,73.00684899377592,0,0.9134532584401541,194
8.070547082586891,no_solution,4,2m,33.37663853655727,0,0.8675582163280983,194
0.7992833915897812,no_solution,5,2m,141.7391971192161,0,0.5048423340336853,194
0.38670485514761155,no_solution,6,2m,155.95512174981621,0,0.5011375576833175,194
9.914179487698002,no_solution,7,2m,49.658836071740545,0,1.0068401748276858,194
8.48178507880537,no_solution,8,2m,114.86513831445988,0,0.8977550553992294,194
6.293054663840704,no_solution,9,2m,162.63455967290594,0,0.7443337747844759,194
6.194191255416339,no_solution,10,2m,165.8493292117879,0,0.7378894849891098,194
8.067908073936996,no_solution,11,2m,130.29965464267354,0,0.867366241529093,194
11.562800372893317,no_solution,12,2m,151.82226450688975,0,1.138625308734847,194
8.237742429709257,no_solution,0,2m,168.0773631397161,0,0.8797685229541722,195
9.059332375093394,no_solution,1,2m,135.6244815658294,0,0.9410508852543775,195
8.613137010728193,no_solution,2,2m,73.00684899377592,0,0.9075138711937699,195
0.9443570762094415,no_solution,3,2m,139.86421987055874,0,0.5067472288044272,195
0.1213131407036313,no_solution,4,2m,154.5639026422405,0,0.5001120632127043,195
6.4533624539376895,no_solution,5,2m,161.27616066858735,0,0.7548862470580916,195
6.321246543550858,no_solution,6,2m,165.6804152578089,0,0.7461803985576632,195
8.103725351171015,no_solution,7,2m,131.79529581893277,0,0.8699737836170901,195
9.602604249369904,no_solution,8,2m,111.36426715962351,0,0.9826400328459357,195
8.46112956592197,no_solution,0,2m,167.6007159889241,0,0.8962253385213619,198
8.647247395451544,no_solution,1,2m,142.61135999632006,0,0.9100567943645553,198
9.05341765750592,no_solution,2,2m,132.4009063413087,0,0.9406025452373622,198
8.537226500559095,no_solution,3,2m,70.32780389006896,0,0.9018675648325771,198
4.83962151122462,no_solution,4,2m,119.23925528113634,0,0.6551489103058646,198
4.167252792047949,no_solution,5,2m,127.75758294520134,0,0.6186415941623257,198
0.4972887493490261,no_solution,6,2m,121.63058825805291,0,0.5018798283274472,198
0.1864181105764607,no_solution,7,2m,152.6106156202772,0,0.5002645812851612,198
9.045580408071519,no_solution,8,2m,91.13725912051558,0,0.9400086282288117,198
8.718084960382441,no_solution,9,2m,118.12705024675762,0,0.915348997900468,198
6.799169606143895,no_solution,10,2m,161.27616066858735,0,0.7780638698697774,198
7.665804044264361,no_solution,11,2m,144.9206679531943,0,0.8383990241346702,198
11.943610141026948,no_solution,12,2m,125.80143083447024,0,1.169873351392117,198
8.335331920634841,no_solution,0,2m,165.8010856418015,0,0.8869381373870304,199
8.57062820622459,no_solution,1,2m,140.46351839534705,0,0.9043498321234871,199
8.742251652099167,no_solution,2,2m,107.37783756436893,0,0.9171579221326391,199
8.446959869307083,no_solution,3,2m,69.06518659932803,0,0.8951767279140564,199
4.238009552616274,no_solution,4,2m,130.4837154590564,0,0.62231759166149,199
8.552734008148121,no_solution,5,2m,57.42821606144492,0,0.9030195851235672,199
0.3737467858691368,no_solution,6,2m,136.6235704408284,0,0.5010626756459408,199
0.1643691685042306,no_solution,7,2m,150.65855435387664,0,0.500205706736829,199
9.97480051045115,no_solution,8,2m,53.75872022286245,0,1.0115767105365756,199
8.572672267614921,no_solution,9,2m,118.2285921425101,0,0.9045018496672106,199
6.451255525316037,no_solution,10,2m,162.85576440519384,0,0.7547467455000203,199
6.278431252179849,no_solution,11,2m,168.31518053936787,0,0.7433774703160533,199
8.25529742694646,no_solution,0,2m,166.88319268278636,0,0.8810559466708872,200
8.628351228302302,no_solution,1,2m,133.00375934536586,0,0.908647649993412,200
8.959565314441818,no_solution,2,2m,125.4830665866913,0,0.9335017705243894,200
8.245126012134788,no_solution,3,2m,69.35416353759881,0,0.8803098865955936,200
4.210332259074451,no_solution,4,2m,129.18978287774928,0,0.6208748049488646,200
4.107753167832879,no_solution,5,2m,117.51595636338071,0,0.6155824074991202,200
2.9230455389900136,no_solution,6,2m,136.8575902169843,0,0.5614096864436694,200
0.6863953625420746,no_solution,7,2m,168.57639217873896,0,0.5035754847915404,200
0.14530509307222414,no_solution,8,2m,151.2679741386127,0,0.5001607638753462,200
8.950974953794413,no_solution,9,2m,93.00537618869137,0,0.9328530906305899,200
6.595763888773351,no_solution,10,2m,164.54178800535746,0,0.7643636453516213,200
8.238612245739057,no_solution,11,2m,134.46932735757994,0,0.8798322884915425,200
8.054671586121271,no_solution,0,2m,165.6804152578089,0,0.8664037097027488,201
8.341131705569149,no_solution,1,2m,146.3488981851247,0,0.8873652028360034,201
8.530033139840446,no_solution,2,2m,138.6001443000692,0,0.9013334383258242,201
8.685675783793416,no_solution,3,2m,130.6981254647518,0,0.9129258601990679,201
8.126297453342204,no_solution,4,2m,69.35416353759881,0,0.8716192846379156,201
3.962186462090903,no_solution,5,2m,115.73245007343446,0,0.608223899264993,201
3.534168676835078,no_solution,6,2m,99.68951800465283,0,0.5876744292053604,201
2.581580599255988,no_solution,7,2m,136.41847382227965,0,0.5484726837404834,201
2.149533358863024,no_solution,8,2m,147.87156589419075,0,0.5340600290045822,201
0.15539780127469652,no_solution,9,2m,152.2694979304785,0,0.5001838682604777,201
9.583960261308832,no_solution,10,2m,57.21887800367987,0,0.9811997681578845,201
6.843316398416965,no_solution,11,2m,113.35784048754634,0,0.781061894165782,201
8.784197145204288,no_solution,12,2m,93.13431161500041,0,0.9203017628448473,201
8.311639257852946,no_solution,13,2m,121.59769734661919,0,0.8851946627251878,201
6.323820118284808,no_solution,14,2m,167.72000476985446,0,0.7463491691026921,201
6.365145356131727,no_solution,15,2m,169.59363195591985,0,0.749063679432739,201
9.671001630241776,no_solution,16,2m,117.2092146548214,0,0.9879314494141674,201
11.498013679429047,no_solution,17,2m,157.94302770302968,0,1.1333374292174425,201
8.262971954038976,no_solution,0,2m,161.82088863926066,0,0.881619087490509,203
8.537442699649768,no_solution,1,2m,136.8575902169843,0,0.9018836206867075,203
5.975135411103874,no_solution,2,2m,161.27616066858735,0,0.7237897705370374,203
8.116177201317504,no_solution,3,2m,66.70832032063167,0,0.8708813086321691,203
4.472299046680765,no_solution,4,2m,121.43310915891102,0,0.6347760738954649,203
4.129784252311561,no_solution,5,2m,96.79876032264049,0,0.616711706276527,203
2.482610421879788,no_solution,6,2m,136.24243098242192,0,0.5449728792916294,203
1.8584868670925405,no_solution,7,2m,145.91093173576817,0,0.5256633646117013,203
0.24881229370427696,no_solution,8,2m,146.81280598094978,0,0.5004712368737786,203
2.3728615721150215,no_solution,9,2m,159.48040632002414,0,0.541227838100476,203
10.171138299880171,no_solution,10,2m,57.0087712549569,0,1.0269782910416183,203
8.795097705918264,no_solution,11,2m,122.09013064126027,0,0.9211196222879398,203
6.838845333033667,no_solution,12,2m,165.46298679765212,0,0.7807578711773683,203
10.337512570216,no_solution,13,2m,129.65338406690356,0,1.040100889005457,203
11.541689608399595,no_solution,14,2m,120.5404496424333,0,1.1369013343326844,203
8.161906890373622,no_solution,0,2m,162.1172415260018,0,0.8742186790246901,204
8.327692734740445,no_solution,1,2m,137.2953021774598,0,0.886375793685789,204
8.813570602523885,no_solution,2,2m,129.0348790056394,0,0.9225064299396499,204
8.38640487453304,no_solution,3,2m,63.387695966961914,0,0.8907025926772382,204
4.221577853499239,no_solution,4,2m,120.34118164618461,0,0.621460272372835,204
3.7848625437802066,no_solution,5,2m,94.92101980067429,0,0.5995086901886991,204
1.4956341337558314,no_solution,6,2m,143.6175476743702,0,0.516761910982073,204
1.0537349827741966,no_solution,7,2m,169.5464538113375,0,0.5083874136262794,204
0.4641065941074158,no_solution,8,2m,140.03570973148243,0,0.5016377158412707,204
0.588476904458131,no_solution,9,2m,147.16657229140046,0,0.5026305296953951,204
7.655609955064486,no_solution,10,2m,124.90796611905904,0,0.8376721897875045,204
6.620694785556573,no_solution,11,2m,165.41463055002117,0,0.7660326805765714,204
8.177117188462914,no_solution,12,2m,137.44089638822936,0,0.8753302805924613,204
10.437634553893496,no_solution,13,2m,146.64924138910504,0,1.048028821782095,204
8.201000181882375,no_solution,0,2m,157.00318468107582,0,0.877077252341824,208
7.689970648386975,no_solution,1,2m,166.35504200354134,0,0.8401236210265134,208
8.389986450255863,no_solution,2,2m,138.97481786280562,0,0.8909668947531634,208
5.797940417835352,no_solution,3,2m,107.82393055347222,0,0.7125722287715242,208
8.17071900684751,no_solution,4,2m,61.00819617067857,0,0.8748625937722471,208
4.047628842171596,no_solution,5,2m,117.6860229593982,0,0.6125212187592949,208
2.2896964186561823,no_solution,6,2m,131.8256424221024,0,0.538486827951964,208
1.6213220591273116,no_solution,7,2m,141.8238343861849,0,0.5196434104967973,208
0.3319875290589628,no_solution,8,2m,161.3009609394811,0,0.5008386561446785,208
7.273435713135743,no_solution,9,2m,164.20109622045769,0,0.8107074223494338,208
8.048471291708578,no_solution,0,2m,155.64703659241314,0,0.8659530413409331,209
7.406715954724185,no_solution,1,2m,167.72000476985446,0,0.8200471748574862,209
8.543710631496245,no_solution,2,2m,124.77980605851253,0,0.9023491667047556,209
5.247021972959738,no_solution,3,2m,155.72411502397438,0,0.6788521165019022,209
5.289360030162246,no_solution,4,2m,106.06601717798213,0,0.6813779692490357,209
8.118477191846202,no_solution,5,2m,59.00847396772772,0,0.871048995357549,209
3.69875047929386,no_solution,6,2m,119.00420160649792,0,0.5953780700392756,209
2.9811665136564276,no_solution,7,2m,93.43446901438462,0,0.5637405518766749,209
0.9732764948590452,no_solution,8,2m,146.81280598094978,0,0.5071639179962846,209
8.417425935977798,no_solution,9,2m,127.41271522104849,0,0.8929931449620968,209
6.709378877791151,no_solution,10,2m,167.17057157286985,0,0.7719929392070111,209
8.25608689974942,no_solution,11,2m,139.46325680981354,0,0.881113867649128,209
12.251187602088592,no_solution,12,2m,156.26259949200897,0,1.1953145756055803,209
7.585258986807814,no_solution,0,2m,167.0269439342048,0,0.8326666974489731,211
8.068422340181634,no_solution,1,2m,155.64703659241314,0,0.8674036499944584,211
8.705184566772477,no_solution,2,2m,122.18837915284743,0,0.914384095179306,211
5.242966127787843,no_solution,3,2m,106.3296760081587,0,0.6786107465810959,211
8.030376076796959,no_solution,4,2m,57.07889277132134,0,0.8646385407097326,211
3.826262954896577,no_solution,5,2m,116.18089343777659,0,0.6015184869740337,211
1.801624868766394,no_solution,6,2m,131.18688958886096,0,0.524151581597922,211
0.7038085045581286,no_solution,7,2m,132.09844813622905,0,0.5037585315829117,211
0.06062325193052005,no_solution,8,2m,161.99382704288456,0,0.5000279873237267,211
0.822015991280402,no_solution,9,2m,144.53373308677806,0,0.5051203166866289,211
1.10624481900872,no_solution,10,2m,155.3898323572041,0,0.5092366011888224,211
9.710421739622172,no_solution,11,2m,65.19202405202648,0,0.9909865321874933,211
8.424058295270777,no_solution,12,2m,128.6001555209013,0,0.8934832660867869,211
6.629371780646286,no_solution,13,2m,167.36188335460378,0,0.7666142493756473,211
8.714326450662705,no_solution,14,2m,129.37542270462347,0,0.915067823376201,211
9.897764897507585,no_solution,15,2m,165.48715962273326,0,1.0055591947936173,211
7.7336514623056285,no_solution,0,2m,166.35504200354134,0,0.8432462311340349,212
8.205091454437774,no_solution,1,2m,154.53802121160993,0,0.8773767066383944,212
8.57742712797901,no_solution,2,2m,127.09838708654017,0,0.9048555200722846,212
5.64801862176664,no_solution,3,2m,151.2679741386127,0,0.703218137128991,212
8.172662317477084,no_solution,4,2m,57.07889277132134,0,0.8750046292292715,212
1.9823192354620658,no_solution,5,2m,131.18688958886096,0,0.5291024786960097,212
1.3064448909223252,no_solution,6,2m,165.46298679765212,0,0.5128377117708895,212
1.5046513635622296,no_solution,7,2m,139.97856978837868,0,0.5169614019161225,212
1.0236014383473018,no_solution,8,2m,155.54420593516173,0,0.5079181489726333,212
7.106524426906964,no_solution,9,2m,168.67127793433,0,0.7991114406934973,212
7.71757080744398,no_solution,10,2m,157.20687007888682,0,0.8420958639997584,212
8.47385944125614,no_solution,11,2m,143.8401890988746,0,0.897167935903831,212
7.43938084290389,no_solution,0,2m,165.14841809717706,0,0.8223468178486304,213
7.7951266730188,no_solution,1,2m,155.08062419270823,0,0.8476526367164692,213
8.177446589854632,no_solution,2,2m,122.18837915284743,0,0.8753543624757382,213
5.391767833467096,no_solution,3,2m,146.81280598094978,0,0.6875341140384749,213
3.6655613990237303,no_solution,4,2m,123.0690862889621,0,0.5938042062894288,213
7.697483297842612,no_solution,5,2m,57.07889277132134,0,0.8406601815177194,213
3.83642816740015,no_solution,6,2m,111.8659912573969,0,0.6020143092272439,213
3.2174005284416536,no_solution,7,2m,117.6860229593982,0,0.5735838770143469,213
2.1453270281130803,no_solution,8,2m,126.75172582651489,0,0.5339309685311308,213
0.08673878275386596,no_solution,9,2m,166.715326230074,0,0.5000572924207565,213
0.880544266521816,no_solution,10,2m,150.20652449211386,0,0.5058711498646412,213
9.20623748472983,no_solution,11,2m,68.9492567037528,0,0.9522178470185855,213
8.465202877652972,no_solution,12,2m,129.0348790056394,0,0.8965268958596704,213
6.822657689237471,no_solution,13,2m,168.50519279832298,0,0.77965788212391,213
7.968847959684787,no_solution,14,2m,147.00340132119393,0,0.8601773247977398,213
7.80817642057871,no_solution,0,2m,163.27277789025334,0,0.8485897635586883,215
8.282496783100601,no_solution,1,2m,151.24152868838638,0,0.8830526461161023,215
7.371573259536606,no_solution,2,2m,168.86088949191284,0,0.8175777263419498,215
8.912388995185088,no_solution,3,2m,119.94165248152953,0,0.9299419914388818,215
3.9290436108925277,no_solution,4,2m,120.20815280171308,0,0.6065739378508579,215
8.462844614087864,no_solution,5,2m,53.009433122794285,0,0.8963523014146494,215
1.7501962870150078,no_solution,6,2m,130.36103712382777,0,0.522821214446834,215
1.3495685896337175,no_solution,7,2m,142.6954799564443,0,0.5136880317315112,215
0.8585426794593687,no_solution,8,2m,147.97972834141845,0,0.5055829742311533,215
7.3733008684503,no_solution,9,2m,168.67127793433,0,0.817699011205424,215
7.453577839409562,no_solution,0,2m,166.23477373883,0,0.8233475880591244,216
7.974224480461107,no_solution,1,2m,154.95160534825058,0,0.8605666394024144,216
8.023006551819952,no_solution,2,2m,133.6637572418193,0,0.8641035130606689,216
8.859403286014281,no_solution,3,2m,118.53269591129698,0,0.9259515463503374,216
3.95893325730651,no_solution,4,2m,118.86967653695369,0,0.6080615215095602,216
4.634040356300372,no_solution,5,2m,100.20977996183805,0,0.643624273140496,216
8.360012186737379,no_solution,6,2m,51.24451190127583,0,0.8887562110951727,216
2.0805332738959152,no_solution,7,2m,127.3184982632139,0,0.5319711603246506,216
1.421437596740655,no_solution,8,2m,140.03570973148243,0,0.5151632631208132,216
0.13977479027602044,no_solution,9,2m,163.59095329510126,0,0.5001487611627303,216
9.828341147011862,no_solution,10,2m,70.21395872616783,0,1.0001487868159344,216
7.634911222892211,no_solution,11,2m,161.96913286178943,0,0.8361975598655056,216
7.511799541231091,no_solution,0,2m,166.37908522407497,0,0.8274598271253856,218
8.41902870362501,no_solution,1,2m,147.3295625460145,0,0.8931115742348265,218
8.910154382434817,no_solution,2,2m,120.44085685513866,0,0.9297735340367707,218
5.604771188732856,no_solution,3,2m,144.9206679531943,0,0.7005438027270158,218
3.958643534700297,no_solution,4,2m,115.73245007343446,0,0.608047064985328,218
8.0980234390726,no_solution,5,2m,53.009433122794285,0,0.8695583870574051,218
3.2756475124105093,no_solution,6,2m,117.00427342623003,0,0.5760998086267467,218
2.024355669160227,no_solution,7,2m,134.97407158413796,0,0.5303151571888665,218
3.1778178697871176,no_solution,8,2m,85.47514258543241,0,0.5718939301191829,218
1.7058776944859606,no_solution,9,2m,124.45882853377658,0,0.5217031365440984,218
10.102271582730872,no_solution,10,2m,70.32780389006896,0,1.021565571817557,218
10.015287939500883,no_solution,11,2m,93.77632963600144,0,1.0147451259675222,218
8.949868878727191,no_solution,12,2m,133.15404612703287,0,0.9327695835278351,218
7.822703623991288,no_solution,13,2m,161.99382704288456,0,0.8496337058517481,218
8.574187721682213,no_solution,14,2m,148.70776711389354,0,0.9046145628177867,218
7.568343280146574,no_solution,0,2m,166.35504200354134,0,0.831465894484445,219
8.863989699882392,no_solution,1,2m,119.70797801316336,0,0.9262966335047704,219
5.273833676108701,no_solution,2,2m,145.7737973711325,0,0.680450359526435,219
8.014496535830592,no_solution,3,2m,51.40038910358559,0,0.8634859172696278,219
3.473500428906693,no_solution,4,2m,115.10864433221339,0,0.5848994690970378,219
1.6390803826326208,no_solution,5,2m,124.77980605851253,0,0.520067955739866,219
0.6589697659545323,no_solution,6,2m,135.9779393872403,0,0.5032963611326257,219
2.539144871791313,no_solution,7,2m,98.11218069128827,0,0.5469579725688887,219
1.7502678015648965,no_solution,8,2m,154.7966407904254,0,0.5228230399023719,219
9.347231613582105,no_solution,9,2m,74.79304780526061,0,0.9629913993892265,219
8.846406464785556,no_solution,10,2m,111.61541112229978,0,0.9249739847224987,219
9.000316847030605,no_solution,11,2m,129.28263611173776,0,0.9365819058362975,219
7.178613593580699,no_solution,12,2m,168.86088949191284,0,0.8041058212848438,219
8.437226125143347,no_solution,13,2m,145.91093173576817,0,0.8944567614381126,219
7.157316321944633,no_solution,0,2m,168.3864602632884,0,0.8026281096141421,221
7.878202653233903,no_solution,1,2m,151.40013210033868,0,0.8536288453140226,221
7.974046143964958,no_solution,2,2m,130.08458786497346,0,0.8605537244280733,221
8.514012647110524,no_solution,3,2m,115.00434774390054,0,0.9001444514356353,221
8.956893560364234,no_solution,4,2m,106.92988356862641,0,0.9332999968687103,221
3.899257173436249,no_solution,5,2m,114.93476410555685,0,0.6050992500495873,221
7.957019152042819,no_solution,6,2m,50.53711507397311,0,0.8593211518184025,221
3.414624791165712,no_solution,7,2m,84.581321815162,0,0.58224056755317,221
2.082270986202275,no_solution,8,2m,127.66362050325849,0,0.5320230264386796,221
1.047707139857253,no_solution,9,2m,163.44418007380992,0,0.5082924877493734,221
0.036697635877566394,no_solution,10,2m,144.06248644251562,0,0.5000102557301003,221
1.281062510787337,no_solution,11,2m,133.9328189802634,0,0.5123495083649927,221
9.939282379630342,no_solution,12,2m,73.00684899377592,0,1.0088004621463715,221
10.233511401536663,no_solution,13,2m,90.60905032059435,0,1.0318903160952662,221
9.13517286466439,no_solution,14,2m,110.0272693471941,0,0.9468083710253165,221
8.018723843578996,no_solution,15,2m,161.40012391568973,0,0.8637926738383458,221
7.775741068558431,no_solution,0,2m,163.27277789025334,0,0.8462616483913012,223
8.255862355118701,no_solution,1,2m,146.2942240828393,0,0.8810973933532046,223
9.117104134004919,no_solution,2,2m,111.75866856758807,0,0.945435207567318,223
5.072603164069307,no_solution,3,2m,94.62557793746889,0,0.6685683218302341,223
8.263701191376182,no_solution,4,2m,47.095647357266465,0,0.8816726074288195,223
1.8503519842250855,no_solution,5,2m,124.77980605851253,0,0.5254444657781154,223
0.9427985771250877,no_solution,6,2m,135.9779393872403,0,0.5067251205644708,223
1.9675189800064024,no_solution,7,2m,168.31518053936787,0,0.528680942718307,223
9.01433627455476,no_solution,8,2m,115.00434774390054,0,0.937642637623269,223
8.86991091257063,no_solution,9,2m,139.46325680981354,0,0.9267422434110284,223
7.868492939049895,no_solution,10,2m,167.0269439342048,0,0.8529290966470177,223
8.456190530635043,no_solution,11,2m,156.33937443907084,0,0.8958597595822775,223
7.417508373640479,no_solution,0,2m,162.5607578722491,0,0.8208065150360542,224
7.088237777747765,no_solution,1,2m,169.49926253526885,0,0.797847945535838,224
8.542941692912725,no_solution,2,2m,113.35784048754634,0,0.9022920478032634,224
5.03645775903267,no_solution,3,2m,94.03190947758107,0,0.6664622147117314,224
7.600405960085906,no_solution,4,2m,49.49747468305833,0,0.8337428522480154,224
3.635325607313008,no_solution,5,2m,100.44899203078147,0,0.5923792807148703,224
1.5195304731432593,no_solution,6,2m,119.70797801316336,0,0.5172930332525905,224
0.49233645383149915,no_solution,7,2m,137.2953021774598,0,0.5018426404332655,224
9.961887371229183,no_solution,8,2m,97.12878049270464,0,1.010567008333033,224
7.698043566434832,no_solution,9,2m,167.6007159889241,0,0.8407002047081668,224
7.4914792933902765,no_solution,0,2m,161.54875425084526,0,0.8260231210505034,226
8.240721954569812,no_solution,1,2m,117.72000679578642,0,0.8799869599284618,226
4.817372867828648,no_solution,2,2m,91.26883367283708,0,0.6538870638175441,226
8.07039708263075,no_solution,3,2m,43.56604182158393,0,0.867547303941038,226
1.0273581146445727,no_solution,4,2m,133.75350462698165,0,0.5079759309887623,226
1.6566725737191794,no_solution,5,2m,141.28694207179942,0,0.5204927522910415,226
10.0783250489276,no_solution,6,2m,29.154759474226502,0,1.0196860948307338,226
3.942212265633994,no_solution,7,2m,162.8066337714775,0,0.6072283732128255,226
10.125799772566547,no_solution,8,2m,76.53757247260981,0,1.023413548940538,226
10.125717131275504,no_solution,9,2m,81.00617260431454,0,1.0234070557273927,226
10.298545904510876,no_solution,10,2m,97.12878049270464,0,1.0370216437229824,226
8.95946405281467,no_solution,11,2m,117.6860229593982,0,0.93349412276657,226
8.731126134648061,no_solution,12,2m,143.95138068111748,0,0.9163249381334112,226
8.388983633984562,no_solution,13,2m,159.5054857990784,0,0.8908928878855558,226
8.053092063701193,no_solution,14,2m,166.33099530754933,0,0.8662888896934328,226
7.060675965873678,no_solution,0,2m,165.94577427581578,0,0.7959462270970515,227
7.3152416354902705,no_solution,1,2m,158.90248582070703,0,0.8136294598769399,227
8.09301173298604,no_solution,2,2m,142.9475428260311,0,0.8691933641158125,227
8.321934125343745,no_solution,3,2m,124.04031602668546,0,0.885952009462228,227
9.002226559252755,no_solution,4,2m,108.34205093129813,0,0.936726364683852,227
5.080156609739974,no_solution,5,2m,94.03190947758107,0,0.6690095436631673,227
5.537796076240087,no_solution,6,2m,84.53401682163222,0,0.6964238533702564,227
3.4776429681513203,no_solution,7,2m,111.75866856758807,0,0.5850878204126887,227
8.610414417134708,no_solution,8,2m,41.012193308819754,0,0.9073110554248102,227
7.364887010996592,no_solution,9,2m,47.853944456021594,0,0.8171084359522353,227
0.7142769784838697,no_solution,10,2m,134.73678042761748,0,0.5038707511108194,227
0.44806682144018106,no_solution,11,2m,158.927656498169,0,0.5015266360700555,227
10.239550521311994,no_solution,12,2m,35.12833614050059,0,1.0323663962284915,227
2.470528424601929,no_solution,13,2m,169.85287751463028,0,0.544553546845249,227
8.988968615379013,no_solution,14,2m,121.2023102090055,0,0.9357236915429993,227
8.087889498494782,no_solution,15,2m,168.22009392459628,0,0.868820378644872,227
8.67110752334182,no_solution,16,2m,157.4102919125684,0,0.9118376666029636,227
7.351208290616732,solution,0,2m,166.35504200354134,0,0.816148908969183,238
7.377161073268981,solution,1,2m,151.61134522191932,0,0.8179700548318553,238
7.730129824026835,solution,2,2m,141.85203558638133,0,0.8429942220887361,238
2.967938027018709,solution,3,2m,103.58571330062848,0,0.5632068308001615,238
8.47211162066302,solution,4,2m,31.016124838541646,0,0.897038486475902,238
0.5626349910107773,solution,5,2m,155.0290295396317,0,0.5024050985288034,238
0.7524222921781297,solution,6,2m,143.19916200872126,0,0.5042934593036407,238
2.373800827196643,solution,7,2m,141.0319112825179,1,0.5412592748605263,238
4.715646030767829,solution,8,2m,75.53806987208503,1,0.6481624480375937,238
9.513207429356916,solution,9,2m,58.05170109479997,0,0.9757422536857693,238
11.302832405320222,solution,10,2m,71.17583859709698,1,1.1174576875885909,238
9.224147952502893,solution,11,2m,126.84636376341263,0,0.9535834019332664,238
9.068218665279359,solution,12,2m,150.23315213360866,0,0.9417246583857478,238
8.827705224748078,solution,13,2m,164.46884203398528,0,0.9235682321181904,238
6.922328204753501,no_solution,0,2m,165.8493292117879,0,0.7864489496555571,242
7.019418828488881,no_solution,1,2m,147.3295625460145,0,0.7931055091429994,242
7.343516323784645,no_solution,2,2m,139.97856978837868,0,0.8156096606379424,242
7.860186840405441,no_solution,3,2m,127.94530081249565,0,0.8523307665574981,242
8.658466641399734,no_solution,4,2m,95.13148795220224,0,0.9108939613304226,242
7.900962167470456,no_solution,5,2m,27.459060435491963,0,0.85527035431713,242
0.8849428689453646,no_solution,6,2m,149.00335566691106,0,0.5059296176256921,242
0.13711236262561025,no_solution,7,2m,153.83757668398187,0,0.5001431487191365,242
1.4896694173739748,no_solution,8,2m,88.50988645343524,0,0.5166305698380482,242
2.256330127448604,no_solution,9,2m,144.20124826089406,0,0.5374109195380891,242
9.052229153367438,no_solution,10,2m,61.85466837676846,0,0.9405124676645047,242
9.572861697663877,no_solution,11,2m,91.706052144883,0,0.9803428210626655,242
8.910157175660238,no_solution,12,2m,129.0348790056394,0,0.9297737445964338,242
7.174491667958388,no_solution,0,2m,165.0272704737008,0,0.8038196765476325,244
7.18403335448402,no_solution,1,2m,149.96666296213968,0,0.8044821675484075,244
8.439483315089934,no_solution,2,2m,98.84331034521254,0,0.894623690173644,244
8.848191963293997,no_solution,3,2m,25.495097567963924,0,0.9251082524561675,244
0.48722458725787016,no_solution,4,2m,134.97407158413796,0,0.5018046418889063,244
0.5959533464602833,no_solution,5,2m,169.49926253526885,0,0.5026976189904019,244
1.6611880293531316,no_solution,6,2m,117.34564329364768,0,0.520602463126491,244
2.2938824727820335,no_solution,7,2m,149.96666296213968,0,0.5386227754219984,244
9.066898007943818,no_solution,8,2m,133.15404612703287,0,0.9416245098801737,244
6.991226294680111,no_solution,0,2m,169.14490828872147,0,0.7911684767338627,250
7.429056885463972,no_solution,1,2m,159.02829936838285,0,0.8216195534467488,250
7.672749785767015,no_solution,2,2m,141.7956275771577,0,0.8388944719578999,250
8.0279405353638,no_solution,3,2m,130.39171752837677,0,0.8644616997866216,250
8.9233515115033,no_solution,4,2m,96.13532129243653,0,0.9307686157438317,250
9.181280670396866,no_solution,5,2m,25.495097567963924,0,0.9503165282733489,250
9.139289915574777,no_solution,6,2m,151.71684151734772,0,0.9471213806056222,250
7.941492394779068,no_solution,0,2m,159.3047394147456,0,0.8581980575172773,253
7.6180297139790305,no_solution,1,2m,166.13849644197458,0,0.8349960542714393,253
8.307444858083976,no_solution,2,2m,139.43457247038842,0,0.8848861981108305,253
8.997733588767984,no_solution,3,2m,119.10499569707393,0,0.9363865136280435,253
9.721860206889392,no_solution,4,2m,89.05054744357274,0,0.9918737591150429,253
9.798284200602497,no_solution,5,2m,25.495097567963924,0,0.9978100706107316,253
7.751952020855417,no_solution,6,2m,29.154759474226502,0,0.8445565469078543,253
8.978219834253856,no_solution,7,2m,59.61543424315552,0,0.9349111504401544,253
9.311037926087078,no_solution,8,2m,96.17692030835673,0,0.9602206398884391,253
8.920606066293505,no_solution,9,2m,154.14927829866735,0,0.9305615638583862,253
21.696294901726798,no_solution,10,2m,153.00326793895613,0,2.051239041045101,253
5.715611462262103,no_solution,0,5m,169.44763202830543,0,0.7074196140072313,10
2.750032098914341,no_solution,1,5m,169.74245196767956,0,0.5546905834184125,10
2.686299167999606,no_solution,2,5m,170.0367607313195,0,0.5522998858519473,10
0.8960164495325001,no_solution,3,5m,98.2980162566875,0,0.506078071960441,10
0.4929083370285218,no_solution,4,5m,122.72937708633577,0,0.5018469159600264,10
2.8895363755386327,no_solution,5,5m,10.606601717798213,0,0.5600825309750739,10
0.9079022404351104,no_solution,6,5m,72.88689868556625,0,0.506239421064778,10
5.645730490784911,no_solution,0,5m,169.74245196767956,0,0.7030763711064448,13
5.356068735264726,no_solution,1,5m,156.56468311851177,0,0.685380679064392,13
2.47277117003654,no_solution,2,5m,169.44763202830543,0,0.5446312552579291,13
1.5305791652159118,no_solution,3,5m,171.06285394556002,0,0.5175412668482313,13
0.41125740271395667,no_solution,4,5m,54.886246000250374,0,0.5012864081909741,13
0.925577590138936,no_solution,5,5m,72.88689868556625,0,0.5064832002644983,13
1.4200941700076557,no_solution,6,5m,57.554322166106694,0,0.5151350237921635,13
5.845784120208485,no_solution,0,5m,169.74245196767956,0,0.7155840264940637,14
5.5685796809699895,no_solution,1,5m,159.7263284496329,0,0.6983142063529212,14
2.263728236033847,no_solution,2,5m,171.35489488193792,0,0.537648290901171,14
2.1565134550951903,no_solution,3,5m,169.30002953337012,0,0.5342746861940549,14
0.2931535362288795,no_solution,4,5m,129.4700737622405,0,0.5006540465242426,14
0.3001747640966408,no_solution,5,5m,54.886246000250374,0,0.5006857303001928,14
0.07041195121972044,no_solution,6,5m,118.79604370516722,0,0.5000377547451972,14
3.6267956065543783,no_solution,7,5m,7.905694150420948,0,0.5919788276339346,14
4.322595739515314,no_solution,8,5m,7.905694150420948,0,0.6267653653336553,14
0.46301733833024245,no_solution,9,5m,108.22430410956682,0,0.5016300495828581,14
1.1776101555674476,no_solution,10,5m,72.88689868556625,0,0.5104545028142332,14
5.304072580631623,solution,0,5m,169.74245196767956,0,0.6822583637793611,16
5.387819772862148,solution,1,5m,159.0990257669732,0,0.6872955723513583,16
3.0554195656385175,solution,2,5m,169.30002953337012,0,0.5667711851067926,16
2.7359555417006263,solution,3,5m,169.44763202830543,0,0.5541585961013239,16
2.162290270514573,solution,4,5m,84.03868156985806,1,0.5344528019978319,16
0.5315104438505389,solution,5,5m,107.76131031126152,0,0.5021469003043453,16
0.43873793061872596,solution,6,5m,68.28250141873832,0,0.5014638171233151,16
0.2600605145316245,solution,7,5m,52.55949010407159,1,0.5005147851766288,16
0.20216442946522606,solution,8,5m,72.54309064273454,1,0.5003111520931328,16
0.5529615422056867,solution,9,5m,57.554322166106694,1,0.5023232917201839,16
4.510532242340994,solution,10,5m,7.905694150420948,1,0.6368498010971241,16
0.5269071489235843,solution,11,5m,87.82084035125148,0,0.502109949389613,16
5.9531953972529665,no_solution,0,5m,170.0367607313195,0,0.7223915503678894,18
5.951265241742153,no_solution,1,5m,169.74245196767956,0,0.7222686670749616,18
2.193674829292779,no_solution,2,5m,167.66782637107215,0,0.5354277845713773,18
0.2650878832102147,no_solution,3,5m,128.6953767623375,0,0.5005348702797449,18
0.35297639020889615,no_solution,4,5m,50.62114182829147,0,0.5009479502657915,18
0.18461102923455483,no_solution,5,5m,112.74972283779681,0,0.5002594778923259,18
0.8436605384213974,no_solution,6,5m,77.86205751198719,0,0.5053920948978143,18
1.3204728187383294,no_solution,7,5m,62.54998001598402,0,0.5131114360015362,18
6.115098547058001,solution,0,5m,170.0367607313195,0,0.732769740978153,23
5.828461524699879,solution,1,5m,166.32047378479896,0,0.7144920862352614,23
1.7251184210396702,solution,2,5m,172.37314175938198,0,0.522185308067609,23
1.679886451624472,solution,3,5m,172.80769658785456,0,0.5210597106035392,23
0.6242148855489101,solution,4,5m,145.12925273699992,0,0.5029587908195694,23
0.23374923407809073,solution,5,5m,138.6091627562911,0,0.500415929149092,23
0.24202260472653825,solution,6,5m,46.502688094345686,1,0.5004458801833973,23
10.193224124515401,solution,7,5m,3.5355339059327378,1,1.0287165523880402,23
0.8508771567137862,solution,8,5m,97.78803607803972,1,0.5054842476505135,23
1.6360194979295255,solution,9,5m,62.54998001598402,1,0.5199944739150294,23
2.3428281642829734,solution,10,5m,113.852975367357,0,0.5402282601482356,23
3.487951050061863,solution,11,5m,127.72039774444801,0,0.5855572242063799,23
5.939572196653674,solution,12,5m,154.95967217311735,0,0.7215246597355256,23
5.627948813665816,solution,13,5m,164.05029716522918,0,0.7019757055827373,23
6.1773916852295985,no_solution,0,5m,168.85644790768282,0,0.7367993463705413,24
6.085905733217819,no_solution,1,5m,169.44763202830543,0,0.730888237562036,24
1.7133787975872528,no_solution,2,5m,170.0367607313195,0,0.5218905219554325,24
0.05558589538767675,no_solution,3,5m,129.6630247988994,0,0.50002352957101,24
10.005206187995013,no_solution,4,5m,3.5355339059327378,0,1.0139557887728545,24
2.9369106810354855,no_solution,5,5m,14.577379737113251,0,0.5619624059910542,24
0.42853391838270427,no_solution,6,5m,117.52659273543158,0,0.501396610257369,24
1.1396368229588623,no_solution,7,5m,81.62413858657254,0,0.5097973365417966,24
1.09829199900421,no_solution,8,5m,86.67467911679859,0,0.5091054253293277,24
1.5027074542859493,no_solution,9,5m,68.28250141873832,0,0.5169183011632966,24
2.1280629968514266,no_solution,10,5m,115.81234821900469,0,0.5334035997193615,24
6.048228534650121,no_solution,11,5m,147.6905548774193,0,0.7284664972314719,24
6.798165856002141,no_solution,12,5m,145.64511663629509,0,0.7779958051275723,24
7.021719863907612,no_solution,13,5m,169.74245196767956,0,0.7932637556655485,24
6.866192762752323,no_solution,0,5m,168.41169793099291,0,0.7826188118835209,30
1.7416032622951396,no_solution,1,5m,171.06285394556002,0,0.5226023699743886,30
1.5592597737832015,no_solution,2,5m,169.88967008032006,0,0.5181934829258283,30
0.23830488582762285,no_solution,3,5m,120.26013470805694,0,0.5004322927417276,30
8.315147186457372,no_solution,4,5m,3.5355339059327378,0,0.8854526866167838,30
0.5792826038975716,no_solution,5,5m,91.99184746487049,0,0.5025491748768111,30
6.8527875742053785,no_solution,0,5m,166.77080080157918,0,0.7817062042470314,33
6.851102326000821,no_solution,1,5m,162.6729848499744,0,0.7815915304980986,33
6.396453222548623,no_solution,2,5m,171.50072886142496,0,0.751125758588307,33
1.4368051511778979,no_solution,3,5m,169.30002953337012,0,0.5154880864023866,33
0.9924125363154722,no_solution,4,5m,39.528470752104745,0,0.5074463622994393,33
2.614499096150312,no_solution,5,5m,7.905694150420948,0,0.5496621331886746,33
1.6924827116253538,no_solution,6,5m,14.577379737113251,0,0.5213703997834186,33
6.984989158858142,solution,0,5m,162.6729848499744,0,0.7907403961777234,36
6.707529779117697,solution,1,5m,167.51865567750954,0,0.7718682992563298,36
6.21017354742201,solution,2,5m,145.12925273699992,0,0.7389279250442043,36
3.3005275592319325,solution,3,5m,70.44501401802685,1,0.5771849616566407,36
1.2569327756376873,solution,4,5m,168.85644790768282,0,0.5118938712966415,36
1.2118131938806638,solution,5,5m,169.44763202830543,0,0.5110641212423007,36
0.820006443747295,solution,6,5m,170.77031357938066,0,0.5050954351681681,36
2.2197541810333545,solution,7,5m,7.905694150420948,1,0.5362473125033596,36
1.166575097347327,solution,8,5m,21.50581316760657,1,0.5102613954776971,36
0.516485615401207,solution,9,5m,120.05207203542969,0,0.5020274731113773,36
0.8245330522389942,solution,10,5m,93.60822613424527,1,0.505151566285121,36
0.846499388285224,solution,11,5m,108.91510455395982,0,0.5054282539443591,36
7.130496874533977,no_solution,0,5m,169.74245196767956,0,0.8007698901373449,39
7.224678689535069,no_solution,1,5m,153.01143748099355,0,0.8073083743872608,39
1.042829417170641,no_solution,2,5m,171.50072886142496,0,0.5082160599567069,39
0.755396342700893,no_solution,3,5m,166.77080080157918,0,0.5043273253532065,39
0.658224479239308,no_solution,4,5m,171.50072886142496,0,0.5032889327566104,39
0.3860266775289308,no_solution,5,5m,152.6843148460247,0,0.5011335756220197,39
1.2474366879904706,no_solution,6,5m,12.747548783981962,0,0.5117168279356857,39
1.1578950067540408,no_solution,7,5m,24.748737341529164,0,0.5101107269060116,39
0.5662871675246742,no_solution,8,5m,123.74368670764582,0,0.5024363499061342,39
0.8788934000741295,no_solution,9,5m,99.05806378079474,0,0.5058492794726661,39
7.276562509614846,no_solution,0,5m,169.74245196767956,0,0.8109257295347105,41
0.9330706317788013,no_solution,1,5m,171.50072886142496,0,0.5065879281900456,41
0.8784745784749324,no_solution,2,5m,169.88967008032006,0,0.5058437373776623,41
1.526422857897863,no_solution,3,5m,70.44501401802685,0,0.5174476886740627,41
0.7180718726175458,no_solution,4,5m,28.50438562747845,0,0.5039118345544045,41
0.5902673792069926,no_solution,5,5m,99.05806378079474,0,0.5026465200483048,41
7.414536174574617,no_solution,0,5m,170.62385530751556,0,0.8205973499403606,43
7.580034290865285,no_solution,1,5m,154.63667094192115,0,0.8322956950014284,43
0.9103583644907441,no_solution,2,5m,171.35489488193792,0,0.506273021631358,43
0.5954204339403794,no_solution,3,5m,158.31140198987563,0,0.5026928091955681,43
1.4761668999916189,no_solution,4,5m,28.50438562747845,0,0.5163350689832175,43
0.7353460751962508,no_solution,5,5m,17.67766952966369,0,0.5041015532544665,43
0.5560927409601325,no_solution,6,5m,100.0624804809475,0,0.5023496178932941,43
7.99145616172387,no_solution,0,5m,166.77080080157918,0,0.8618150612017161,53
8.071157968819508,no_solution,1,5m,159.0990257669732,0,0.86760265864337,53
7.952314104935496,no_solution,2,5m,148.53450777512947,0,0.8589807339388653,53
4.607904179612111,no_solution,3,5m,55.339859052946636,0,0.6421811746102495,53
0.36012952939944537,no_solution,4,5m,171.50072886142496,0,0.50098672318339,53
0.33873798013361806,no_solution,5,5m,166.77080080157918,0,0.50087307920204,53
0.061586336334661575,no_solution,6,5m,148.53450777512947,0,0.5000288835967718,53
0.7503449906738789,no_solution,7,5m,46.502688094345686,0,0.5042698826359665,53
0.7830252689525942,no_solution,8,5m,102.77402395547233,0,0.5046482166141276,53
0.7507364444115869,no_solution,9,5m,109.60155108391487,0,0.504274320600945,53
0.7510650300830081,no_solution,10,5m,123.74368670764582,0,0.5042780475795522,53
8.27902032310167,solution,0,5m,168.41169793099291,0,0.8827973053118539,54
7.9887199278138175,solution,1,5m,157.67847031221478,0,0.8616167547313686,54
7.582409260049521,solution,2,5m,118.16302298096474,0,0.8324643274201743,54
0.5544694271398157,solution,3,5m,167.21991508190644,0,0.5023359511722585,54
0.5201097349014037,solution,4,5m,164.506838763621,0,0.5020559691237151,54
2.7418517901847457,solution,5,5m,17.67766952966369,1,0.5543811574663456,54
0.4380906907330233,solution,6,5m,23.717082451262844,1,0.5014595074841792,54
0.22325729868879268,solution,7,5m,142.52192813739225,0,0.500379442272618,54
0.2538235121999286,solution,8,5m,134.76831971943554,0,0.5004904008319639,54
0.9669444918676733,solution,9,5m,45.96194077712559,1,0.5070716365829524,54
0.5363343395321285,solution,10,5m,113.63318177363512,0,0.5021859640059534,54
0.5856682299217149,solution,11,5m,106.12492638395562,1,0.5026055428934509,54
8.124669254218933,solution,0,5m,162.21128197508335,0,0.8715005319682753,61
6.802978939159125,solution,1,5m,169.44763202830543,0,0.7783222231240896,61
7.760875331117399,solution,2,5m,139.50806428303704,0,0.8451958937303592,61
7.506799301860186,solution,3,5m,109.82941318244399,0,0.8271061483617438,61
6.678183700224557,solution,4,5m,92.53377761660873,0,0.7698922824617821,61
4.319992415438411,solution,5,5m,45.96194077712559,1,0.6266276200175837,61
1.1417369910088235,solution,6,5m,162.5192296314501,0,0.5098331405762925,61
0.5303619667012719,solution,7,5m,152.6843148460247,0,0.50213765156837,61
0.5560366322086733,solution,8,5m,143.57054015361228,0,0.5023491448516939,61
0.5673654617957153,solution,9,5m,108.22430410956682,1,0.5024456150819253,61
0.36609509023880066,solution,10,5m,137.52272539475067,0,0.5010196515179308,61
0.8425271620982315,solution,11,5m,32.59601202601324,1,0.5053776920646429,61
0.577364541439554,solution,12,5m,41.382363393117124,1,0.5025323630045909,61
0.151952363652017,solution,13,5m,53.033008588991066,0,0.5001758066729153,61
0.0007929697275663323,solution,14,5m,117.73911839316617,1,0.5000000047885933,61
0.02666102426276222,solution,15,5m,166.77080080157918,0,0.500005413100819,61
8.516864379184797,no_solution,0,5m,168.41169793099291,0,0.9003560389171668,66
8.551604695481371,no_solution,1,5m,167.66782637107215,0,0.9029356657040893,66
0.10227280525833517,no_solution,2,5m,167.21991508190644,0,0.5000796491991456,66
0.5544434626808195,no_solution,3,5m,36.9120576505835,0,0.502335732898504,66
0.5131603761004603,no_solution,4,5m,120.6751838614717,0,0.5020015010698652,66
0.5714999018868119,no_solution,5,5m,139.50806428303704,0,0.5024813017951203,66
8.644869806748085,no_solution,0,5m,166.01957715883992,0,0.9098794306004686,69
6.037390565489944,no_solution,1,5m,38.242646351945886,0,0.7277712592589456,69
0.051345233887692895,no_solution,2,5m,169.74245196767956,0,0.5000200764319169,69
0.8405997670401704,no_solution,3,5m,39.528470752104745,0,0.5053532424664521,69
1.015640447396434,no_solution,4,5m,61.74544517614235,0,0.5077963784001459,69
0.6770476100307388,no_solution,5,5m,124.54918707081151,0,0.5034790868178747,69
8.638287894595122,no_solution,0,5m,166.01957715883992,0,0.9093885217084926,70
8.366501446845412,no_solution,1,5m,158.31140198987563,0,0.8892345678018159,70
5.5615759090512125,no_solution,2,5m,38.242646351945886,0,0.6978836268505285,70
0.03300676885590393,no_solution,3,5m,169.74245196767956,0,0.5000082965447594,70
0.7508015819884922,no_solution,4,5m,54.886246000250374,0,0.5042750592955688,70
0.618764082442922,no_solution,5,5m,124.54918707081151,0,0.5029074873302384,70
2.8515875287341297,no_solution,6,5m,85.51315688243535,0,0.5585944047019084,70
8.628659745396925,solution,0,5m,166.01957715883992,0,0.908670648309581,71
5.723212918525068,solution,1,5m,38.242646351945886,1,0.7078937478612028,71
0.11909332489715946,solution,2,5m,169.74245196767956,0,0.5001080000443805,71
0.9116347415242321,solution,3,5m,44.30011286667337,1,0.5062905178648535,71
0.87263628703976,solution,4,5m,54.886246000250374,1,0.5057667506141984,71
0.3932802773628022,solution,5,5m,155.92466129512675,0,0.5011765274414124,71
0.8597682465551663,solution,6,5m,118.58541225631423,0,0.5055988390291422,71
0.8246099089815296,solution,7,5m,124.54918707081151,1,0.5051525219438894,71
0.6122058599291937,solution,8,5m,170.62385530751556,0,0.5028463504228756,71
1.0070200940373735,solution,9,5m,108.91510455395982,1,0.5076655627847928,71
8.47517948149255,solution,0,5m,167.66782637107215,0,0.8972657088485356,72
8.63942278404602,solution,1,5m,142.52192813739225,0,0.9094731575084761,72
8.719968222788934,solution,2,5m,130.43197460745583,0,0.9154899009121595,72
6.3466689819065145,solution,3,5m,33.354160160315836,1,0.7478489920977966,72
0.24260624997602587,solution,4,5m,169.74245196767956,0,0.5004480323469708,72
1.2298710462449822,solution,5,5m,44.30011286667337,1,0.5113927217999212,72
0.35051620510973663,solution,6,5m,166.77080080157918,0,0.5009347941712428,72
1.27772032402457,solution,7,5m,54.886246000250374,1,0.5122859052658967,72
0.8679977807495179,solution,8,5m,138.6091627562911,1,0.5057059427394353,72
0.8152252368947878,solution,9,5m,148.87074930959406,0,0.5050364759927733,72
1.3529872200895747,solution,10,5m,111.63556780883053,1,0.5137565624486956,72
3.1938405299627464,solution,11,5m,85.51315688243535,0,0.572576062638281,72
8.928821600934901,solution,12,5m,158.78444508200417,0,0.9311812157557587,72
8.513247684947258,solution,0,5m,167.66782637107215,0,0.9000876985144439,73
8.047419703482138,solution,1,5m,129.4700737622405,0,0.8658766196513508,73
5.6612748846118075,solution,2,5m,33.354160160315836,1,0.7040400537671062,73
0.18301010103355933,solution,3,5m,7.905694150420948,1,0.5002549981849295,73
0.07654577748545435,solution,4,5m,169.74245196767956,0,0.5000446188487541,73
0.10947289475802541,solution,5,5m,159.7263284496329,0,0.500091257669601,73
1.1392961546660925,solution,6,5m,44.30011286667337,1,0.509791534752334,73
0.9734507917858513,solution,7,5m,52.55949010407159,1,0.5071664664531282,73
0.6623234623743152,solution,8,5m,124.54918707081151,1,0.5033298905832282,73
0.7299727981605211,solution,9,5m,118.58541225631423,0,0.5040420640167238,73
0.8508829376470205,solution,10,5m,108.91510455395982,1,0.50548432177831,73
0.7241164858876804,solution,11,5m,141.81854603682834,0,0.5039777161381566,73
2.856336474474095,solution,12,5m,85.51315688243535,0,0.5587797616579919,73
8.897450717359849,solution,0,5m,166.01957715883992,0,0.9288161371282057,76
8.582719228784866,solution,1,5m,129.4700737622405,0,0.9052492327315301,76
1.7533250906500444,solution,2,5m,7.905694150420948,1,0.5229011431579221,76
0.17553080517062203,solution,3,5m,169.74245196767956,0,0.5002345861046139,76
1.3023756940335414,solution,4,5m,49.11720676097125,1,0.5127588309776839,76
1.2045534574783734,solution,5,5m,57.118298293979315,1,0.5109333277546079,76
0.5944803105823,solution,6,5m,152.6843148460247,0,0.5026843345068839,76
0.9160302654901545,solution,7,5m,122.72937708633577,1,0.5063509535700553,76
8.908925956315034,solution,0,5m,167.66782637107215,0,0.9296809346841504,77
6.609854729545103,solution,1,5m,28.50438562747845,1,0.7653066232958609,77
2.8796505540679425,solution,2,5m,7.905694150420948,1,0.5596933429836194,77
1.4595269118737642,solution,3,5m,50.62114182829147,1,0.5159743834564124,77
0.4539399893703747,solution,4,5m,169.74245196767956,0,0.5015668587910097,77
1.3897011287498446,solution,5,5m,59.26634795564849,0,0.514502892502709,77
0.5202863040693765,solution,6,5m,166.77080080157918,0,0.5020573625156887,77
2.524623284262064,solution,7,5m,34.8209706929603,1,0.5464444804628869,77
0.9515924578243274,solution,8,5m,131.57697366940766,1,0.5068503329025066,77
0.8997995922956558,solution,9,5m,145.64511663629509,0,0.5061292027015429,77
1.2613074564400522,solution,10,5m,115.81234821900469,1,0.5119758636289745,77
3.588409659839362,solution,11,5m,78.50159234053791,0,0.5901851871754537,77
8.693846152069007,solution,0,5m,162.98006013006622,0,0.9135364361386352,79
8.300608130854199,solution,1,5m,137.70439353920412,0,0.8843835336399146,79
8.075000299150878,solution,2,5m,125.54879529489719,0,0.8678822193539052,79
5.9528241893075595,solution,3,5m,28.50438562747845,1,0.7223679158645555,79
0.237021793743462,solution,4,5m,170.0367607313195,0,0.5004276520639388,79
0.829960930889717,solution,5,5m,53.033008588991066,1,0.5052192727251951,79
0.3634181615320773,solution,6,5m,132.52358280698573,1,0.501004808921475,79
2.194165256457354,solution,7,5m,34.8209706929603,0,0.5354431177496792,79
0.5033322897995982,solution,8,5m,169.74245196767956,0,0.5019257111761833,79
0.8274800593366443,solution,9,5m,110.7361729517505,0,0.5051882727273047,79
0.7914215091630236,solution,10,5m,120.05207203542969,1,0.5047479763386703,79
8.988199777260522,solution,0,5m,162.98006013006622,0,0.9356655611798104,80
8.846949483139712,solution,1,5m,153.5008143300875,0,0.9250148181802134,80
8.64115210238376,solution,2,5m,119.63486114005399,0,0.9096021311258569,80
6.377306369514313,solution,3,5m,23.717082451262844,1,0.7498640908446378,80
2.3805923629022456,solution,4,5m,10.606601717798213,1,0.541486904224109,80
1.466608956208448,solution,5,5m,53.033008588991066,1,0.5161274227527121,80
0.4952745050106585,solution,6,5m,170.0367607313195,0,0.5018646583351236,80
0.5469884805200623,solution,7,5m,163.59248148982886,0,0.5022734806039224,80
0.9539327956632143,solution,8,5m,129.6630247988994,1,0.5068838467312685,80
1.3674368023776116,solution,9,5m,110.7361729517505,1,0.5140480382324544,80
1.3479049137044026,solution,10,5m,115.81234821900469,0,0.5136547407806747,80
10.69978331043764,no_solution,0,5m,164.8104972384951,0,1.068893862410775,82
10.514943818056086,no_solution,1,5m,164.35479913893602,0,1.0541660214493604,82
11.313502530836223,no_solution,2,5m,149.0385856078888,0,1.1183238033851672,82
9.769141049854321,no_solution,3,5m,164.65873800075113,0,0.9955446140004924,82
11.294449997800758,no_solution,4,5m,115.81234821900469,0,1.116777433548614,82
10.545639035631577,no_solution,5,5m,82.84020762890445,0,1.056606506997811,82
1.8970589748314584,no_solution,6,5m,53.96758286230726,0,0.5267131298647086,82
1.7234373828926652,no_solution,7,5m,66.42665127793211,0,0.522142983059461,82
2.8195528747770915,no_solution,8,5m,43.15669125408017,0,0.557350573778734,82
5.158868149310487,no_solution,9,5m,23.717082451262844,0,0.6736297626766854,82
0.8161190439356213,no_solution,10,5m,168.56007831037573,0,0.5050474722282623,82
1.026559696585288,no_solution,11,5m,169.74245196767956,0,0.5079636332199524,82
1.4185971790807765,no_solution,12,5m,124.34830115445888,0,0.5151035861726979,82
1.9054501611067538,no_solution,13,5m,108.45505981741931,0,0.5269440845481337,82
1.6360432535287968,no_solution,14,5m,132.52358280698573,0,0.5199950437191644,82
3.2931078367913877,no_solution,15,5m,90.89829481348922,0,0.5768606946897604,82
8.964525237729063,solution,0,5m,169.44763202830543,0,0.933876403489981,83
8.746872028048045,solution,1,5m,153.5008143300875,0,0.9175039652636781,83
6.665837490168403,solution,2,5m,23.717082451262844,1,0.769062123667501,83
0.5158226373859,solution,3,5m,166.77080080157918,0,0.5020222815854164,83
1.6597107977406271,solution,4,5m,53.96758286230726,1,0.5205665408249739,83
1.4588726925649678,solution,5,5m,63.73774391990981,1,0.5159602812753357,83
0.8892168342843124,solution,6,5m,132.52358280698573,1,0.505986701397582,83
0.7870375626053877,solution,7,5m,153.5008143300875,0,0.5046957582369656,83
1.1453679040977267,solution,8,5m,117.52659273543158,1,0.5098951907329229,83
8.780377361091693,no_solution,0,5m,166.77080080157918,0,0.9200152511456993,84
8.736274002626919,no_solution,1,5m,120.6751838614717,0,0.9167103206285302,84
8.199420332791417,no_solution,2,5m,92.53377761660873,0,0.8769616325766122,84
6.506009900514474,no_solution,3,5m,23.717082451262844,0,0.7583789733965933,84
3.529431002458962,no_solution,4,5m,14.577379737113251,0,0.5874564567763756,84
5.652799188374551,no_solution,5,5m,17.67766952966369,0,0.7035144252186311,84
0.6241760227904974,no_solution,6,5m,167.51865567750954,0,0.5029584234649962,84
0.9622502153082171,no_solution,7,5m,153.5008143300875,0,0.5070036014195339,84
1.1302084486703612,no_solution,8,5m,136.61076092314252,0,0.5096373823545568,84
1.4691942916617933,no_solution,9,5m,115.16292806281021,0,0.5161834640535895,84
9.153042414098948,solution,0,5m,166.77080080157918,0,0.948167292394146,87
8.937973595716825,solution,1,5m,115.81234821900469,0,0.9318717292376998,87
8.488211501561965,solution,2,5m,87.82084035125148,0,0.8982312598821146,87
6.923731770894893,solution,3,5m,19.03943276465977,1,0.7865448905332693,87
4.08899428159598,solution,4,5m,19.03943276465977,1,0.6146240425162756,87
2.0380843333546355,solution,5,5m,66.42665127793211,1,0.5307161252122843,87
2.3442355954823624,solution,6,5m,57.98706752371601,1,0.5402748579918565,87
3.3598694286879027,solution,7,5m,43.15669125408017,0,0.5797982457086027,87
1.029455693611701,solution,8,5m,164.506838763621,0,0.508008283474096,87
1.358666611110978,solution,9,5m,138.06701271484076,1,0.5138707764642961,87
1.488235135323834,solution,10,5m,128.6953767623375,1,0.5165990608588518,87
1.423963606247719,solution,11,5m,150.54069217324596,0,0.5152164290019021,87
3.601786072055763,solution,12,5m,88.38834764831844,0,0.590808647668065,87
9.029509472456644,solution,0,5m,166.77080080157918,0,0.9387912958222272,88
8.162600271713153,solution,1,5m,169.0044378115557,0,0.8742693360756956,88
8.910229848396972,solution,2,5m,148.70272357963051,0,0.9297792228399915,88
9.022524228560428,solution,3,5m,115.81234821900469,0,0.9382624098807676,88
6.547590646604236,solution,4,5m,19.03943276465977,1,0.7611468161111423,88
4.283554959852662,solution,5,5m,19.03943276465977,1,0.6247053470296932,88
5.998413884732469,solution,6,5m,21.50581316760657,0,0.7252761129412111,88
2.2488190996497583,solution,7,5m,58.8430114796991,1,0.5371706165321684,88
0.9569159424653615,solution,8,5m,167.51865567750954,0,0.5069266818433349,88
1.2026645347721978,solution,9,5m,140.75688260259247,1,0.5108994199173736,88
1.1438193580242797,solution,10,5m,154.63667094192115,0,0.5098687038000381,88
1.429298778528801,solution,11,5m,131.19641763401927,0,0.5153290130353718,88
1.5685695403214994,solution,12,5m,121.91185340236609,1,0.5184076222356107,88
3.5266182828822754,solution,13,5m,88.38834764831844,0,0.5873271497947801,88
9.503789936706893,solution,0,5m,162.21128197508335,0,0.975016820679329,90
9.18101628732972,solution,1,5m,126.73791855636576,0,0.9502963956275139,90
5.414127577388349,solution,2,5m,19.03943276465977,1,0.6888868986889063,90
2.3098245972129714,solution,3,5m,69.73162840490677,1,0.5391424833525169,90
3.0520321830399584,solution,4,5m,53.96758286230726,1,0.566631650961262,90
1.0844645436369045,solution,5,5m,171.50072886142496,0,0.5088795280124576,90
1.5356224066064215,solution,6,5m,143.57054015361228,1,0.5176551336425756,90
1.7520846729983983,solution,7,5m,126.34278768493277,1,0.5228694396720962,90
2.3770680261741934,solution,8,5m,110.96170510586073,0,0.5413687107464269,90
3.393034169669539,solution,9,5m,99.56153875869938,0,0.5812740029669862,90
8.791018595387028,no_solution,0,5m,169.0044378115557,0,0.9208135290172372,97
8.975007610086566,no_solution,1,5m,157.67847031221478,0,0.9346683904413533,97
9.000727829379173,no_solution,2,5m,139.14920050075747,0,0.9366129934304431,97
8.649521915427865,no_solution,3,5m,118.58541225631423,0,0.910226485475059,97
9.120664996700636,no_solution,4,5m,106.12492638395562,0,0.9457057491617312,97
8.634741993541466,no_solution,5,5m,88.38834764831844,0,0.9091241069786945,97
2.9522463433036794,no_solution,6,5m,68.6476510887299,0,0.562576176779688,97
4.1802085155989035,no_solution,7,5m,53.033008588991066,0,0.6193116058074727,97
6.058844077151155,no_solution,8,5m,38.242646351945886,0,0.7291480674109676,97
1.4771799482333594,no_solution,9,5m,168.56007831037573,0,0.5163571517303839,97
1.6865387085330645,no_solution,10,5m,149.20623311376772,0,0.5212235230150938,97
1.9712458355599127,no_solution,11,5m,133.08831654206165,0,0.5287868228551859,97
3.738290215068335,no_solution,12,5m,97.2753822917186,0,0.5972663165312553,97
7.527431746506229,no_solution,13,5m,71.15124735378853,0,0.8285661429810551,97
9.269092370468698,no_solution,14,5m,134.76831971943554,0,0.9570139888760759,97
9.586213565061126,no_solution,15,5m,154.63667094192115,0,0.9813737901579652,97
9.047646804586792,no_solution,0,5m,157.67847031221478,0,0.9401652055892574,98
8.436518256357582,no_solution,1,5m,169.0044378115557,0,0.8944044148676167,98
9.052080470314085,no_solution,2,5m,129.6630247988994,0,0.9405011991513491,98
8.901476040552135,no_solution,3,5m,106.12492638395562,0,0.9291194502170077,98
7.3437029902032105,no_solution,4,5m,57.98706752371601,0,0.8156227442002241,98
2.80776711205188,no_solution,5,5m,75.91113225344488,0,0.556895826751598,98
5.414024972690396,no_solution,6,5m,43.15669125408017,0,0.6888806840012488,98
1.7952818010863056,no_solution,7,5m,149.20623311376772,0,0.5239855939521904,98
1.6295480045975708,no_solution,8,5m,165.7181341917655,0,0.5198395336732861,98
2.097151895776577,no_solution,9,5m,130.8147545195113,0,0.532468753196613,98
2.699525038766214,no_solution,10,5m,115.59628021696892,0,0.5527922114276578,98
3.804990488254777,no_solution,11,5m,97.2753822917186,0,0.6004838849009864,98
9.101093819089128,no_solution,12,5m,124.54918707081151,0,0.9442192395449449,98
8.957822309850972,no_solution,13,5m,145.12925273699992,0,0.9333701346723089,98
8.690971742046935,solution,0,5m,162.21128197508335,0,0.913321606999899,100
9.043464771039147,solution,1,5m,155.60366319595437,0,0.9398483322828382,100
7.433609895618383,solution,2,5m,168.56007831037573,0,0.8219402364566676,100
8.94755130333829,solution,3,5m,117.1003842863037,0,0.9325946212864247,100
6.321145234552697,solution,4,5m,28.50438562747845,1,0.746173755560623,100
2.907682485370237,solution,5,5m,73.56969484781081,1,0.560799698693562,100
5.061933870787808,solution,6,5m,48.088460154178364,0,0.6679457398656028,100
1.6353050442867196,solution,7,5m,156.08491278787966,1,0.5199773405428703,100
1.9695751522954121,solution,8,5m,135.32368602724358,1,0.5287393364333156,100
2.9885159953881444,solution,9,5m,92.80355596635293,1,0.5640378904205618,100
2.3092398155121447,solution,10,5m,126.73791855636576,0,0.5391233646758445,100
3.671282963208342,solution,11,5m,101.79636535751166,0,0.5940748027811632,100
9.26686174769967,solution,12,5m,155.60366319595437,0,0.9568435963169349,100
8.616911295695187,no_solution,0,5m,159.8827695531948,0,0.907795068735284,103
9.071374538442804,no_solution,1,5m,151.03807466993214,0,0.9419639954751502,103
9.029852460916155,no_solution,2,5m,129.6630247988994,0,0.9388172686740827,103
8.716061752482853,no_solution,3,5m,100.0624804809475,0,0.9151976362257203,103
5.7491213001640356,no_solution,4,5m,33.354160160315836,0,0.709512227367179,103
1.8972709130912975,no_solution,5,5m,153.5008143300875,0,0.5267189518037876,103
1.831366234498723,no_solution,6,5m,162.98006013006622,0,0.5249369799970348,103
2.1291698643782095,no_solution,7,5m,141.99471821162928,0,0.5334372987627961,103
2.906179430478923,no_solution,8,5m,104.46291207888089,0,0.5607401584177664,103
2.5086427087515437,no_solution,9,5m,128.6953767623375,0,0.5458822659579949,103
9.480047713800124,no_solution,10,5m,134.76831971943554,0,0.9731889807686852,103
8.994224912627878,no_solution,11,5m,148.53450777512947,0,0.9361211552725983,103
11.386114961039102,no_solution,12,5m,164.05029716522918,0,1.1242240537994082,103
9.404616112345686,no_solution,0,5m,169.0044378115557,0,0.9673916050209017,104
9.31648418594569,no_solution,1,5m,169.88967008032006,0,0.9606373450540597,104
10.541527671491961,no_solution,2,5m,148.70272357963051,0,1.0562795017918596,104
10.313416260442962,no_solution,3,5m,129.6630247988994,0,1.038196322088916,104
10.136922057835289,no_solution,4,5m,107.52906583803284,0,1.0242875868812364,104
10.012478572324154,no_solution,5,5m,95.19716382329885,0,1.014525145598024,104
3.260358549648627,no_solution,6,5m,79.45124291035351,0,0.575436076704175,104
3.7909342166624844,no_solution,7,5m,68.6476510887299,0,0.5998024771218078,104
5.899646553612748,no_solution,8,5m,48.088460154178364,0,0.7189898501129927,104
1.9171126873568642,no_solution,9,5m,153.5008143300875,0,0.5272666063606599,104
2.2780861430348605,no_solution,10,5m,141.99471821162928,0,0.5381108956888677,104
7.699754880825215,no_solution,11,5m,88.670739254841,0,0.8408224607964222,104
9.909751430348884,no_solution,12,5m,137.88582233137677,0,1.0064945478852898,104
9.444740419877416,no_solution,13,5m,159.0990257669732,0,0.970473526343649,104
9.277723340982439,no_solution,14,5m,166.77080080157918,0,0.9576734181344327,104
5.755355630723135,solution,0,5m,47.56574397610112,0,0.7099022497403713,105
5.888954291832236,solution,1,5m,32.59601202601324,0,0.7183124914035508,105
1.9558924779398223,solution,2,5m,3.5355339059327378,1,0.5283517894325406,105
5.955756555802117,solution,3,5m,32.59601202601324,1,0.7225546374636612,105
3.076832814831396,solution,4,5m,83.44159634139318,1,0.5676560558990998,105
2.7796475514772645,solution,5,5m,94.14085191881365,1,0.5558171076312496,105
4.026994050772538,solution,6,5m,67.91538853603062,0,0.6114776673369267,105
5.7786867156626505,solution,7,5m,47.56574397610112,0,0.7113637985167274,105
4.832816339740451,solution,8,5m,57.554322166106694,0,0.6547625799453574,105
1.7569310147485846,solution,9,5m,164.8104972384951,1,0.5229934227541115,105
2.0470882988060954,solution,10,5m,143.91837964624256,1,0.5309804115333872,105
2.7284869900242543,solution,11,5m,114.72793905583765,0,0.5538772502554793,105
9.121477253329331,solution,0,5m,166.77080080157918,0,0.9457674664748564,106
9.600450826576441,solution,1,5m,145.47336525976155,0,0.9824736331665836,106
9.486825704353928,solution,2,5m,126.73791855636576,0,0.9737106461764995,106
9.064666057897643,solution,3,5m,109.82941318244399,0,0.9414552671193223,106
9.219627625865758,solution,4,5m,99.05806378079474,0,0.9532386736832027,106
6.409204095385572,solution,5,5m,33.354160160315836,1,0.7519669576311198,106
3.614574527332628,solution,6,5m,74.5821694508815,1,0.591406278143311,106
3.320958026337521,solution,7,5m,84.03868156985806,1,0.5780807001687981,106
3.059186810367436,solution,8,5m,95.19716382329885,0,0.5669265094160859,106
2.1075708859541846,solution,9,5m,154.63667094192115,1,0.5327825044859934,106
2.0636582232698486,solution,10,5m,164.506838763621,0,0.5314694836206224,106
2.581106505318359,solution,11,5m,135.50830232867654,1,0.5484556451960464,106
9.624035778537069,solution,12,5m,121.50102880222866,0,0.9842967451139609,106
8.978140217622691,solution,0,5m,166.77080080157918,0,0.9349051331512235,107
9.272588842325137,solution,1,5m,147.18186029535025,0,0.9572811042487358,107
6.576104761304898,solution,2,5m,33.354160160315836,1,0.7630495727905693,107
3.4500255021649493,solution,3,5m,79.45124291035351,1,0.5838352632415121,107
3.126818466197002,solution,4,5m,88.670739254841,1,0.5697404207532732,107
4.59253210171287,solution,5,5m,63.73774391990981,0,0.6413347823192135,107
6.211950416358607,solution,6,5m,49.11720676097125,0,0.7390434562719245,107
2.1317170846193214,solution,7,5m,153.5008143300875,1,0.5335149086574001,107
2.502727798746059,solution,8,5m,135.50830232867654,1,0.5456749366226719,107
2.023154006070791,solution,9,5m,170.62385530751556,0,0.5302801757039347,107
3.880090923277053,solution,10,5m,106.36023693091323,0,0.6041544744490923,107
6.691484339824404,solution,11,5m,83.44159634139318,0,0.7707873951277048,107
8.656541911302552,solution,12,5m,120.26013470805694,0,0.9107503130698793,107
8.636862548548091,solution,0,5m,167.21991508190644,0,0.9092822303010748,110
8.890160515639515,solution,1,5m,162.21128197508335,0,0.9282669312670644,110
8.909707668561303,solution,2,5m,148.70272357963051,0,0.9297398600235813,110
8.673365586830542,solution,3,5m,107.52906583803284,0,0.9120062933229778,110
8.934680532519774,solution,4,5m,96.50129532809392,0,0.9316232413974506,110
3.8836439384058585,solution,5,5m,45.96194077712559,0,0.6043293712688576,110
5.788437223108366,solution,6,5m,10.606601717798213,1,0.7119755150064836,110
2.852201195522062,solution,7,5m,89.23284148787373,1,0.558618342831245,110
2.443686351946364,solution,8,5m,104.94045930907679,0,0.5436281482367481,110
3.2921016349267975,solution,9,5m,78.50159234053791,1,0.5768167629388914,110
1.6381093884319862,solution,10,5m,159.8827695531948,1,0.5200446315644197,110
1.9516719417049844,solution,11,5m,144.43856825654288,1,0.528232737142171,110
4.585995827519223,solution,12,5m,63.73774391990981,0,0.6409754267644703,110
2.471444312766995,solution,13,5m,134.39680055715613,0,0.544585274039859,110
2.3736961693878715,solution,14,5m,171.50072886142496,0,0.541255771447327,110
8.70847611471056,solution,15,5m,112.97123527695004,0,0.9146302435213616,110
7.921914065286462,solution,16,5m,131.38683343470913,0,0.8567830986430288,110
9.382969804257284,no_solution,0,5m,160.35117710824576,0,0.965730745537497,113
8.783525046362858,no_solution,1,5m,168.56007831037573,0,0.9202513473869309,113
9.455869814091798,no_solution,2,5m,144.2653804625351,0,0.971329123614965,113
9.496120867969879,no_solution,3,5m,115.59628021696892,0,0.9744262411221093,113
3.7738380567113077,no_solution,4,5m,84.335638967165,0,0.5989761047905293,113
3.011742988513911,no_solution,5,5m,106.12492638395562,0,0.5649813968273734,113
2.080874497847917,no_solution,6,5m,159.8827695531948,0,0.5319813419269169,113
1.9822246113547586,no_solution,7,5m,169.0044378115557,0,0.5290997746483116,113
4.960480971384943,no_solution,8,5m,67.91538853603062,0,0.6620639018949349,113
2.5108460312760026,no_solution,9,5m,146.50085323983612,0,0.5459596023679573,113
9.153518176338435,no_solution,0,5m,169.88967008032006,0,0.9482034847105363,116
9.41419317498426,no_solution,1,5m,139.86600730699365,0,0.9681268242464575,116
9.201448260406224,no_solution,2,5m,91.71968163922071,0,0.9518528498544744,116
4.112950731915733,no_solution,3,5m,82.84020762890445,0,0.615848465617705,116
3.2383337993084127,no_solution,4,5m,110.96170510586073,0,0.5744840973510115,116
2.3735298628282053,no_solution,5,5m,164.35479913893602,0,0.54125020461884,116
2.5705403648187564,no_solution,6,5m,153.6635936062931,0,0.5480765863970846,116
3.6732307848953147,no_solution,7,5m,107.76131031126152,0,0.5941669925405341,116
3.225988754861553,no_solution,8,5m,126.73791855636576,0,0.5739526660193834,116
9.704646079101586,no_solution,0,5m,167.21991508190644,0,0.9905386679801871,121
9.361524218067466,no_solution,1,5m,139.86600730699365,0,0.96408652206837,121
5.6195509867809585,no_solution,2,5m,23.717082451262844,0,0.7014565294143122,121
4.161688630461631,no_solution,3,5m,88.38834764831844,0,0.6183542660406387,121
3.44220038846697,no_solution,4,5m,110.96170510586073,0,0.5834817120805854,121
6.284640814198809,no_solution,5,5m,62.94839156007086,0,0.743783417003567,121
2.4879664071472254,no_solution,6,5m,166.62082702951633,0,0.5451593246718326,121
2.7324852859873467,no_solution,7,5m,157.67847031221478,0,0.554027790549923,121
2.931730660328146,no_solution,8,5m,149.0385856078888,0,0.5617556653072007,121
5.169198572663606,no_solution,9,5m,169.0044378115557,0,0.6742391524230972,121
9.708904690665772,no_solution,0,5m,167.21991508190644,0,0.9908688868977011,122
9.688988186498321,no_solution,1,5m,133.08831654206165,0,0.9893249282607478,122
9.762697520877763,no_solution,2,5m,110.96170510586073,0,0.9950440109641931,122
4.112888673555309,no_solution,3,5m,94.14085191881365,0,0.6158452875787936,122
5.970959559100444,no_solution,4,5m,67.91538853603062,0,0.7235234473205645,122
5.204330503521461,no_solution,5,5m,78.50159234053791,0,0.6763167589574176,122
2.589114902445556,no_solution,6,5m,166.62082702951633,0,0.5487438114591906,122
3.064556189878467,no_solution,7,5m,149.0385856078888,0,0.5671481497029218,122
9.231925392618884,solution,0,5m,169.88967008032006,0,0.9541766547865373,123
9.387057277789122,solution,1,5m,133.08831654206165,0,0.9660442699293601,123
5.979679671017696,solution,2,5m,19.03943276465977,1,0.7240796959861843,123
2.7818006379543307,solution,3,5m,101.30399794677405,1,0.5558993914778696,123
2.9447628893550495,solution,4,5m,102.77402395547233,1,0.5622763521595302,123
1.845385484473209,solution,5,5m,168.85644790768282,0,0.5253112526769597,123
4.004749737273595,solution,6,5m,83.44159634139318,0,0.6103567888780727,123
2.3330983128468015,solution,7,5m,151.8634254848744,1,0.5399067793488104,123
2.208269597886458,solution,8,5m,162.21128197508335,1,0.5358853727586621,123
2.1169443372253074,solution,9,5m,171.50072886142496,0,0.5330659456256741,123
2.2693857593658255,solution,10,5m,160.19519343600794,0,0.537830270379168,123
2.76373390258169,solution,11,5m,134.39680055715613,0,0.5552105527677682,123
5.126740255843115,solution,12,5m,72.54309064273454,0,0.6717389962828175,123
3.4090651982567572,solution,13,5m,123.3389638354401,0,0.5819912388831169,123
2.931970916291122,solution,14,5m,148.70272357963051,0,0.5617652477572451,123
5.538898356505562,solution,15,5m,103.9831717154271,0,0.6964914448639609,123
5.911596288133232,solution,16,5m,168.85644790768282,0,0.7197476088767597,123
10.233520972152945,solution,17,5m,162.21128197508335,0,1.0318910705051927,123
9.276004622785347,no_solution,0,5m,167.51865567750954,0,0.957542087292044,128
8.723985053847734,no_solution,1,5m,170.0367607313195,0,0.9157904700370442,128
9.361476472843153,no_solution,2,5m,131.19641763401927,0,0.964082862838344,128
9.727993755051616,no_solution,3,5m,77.54031209635411,0,0.9923496454087386,128
0.8520200976072073,no_solution,4,5m,28.50438562747845,0,0.5054989129495101,128
4.117155876498679,no_solution,5,5m,103.25938214031692,0,0.6160638881424477,128
4.670655409833912,no_solution,6,5m,92.80355596635293,0,0.6456544428490228,128
3.629570995863048,no_solution,7,5m,120.6751838614717,0,0.5921090476107576,128
2.8817549654726657,no_solution,8,5m,162.98006013006622,0,0.5597761002328131,128
2.9083385103515744,no_solution,9,5m,171.06285394556002,0,0.5608256934420053,128
6.626607496503003,no_solution,10,5m,160.19519343600794,0,0.7664289376679103,128
7.287410279921841,no_solution,11,5m,149.0385856078888,0,0.8116834038523132,128
9.739181996089878,no_solution,12,5m,136.61076092314252,0,0.993217957352319,128
11.214733181511072,no_solution,13,5m,128.50097275896397,0,1.1103154044880295,128
9.366866456108475,no_solution,14,5m,154.63667094192115,0,0.9644959938367166,128
9.234204194438178,solution,0,5m,160.50700919274522,0,0.9543505102019286,132
4.244369928087343,solution,1,5m,21.50581316760657,0,0.6226500316119622,132
7.213509561766027,solution,2,5m,28.50438562747845,1,0.8065310792458582,132
7.305154583502624,solution,3,5m,57.98706752371601,1,0.8129237855638959,132
4.516698473595409,solution,4,5m,103.25938214031692,1,0.6371852955746815,132
3.217902343623112,solution,5,5m,164.8104972384951,1,0.573605404818735,132
6.350635237653016,solution,6,5m,164.8104972384951,0,0.7481096032499582,132
11.337850052681693,solution,7,5m,116.88669727560959,0,1.1203010101729498,132
10.101537489103961,solution,8,5m,132.52358280698573,0,1.0215079350774763,132
9.411612114456211,solution,9,5m,158.78444508200417,0,0.967928655402257,132
9.398010285222746,no_solution,0,5m,167.51865567750954,0,0.966884626214933,134
9.481610608294067,no_solution,1,5m,158.78444508200417,0,0.9733092576186765,134
9.64220210533152,no_solution,2,5m,124.34830115445888,0,0.9857019735974819,134
6.790881360620271,no_solution,3,5m,62.94839156007086,0,0.7775019743890732,134
4.380241182855617,no_solution,4,5m,108.22430410956682,0,0.6298292260507123,134
3.716702696652153,no_solution,5,5m,130.43197460745583,0,0.5962336144532828,134
5.289204001558653,no_solution,6,5m,92.80355596635293,0,0.6813686398617583,134
3.1353383324323656,no_solution,7,5m,167.66782637107215,0,0.5700983014576305,134
8.249875708770258,no_solution,8,5m,155.92466129512675,0,0.8806582284855149,134
11.019592272237924,no_solution,9,5m,123.74368670764582,0,1.094552409687344,134
11.248031382029241,no_solution,10,5m,128.11127975318956,0,1.1130130462085777,134
9.883034439956763,no_solution,11,5m,160.50700919274522,0,1.0044102080082857,134
9.649194605724777,no_solution,0,5m,159.8827695531948,0,0.986243093390931,138
9.347098924892284,no_solution,1,5m,122.72937708633577,0,0.9629812351368593,138
9.193094978263915,no_solution,2,5m,97.5320460156558,0,0.9512163794274626,138
9.85778022459905,no_solution,3,5m,67.91538853603062,0,1.0024416073988112,138
6.785258312655718,no_solution,4,5m,68.6476510887299,0,0.777120937947621,138
4.0824555347488545,no_solution,5,5m,127.72039774444801,0,0.6142906821854013,138
3.797228051345734,no_solution,6,5m,152.19231255224423,0,0.6001073643838316,138
3.504755753355194,no_solution,7,5m,166.32047378479896,0,0.5863246649490466,138
11.769276380540406,no_solution,8,5m,136.61076092314252,0,1.155533109960016,138
11.601034910537802,no_solution,9,5m,141.81854603682834,0,1.1417499154360062,138
9.593581363134973,solution,0,5m,165.7181341917655,0,0.9819428947201774,139
9.894143690501558,solution,1,5m,153.5008143300875,0,1.0052766883231248,139
10.02719392958745,solution,2,5m,118.58541225631423,0,1.0156776062322908,139
10.405104012861925,solution,3,5m,59.26634795564849,0,1.0454504446870365,139
7.694775886281395,solution,4,5m,35.531676008879735,1,0.8404667918140347,139
7.174698822163369,solution,5,5m,64.5174395028197,1,0.8038340555687337,139
4.705286421416683,solution,6,5m,111.63556780883053,1,0.6475836449610618,139
4.681442910648969,solution,7,5m,115.16292806281021,0,0.6462544471509092,139
6.181945544935963,solution,8,5m,89.51256894984078,0,0.7370947078215283,139
5.682197788403107,solution,9,5m,97.78803607803972,1,0.7053393832974618,139
6.970139396235719,solution,10,5m,79.76528066771908,0,0.7897218627377942,139
4.3741674070119245,solution,11,5m,128.6953767623375,0,0.6295051682183364,139
4.3880807814886955,solution,12,5m,129.6630247988994,0,0.6302479250959468,139
4.087468298026682,solution,13,5m,141.99471821162928,0,0.6145462121789804,139
4.812666897748,solution,14,5m,122.11674741819813,0,0.6536206096108659,139
3.9242675472406874,solution,15,5m,162.21128197508335,0,0.6063369583292523,139
3.9486428607964528,solution,16,5m,161.28391116289313,1,0.6075484997237309,139
4.89955749609211,solution,17,5m,145.47336525976155,0,0.6585654953991059,139
7.471538416955759,solution,18,5m,138.6091627562911,0,0.8246147712082889,139
11.290462495984006,solution,19,5m,124.54918707081151,0,1.1164538878648709,139
9.906348431624354,solution,20,5m,142.52192813739225,0,1.0062289634815804,139
8.91921338433151,no_solution,0,5m,169.74245196767956,0,0.9304565409883468,140
9.241809563333856,no_solution,1,5m,152.19231255224423,0,0.9549308455463201,140
9.191765260653723,no_solution,2,5m,118.58541225631423,0,0.9511150806129032,140
4.336734930213183,no_solution,3,5m,111.63556780883053,0,0.6275144299898597,140
3.6889801422798834,no_solution,4,5m,133.08831654206165,0,0.594913693200256,140
5.443120542285354,no_solution,5,5m,93.60822613424527,0,0.6906455594702818,140
4.207643038933713,no_solution,6,5m,121.50102880222866,0,0.6207349520077858,140
6.39409938308258,no_solution,7,5m,81.62413858657254,0,0.750970557778723,140
3.513426415369859,no_solution,8,5m,155.44291556709814,0,0.586721701047595,140
3.4175416369366216,no_solution,9,5m,164.8104972384951,0,0.5823714993499747,140
6.818320399282936,no_solution,10,5m,131.57697366940766,0,0.7793633493323201,140
6.48605288249164,no_solution,11,5m,145.64511663629509,0,0.7570534329005345,140
8.765059303271748,no_solution,12,5m,144.43856825654288,0,0.9188667201965944,140
10.447330194853546,no_solution,13,5m,123.74368670764582,0,1.0487977670003275,140
9.088375884265782,no_solution,14,5m,145.47336525976155,0,0.943253836719713,140
9.831410517973774,no_solution,15,5m,135.32368602724358,0,1.0003877398081198,140
8.968776772603919,no_solution,16,5m,157.0429877453941,0,0.9341975866832957,140
9.704047747708389,no_solution,17,5m,148.53450777512947,0,0.9904922761832875,140
11.223079628072535,no_solution,18,5m,134.39680055715613,0,1.1109913743936124,140
11.395875576435758,no_solution,19,5m,134.39680055715613,0,1.1250179847299628,140
10.867314360989042,no_solution,20,5m,145.47336525976155,0,1.0823075494468761,140
9.930234646759263,no_solution,21,5m,167.66782637107215,0,1.0080937456849792,140
9.313115893615148,no_solution,0,5m,166.32047378479896,0,0.9603796202313671,146
9.53198787165765,no_solution,1,5m,153.5008143300875,0,0.9771896107720311,146
9.530893436629484,no_solution,2,5m,113.19231422671771,0,0.9771052403956105,146
9.70181961093811,no_solution,3,5m,92.80355596635293,0,0.9903195249505354,146
9.126129087130087,no_solution,4,5m,74.91662031885849,0,0.9461209600729825,146
9.761113870206955,no_solution,5,5m,61.74544517614235,0,0.9949209918307343,146
7.244132641550231,no_solution,6,5m,49.11720676097125,0,0.808663440584394,146
5.239698765786268,no_solution,7,5m,113.19231422671771,0,0.6784163769653152,146
4.86118699320513,no_solution,8,5m,123.1361035602475,0,0.6563753349439,146
4.8318820227347175,no_solution,9,5m,124.54918707081151,0,0.6547095641301073,146
6.656926396267604,no_solution,10,5m,92.80355596635293,0,0.7684633751648328,146
4.352314255241956,no_solution,11,5m,146.15915982243467,0,0.6283416264566499,146
3.999966785558458,no_solution,12,5m,172.37314175938198,0,0.6101163323326154,146
9.691857764769853,no_solution,0,5m,166.77080080157918,0,0.9895473203120945,147
9.30905742778016,no_solution,1,5m,169.74245196767956,0,0.9600691275560407,147
9.499749208841918,no_solution,2,5m,114.50982490598787,0,0.9747056331301122,147
4.439411029231783,no_solution,3,5m,139.32874793092773,0,0.6330012443942444,147
5.309358085230308,no_solution,4,5m,117.73911839316617,0,0.6825749795888041,147
7.259001094512035,no_solution,5,5m,87.82084035125148,0,0.8097001313787223,147
4.272830317618843,no_solution,6,5m,170.77031357938066,0,0.6241415919500477,147
9.778640100027328,no_solution,7,5m,144.43856825654288,0,0.9962827932011866,147
8.86897889198631,no_solution,8,5m,160.19519343600794,0,0.9266720959865659,147
9.312733317626332,no_solution,0,5m,166.77080080157918,0,0.9603503493770931,149
9.060100257389946,no_solution,1,5m,166.17009357883867,0,0.9411090985547907,149
9.293914908845545,no_solution,2,5m,146.50085323983612,0,0.9589110437663365,149
9.337580126010629,no_solution,3,5m,111.63556780883053,0,0.9622521973054907,149
7.718721793077634,no_solution,4,5m,49.11720676097125,0,0.8421781711625086,149
7.6934044462884685,no_solution,5,5m,72.54309064273454,0,0.8403688404530131,149
4.694463512112195,no_solution,6,5m,129.4700737622405,0,0.6469797897348818,149
4.1199713242443075,no_solution,7,5m,169.30002953337012,0,0.6162082014125488,149
6.655299218822457,no_solution,8,5m,128.6953767623375,0,0.7683540821834266,149
6.799464574281807,no_solution,9,5m,154.15090009467994,0,0.7780838726404694,149
9.853513991682401,no_solution,10,5m,137.52272539475067,0,1.0021092046155171,149
9.530273674254925,no_solution,11,5m,142.52192813739225,0,0.9770574640849436,149
10.427400949583959,no_solution,12,5m,157.9952530932496,0,1.0472174438825679,149
9.389074450683657,no_solution,0,5m,166.77080080157918,0,0.966199011027747,150
9.132355537985038,no_solution,1,5m,166.17009357883867,0,0.9465942036094743,150
9.43538886956617,no_solution,2,5m,146.50085323983612,0,0.9697548582149498,150
9.117302841536512,no_solution,3,5m,114.50982490598787,0,0.9454503037201164,150
9.219214626999149,no_solution,4,5m,88.38834764831844,0,0.9532071804440794,150
8.849316123446851,no_solution,5,5m,70.44501401802685,0,0.9251927929894027,150
9.526542438747214,no_solution,6,5m,57.118298293979315,0,0.9767698513746553,150
8.09912928389198,no_solution,7,5m,49.11720676097125,0,0.8696389416558521,150
8.02192668766543,no_solution,8,5m,78.50159234053791,0,0.8640251305279056,150
5.704947260148868,no_solution,9,5m,112.74972283779681,0,0.7067549998572541,150
6.329642639923765,no_solution,10,5m,103.25938214031692,0,0.7467311207954012,150
9.695628880830641,no_solution,11,5m,142.52192813739225,0,0.9898396133014925,150
8.953075290727762,no_solution,12,5m,156.56468311851177,0,0.9330116727887048,150
12.277987588516023,no_solution,13,5m,128.11127975318956,0,1.1975397014580715,150
9.271011307044889,no_solution,0,5m,166.77080080157918,0,0.9571605832332397,151
9.085801789857905,no_solution,1,5m,166.17009357883867,0,0.9430584956430763,151
9.228482369763796,no_solution,2,5m,142.52192813739225,0,0.9539140050827165,151
8.944619296654025,no_solution,3,5m,110.51018052650171,0,0.9323732955440787,151
9.26559053423988,no_solution,4,5m,95.19716382329885,0,0.956746497073516,151
8.719694227985844,no_solution,5,5m,84.03868156985806,0,0.9154694003496541,151
9.232518758301156,no_solution,6,5m,57.118298293979315,0,0.9542219227482651,151
8.223267750863384,no_solution,7,5m,49.11720676097125,0,0.8787077606083095,151
7.454931132978861,no_solution,8,5m,77.54031209635411,0,0.8234430245589721,151
5.132833575523272,no_solution,9,5m,122.72937708633577,0,0.6720970764478168,151
4.9285209465062945,no_solution,10,5m,128.6953767623375,0,0.6602254757549626,151
4.400123420951253,no_solution,11,5m,169.30002953337012,0,0.6308920391215784,151
7.553586464724188,no_solution,12,5m,150.0416608812366,0,0.830419224067998,151
9.503995520747596,no_solution,13,5m,142.52192813739225,0,0.9750326544150486,151
10.139235303320364,no_solution,14,5m,135.32368602724358,0,1.024469408811011,151
11.33671111846856,no_solution,15,5m,140.2230366238016,0,1.120208493015999,151
12.511892979180889,no_solution,16,5m,126.73791855636576,0,1.2170161642036308,151
11.89628338373923,no_solution,17,5m,142.3464084548676,0,1.1659746031388933,151
9.155904596691448,no_solution,0,5m,169.74245196767956,0,0.9483850346265342,156
8.897181935460681,no_solution,1,5m,110.51018052650171,0,0.9287958857555836,156
9.33356958521257,no_solution,2,5m,104.70195795685962,0,0.9619451059755585,156
8.99805305966929,no_solution,3,5m,54.886246000250374,0,0.9364106767013476,156
8.622628968274878,no_solution,4,5m,53.96758286230726,0,0.9082211384596616,156
6.047630442755551,no_solution,5,5m,117.73911839316617,0,0.7284281144528282,156
5.325927056520818,no_solution,6,5m,134.39680055715613,0,0.683568641990139,156
4.97128962103356,no_solution,7,5m,145.12925273699992,0,0.662687226673779,156
7.4638962577589885,no_solution,8,5m,97.5320460156558,0,0.8240754379464696,156
13.727206477376678,no_solution,9,5m,92.53377761660873,0,1.3197648975878151,156
9.611038453221704,no_solution,10,5m,143.91837964624256,0,0.983291877316808,156
10.430807955181974,no_solution,11,5m,139.86600730699365,0,1.0474875440009501,156
11.79423124124831,no_solution,12,5m,124.54918707081151,0,1.1575822396589515,156
11.057713683826341,no_solution,13,5m,133.08831654206165,0,1.0976255009436124,156
12.281115759896478,no_solution,14,5m,144.2653804625351,0,1.1977995110584365,156
11.294352206427613,no_solution,15,5m,159.7263284496329,0,1.1167694983730638,156
9.180846515116444,no_solution,0,5m,162.98006013006622,0,0.9502834676554858,157
9.175161986231679,no_solution,1,5m,162.6729848499744,0,0.9498506429079471,157
9.101903460698995,no_solution,2,5m,107.52906583803284,0,0.944280713810439,157
9.012584415017358,no_solution,3,5m,66.04922406811453,0,0.937510058580518,157
9.18690534989554,no_solution,4,5m,52.55949010407159,0,0.9507448907503374,157
13.409362001998042,no_solution,5,5m,31.81980515339464,0,1.292648013242981,157
7.868534693371695,no_solution,6,5m,58.8430114796991,0,0.8529321050372441,157
7.808372972915793,no_solution,7,5m,82.53787009609589,0,0.8486038830121087,157
5.642881255484715,no_solution,8,5m,123.1361035602475,0,0.7028998831188995,157
5.218645008746853,no_solution,9,5m,133.65066404623659,0,0.6771655645477399,157
5.268843792280266,no_solution,10,5m,132.71209439986998,0,0.6801525670529399,157
4.603407463053817,no_solution,11,5m,154.95967217311735,0,0.6419334015825605,157
6.648240620673812,no_solution,12,5m,108.22430410956682,0,0.7678801164178511,157
7.421989359980091,no_solution,13,5m,97.78803607803972,0,0.8211219240933261,157
6.958902644433977,no_solution,14,5m,158.4692399174048,0,0.7889517691724435,157
13.715275190406905,no_solution,15,5m,91.99184746487049,0,1.318743931655357,157
9.18883577255215,no_solution,16,5m,148.70272357963051,0,0.9508919273901276,157
10.46168022975714,no_solution,17,5m,139.86600730699365,0,1.0499362368971938,157
12.371593409213055,no_solution,18,5m,141.99471821162928,0,1.205321911417489,157
9.156015039386524,no_solution,0,5m,169.74245196767956,0,0.9483934370758308,158
9.20149837528753,no_solution,1,5m,103.50120772242225,0,0.9518566688910046,158
9.430626142294294,no_solution,2,5m,48.088460154178364,0,0.9693889309219492,158
13.500937650236514,no_solution,3,5m,31.81980515339464,0,1.3004434014900514,158
7.966038511077036,no_solution,4,5m,82.53787009609589,0,0.8599739320604463,158
5.853081893413295,no_solution,5,5m,122.72937708633577,0,0.7160445432899769,158
5.4150060920521765,no_solution,6,5m,133.08831654206165,0,0.6889401122878078,158
4.8772102970376165,no_solution,7,5m,149.20623311376772,0,0.6572886857960015,158
13.985553514710347,no_solution,8,5m,91.99184746487049,0,1.3419294564856403,158
13.049288050476502,no_solution,9,5m,99.05806378079474,0,1.2621351030998802,158
9.461076135482491,no_solution,0,5m,166.17009357883867,0,0.9717294836681029,159
8.403316058836833,no_solution,1,5m,170.62385530751556,0,0.8919509114271469,159
9.220884190107077,no_solution,2,5m,103.50120772242225,0,0.953334495903303,159
9.064700074442163,no_solution,3,5m,75.58108228915486,0,0.9414578463968174,159
9.678133115456934,no_solution,4,5m,48.088460154178364,0,0.9884838508646336,159
8.390377070810477,no_solution,5,5m,58.8430114796991,0,0.890995723039253,159
5.666540228614628,no_solution,6,5m,128.11127975318956,0,0.7043667982755935,159
5.452440445132055,no_solution,7,5m,134.39680055715613,0,0.6912119763134728,159
7.8957275611386,no_solution,8,5m,154.95967217311735,0,0.8548926518062817,159
9.723019084442871,no_solution,9,5m,134.39680055715613,0,0.9919636661630123,159
13.376850526199311,no_solution,10,5m,99.05806378079474,0,1.2898838790949612,159
12.690373891332127,no_solution,11,5m,128.50097275896397,0,1.231944331864889,159
11.624974689031365,no_solution,12,5m,161.28391116289313,0,1.143707795089845,159
9.211025515558823,no_solution,0,5m,159.25608308632985,0,0.9525828163602834,161
8.61369688634532,no_solution,1,5m,162.98006013006622,0,0.9075555811496541,161
8.062457646425445,no_solution,2,5m,167.51865567750954,0,0.8669698248219411,161
8.899958034194066,no_solution,3,5m,103.50120772242225,0,0.9290050610301064,161
8.488848668931217,no_solution,4,5m,78.50159234053791,0,0.898278481683694,161
9.124534784065013,no_solution,5,5m,48.088460154178364,0,0.9459998019202506,161
7.543624150976374,no_solution,6,5m,43.15669125408017,0,0.8297130818826827,161
7.735127072521031,no_solution,7,5m,87.82084035125148,0,0.8433518394521429,161
5.591256164862307,no_solution,8,5m,128.11127975318956,0,0.6997103018129704,161
4.84094408828402,no_solution,9,5m,151.03807466993214,0,0.6552240309880997,161
12.713390685461494,no_solution,10,5m,103.50120772242225,0,1.233873611535086,161
11.802089616753092,no_solution,11,5m,113.19231422671771,0,1.158227767658991,161
12.236065936502886,no_solution,12,5m,151.03807466993214,0,1.194059653823739,161
9.33082512126406,no_solution,0,5m,162.6729848499744,0,0.9617349844642556,162
9.190389952597256,no_solution,1,5m,134.76831971943554,0,0.9510103138211686,162
9.013833719608913,no_solution,2,5m,99.56153875869938,0,0.9376046038552839,162
8.496584525708684,no_solution,3,5m,75.58108228915486,0,0.8988519035102048,162
8.63228914137647,no_solution,4,5m,48.088460154178364,0,0.9089412223621998,162
0.4056764456534532,no_solution,5,5m,168.56007831037573,0,0.501251772901162,162
7.57975958814017,no_solution,6,5m,87.53570700005798,0,0.832276191361337,162
5.317642693148402,no_solution,7,5m,133.08831654206165,0,0.6830716028763734,162
4.800561847588044,no_solution,8,5m,150.0416608812366,0,0.6529359370117023,162
12.753685466500077,no_solution,9,5m,102.77402395547233,0,1.2372534099514645,162
11.454452613825303,no_solution,10,5m,117.52659273543158,0,1.1297866920374144,162
10.49661330456033,no_solution,11,5m,128.6953767623375,0,1.0527096290226723,162
9.299992279218221,no_solution,0,5m,162.98006013006622,0,0.959375759958108,164
8.692695609933745,no_solution,1,5m,167.51865567750954,0,0.9134504433371213,164
8.904843648230537,no_solution,2,5m,100.0624804809475,0,0.9293732397724984,164
9.003275278204196,no_solution,3,5m,45.96194077712559,0,0.9368056987216997,164
0.991465387629364,no_solution,4,5m,167.51865567750954,0,0.5074322568374361,164
9.197119057328988,no_solution,5,5m,25.739075352467502,0,0.9515229663005692,164
8.408924932140486,no_solution,6,5m,63.73774391990981,0,0.8923651380507076,164
8.021513788531438,no_solution,7,5m,89.51256894984078,0,0.8639951610735915,164
5.660721065417872,no_solution,8,5m,133.83758814324173,0,0.7040056954469429,164
5.326908867976617,no_solution,9,5m,143.57054015361228,0,0.6836275764805934,164
6.506286115293969,no_solution,10,5m,118.58541225631423,0,0.7583973327937157,164
7.057317700585185,no_solution,11,5m,169.74245196767956,0,0.7957147296443147,164
8.051504317269016,no_solution,12,5m,159.7263284496329,0,0.8661734804210305,164
12.781193975852121,no_solution,13,5m,104.94045930907679,0,1.2395623912737141,164
11.849871331244467,no_solution,14,5m,115.59628021696892,0,1.1621553743666508,164
11.096730883067082,no_solution,15,5m,128.6953767623375,0,1.1007739676289818,164
9.33258853704091,no_solution,0,5m,162.5192296314501,0,0.9618699926827262,165
9.239754832164271,no_solution,1,5m,133.65066404623659,0,0.9547740415950497,165
9.096842602654199,no_solution,2,5m,99.05806378079474,0,0.9438964844144526,165
8.807503149596961,no_solution,3,5m,44.30011286667337,0,0.922050819542436,165
8.224170542730263,no_solution,4,5m,88.670739254841,0,0.8787739006458152,165
5.699071686194492,no_solution,5,5m,138.6091627562911,0,0.7063891002298647,165
5.262905768949605,no_solution,6,5m,150.54069217324596,0,0.6797983962551267,165
5.986113410277972,no_solution,7,5m,132.52358280698573,0,0.7244903601354593,165
6.816579511031394,no_solution,8,5m,117.52659273543158,0,0.7792451540415929,165
7.597163312713452,no_solution,9,5m,160.35117710824576,0,0.833512398049728,165
11.869354758344548,no_solution,10,5m,117.1003842863037,0,1.1637581538661466,165
10.946195179185338,no_solution,11,5m,128.6953767623375,0,1.0886442858605148,165
9.907052552739339,no_solution,12,5m,155.60366319595437,0,1.0062839137323463,165
12.063362189686764,no_solution,13,5m,147.5211849193193,0,1.179757476824939,165
9.259492606292753,no_solution,0,5m,162.98006013006622,0,0.9562807796124057,168
9.437107802293578,no_solution,1,5m,158.31140198987563,0,0.9698869410934702,168
9.430092638078312,no_solution,2,5m,136.42763649642254,0,0.9693479447600326,168
9.350271111002417,no_solution,3,5m,129.4700737622405,0,0.9632242446965544,168
8.909972892848476,no_solution,4,5m,99.05806378079474,0,0.9297598529888861,168
8.781534772837322,no_solution,5,5m,67.91538853603062,0,0.9201020609072551,168
9.030799435788504,no_solution,6,5m,42.573465914816005,0,0.9388889802201529,168
8.14733837726973,no_solution,7,5m,92.80355596635293,0,0.8731547036069258,168
6.015515558811807,no_solution,8,5m,135.50830232867654,0,0.7263699067051713,168
5.744666779697632,no_solution,9,5m,142.52192813739225,0,0.7092336853689568,168
5.391469969399613,no_solution,10,5m,153.5008143300875,0,0.6875161137507019,168
7.4912740103753155,no_solution,11,5m,167.66782637107215,0,0.8260086149261516,168
12.277746074031853,no_solution,12,5m,123.1361035602475,0,1.1975196432761044,168
11.672880527334007,no_solution,13,5m,132.52358280698573,0,1.1476290911991662,168
9.005249063643111,no_solution,0,5m,163.59248148982886,0,0.9369550211776302,169
9.385246270921366,no_solution,1,5m,155.60366319595437,0,0.9659053534719476,169
9.423963325314347,no_solution,2,5m,127.72039774444801,0,0.9688771179270342,169
9.296267598631191,no_solution,3,5m,89.51256894984078,0,0.95909093420539,169
8.390064549500751,no_solution,4,5m,71.50174823037545,0,0.8909726585363056,169
9.063517936750323,no_solution,5,5m,39.528470752104745,0,0.9413682136592234,169
8.215011250959781,no_solution,6,5m,92.53377761660873,0,0.8781030002732614,169
6.158951091234859,no_solution,7,5m,132.71209439986998,0,0.7356043831414258,169
5.741755629942433,no_solution,8,5m,143.57054015361228,0,0.7090517113558393,169
5.360562625354347,no_solution,9,5m,154.15090009467994,0,0.6856513243737803,169
5.127133371368424,no_solution,10,5m,170.62385530751556,0,0.6717620907653697,169
11.762275331717458,no_solution,11,5m,124.34830115445888,0,1.1549584466135934,169
12.231751801173331,no_solution,12,5m,125.54879529489719,0,1.193701708640497,169
8.97387167183676,no_solution,0,5m,159.25608308632985,0,0.9345825503441535,172
8.343813625467906,no_solution,1,5m,167.51865567750954,0,0.8875627218459683,172
6.617112762035974,no_solution,2,5m,171.50072886142496,0,0.7657926996922931,172
8.77503076123809,no_solution,3,5m,92.53377761660873,0,0.9196142898355695,172
8.793443471710026,no_solution,4,5m,36.9120576505835,0,0.920995483906459,172
1.442745229145924,no_solution,5,5m,168.85644790768282,0,0.5156145237508489,172
5.737946946962013,no_solution,6,5m,142.69723192830335,0,0.7088137056904402,172
5.519052340705601,no_solution,7,5m,148.53450777512947,0,0.6952756014774052,172
6.571389150757729,no_solution,8,5m,127.52450744856849,0,0.7627346358452761,172
5.165316847995181,no_solution,9,5m,170.62385530751556,0,0.6740100887632038,172
8.53262192747385,no_solution,10,5m,167.96577032240825,0,0.9015256443088313,172
11.32311644003463,no_solution,11,5m,128.6953767623375,0,1.1191043828060907,172
11.031757540045042,no_solution,12,5m,135.32368602724358,0,1.0955327588556178,172
10.256359798219668,no_solution,13,5m,151.03807466993214,0,1.0336919665125295,172
9.228560781019132,no_solution,0,5m,152.52049042669643,0,0.9539199862940445,175
8.298646472359163,no_solution,1,5m,168.41169793099291,0,0.8842393323880205,175
8.486478977284158,no_solution,2,5m,92.80355596635293,0,0.8981028653259807,175
3.469706122859772,no_solution,3,5m,165.7181341917655,0,0.5847270968781818,175
2.9696009014746223,no_solution,4,5m,169.0044378115557,0,0.5632738180810205,175
2.3195542145493944,no_solution,5,5m,162.21128197508335,0,0.5394611940803797,175
1.1880862727929529,no_solution,6,5m,167.96577032240825,0,0.5106394446756288,175
9.502007992048199,no_solution,7,5m,36.9120576505835,0,0.9748795829516499,175
9.155961048557826,no_solution,8,5m,71.50174823037545,0,0.9483893294644785,175
8.73050473170268,no_solution,9,5m,95.45941546018392,0,0.9162784236929501,175
5.908716890026246,no_solution,10,5m,150.54069217324596,0,0.719564948760421,175
6.6350998661094085,no_solution,11,5m,134.76831971943554,0,0.766998360163649,175
5.879152072554374,no_solution,12,5m,152.6843148460247,0,0.7176920670841037,175
7.810530758336212,no_solution,13,5m,116.88669727560959,0,0.8487588978905184,175
7.0654537064037575,no_solution,14,5m,159.8827695531948,0,0.7962756555812417,175
7.267555673712925,no_solution,15,5m,169.0044378115557,0,0.8102969947810396,175
9.31522488391303,no_solution,16,5m,136.61076092314252,0,0.9605409859930685,175
12.087040749282735,no_solution,17,5m,123.3389638354401,0,1.181715073699112,175
11.095290022584955,no_solution,18,5m,137.88582233137677,0,1.1006576416335885,175
7.990541126326531,no_solution,0,5m,170.62385530751556,0,0.8617487418340172,177
8.83315952441735,no_solution,1,5m,153.01143748099355,0,0.9239781199725189,177
9.113712057217942,no_solution,2,5m,147.5211849193193,0,0.9451775226931343,177
8.685792185186568,no_solution,3,5m,117.73911839316617,0,0.9129345575223514,177
8.867378214072756,no_solution,4,5m,82.84020762890445,0,0.9265516287807773,177
2.687007041443146,no_solution,5,5m,157.51984002023363,0,0.5523261855275182,177
2.388368667561088,no_solution,6,5m,135.50830232867654,0,0.541748224006708,177
7.966444215005208,no_solution,7,5m,33.354160160315836,0,0.8600033016975686,177
3.8888135301133855,no_solution,8,5m,64.90377492873584,0,0.6045840427993125,177
9.425607903981136,no_solution,9,5m,63.73774391990981,0,0.969003437435257,177
8.477354215618295,no_solution,10,5m,72.88689868556625,0,0.897426799321095,177
5.423232377229122,no_solution,11,5m,152.19231255224423,0,0.689438626134476,177
5.05798833472179,no_solution,12,5m,163.59248148982886,0,0.6677156994155334,177
8.546838910892495,no_solution,13,5m,96.50129532809392,0,0.902581562907431,177
8.4266221896741,no_solution,14,5m,99.05806378079474,0,0.8936727713061418,177
6.278493347092272,no_solution,15,5m,134.39680055715613,0,0.743381528783105,177
7.354575628910368,no_solution,16,5m,120.26013470805694,0,0.8163850508327141,177
5.588433219003212,no_solution,17,5m,162.6729848499744,0,0.6995363399722204,177
6.3254788258035575,no_solution,18,5m,159.7263284496329,0,0.7464579616134301,177
10.23574202627242,no_solution,19,5m,142.52192813739225,0,1.0320661523179357,177
11.084723804996072,no_solution,20,5m,131.57697366940766,0,1.0998047245915399,177
9.847502333337403,no_solution,21,5m,158.31140198987563,0,1.0016408839446564,177
9.539572575096388,no_solution,22,5m,166.32047378479896,0,0.9777744040333757,177
10.489709097227166,no_solution,23,5m,152.02795795510772,0,1.052161274013442,177
10.869817767968868,no_solution,24,5m,150.0416608812366,0,1.0825084507029676,177
12.337692465789676,no_solution,25,5m,143.57054015361228,0,1.2025015907933079,177
11.87010372538227,no_solution,26,5m,163.1333810107545,0,1.1638197812542599,177
12.417771842009957,no_solution,27,5m,155.92466129512675,0,1.2091670183504823,177
8.82555116825535,no_solution,0,5m,164.05029716522918,0,0.9234063799687838,180
9.21908911215367,no_solution,1,5m,152.6843148460247,0,0.9531976093991871,180
8.83317683817048,no_solution,2,5m,87.82084035125148,0,0.9239794212315526,180
3.286343608680567,no_solution,3,5m,161.59362611192313,0,0.5765655581635233,180
2.4621446055047707,no_solution,4,5m,140.75688260259247,0,0.5442635873402633,180
2.087448536505653,no_solution,5,5m,153.1747368204039,0,0.5321777901814533,180
7.838568679367468,no_solution,6,5m,33.354160160315836,0,0.8507746477159497,180
1.5980149774250185,no_solution,7,5m,162.98006013006622,0,0.5190927283798714,180
0.8902933463482801,no_solution,8,5m,167.96577032240825,0,0.5060011218366609,180
8.610302306847904,no_solution,9,5m,102.77402395547233,0,0.9073027044134523,180
6.418119252407332,no_solution,10,5m,145.12925273699992,0,0.752555575838674,180
5.674592846201456,no_solution,11,5m,166.77080080157918,0,0.7048668183197782,180
5.965678898889196,no_solution,12,5m,159.25608308632985,0,0.7231867968684312,180
7.299790072490856,no_solution,13,5m,131.00572506573903,0,0.8125486574605448,180
7.740384630754383,no_solution,14,5m,123.74368670764582,0,0.8437281832197797,180
11.426368914016644,no_solution,15,5m,139.14920050075747,0,1.127499559503238,180
10.881835275747626,no_solution,16,5m,154.95967217311735,0,1.0834730570144029,180
8.1839315732017,no_solution,0,5m,169.74245196767956,0,0.8758285401708066,181
8.32478386599256,no_solution,1,5m,163.43959128681152,0,0.8861617125254926,181
8.509473997991153,no_solution,2,5m,152.6843148460247,0,0.8998077535093294,181
7.898505650589284,no_solution,3,5m,87.82084035125148,0,0.8550930925936706,181
1.807041912935689,no_solution,4,5m,146.6714014387263,0,0.52429375962309,181
0.8977663480562171,no_solution,5,5m,164.506838763621,0,0.5061016964106037,181
8.331090702523738,no_solution,6,5m,79.76528066771908,0,0.8866259051796656,181
8.151559740198838,no_solution,7,5m,102.77402395547233,0,0.873462927509833,181
5.8516896025539635,no_solution,8,5m,152.6843148460247,0,0.71595666181337,181
6.819769300707234,no_solution,9,5m,134.39680055715613,0,0.7794617307823849,181
6.506854630215274,no_solution,10,5m,141.46554350795108,0,0.7584351218860785,181
7.440761436417576,no_solution,11,5m,123.74368670764582,0,0.8224441040784802,181
7.33046799844216,no_solution,12,5m,127.72039774444801,0,0.8146954362968815,181
10.950069538408837,no_solution,13,5m,136.42763649642254,0,1.0889558676327826,181
8.278837988576873,no_solution,0,5m,169.88967008032006,0,0.88278391419959,187
9.055388973670494,no_solution,1,5m,145.12925273699992,0,0.9407519614939989,187
8.5098019746197,no_solution,2,5m,81.31727983645297,0,0.8998320821754178,187
1.0362736815909899,no_solution,3,5m,144.43856825654288,0,0.5081138841417079,187
0.6388090009675146,no_solution,4,5m,171.50072886142496,0,0.5030983414482874,187
0.23405859439570614,no_solution,5,5m,158.78444508200417,0,0.5004170303711083,187
5.1577555328151785,no_solution,6,5m,102.77402395547233,0,0.6735641710869567,187
7.509123141363743,no_solution,7,5m,90.89829481348922,0,0.8272705071935139,187
8.995620750662818,no_solution,8,5m,79.45124291035351,0,0.9362267171701312,187
8.384364628281753,no_solution,9,5m,107.52906583803284,0,0.8905520511848105,187
5.920578528931249,no_solution,10,5m,158.4692399174048,0,0.7203177044274429,187
6.147007801995025,no_solution,11,5m,152.6843148460247,0,0.7348313817030194,187
5.60100118988975,no_solution,12,5m,168.41169793099291,0,0.7003111909758444,187
5.852923723514827,no_solution,13,5m,162.5192296314501,0,0.7160345590582337,187
6.9673983463851,no_solution,14,5m,137.52272539475067,0,0.7895339592645622,187
8.701074900521649,no_solution,15,5m,109.82941318244399,0,0.9140768121121492,187
7.802527052563682,no_solution,16,5m,164.8104972384951,0,0.8481839969654029,187
8.29557097024903,no_solution,0,5m,166.77080080157918,0,0.884013277790258,194
8.265851956045319,no_solution,1,5m,155.92466129512675,0,0.8818304657385754,194
8.672505841085716,no_solution,2,5m,144.2653804625351,0,0.9119420877710661,194
8.961420111993355,no_solution,3,5m,137.70439353920412,0,0.9336418588355114,194
8.787647918478834,no_solution,4,5m,107.52906583803284,0,0.9205606332347379,194
8.149629328833646,no_solution,5,5m,77.54031209635411,0,0.8733219706365827,194
7.749456654170774,no_solution,6,5m,32.59601202601324,0,0.8443778077597139,194
0.8048607014614148,no_solution,7,5m,140.75688260259247,0,0.5049098274769236,194
0.38402615917184635,no_solution,8,5m,157.0429877453941,0,0.5011218697024733,194
8.58390046609611,no_solution,9,5m,113.63318177363512,0,0.9053371241695056,194
8.83076789985612,no_solution,10,5m,115.81234821900469,0,0.9237983798300348,194
6.3277361388381355,no_solution,11,5m,162.6729848499744,0,0.7466060377489453,194
6.118992305620455,no_solution,12,5m,170.0367607313195,0,0.733021032350892,194
8.027702072577002,no_solution,13,5m,131.00572506573903,0,0.8644443864610597,194
8.239179658561865,no_solution,0,5m,167.96577032240825,0,0.879873886423952,195
8.65989678832527,no_solution,1,5m,144.2653804625351,0,0.9110007046747306,195
8.901653626901092,no_solution,2,5m,138.06701271484076,0,0.9291328326522003,195
8.578014927746194,no_solution,3,5m,72.54309064273454,0,0.9048992459370194,195
0.9267500753073771,no_solution,4,5m,142.52192813739225,0,0.5064995333856802,195
6.978772433201817,no_solution,5,5m,17.67766952966369,0,0.7903138813877782,195
0.022780132272577355,no_solution,6,5m,155.92466129512675,0,0.5000039518964489,195
8.48873750462318,no_solution,7,5m,95.19716382329885,0,0.8982702429736148,195
6.696216220989001,no_solution,8,5m,128.11127975318956,0,0.7711060376598189,195
8.6429030959697,no_solution,9,5m,113.63318177363512,0,0.909732730570362,195
6.571185851818886,no_solution,10,5m,159.25608308632985,0,0.7627210606506949,195
7.513608655288501,no_solution,11,5m,141.46554350795108,0,0.8275878134791305,195
8.151911920034314,no_solution,12,5m,131.00572506573903,0,0.8734886447023025,195
9.656047446657812,no_solution,13,5m,110.7361729517505,0,0.9867735269988982,195
11.30344385492084,no_solution,14,5m,100.56092680559384,0,1.1175073139203668,195
8.502621408384664,no_solution,0,5m,166.77080080157918,0,0.8992995185559141,198
8.652887216099591,no_solution,1,5m,139.50806428303704,0,0.9104775833790021,198
8.241671162901714,no_solution,2,5m,72.88689868556625,0,0.8800565550642216,198
4.823693597677259,no_solution,3,5m,119.63486114005399,0,0.6542451929344277,198
4.150528610248191,no_solution,4,5m,128.11127975318956,0,0.6177787449970811,198
7.587903652576258,no_solution,5,5m,53.033008588991066,0,0.8328545325261649,198
0.958992960338192,no_solution,6,5m,137.88582233137677,0,0.5069565827086951,198
0.4803638152727866,no_solution,7,5m,123.74368670764582,0,0.50175426204659,198
0.18533702184569917,no_solution,8,5m,153.5008143300875,0,0.5002615222059128,198
8.579013742894611,no_solution,9,5m,120.6751838614717,0,0.9049735492843531,198
6.799174628633814,no_solution,10,5m,161.28391116289313,0,0.7780642104582942,198
7.719103501965874,no_solution,11,5m,143.91837964624256,0,0.8422054682907814,198
8.431415793064359,no_solution,12,5m,132.90033860002012,0,0.8940271369454577,198
12.545926763114203,no_solution,13,5m,119.63486114005399,0,1.2198583331837902,198
11.863493217220762,no_solution,14,5m,126.73791855636576,0,1.1632758848516969,198
10.474762869604788,no_solution,15,5m,166.77080080157918,0,1.050974564583339,198
11.458963825132942,no_solution,16,5m,155.44291556709814,0,1.130154232138861,198
8.301493997664315,no_solution,0,5m,163.1333810107545,0,0.8844486576832171,199
8.553598049347295,no_solution,1,5m,140.2230366238016,0,0.9030837948388392,199
8.76089066338603,no_solution,2,5m,133.65066404623659,0,0.918554280984426,199
8.711620098617587,no_solution,3,5m,107.76131031126152,0,0.9148653871523327,199
8.53293575186326,no_solution,4,5m,67.91538853603062,0,0.901548945790437,199
4.329356826967283,no_solution,5,5m,127.72039774444801,0,0.6271233553314377,199
8.471508624590614,no_solution,6,5m,57.98706752371601,0,0.8969938287998326,199
2.683507833282426,no_solution,7,5m,168.56007831037573,0,0.5521962349201947,199
2.454928747925624,no_solution,8,5m,142.52192813739225,0,0.5440146924582498,199
0.37529304013164044,no_solution,9,5m,136.06064824187777,0,0.5010714776069766,199
0.1639561527931682,no_solution,10,5m,151.03807466993214,0,0.5002046744693195,199
8.634954503015514,no_solution,11,5m,117.52659273543158,0,0.9091399525446445,199
6.336600631014513,no_solution,12,5m,166.32047378479896,0,0.7471877777813246,199
6.2260556954051545,no_solution,13,5m,169.74245196767956,0,0.7399611432694772,199
7.378688136876147,no_solution,14,5m,145.64511663629509,0,0.8180772934451029,199
8.22424241624261,no_solution,15,5m,131.57697366940766,0,0.8787791663345392,199
8.101552376395132,no_solution,0,5m,169.74245196767956,0,0.8698154647956333,200
8.659141542283638,no_solution,1,5m,132.52358280698573,0,0.9109443338274432,200
8.316377252519155,no_solution,2,5m,67.91538853603062,0,0.8855431729274597,200
4.284594078264813,no_solution,3,5m,127.72039774444801,0,0.6247600188159135,200
2.897484427372619,no_solution,4,5m,138.06701271484076,0,0.5603962092004551,200
7.828359762363136,no_solution,5,5m,48.088460154178364,0,0.8500403664874531,200
2.028941470773782,no_solution,6,5m,149.0385856078888,0,0.5304488242332581,200
0.5731115331204978,no_solution,7,5m,164.05029716522918,0,0.502495282218776,200
0.4400504373058908,no_solution,8,5m,135.32368602724358,0,0.5014725758552282,200
9.097006318787333,no_solution,9,5m,93.60822613424527,0,0.9439089129117257,200
8.792781012727454,no_solution,10,5m,116.67261889578035,0,0.920945773395104,200
6.658401795086145,no_solution,11,5m,162.98006013006622,0,0.7685624840901503,200
7.18979454242639,no_solution,12,5m,152.6843148460247,0,0.8048823537674752,200
8.487708297524293,no_solution,13,5m,131.00572506573903,0,0.8981939672806886,200
8.01989632960051,no_solution,0,5m,166.32047378479896,0,0.8638777666940218,201
8.380866327799813,no_solution,1,5m,145.64511663629509,0,0.8902939567284816,201
8.653187318975245,no_solution,2,5m,131.19641763401927,0,0.9104999768685463,201
4.3678629381704726,no_solution,3,5m,130.43197460745583,0,0.6291691089328074,201
8.002103188833873,no_solution,4,5m,70.44501401802685,0,0.8625869419113521,201
3.463924495824611,no_solution,5,5m,136.06064824187777,0,0.5844647105534917,201
3.9967658062512528,no_solution,6,5m,114.72793905583765,0,0.6099555170720619,201
3.5210289863016593,no_solution,7,5m,100.0624804809475,0,0.5870704220839603,201
0.5729555040610799,no_solution,8,5m,144.95689014324225,0,0.502493927008208,201
0.15497561434712553,no_solution,9,5m,152.6843148460247,0,0.5001828707234028,201
6.728536375394069,no_solution,10,5m,115.81234821900469,0,0.7732851757699111,201
8.386253786558694,no_solution,11,5m,124.54918707081151,0,0.8906914440530033,201
6.265273389239284,no_solution,12,5m,169.30002953337012,0,0.7425179195185502,201
6.417598057458148,no_solution,13,5m,167.66782637107215,0,0.7525211536413335,201
9.71083010993195,no_solution,14,5m,117.73911839316617,0,0.9910182018021659,201
8.16064057365435,no_solution,0,5m,164.506838763621,0,0.8741261685997506,203
8.038459622889564,no_solution,1,5m,147.6905548774193,0,0.8652256199828554,203
8.700325182581896,no_solution,2,5m,135.50830232867654,0,0.9140207605783,203
5.980320570357366,no_solution,3,5m,159.8827695531948,0,0.724120594506293,203
7.931476046213748,no_solution,4,5m,68.28250141873832,0,0.8574739920176868,203
4.403466246071901,no_solution,5,5m,123.3389638354401,0,0.631071034977899,203
4.077537255888886,no_solution,6,5m,98.04335775563789,0,0.6140401743468044,203
2.4759251486145524,no_solution,7,5m,136.61076092314252,0,0.5447406379052904,203
1.8684897652730552,no_solution,8,5m,145.12925273699992,0,0.5259337234337204,203
0.7849934778664384,no_solution,9,5m,168.56007831037573,0,0.5046715080817582,203
0.6876434997503672,no_solution,10,5m,150.54069217324596,0,0.5035884547677827,203
1.6299847734310327,no_solution,11,5m,162.98006013006622,0,0.5198499728600284,203
3.1426889484951475,no_solution,12,5m,170.62385530751556,0,0.5704076749740187,203
10.099190485837106,no_solution,13,5m,57.554322166106694,0,1.021323670742035,203
8.688230848291033,no_solution,14,5m,124.949989995998,0,0.9131167798773341,203
6.865662586986935,no_solution,15,5m,164.8104972384951,0,0.7825827032693501,203
8.466108991832598,no_solution,16,5m,136.06064824187777,0,0.8965939848292179,203
8.862160593857185,no_solution,17,5m,139.32874793092773,0,0.9261590020500693,203
10.460594037761325,no_solution,18,5m,129.6630247988994,0,1.0498500467406282,203
11.39166130625338,no_solution,19,5m,122.11674741819813,0,1.1246751713017473,203
12.47619616966806,no_solution,20,5m,155.60366319595437,0,1.2140373676811123,203
8.09675004373702,no_solution,0,5m,163.43959128681152,0,0.8694656324566666,204
7.435483146296982,no_solution,1,5m,170.62385530751556,0,0.8220721987502858,204
8.290327842357684,no_solution,2,5m,138.06701271484076,0,0.8836279698871573,204
8.91628897287334,no_solution,3,5m,127.52450744856849,0,0.9302360278740688,204
8.44409099748255,no_solution,4,5m,62.94839156007086,0,0.894964497734455,204
4.224412606365292,no_solution,5,5m,120.26013470805694,0,0.621608017918166,204
3.973208871468077,no_solution,6,5m,127.72039774444801,0,0.6087747438321088,204
3.627223351046013,no_solution,7,5m,99.05806378079474,0,0.59199889251076,204
2.514247648763897,no_solution,8,5m,135.50830232867654,0,0.5460791112768221,204
1.4594301241897774,no_solution,9,5m,147.18186029535025,0,0.5159722967514037,204
0.5863892280950623,no_solution,10,5m,147.6905548774193,0,0.5026119458175615,204
0.8910925207471343,no_solution,11,5m,157.51984002023363,0,0.5060118382184766,204
9.493786846201878,no_solution,12,5m,61.74544517614235,0,0.9742465334244662,204
8.734637230591563,no_solution,13,5m,120.26013470805694,0,0.9165877791111614,204
7.270691512049218,no_solution,14,5m,152.6843148460247,0,0.8105158595047928,204
10.241131817941202,no_solution,15,5m,149.5409642873818,0,1.0324910682305792,204
8.12210428268732,no_solution,0,5m,159.7263284496329,0,0.8713134738824867,208
7.6037076403969985,no_solution,1,5m,167.66782637107215,0,0.8339775422452976,208
8.254491935043108,no_solution,2,5m,141.28871150944792,0,0.8809968525277606,208
8.340763710508153,no_solution,3,5m,130.43197460745583,0,0.8873381024089658,208
5.64645931367179,no_solution,4,5m,110.7361729517505,0,0.7031215235842135,208
7.92676119019667,no_solution,5,5m,62.54998001598402,0,0.8571332839096538,208
4.377570456387802,no_solution,6,5m,110.51018052650171,0,0.6296866974584576,208
3.973131447063529,no_solution,7,5m,120.6751838614717,0,0.6087708708853472,208
3.782738863130442,no_solution,8,5m,95.72094859538323,0,0.5994060112518855,208
2.316702467440721,no_solution,9,5m,144.95689014324225,0,0.5393676602249763,208
1.5938970943888129,no_solution,10,5m,144.2653804625351,0,0.5189962045698574,208
0.7517860230451406,no_solution,11,5m,169.30002953337012,0,0.504286231053949,208
0.6389168835580646,no_solution,12,5m,150.208188857998,0,0.5030993849002656,208
0.3307535688632775,no_solution,13,5m,161.90274858692177,0,0.5008324383836685,208
8.94862417230816,no_solution,14,5m,128.50097275896397,0,0.9326756141658501,208
7.713322485707839,no_solution,15,5m,155.92466129512675,0,0.8417921076573861,208
8.988383813328248,no_solution,16,5m,144.2653804625351,0,0.9356794756370991,208
8.22358407939776,no_solution,0,5m,152.19231255224423,0,0.8787309350586645,209
7.3886443905803425,no_solution,1,5m,167.66782637107215,0,0.8187766986100836,209
8.559296316369075,no_solution,2,5m,124.54918707081151,0,0.9035073094370591,209
7.77434664748744,no_solution,3,5m,136.42763649642254,0,0.8461616456721489,209
8.600909885029418,no_solution,4,5m,118.16302298096474,0,0.9066032066482469,209
5.234960695076327,no_solution,5,5m,156.08491278787966,0,0.6781346386933276,209
5.27481094897072,no_solution,6,5m,106.36023693091323,0,0.6805087009159109,209
7.567875076018968,no_solution,7,5m,62.94839156007086,0,0.8314326731457795,209
8.212065044493782,no_solution,8,5m,57.554322166106694,0,0.877887255172042,209
3.7399247571156913,no_solution,9,5m,116.88669727560959,0,0.5973446830079965,209
7.820167410922468,no_solution,10,5m,48.088460154178364,0,0.8494513962285445,209
3.0278310206086334,no_solution,11,5m,91.99184746487049,0,0.5656382930986318,209
0.1565451183013434,no_solution,12,5m,137.70439353920412,0,0.5001865928228023,209
0.3584351602642306,no_solution,13,5m,146.15915982243467,0,0.5009774689762527,209
1.0477920299938517,no_solution,14,5m,149.20623311376772,0,0.5082938209296007,209
3.5372240350993978,no_solution,15,5m,170.62385530751556,0,0.5878151148258852,209
9.330534195800983,no_solution,16,5m,66.42665127793211,0,0.9617127118339646,209
8.357018597336884,no_solution,17,5m,128.50097275896397,0,0.8885355837687305,209
7.134426785026457,no_solution,18,5m,159.7263284496329,0,0.8010419937691793,209
7.7561433292738196,no_solution,19,5m,150.54069217324596,0,0.8448568143736668,209
8.476485716831975,no_solution,20,5m,144.2653804625351,0,0.897362464674484,209
12.301491286711324,no_solution,21,5m,155.60366319595437,0,1.1994922379605446,209
7.556601270317036,no_solution,0,5m,167.66782637107215,0,0.8306329913377912,211
8.087278014008868,no_solution,1,5m,153.5008143300875,0,0.8687758581402776,211
8.59741613348047,no_solution,2,5m,123.74368670764582,0,0.906343079561052,211
5.209273165915816,no_solution,3,5m,149.20623311376772,0,0.6766096943986869,211
5.111132433802912,no_solution,4,5m,108.91510455395982,0,0.6708228995733316,211
8.046195003354477,no_solution,5,5m,57.554322166106694,0,0.865787622216262,211
3.8032266183108274,no_solution,6,5m,116.88669727560959,0,0.6003982800301417,211
1.2744949992678567,no_solution,7,5m,144.43856825654288,0,0.512224676383983,211
0.2512372702632556,no_solution,8,5m,131.57697366940766,0,0.5004804628694643,211
0.47138250019217787,no_solution,9,5m,159.0990257669732,0,0.5016893832415305,211
1.1497751269913508,no_solution,10,5m,124.54918707081151,0,0.5099707623530123,211
1.4698676145418068,no_solution,11,5m,110.96170510586073,0,0.5161980746379952,211
1.1234358074580832,no_solution,12,5m,153.01143748099355,0,0.5095232734560751,211
4.247065305799338,no_solution,13,5m,64.90377492873584,0,0.6227910108522144,211
3.289807653085392,no_solution,14,5m,164.05029716522918,0,0.5767166435982848,211
4.261089657659003,no_solution,15,5m,139.32874793092773,0,0.6235254909257161,211
8.44742407599305,no_solution,16,5m,128.50097275896397,0,0.8952110709170468,211
6.500727617518947,no_solution,17,5m,170.0367607313195,0,0.7580279411751947,211
8.759661912677773,no_solution,18,5m,128.6953767623375,0,0.9184621960937157,211
7.432875599581411,no_solution,19,5m,152.6843148460247,0,0.8218885122236413,211
6.895448294843356,no_solution,20,5m,167.51865567750954,0,0.7846132164502938,211
7.430569655647723,no_solution,21,5m,157.51984002023363,0,0.8217260937725209,211
7.749088664713358,no_solution,0,5m,166.01957715883992,0,0.8443514511673269,212
8.32430244572892,no_solution,1,5m,152.19231255224423,0,0.8861262845461713,212
8.431136785289011,no_solution,2,5m,129.4700737622405,0,0.8940065093883766,212
8.981906464589361,no_solution,3,5m,118.16302298096474,0,0.9351897995426752,212
5.549123254141845,no_solution,4,5m,102.04165815979276,0,0.6971187767588046,212
4.007738592565143,no_solution,5,5m,123.9455525624054,0,0.6105071492534514,212
8.106052678854022,no_solution,6,5m,57.554322166106694,0,0.8701433659572421,212
3.230575921288857,no_solution,7,5m,88.38834764831844,0,0.5741499534557162,212
1.90627233797469,no_solution,8,5m,133.83758814324173,0,0.5269667632523484,212
1.458091760741628,no_solution,9,5m,141.99471821162928,0,0.5159434555003831,212
1.2274123543163746,no_solution,10,5m,164.8104972384951,0,0.5113477070357956,212
0.05335096212673869,no_solution,11,5m,142.52192813739225,0,0.5000216755483516,212
0.09364364485916087,no_solution,12,5m,160.8182203607539,0,0.5000667764206191,212
0.5145658789370301,no_solution,13,5m,135.32368602724358,0,0.502012458551425,212
1.0405412181969207,no_solution,14,5m,153.01143748099355,0,0.5081803258135748,212
8.881457207681724,no_solution,15,5m,128.50097275896397,0,0.9276114718408832,212
7.0500319510598946,no_solution,16,5m,170.0367607313195,0,0.7952126590515991,212
7.562179448104102,no_solution,17,5m,159.7263284496329,0,0.8310286069200044,212
7.874351701538445,no_solution,0,5m,153.5008143300875,0,0.8533512794687681,213
7.004659148860195,no_solution,1,5m,169.44763202830543,0,0.7920909911555063,213
7.865619371927978,no_solution,2,5m,136.42763649642254,0,0.852722071538243,213
8.07603043600897,no_solution,3,5m,123.74368670764582,0,0.8679571786817727,213
5.460385241731102,no_solution,4,5m,144.95689014324225,0,0.6916952376671933,213
3.6456322828897063,no_solution,5,5m,123.74368670764582,0,0.5928640485752545,213
7.634651036464092,no_solution,6,5m,57.554322166106694,0,0.8361790336221347,213
8.065225869485506,no_solution,7,5m,53.033008588991066,0,0.8671711486842116,213
3.763376331602576,no_solution,8,5m,113.19231422671771,0,0.5984717228898697,213
3.0107606893565104,no_solution,9,5m,138.6091627562911,0,0.5649413777481261,213
1.9597841201786776,no_solution,10,5m,157.83694117664598,0,0.5284617690915274,213
2.1658627352463955,no_solution,11,5m,125.54879529489719,0,0.5345631609090711,213
1.645577463993219,no_solution,12,5m,135.50830232867654,0,0.520224351020639,213
0.1822912572393625,no_solution,13,5m,148.70272357963051,0,0.5002529994008627,213
8.928296603336793,no_solution,14,5m,71.15124735378853,0,0.9311416122826592,213
8.319612467463198,no_solution,15,5m,132.52358280698573,0,0.885781185678048,213
8.521733338943699,no_solution,16,5m,135.50830232867654,0,0.9007173554205112,213
6.8730274250551,no_solution,17,5m,170.0367607313195,0,0.7830844094046384,213
7.149657437892926,no_solution,18,5m,163.59248148982886,0,0.8020971522945133,213
8.007602926385257,no_solution,19,5m,146.50085323983612,0,0.8629858108509197,213
7.822026725908479,no_solution,0,5m,162.98006013006622,0,0.8495850464033905,215
8.162246361565055,no_solution,1,5m,153.5008143300875,0,0.8742434799093275,215
7.265437571243852,no_solution,2,5m,171.35489488193792,0,0.8101491848623495,215
8.805404745930307,no_solution,3,5m,118.16302298096474,0,0.9218932738506667,215
8.686478473525613,no_solution,4,5m,119.63486114005399,0,0.9129858367052816,215
3.8171219493492172,no_solution,5,5m,123.74368670764582,0,0.6010734106032072,215
7.683713274962111,no_solution,6,5m,57.98706752371601,0,0.8396768714319822,215
8.401346913436877,no_solution,7,5m,52.55949010407159,0,0.8918055097981931,215
1.7390589464354835,no_solution,8,5m,131.19641763401927,0,0.5225377618014826,215
0.8484797500075645,no_solution,9,5m,164.506838763621,0,0.5054535486682057,215
8.933765579482625,no_solution,10,5m,132.52358280698573,0,0.9315542064611217,215
7.314733297532897,no_solution,11,5m,170.0367607313195,0,0.8135938876895172,215
8.697227155882958,no_solution,12,5m,145.64511663629509,0,0.913789159220243,215
7.413010083213945,no_solution,0,5m,166.77080080157918,0,0.8204899663394538,216
7.473361257518088,no_solution,1,5m,161.28391116289313,0,0.824743448396721,216
7.984655832882888,no_solution,2,5m,150.208188857998,0,0.8613222602198737,216
8.54626372317297,no_solution,3,5m,118.79604370516722,0,0.9025388306124978,216
8.06742399562908,no_solution,4,5m,125.54879529489719,0,0.8673310297982004,216
4.025877427342665,no_solution,5,5m,116.88669727560959,0,0.6114213004623503,216
4.6179289444019815,no_solution,6,5m,100.56092680559384,0,0.6427340890736882,216
8.027693008849985,no_solution,7,5m,53.033008588991066,0,0.8644437284030746,216
2.0429458878566082,no_solution,8,5m,129.6630247988994,0,0.5308586937578259,216
0.14301659349076712,no_solution,9,5m,159.8827695531948,0,0.5001557405752667,216
2.1751050470826954,no_solution,10,5m,168.41169793099291,0,0.5348494124553054,216
3.085034476016657,no_solution,11,5m,164.8104972384951,0,0.5679962593737304,216
9.700568669500328,no_solution,12,5m,71.15124735378853,0,0.9902225428587743,216
7.485568870264953,no_solution,13,5m,166.77080080157918,0,0.825605531191524,216
8.921746833692552,no_solution,14,5m,148.70272357963051,0,0.930647593901968,216
8.943707456369134,no_solution,15,5m,156.08491278787966,0,0.9323044693285208,216
7.483316632640909,no_solution,0,5m,166.01957715883992,0,0.8254464387174043,218
8.323848168042595,no_solution,1,5m,149.0385856078888,0,0.8860928546904737,218
8.634453808847793,no_solution,2,5m,124.34830115445888,0,0.9091026189821212,218
5.60558435709592,no_solution,3,5m,143.91837964624256,0,0.700593986739206,218
5.200831485849171,no_solution,4,5m,146.15915982243467,0,0.6761094787975174,218
3.877466579145706,no_solution,5,5m,118.16302298096474,0,0.6040253629339611,218
8.024394598159263,no_solution,6,5m,53.50233639758174,0,0.8642042710350394,218
2.033043549492844,no_solution,7,5m,134.39680055715613,0,0.5305686202281373,218
3.2113394270773323,no_solution,8,5m,82.84020762890445,0,0.5733240602596402,218
1.7157304591266247,no_solution,9,5m,123.74368670764582,0,0.5219494247084334,218
1.639386642171493,no_solution,10,5m,166.77080080157918,0,0.5200753150325379,218
10.361313823634005,no_solution,11,5m,68.6476510887299,0,1.0419834514466393,218
10.064698397702184,no_solution,12,5m,93.34077351297235,0,1.0186172016727713,218
8.860395569455294,no_solution,13,5m,136.42763649642254,0,0.9260262017045022,218
7.712615303774726,no_solution,14,5m,164.8104972384951,0,0.8417415503167179,218
8.191354222167242,no_solution,15,5m,155.92466129512675,0,0.8763714506795807,218
7.509764586683584,no_solution,0,5m,167.66782637107215,0,0.8273158784920952,219
8.024192195549558,no_solution,1,5m,146.50085323983612,0,0.864189578263666,219
8.838985416015129,no_solution,2,5m,120.05207203542969,0,0.9244160293471285,219
5.217675482664627,no_solution,3,5m,147.35162028291376,0,0.6771080330663305,219
3.542659148260809,no_solution,4,5m,112.74972283779681,0,0.5880655977386624,219
1.6909679108260047,no_solution,5,5m,123.74368670764582,0,0.5213329236948728,219
0.6362770639433678,no_solution,6,5m,134.39680055715613,0,0.5030739022751402,219
0.8030115538120436,no_solution,7,5m,131.19641763401927,0,0.5048873991070382,219
2.6167891411545177,no_solution,8,5m,95.19716382329885,0,0.5497453471093005,219
1.7744666759642154,no_solution,9,5m,152.6843148460247,0,0.5234446548971776,219
2.4357521159349265,no_solution,10,5m,152.02795795510772,0,0.5433562560883246,219
2.370843964392952,no_solution,11,5m,169.74245196767956,0,0.5411603450913841,219
9.058724688586791,no_solution,12,5m,77.2172260574025,0,0.941004817607078,219
5.319953956832347,no_solution,13,5m,171.06285394556002,0,0.6832102291076244,219
8.89769159362073,no_solution,14,5m,110.96170510586073,0,0.92883428612882,219
8.586875246648171,no_solution,15,5m,140.75688260259247,0,0.9055584854457338,219
7.1524717488786465,no_solution,16,5m,169.74245196767956,0,0.8022922283119587,219
7.955518674658398,no_solution,17,5m,154.95967217311735,0,0.8592125814670158,219
7.064971139447777,no_solution,0,5m,169.74245196767956,0,0.7962423779190335,221
7.922609942915724,no_solution,1,5m,150.54069217324596,0,0.856833367952935,221
8.36029796908335,no_solution,2,5m,117.52659273543158,0,0.8887772747375188,221
5.2129360829414155,no_solution,3,5m,96.50129532809392,0,0.6768268849885374,221
3.966814802936229,no_solution,4,5m,112.97123527695004,0,0.6084550724164908,221
7.654551598985081,no_solution,5,5m,52.55949010407159,0,0.8375967514041599,221
8.696038471749336,no_solution,6,5m,32.59601202601324,0,0.9137003035996593,221
2.0813461409841785,no_solution,7,5m,127.72039774444801,0,0.5319954174764479,221
1.0409407991111819,no_solution,8,5m,164.506838763621,0,0.5081865604725718,221
0.8560545327607837,no_solution,9,5m,131.57697366940766,0,0.5055508336404405,221
0.08863448467914913,no_solution,10,5m,164.35479913893602,0,0.5000598239251471,221
3.6206571600648094,no_solution,11,5m,167.96577032240825,0,0.5916910705806788,221
7.719753594002707,no_solution,12,5m,167.66782637107215,0,0.8422519595114374,221
8.605521341689036,no_solution,13,5m,150.208188857998,0,0.9069466097111302,221
7.251034233268698,no_solution,0,5m,166.77080080157918,0,0.8091445379249184,223
8.189758604103236,no_solution,1,5m,147.35162028291376,0,0.8762547278946556,223
7.783241653483929,no_solution,2,5m,154.95967217311735,0,0.8467996826774778,223
8.806499851392916,no_solution,3,5m,113.852975367357,0,0.9219754914648894,223
9.23726193598752,no_solution,4,5m,107.76131031126152,0,0.9545838152114602,223
4.929198133932382,no_solution,5,5m,96.50129532809392,0,0.6602643566296861,223
3.8814986378684746,no_solution,6,5m,113.19231422671771,0,0.6042237557335801,223
8.183141785219435,no_solution,7,5m,47.56574397610112,0,0.875770783926787,223
2.1267266927703257,no_solution,8,5m,148.70272357963051,0,0.5333629359840614,223
1.899931126349264,no_solution,9,5m,155.60366319595437,0,0.5267920777974696,223
1.8274769717683694,no_solution,10,5m,126.34278768493277,0,0.5248336082445083,223
0.8073847715249696,no_solution,11,5m,158.31140198987563,0,0.5049405236987602,223
0.9105906482549421,no_solution,12,5m,134.39680055715613,0,0.5062762039339154,223
0.3984979563773907,no_solution,13,5m,153.01143748099355,0,0.5012079158277863,223
2.8606979145696143,no_solution,14,5m,165.7181341917655,0,0.5589502130444384,223
4.079971485123179,no_solution,15,5m,166.01957715883992,0,0.6141641340053092,223
9.722584050333941,no_solution,16,5m,79.45124291035351,0,0.9919299153200606,223
8.818507380276746,no_solution,17,5m,142.52192813739225,0,0.9228772170629654,223
8.138444231614363,no_solution,18,5m,163.59248148982886,0,0.8725054903251608,223
7.0240982437184805,no_solution,0,5m,171.06285394556002,0,0.7934273448251232,224
7.339681026543638,no_solution,1,5m,162.21128197508335,0,0.8153408727429186,224
8.670645497776913,no_solution,2,5m,125.54879529489719,0,0.9118031655530444,224
8.44239953488083,no_solution,3,5m,114.72793905583765,0,0.8948393807901693,224
8.920077781840508,no_solution,4,5m,102.77402395547233,0,0.9305217249926476,224
5.059135402532411,no_solution,5,5m,93.60822613424527,0,0.6677825673218645,224
7.902625225489566,no_solution,6,5m,47.56574397610112,0,0.8553903722498484,224
3.5617160981889144,no_solution,7,5m,102.5304832720494,0,0.5889460798942714,224
2.8591707659588748,no_solution,8,5m,77.86205751198719,0,0.5588905059986218,224
1.5151772182635335,no_solution,9,5m,120.05207203542969,0,0.5171956899415449,224
0.4947377746850318,no_solution,10,5m,136.06064824187777,0,0.501860626341685,224
0.3052185760864272,no_solution,11,5m,163.1333810107545,0,0.5007089524356868,224
1.3471444262394974,no_solution,12,5m,147.6905548774193,0,0.513639536041169,224
2.4515471460976253,no_solution,13,5m,157.9952530932496,0,0.5438982651969678,224
3.062594141458983,no_solution,14,5m,164.05029716522918,0,0.5670671237962341,224
10.21288296064273,no_solution,15,5m,72.88689868556625,0,1.030264765602764,224
11.45369275605332,no_solution,16,5m,74.5821694508815,0,1.1297247884701387,224
7.68089907406357,no_solution,17,5m,170.62385530751556,0,0.8394759964089145,224
7.461226908435207,no_solution,0,5m,162.21128197508335,0,0.8238871057159883,226
7.773564488941723,no_solution,1,5m,153.6635936062931,0,0.8461055552220073,226
8.084668450260402,no_solution,2,5m,139.14920050075747,0,0.8685858771965669,226
8.58740452570997,no_solution,3,5m,109.82941318244399,0,0.9055978733496356,226
4.708657642698245,no_solution,4,5m,93.60822613424527,0,0.6477719134024376,226
7.291019211056552,no_solution,5,5m,48.088460154178364,0,0.8119355776991498,226
2.0587868779331364,no_solution,6,5m,129.6630247988994,0,0.5313253389082413,226
1.0154400321413162,no_solution,7,5m,135.32368602724358,0,0.5077933247710158,226
0.40679922603568264,no_solution,8,5m,159.7263284496329,0,0.501258703010965,226
1.7162841450031345,no_solution,9,5m,142.69723192830335,0,0.5219633038506523,226
9.733892882161545,no_solution,10,5m,30.20761493398643,0,0.9928074333237998,226
9.833450832839867,no_solution,11,5m,66.42665127793211,0,1.0005465929301571,226
8.896154497326362,no_solution,12,5m,140.75688260259247,0,0.9287184753627236,226
7.875344657023933,no_solution,13,5m,170.62385530751556,0,0.853422843920349,226
7.032357124231189,no_solution,0,5m,166.62082702951633,0,0.793995590665934,227
7.954308643133711,no_solution,1,5m,145.47336525976155,0,0.8591250326615076,227
7.373594581386481,no_solution,2,5m,153.6635936062931,0,0.8177196321584705,227
8.95563128471439,no_solution,3,5m,108.91510455395982,0,0.9332046756328242,227
8.2459703278541,no_solution,4,5m,117.1003842863037,0,0.8803718031513418,227
5.103028944235944,no_solution,5,5m,93.60822613424527,0,0.6703479003949335,227
5.343888377649686,no_solution,6,5m,88.38834764831844,0,0.6846477464208885,227
3.374864603757551,no_solution,7,5m,113.19231422671771,0,0.5804641501730852,227
8.299129499639019,no_solution,8,5m,42.573465914816005,0,0.884274838499188,227
7.329361737930251,no_solution,9,5m,48.088460154178364,0,0.8146179576334964,227
1.9766063994551013,no_solution,10,5m,144.2653804625351,0,0.5289394318969676,227
1.9704922548455288,no_solution,11,5m,124.34830115445888,0,0.528765399091354,227
0.7073277850966956,no_solution,12,5m,136.06064824187777,0,0.5037960752607556,227
0.44981092749838025,no_solution,13,5m,158.31140198987563,0,0.5015385263272277,227
1.3544649192848175,no_solution,14,5m,162.5192296314501,0,0.5137862356862175,227
2.4916433883040345,no_solution,15,5m,168.41169793099291,0,0.5452875195913268,227
9.604284426016719,no_solution,16,5m,82.23442101699264,0,0.9827698720700343,227
8.809540184087872,no_solution,17,5m,124.14709017935137,0,0.922203770145467,227
9.005955986231173,no_solution,18,5m,143.57054015361228,0,0.93700850457407,227
8.121304446428907,no_solution,19,5m,167.51865567750954,0,0.8712551479937807,227
8.665168713626306,no_solution,20,5m,157.51984002023363,0,0.9113942443477293,227
8.79901614041576,no_solution,21,5m,156.08491278787966,0,0.9214137049252522,227
7.056374629962181,no_solution,0,5m,164.65873800075113,0,0.795649728856652,238
7.348842534810512,no_solution,1,5m,153.1747368204039,0,0.8159830319249632,238
7.593332215944736,no_solution,2,5m,144.43856825654288,0,0.8332401735227017,238
8.166664340778514,no_solution,3,5m,129.6630247988994,0,0.8745662810332115,238
8.549815127203939,no_solution,4,5m,106.12492638395562,0,0.9028026906585925,238
8.67405633138486,no_solution,5,5m,67.54628043053148,0,0.9120578795373906,238
2.9913358218616506,no_solution,6,5m,102.77402395547233,0,0.5641521264146464,238
8.06701910606324,no_solution,7,5m,32.59601202601324,0,0.8673015788471361,238
0.047084726496618656,no_solution,8,5m,157.0429877453941,0,0.5000168829257856,238
0.4103071241718527,no_solution,9,5m,164.05029716522918,0,0.5012804775210349,238
9.38756785852391,no_solution,10,5m,58.8430114796991,0,0.96608343650334,238
3.920525132211614,no_solution,11,5m,161.90274858692177,0,0.6061514058605172,238
11.044091240155375,no_solution,12,5m,72.88689868556625,0,1.0965269998655218,238
8.842230119759204,no_solution,13,5m,140.75688260259247,0,0.9246599641889356,238
6.847966594481579,no_solution,0,5m,167.66782637107215,0,0.7813781908980323,242
7.240361855223686,no_solution,1,5m,141.99471821162928,0,0.8084006669704094,242
6.84450459200993,no_solution,2,5m,149.0385856078888,0,0.7811427036015959,242
7.921955022709351,no_solution,3,5m,126.93502274786104,0,0.8567860573079836,242
7.494583479532497,no_solution,4,5m,113.19231422671771,0,0.826242494960288,242
8.605947562673999,no_solution,5,5m,95.72094859538323,0,0.9069783525581581,242
8.512094541630626,no_solution,6,5m,82.53787009609589,0,0.9000021496885411,242
7.61467790085736,no_solution,7,5m,28.50438562747845,0,0.8347576221201213,242
1.1602358857841593,no_solution,8,5m,169.0044378115557,0,0.5101512532059939,242
1.1812218493469573,no_solution,9,5m,141.99471821162928,0,0.5105180847841427,242
0.8730231626855287,no_solution,10,5m,151.03807466993214,0,0.5057718366286607,242
0.19955947604168636,no_solution,11,5m,156.56468311851177,0,0.5003031875149989,242
0.6438496183128364,no_solution,12,5m,145.64511663629509,0,0.5031472807881122,242
1.4505443896081067,no_solution,13,5m,90.89829481348922,0,0.5157812785507534,242
9.517485322223582,no_solution,14,5m,59.26634795564849,0,0.9760718580620575,242
9.486784623599636,no_solution,15,5m,109.14439976471537,0,0.9737074840484167,242
8.99138078842661,no_solution,16,5m,129.6630247988994,0,0.9359060822496839,242
8.800873360661013,no_solution,17,5m,154.15090009467994,0,0.9215531071242316,242
7.106579958830201,no_solution,0,5m,166.62082702951633,0,0.7991152797240183,244
7.133599174460364,no_solution,1,5m,151.03807466993214,0,0.8009846854280575,244
7.5297377372753695,no_solution,2,5m,136.06064824187777,0,0.8287294200802289,244
8.071926282104204,no_solution,3,5m,121.91185340236609,0,0.8676585556628755,244
7.9266219760445695,no_solution,4,5m,28.50438562747845,0,0.8571232251024372,244
0.4893172486181831,no_solution,5,5m,134.39680055715613,0,0.5018201498686836,244
1.3294037066347657,no_solution,6,5m,162.5192296314501,0,0.5132871509286427,244
2.315975894166698,no_solution,7,5m,148.53450777512947,0,0.5393438453831949,244
10.255519928419604,no_solution,8,5m,69.73162840490677,0,1.0336257191615585,244
8.768741331554937,no_solution,9,5m,124.54918707081151,0,0.919142730916349,244
8.944430839959939,no_solution,10,5m,135.32368602724358,0,0.9323590705308067,244
7.252379885838996,no_solution,0,5m,162.5192296314501,0,0.8092383632253868,250
7.0112469437959755,no_solution,1,5m,167.66782637107215,0,0.7925436943224424,250
7.502060965748481,no_solution,2,5m,143.04719500919967,0,0.8267710824911393,250
7.834624219962849,no_solution,3,5m,133.65066404623659,0,0.8504908966180699,250
8.752407827723989,no_solution,4,5m,98.04335775563789,0,0.9179186529861683,250
9.165087865647287,no_solution,5,5m,86.09587678861283,0,0.9490838107993018,250
7.214676156498163,no_solution,6,5m,30.20761493398643,0,0.8066122426567502,250
9.43561523636456,no_solution,7,5m,57.554322166106694,0,0.9697722518036272,250
9.151616138738193,no_solution,8,5m,131.00572506573903,0,0.9480587961506509,250
9.13061701319499,no_solution,9,5m,151.8634254848744,0,0.9464620555513981,250
7.913145578139388,no_solution,0,5m,159.8827695531948,0,0.8561498195011313,253
8.388565224500736,no_solution,1,5m,138.06701271484076,0,0.8908620106203806,253
9.10037827534773,no_solution,2,5m,117.73911839316617,0,0.9441649114487553,253
9.511002996960375,no_solution,3,5m,93.34077351297235,0,0.9755724246102305,253
10.08848234208701,no_solution,4,5m,85.51315688243535,0,1.0204831364678288,253
10.054879015487009,no_solution,5,5m,25.739075352467502,0,1.0178472324144636,253
9.25919915853806,no_solution,6,5m,74.91662031885849,0,0.9562583706655895,253
8.97184299104777,no_solution,7,5m,155.60366319595437,0,0.9344292570617835,253
21.839682359138216,no_solution,8,5m,136.42763649642254,0,2.0653126823839187,253
21.141652743140178,no_solution,9,5m,157.51984002023363,0,1.9971196356756526,253
