cluster_size,consensus_count,consensus_xy_rmse_m,consensus_z_rmse_m,correspondence_count,correspondence_global_indices,correspondence_local_indices,correspondence_xy_rmse_m,correspondence_z_rmse_m,estimated_heading_deg,estimated_x_m,estimated_y_m,estimated_z_m,evaluated_hypothesis_count,feature_count_npz,fitness,fitness_reference,fitness_reference_point_count,fitness_reference_spacing_m,heading_error_deg,heading_measurement_deg,local_feature_count,log10_hypotheses,median_abs_elevation_angle_deg,median_feature_range_m,median_sigma_z_m,moga_delta_error_m,moga_xy_error_m,overlap,profile,ransac_delta_error_m,ransac_xy_error_m,runtime_s,selected_fraction,site,stage_to_dem_vertical_offset_m,status,terrain_mae_m,truth_x_m,truth_y_m,truth_z_m,truth_z_stage_m,xy_error_m,z_error_m
2,0,inf,inf,4,"[54, 57, 52, 59]","[1, 2, 0, 3]",1.4721342746693444,0.09752720791232918,20.151023358737394,651.0677616614869,-5510.037378408307,-1006.951428681612,2,4,-0.36757317237395776,raw_lidar_xy_decimated,32983,0.125,1.2654100663333736,21.41643342507076,4,0.3010299956639812,1.1310713087556181,55.63910882786867,0.5100016544470285,0.5238312694833707,2.816419914643532,1.0,0p25m,0.0,2.292588645160161,0.04995693099044729,1.0,10,-1006.809,solution,0.36757317237395776,653.0653666970207,-5508.912417601022,-1006.8656099911697,-0.05660999116964427,2.292588645160161,0.08581869044235191
,,,,,,,,,,,,,,3,,raw_lidar_xy_decimated,31288,0.125,,45.4146948200915,3,0.0,1.415515332744842,55.05480224285616,0.5150389642718728,nan,,,0p25m,nan,nan,0.023568489006720483,0.0,13,,no_solution,nan,,,,,,
,,,,,,,,,,,,,,3,,raw_lidar_xy_decimated,31022,0.125,,44.5554176231704,3,0.0,1.6513284090498928,53.679896143714736,0.520363263498502,nan,,,0p25m,nan,nan,0.02368321400717832,0.0,14,,no_solution,nan,,,,,,
,,,,,,,,,,,,,,4,,raw_lidar_xy_decimated,32663,0.125,,44.95433990952211,4,0.0,1.6289001398147946,32.753696365318746,0.527614029680443,nan,,,0p25m,nan,nan,0.04517739999573678,0.0,16,,no_solution,nan,,,,,,
,,,,,,,,,,,,,,3,,raw_lidar_xy_decimated,31401,0.125,,44.80020466290187,3,0.0,1.3169811122206776,50.25715123243656,0.5130430430419967,nan,,,0p25m,nan,nan,0.02199560399458278,0.0,18,,no_solution,nan,,,,,,
2,0,inf,inf,4,"[55, 54, 52, 59]","[2, 1, 0, 3]",3.8034961238098157,0.27117285393185353,46.08112689753142,660.3544858245212,-5501.758038768861,-1006.6164435148239,2,4,-0.2864751560149749,raw_lidar_xy_decimated,29468,0.125,1.064707864312055,45.01641903321937,4,0.3010299956639812,2.374624313249134,28.789383561094123,0.5445290717373228,-0.5916974996022812,2.400405747030397,1.0,0p25m,-0.46206265621553655,2.530040590417142,0.041853040995192714,1.0,23,-1006.809,solution,0.2864751560149749,662.4121236448009,-5499.585756918119,-1006.676345770627,0.1326542293730154,2.9921032466326785,0.05990225580308106
,,,,,,,,,,,,,,3,,raw_lidar_xy_decimated,33391,0.125,,19.355451073282893,3,0.0,3.1977236775246203,12.053267191927672,0.5727417778166259,nan,,,0p25m,nan,nan,0.02087958100310061,0.0,24,,no_solution,nan,,,,,,
,,,,,,,,,,,,,,3,,raw_lidar_xy_decimated,32100,0.125,,-0.16667110086677617,3,0.0,2.6456007430672854,10.162738312088923,0.5507974541674903,nan,,,0p25m,nan,nan,0.0013186739961383864,0.0,30,,no_solution,nan,,,,,,
,,,,,,,,,,,,,,3,,raw_lidar_xy_decimated,31825,0.125,,43.54897219830171,3,0.0,1.9979445208516688,11.93864523302372,0.52955058358494,nan,,,0p25m,nan,nan,0.0012969579984201118,0.0,33,,no_solution,nan,,,,,,
,,,,,,,,,,,,,,5,,raw_lidar_xy_decimated,34675,0.125,,-10.645208482925279,5,0.0,1.5092098990219722,20.95008949861551,0.5170626794909625,nan,,,0p25m,nan,nan,0.04496624300372787,0.0,36,,no_solution,nan,,,,,,
,,,,,,,,,,,,,,3,,raw_lidar_xy_decimated,35555,0.125,,0.9894447322646083,3,0.0,1.4054786604618263,12.063633366444787,0.5148294296012355,nan,,,0p25m,nan,nan,0.0013569389993790537,0.0,39,,no_solution,nan,,,,,,
,,,,,,,,,,,,,,5,,raw_lidar_xy_decimated,37382,0.125,,0.07915359413011744,5,0.0,1.4376538844744033,24.998124929682227,0.5155061219894713,nan,,,0p25m,nan,nan,0.04659261398774106,0.0,41,,no_solution,nan,,,,,,
,,,,,,,,,,,,,,4,,raw_lidar_xy_decimated,35987,0.125,,29.259795057386466,4,0.0,1.036849801630022,21.280591796011862,0.5096677408956174,nan,,,0p25m,nan,nan,0.03137136000441387,0.0,43,,no_solution,nan,,,,,,
,,,,,,,,,,,,,,3,,raw_lidar_xy_decimated,32636,0.125,,-2.2412983266538062,3,0.0,2.7714797757841967,23.93023714884581,0.5555054347064554,nan,,,0p25m,nan,nan,0.0012585929944179952,0.0,53,,no_solution,nan,,,,,,
,,,,,,,,,,,,,,2,,,,,,-7.701112172122993,2,0.0,1.558284058667088,22.461519065259136,0.5334149202323899,nan,,,0p25m,nan,nan,,0.0,54,,skipped_insufficient_features,nan,,,,,,
,,,,,,,,,,,,,,3,,raw_lidar_xy_decimated,24456,0.125,,44.58257406094856,3,0.0,4.315928227594748,32.276636286949106,0.6264126864088848,nan,,,0p25m,nan,nan,0.0013308509951457381,0.0,61,,no_solution,nan,,,,,,
,,,,,,,,,,,,,,3,,raw_lidar_xy_decimated,28236,0.125,,-11.690018913226197,3,0.0,4.451010335288775,36.82942098377328,0.6336262580707038,nan,,,0p25m,nan,nan,0.0013942369987489656,0.0,66,,no_solution,nan,,,,,,
,,,,,,,,,,,,,,3,,raw_lidar_xy_decimated,28774,0.125,,0.3301456481838429,3,0.0,3.1876540217504683,35.79149689521242,0.572312370965488,nan,,,0p25m,nan,nan,0.001319204005994834,0.0,69,,no_solution,nan,,,,,,
,,,,,,,,,,,,,,2,,,,,,-0.1397815874948478,2,0.0,2.247921746437937,23.266638884474734,0.5511052823398482,nan,,,0p25m,nan,nan,,0.0,70,,skipped_insufficient_features,nan,,,,,,
,,,,,,,,,,,,,,2,,,,,,-0.3085181092122478,2,0.0,3.5109257940667176,39.564552481039065,0.618778334291114,nan,,,0p25m,nan,nan,,0.0,71,,skipped_insufficient_features,nan,,,,,,
,,,,,,,,,,,,,,2,,,,,,0.1682355351773335,2,0.0,1.0344333822989045,23.439573964533054,0.5087730684759675,nan,,,0p25m,nan,nan,,0.0,72,,skipped_insufficient_features,nan,,,,,,
,,,,,,,,,,,,,,3,,raw_lidar_xy_decimated,40406,0.125,,-0.4189489949718158,3,0.0,0.8758380877652654,44.66437338640272,0.5058089090767063,nan,,,0p25m,nan,nan,0.017681601995718665,0.0,73,,no_solution,nan,,,,,,
,,,,,,,,,,,,,,2,,,,,,-1.1292826878834028,2,0.0,1.310194802369565,52.249571308283564,0.5129106377148351,nan,,,0p25m,nan,nan,,0.0,76,,skipped_insufficient_features,nan,,,,,,
,,,,,,,,,,,,,,2,,,,,,-0.977764438375635,2,0.0,4.103256511506808,37.6139421240341,0.6455364134543538,nan,,,0p25m,nan,nan,,0.0,77,,skipped_insufficient_features,nan,,,,,,
,,,,,,,,,,,,,,3,,raw_lidar_xy_decimated,32462,0.125,,0.8071539751741564,3,0.0,2.0088822264013246,27.868553066135313,0.5298661297136322,nan,,,0p25m,nan,nan,0.0012347680021775886,0.0,79,,no_solution,nan,,,,,,
,,,,,,,,,,,,,,1,,,,,,0.7635348912758074,1,0.0,1.5779169107329623,48.44487847027795,0.5186238217866868,nan,,,0p25m,nan,nan,,0.0,80,,skipped_insufficient_features,nan,,,,,,
,,,,,,,,,,,,,,2,,,,,,0.3186492843369334,2,0.0,2.613080640522176,43.849782786462825,0.5510651619932666,nan,,,0p25m,nan,nan,,0.0,82,,skipped_insufficient_features,nan,,,,,,
,,,,,,,,,,,,,,3,,raw_lidar_xy_decimated,29784,0.125,,-0.3522399068460678,3,0.0,1.6454212716196757,52.38588788977428,0.5202205844955435,nan,,,0p25m,nan,nan,0.001242532001924701,0.0,83,,no_solution,nan,,,,,,
,,,,,,,,,,,,,,3,,raw_lidar_xy_decimated,30826,0.125,,-0.3453293507419563,3,0.0,3.826753174799282,23.165842311472293,0.6015423769427622,nan,,,0p25m,nan,nan,0.0014659919979749247,0.0,84,,no_solution,nan,,,,,,
,,,,,,,,,,,,,,2,,,,,,0.22409871341562324,2,0.0,3.458580146200128,35.77803917639182,0.5917764135900789,nan,,,0p25m,nan,nan,,0.0,87,,skipped_insufficient_features,nan,,,,,,
,,,,,,,,,,,,,,2,,,,,,-0.001453835467480003,2,0.0,3.5787787089696397,37.26488625864225,0.5994338791388311,nan,,,0p25m,nan,nan,,0.0,88,,skipped_insufficient_features,nan,,,,,,
,,,,,,,,,,,,,,2,,,,,,-0.1696399900727368,2,0.0,2.536111084666957,63.365303944502344,0.5469580216729464,nan,,,0p25m,nan,nan,,0.0,90,,skipped_insufficient_features,nan,,,,,,
,,,,,,,,,,,,,,2,,,,,,0.13388442503061293,2,0.0,3.9669050290290686,43.193772968557106,0.614878816263474,nan,,,0p25m,nan,nan,,0.0,97,,skipped_insufficient_features,nan,,,,,,
,,,,,,,,,,,,,,3,,raw_lidar_xy_decimated,42452,0.125,,-0.016346699993469542,3,0.0,2.9653779242934517,67.631584707147,0.5631037578656979,nan,,,0p25m,nan,nan,0.02032274600060191,0.0,98,,no_solution,nan,,,,,,
,,,,,,,,,,,,,,3,,raw_lidar_xy_decimated,40068,0.125,,0.4457712235792012,3,0.0,5.65252373145681,43.5577920698467,0.7034973494635552,nan,,,0p25m,nan,nan,0.001229251007316634,0.0,100,,no_solution,nan,,,,,,
,,,,,,,,,,,,,,3,,raw_lidar_xy_decimated,39894,0.125,,-0.09070152651350882,3,0.0,3.2938157306283546,71.9272636070635,0.5768916081328148,nan,,,0p25m,nan,nan,0.018389696997473948,0.0,103,,no_solution,nan,,,,,,
,,,,,,,,,,,,,,2,,,,,,0.5353604626810283,2,0.0,4.708486471506834,57.36713638409929,0.6567062681810375,nan,,,0p25m,nan,nan,,0.0,104,,skipped_insufficient_features,nan,,,,,,
,,,,,,,,,,,,,,4,,raw_lidar_xy_decimated,18956,0.125,,10.224014118555395,4,0.0,3.665956974859755,70.54487743109078,0.5959643210306367,nan,,,0p25m,nan,nan,0.001319180999416858,0.0,105,,no_solution,nan,,,,,,
,,,,,,,,,,,,,,3,,raw_lidar_xy_decimated,42573,0.125,,-5.4984406956167975,3,0.0,3.622462027847626,74.88011251327018,0.5917756422524109,nan,,,0p25m,nan,nan,0.018049542006338015,0.0,106,,no_solution,nan,,,,,,
,,,,,,,,,,,,,,2,,,,,,-5.527717642721197,2,0.0,5.009791584714086,55.29139525251475,0.673118279195595,nan,,,0p25m,nan,nan,,0.0,107,,skipped_insufficient_features,nan,,,,,,
,,,,,,,,,,,,,,2,,,,,,0.17549991037541424,2,0.0,4.868440118389764,56.586576320451854,0.6657520492476641,nan,,,0p25m,nan,nan,,0.0,110,,skipped_insufficient_features,nan,,,,,,
,,,,,,,,,,,,,,3,,raw_lidar_xy_decimated,44773,0.125,,0.4013755049303118,3,0.0,3.7912791890893214,82.924853029716,0.5998191791055786,nan,,,0p25m,nan,nan,0.01920350900036283,0.0,113,,no_solution,nan,,,,,,
,,,,,,,,,,,,,,4,,raw_lidar_xy_decimated,36751,0.125,,1.0140002198286726,4,0.0,5.409025554816905,66.74393171421399,0.6901091476239467,nan,,,0p25m,nan,nan,0.03367843599698972,0.0,116,,no_solution,nan,,,,,,
,,,,,,,,,,,,,,2,,,,,,-0.10116940700685847,2,0.0,6.445707944413437,54.668258758960526,0.7544463169839997,nan,,,0p25m,nan,nan,,0.0,121,,skipped_insufficient_features,nan,,,,,,
,,,,,,,,,,,,,,4,,raw_lidar_xy_decimated,35633,0.125,,-0.2270786969332281,4,0.0,5.653901832775229,71.51541385754619,0.7051030322854948,nan,,,0p25m,nan,nan,0.018834597009117715,0.0,122,,no_solution,nan,,,,,,
,,,,,,,,,,,,,,1,,,,,,-0.23968345675788988,1,0.0,5.777465943055696,47.80330793993236,0.7112872486480355,nan,,,0p25m,nan,nan,,0.0,123,,skipped_insufficient_features,nan,,,,,,
,,,,,,,,,,,,,,3,,raw_lidar_xy_decimated,40434,0.125,,0.999109564094237,3,0.0,6.473078371659792,69.76231970053747,0.7561926864355564,nan,,,0p25m,nan,nan,0.00121557799866423,0.0,128,,no_solution,nan,,,,,,
,,,,,,,,,,,,,,1,,,,,,-0.2911486619980697,1,0.0,6.767569375637906,72.47607363813246,0.7759231958179578,nan,,,0p25m,nan,nan,,0.0,132,,skipped_insufficient_features,nan,,,,,,
,,,,,,,,,,,,,,2,,,,,,-0.1834522893526085,2,0.0,6.02669365092426,82.74347638428937,0.7279175902754269,nan,,,0p25m,nan,nan,,0.0,134,,skipped_insufficient_features,nan,,,,,,
,,,,,,,,,,,,,,1,,,,,,-28.37816933253156,1,0.0,6.739963832828303,79.29080179945213,0.774056784284499,nan,,,0p25m,nan,nan,,0.0,138,,skipped_insufficient_features,nan,,,,,,
,,,,,,,,,,,,,,2,,,,,,-51.36699962412441,2,0.0,6.122136801673248,89.31379426836551,0.7337564248115308,nan,,,0p25m,nan,nan,,0.0,139,,skipped_insufficient_features,nan,,,,,,
,,,,,,,,,,,,,,0,,,,,,-50.19953007293755,0,0.0,nan,nan,nan,nan,,,0p25m,nan,nan,,0,140,,skipped_insufficient_features,nan,,,,,,
,,,,,,,,,,,,,,0,,,,,,-0.041409577231133726,0,0.0,nan,nan,nan,nan,,,0p25m,nan,nan,,0,146,,skipped_insufficient_features,nan,,,,,,
,,,,,,,,,,,,,,0,,,,,,-0.08029335980524611,0,0.0,nan,nan,nan,nan,,,0p25m,nan,nan,,0,147,,skipped_insufficient_features,nan,,,,,,
,,,,,,,,,,,,,,0,,,,,,0.09430013246914419,0,0.0,nan,nan,nan,nan,,,0p25m,nan,nan,,0,149,,skipped_insufficient_features,nan,,,,,,
,,,,,,,,,,,,,,1,,,,,,-0.2464566338975055,1,0.0,7.403545808755259,89.14051407749453,0.819824213650419,nan,,,0p25m,nan,nan,,0.0,150,,skipped_insufficient_features,nan,,,,,,
,,,,,,,,,,,,,,0,,,,,,0.3265598767191461,0,0.0,nan,nan,nan,nan,,,0p25m,nan,nan,,0,151,,skipped_insufficient_features,nan,,,,,,
,,,,,,,,,,,,,,0,,,,,,-0.001214105516800747,0,0.0,nan,nan,nan,nan,,,0p25m,nan,nan,,0,156,,skipped_insufficient_features,nan,,,,,,
,,,,,,,,,,,,,,0,,,,,,0.04252251845663024,0,0.0,nan,nan,nan,nan,,,0p25m,nan,nan,,0,157,,skipped_insufficient_features,nan,,,,,,
,,,,,,,,,,,,,,0,,,,,,-0.10491516470180341,0,0.0,nan,nan,nan,nan,,,0p25m,nan,nan,,0,158,,skipped_insufficient_features,nan,,,,,,
,,,,,,,,,,,,,,0,,,,,,0.03438748729898099,0,0.0,nan,nan,nan,nan,,,0p25m,nan,nan,,0,159,,skipped_insufficient_features,nan,,,,,,
,,,,,,,,,,,,,,0,,,,,,-0.9253907114125379,0,0.0,nan,nan,nan,nan,,,0p25m,nan,nan,,0,161,,skipped_insufficient_features,nan,,,,,,
,,,,,,,,,,,,,,0,,,,,,-1.007605617047581,0,0.0,nan,nan,nan,nan,,,0p25m,nan,nan,,0,162,,skipped_insufficient_features,nan,,,,,,
,,,,,,,,,,,,,,0,,,,,,-51.6079892466221,0,0.0,nan,nan,nan,nan,,,0p25m,nan,nan,,0,164,,skipped_insufficient_features,nan,,,,,,
,,,,,,,,,,,,,,0,,,,,,-47.749698636822885,0,0.0,nan,nan,nan,nan,,,0p25m,nan,nan,,0,165,,skipped_insufficient_features,nan,,,,,,
,,,,,,,,,,,,,,0,,,,,,-27.649919026529766,0,0.0,nan,nan,nan,nan,,,0p25m,nan,nan,,0,168,,skipped_insufficient_features,nan,,,,,,
,,,,,,,,,,,,,,0,,,,,,0.11832103500359865,0,0.0,nan,nan,nan,nan,,,0p25m,nan,nan,,0,169,,skipped_insufficient_features,nan,,,,,,
,,,,,,,,,,,,,,0,,,,,,-0.22209378960778053,0,0.0,nan,nan,nan,nan,,,0p25m,nan,nan,,0,172,,skipped_insufficient_features,nan,,,,,,
,,,,,,,,,,,,,,0,,,,,,-47.31333153584155,0,0.0,nan,nan,nan,nan,,,0p25m,nan,nan,,0,175,,skipped_insufficient_features,nan,,,,,,
,,,,,,,,,,,,,,1,,,,,,-44.92199332715446,1,0.0,7.3846281727584335,117.04873450832349,0.8184945214285096,nan,,,0p25m,nan,nan,,0.0,177,,skipped_insufficient_features,nan,,,,,,
,,,,,,,,,,,,,,0,,,,,,-45.158954144236574,0,0.0,nan,nan,nan,nan,,,0p25m,nan,nan,,0,180,,skipped_insufficient_features,nan,,,,,,
,,,,,,,,,,,,,,1,,,,,,-45.05965179376306,1,0.0,8.325612581236586,28.996228202992196,0.886222699885019,nan,,,0p25m,nan,nan,,0.0,181,,skipped_insufficient_features,nan,,,,,,
,,,,,,,,,,,,,,1,,,,,,-1.3980974349744029,1,0.0,8.555353758527652,24.734212136229445,0.9032142744191728,nan,,,0p25m,nan,nan,,0.0,187,,skipped_insufficient_features,nan,,,,,,
,,,,,,,,,,,,,,0,,,,,,-45.04879182873569,0,0.0,nan,nan,nan,nan,,,0p25m,nan,nan,,0,194,,skipped_insufficient_features,nan,,,,,,
,,,,,,,,,,,,,,1,,,,,,-44.63189395561606,1,0.0,7.675793541300483,18.44671379948201,0.8391116425202846,nan,,,0p25m,nan,nan,,0.0,195,,skipped_insufficient_features,nan,,,,,,
,,,,,,,,,,,,,,0,,,,,,-19.755018122705007,0,0.0,nan,nan,nan,nan,,,0p25m,nan,nan,,0,198,,skipped_insufficient_features,nan,,,,,,
,,,,,,,,,,,,,,0,,,,,,-43.35935116504697,0,0.0,nan,nan,nan,nan,,,0p25m,nan,nan,,0,199,,skipped_insufficient_features,nan,,,,,,
,,,,,,,,,,,,,,0,,,,,,-51.920002781545676,0,0.0,nan,nan,nan,nan,,,0p25m,nan,nan,,0,200,,skipped_insufficient_features,nan,,,,,,
,,,,,,,,,,,,,,0,,,,,,-17.736053185170473,0,0.0,nan,nan,nan,nan,,,0p25m,nan,nan,,0,201,,skipped_insufficient_features,nan,,,,,,
,,,,,,,,,,,,,,0,,,,,,-25.06032227546084,0,0.0,nan,nan,nan,nan,,,0p25m,nan,nan,,0,203,,skipped_insufficient_features,nan,,,,,,
,,,,,,,,,,,,,,0,,,,,,-53.63188288352155,0,0.0,nan,nan,nan,nan,,,0p25m,nan,nan,,0,204,,skipped_insufficient_features,nan,,,,,,
,,,,,,,,,,,,,,0,,,,,,-44.58542508273986,0,0.0,nan,nan,nan,nan,,,0p25m,nan,nan,,0,208,,skipped_insufficient_features,nan,,,,,,
,,,,,,,,,,,,,,0,,,,,,-44.493046080957896,0,0.0,nan,nan,nan,nan,,,0p25m,nan,nan,,0,209,,skipped_insufficient_features,nan,,,,,,
,,,,,,,,,,,,,,0,,,,,,-45.004129897932444,0,0.0,nan,nan,nan,nan,,,0p25m,nan,nan,,0,211,,skipped_insufficient_features,nan,,,,,,
,,,,,,,,,,,,,,0,,,,,,-45.226195919365196,0,0.0,nan,nan,nan,nan,,,0p25m,nan,nan,,0,212,,skipped_insufficient_features,nan,,,,,,
,,,,,,,,,,,,,,0,,,,,,-45.1445106478819,0,0.0,nan,nan,nan,nan,,,0p25m,nan,nan,,0,213,,skipped_insufficient_features,nan,,,,,,
,,,,,,,,,,,,,,0,,,,,,-45.24332247813931,0,0.0,nan,nan,nan,nan,,,0p25m,nan,nan,,0,215,,skipped_insufficient_features,nan,,,,,,
,,,,,,,,,,,,,,0,,,,,,-44.923426990035885,0,0.0,nan,nan,nan,nan,,,0p25m,nan,nan,,0,216,,skipped_insufficient_features,nan,,,,,,
,,,,,,,,,,,,,,0,,,,,,4.497228635513646,0,0.0,nan,nan,nan,nan,,,0p25m,nan,nan,,0,218,,skipped_insufficient_features,nan,,,,,,
,,,,,,,,,,,,,,0,,,,,,2.5919917269129797,0,0.0,nan,nan,nan,nan,,,0p25m,nan,nan,,0,219,,skipped_insufficient_features,nan,,,,,,
,,,,,,,,,,,,,,0,,,,,,-27.5843840814309,0,0.0,nan,nan,nan,nan,,,0p25m,nan,nan,,0,221,,skipped_insufficient_features,nan,,,,,,
,,,,,,,,,,,,,,0,,,,,,-48.255786660187866,0,0.0,nan,nan,nan,nan,,,0p25m,nan,nan,,0,223,,skipped_insufficient_features,nan,,,,,,
,,,,,,,,,,,,,,0,,,,,,-45.19400440486166,0,0.0,nan,nan,nan,nan,,,0p25m,nan,nan,,0,224,,skipped_insufficient_features,nan,,,,,,
,,,,,,,,,,,,,,0,,,,,,-44.54586364835258,0,0.0,nan,nan,nan,nan,,,0p25m,nan,nan,,0,226,,skipped_insufficient_features,nan,,,,,,
,,,,,,,,,,,,,,0,,,,,,-45.19576653348243,0,0.0,nan,nan,nan,nan,,,0p25m,nan,nan,,0,227,,skipped_insufficient_features,nan,,,,,,
,,,,,,,,,,,,,,0,,,,,,-44.192601779328875,0,0.0,nan,nan,nan,nan,,,0p25m,nan,nan,,0,238,,skipped_insufficient_features,nan,,,,,,
,,,,,,,,,,,,,,0,,,,,,-95.901946483427,0,0.0,nan,nan,nan,nan,,,0p25m,nan,nan,,0,242,,skipped_insufficient_features,nan,,,,,,
,,,,,,,,,,,,,,1,,,,,,-137.16893425185307,1,0.0,8.39262770365387,26.425011825919775,0.8911618320416493,nan,,,0p25m,nan,nan,,0.0,244,,skipped_insufficient_features,nan,,,,,,
,,,,,,,,,,,,,,1,,,,,,-164.5539115510065,1,0.0,9.461418900312923,24.475114912906946,0.9717558443949752,nan,,,0p25m,nan,nan,,0.0,250,,skipped_insufficient_features,nan,,,,,,
,,,,,,,,,,,,,,3,,raw_lidar_xy_decimated,41181,0.125,,-63.83204717351927,3,0.0,10.305297912733858,26.559485123021492,1.0375549525664025,nan,,,0p25m,nan,nan,0.0258404199994402,0.0,253,,no_solution,nan,,,,,,
3,0,inf,inf,5,"[51, 49, 54, 56, 50]","[4, 2, 5, 6, 3]",3.5222536026756166,0.09040573947567476,20.14768202915962,651.3686650953288,-5509.160244427215,-1006.9665043652058,4,7,-0.3066862560035059,raw_lidar_xy_decimated,21579,0.25,1.2687513959111527,21.41643342507076,7,0.6020599913279624,1.3531803753868756,69.68590244805617,0.513760439397059,2.163331951708429,3.8780373086036097,1.0,0p5m,0.0,1.7147053568951807,0.4886078580020694,0.7142857142857143,10,-1006.809,solution,0.3066862560035059,653.0653666970207,-5508.912417601022,-1006.8656099911697,-0.05660999116964427,1.7147053568951807,0.10089437403610191
2,0,inf,inf,5,"[51, 54, 56, 49, 50]","[3, 5, 6, 2, 4]",2.776619460114354,0.11386171326408717,46.817119803457096,653.0063178178216,-5507.22430815907,-1006.9399791657925,3,7,-0.5806332213073605,raw_lidar_xy_decimated,20475,0.25,1.4024249833655915,45.4146948200915,7,0.47712125471966244,1.412621194806551,72.66446862119065,0.5149783991569309,0.3167606312526874,2.554121225956444,1.0,0p5m,0.44213854510785033,2.679499139811607,0.45026465599949006,0.7142857142857143,13,-1006.809,solution,0.5806332213073605,655.1983962288042,-5506.776452522913,-1006.8301503021113,-0.021150302111307917,2.2373605947037567,0.10982886368117306
4,0,inf,inf,6,"[51, 54, 49, 56, 50, 55]","[2, 4, 1, 6, 3, 5]",8.050385249357767,0.20778194542149184,46.02646076991788,653.5580599148784,-5507.11300670318,-1006.8090804815292,6,7,-0.4302695604951843,raw_lidar_xy_decimated,19764,0.25,1.4710431467474905,44.5554176231704,7,0.7781512503836436,1.2492915821200954,69.2504512620676,0.5117513094029381,2.9291682183729377,5.511508625644527,1.0,0p5m,0.0,2.5823404072715896,0.3262478750111768,0.8571428571428571,14,-1006.809,solution,0.4302695604951843,655.9157929042468,-5506.059642032294,-1006.8143394759986,-0.005339475998682508,2.5823404072715896,0.00525899446938638
4,0,inf,inf,5,"[49, 51, 52, 54, 56]","[3, 6, 5, 4, 7]",3.1363067488027605,0.6631886279962083,44.512005881227886,655.0409889314575,-5506.729378841355,-1006.8415750861168,5,8,-0.4936854082099078,raw_lidar_xy_decimated,20632,0.25,0.4423340282942263,44.95433990952211,8,0.6989700043360189,2.871172633684858,66.61059512518332,0.5595909635682285,1.2816266713660367,4.429742195082444,1.0,0p5m,0.0,3.148115523716407,0.7315861509996466,0.625,16,-1006.809,solution,0.4936854082099078,657.3782128714513,-5504.620346929557,-1006.7785443171618,0.030455682838178233,3.148115523716407,0.06303076895494542
3,0,inf,inf,4,"[56, 54, 49, 52]","[7, 6, 4, 5]",3.710918540923051,0.21659589603625576,45.07290735834447,657.7918189023601,-5506.9322696142135,-1006.9044904708862,4,8,-0.3937239133555886,raw_lidar_xy_decimated,20368,0.25,0.2727026954426037,44.80020466290187,8,0.6020599913279624,2.158092247790372,80.59226248092679,0.5343312725996007,-0.3287655150955979,3.5817796930352817,1.0,0p5m,0.0,3.9105452081308796,0.7316190109995659,0.5,18,-1006.809,solution,0.3937239133555886,658.8288281527425,-5503.1617291172215,-1006.7661490926739,0.04285090732601543,3.9105452081308796,0.13834137821231707
3,0,inf,inf,5,"[54, 52, 51, 49, 56]","[6, 5, 4, 3, 7]",3.685875504598843,0.21308000072080127,44.94973710663766,662.3115113733716,-5500.807174689188,-1006.7745860815048,3,8,-0.2258038234564835,raw_lidar_xy_decimated,19298,0.25,0.06668192658170824,45.01641903321937,8,0.47712125471966244,1.7317018192980798,73.0216767330676,0.5223548439898171,1.0907782156648518,2.3163328658727482,1.0,0p5m,0.0,1.2255546502078964,0.6002348519978113,0.625,23,-1006.809,solution,0.2258038234564835,662.4121236448009,-5499.585756918119,-1006.676345770627,0.1326542293730154,1.2255546502078964,0.09824031087782714
5,0,inf,inf,6,"[49, 52, 54, 51, 56, 50]","[3, 6, 8, 5, 9, 7]",3.5660009424183117,0.22676272478020967,20.26709170725291,662.0014653087269,-5500.131176032843,-1006.7835531830788,9,10,-0.20558051827815688,raw_lidar_xy_decimated,21705,0.25,0.9116406339700234,19.355451073282893,10,0.9542425094393249,1.5984895484529347,102.47096103218234,0.5191907670708984,1.2461704053598763,2.9241812259634763,1.0,0p5m,0.0,1.6780108206036,1.3225182829919504,0.6,24,-1006.809,solution,0.20558051827815688,663.2246219904457,-5498.9824340922705,-1006.6723675092962,0.13663249070373035,1.6780108206036,0.11118567378252919
,,,,,,,,,,,,,,7,,raw_lidar_xy_decimated,21314,0.25,,-0.16667110086677617,7,0.0,1.7541806604368162,89.85891719801658,0.5229230224121364,nan,,,0p5m,nan,nan,0.43089345599582884,0.0,30,,no_solution,nan,,,,,,
,,,,,,,,,,,,,,7,,raw_lidar_xy_decimated,21036,0.25,,43.54897219830171,7,0.0,2.265019482125532,37.3781353199969,0.5376897902759259,nan,,,0p5m,nan,nan,0.31265176499437075,0.0,33,,no_solution,nan,,,,,,
,,,,,,,,,,,,,,11,,raw_lidar_xy_decimated,22535,0.25,,-10.645208482925279,11,0.0,1.24823356934454,141.76080205755045,0.5117316355234618,nan,,,0p5m,nan,nan,1.458889783010818,0.0,36,,no_solution,nan,,,,,,
2,0,inf,inf,5,"[51, 49, 54, 52, 50]","[7, 4, 9, 8, 5]",9.946678195692355,0.29138562914644356,2.735766544161331,675.8041522429869,-5499.305985631258,-1006.9338916540146,2,10,-0.5088898855746297,raw_lidar_xy_decimated,23433,0.25,1.7463218118967347,0.9894447322646083,10,0.3010299956639812,1.166939254423296,117.78214575918633,0.510312994120487,-0.20796651019041246,2.6570329796723784,1.0,0p5m,0.0,2.864999489862791,1.0153823050059145,0.5,39,-1006.809,solution,0.5088898855746297,677.5306350166426,-5497.019617483041,-1006.9837414534746,-0.17474145347471032,2.864999489862791,0.049849799460048416
4,0,inf,inf,4,"[52, 49, 54, 51]","[6, 3, 7, 4]",1.5150236430820643,0.050998373816989746,0.38718462442706186,678.0613311919212,-5498.238248415235,-1007.1108077466488,5,8,-0.19497559249071597,raw_lidar_xy_decimated,24510,0.25,0.3080310302969451,0.07915359413011744,8,0.6989700043360189,1.1915795465116195,45.41933405800904,0.5111527817395405,-0.013117317520128902,1.936039548009486,1.0,0p5m,0.0,1.949156865529615,0.5091426069993759,0.5,41,-1006.809,solution,0.19497559249071597,679.5637249832185,-5496.996465268984,-1007.0208233930429,-0.21182339304289238,1.949156865529615,0.08998435360592794
3,0,inf,inf,4,"[52, 49, 51, 54]","[5, 2, 3, 6]",0.8581813792681207,0.05409179575031488,30.480440409484537,679.674653306923,-5498.469685980576,-1007.1922268271446,4,7,-0.679302971770573,raw_lidar_xy_decimated,24133,0.25,1.2206453520980745,29.259795057386466,7,0.6020599913279624,1.4740682390890583,29.09682113221305,0.5162893669923678,-0.053526716206723446,2.4760240919033576,1.0,0p5m,0.0,2.529550808110081,0.2715400529996259,0.5714285714285714,43,-1006.809,solution,0.679302971770573,681.5655591393408,-5496.789476938898,-1007.0817007753739,-0.2727007753739373,2.529550808110081,0.11052605177076202
4,0,inf,inf,5,"[51, 49, 52, 54, 50]","[4, 3, 6, 7, 5]",8.179492729152702,0.2897406657333713,-1.2228025523718604,686.9388234757703,-5495.319376196651,-1007.2850587666035,5,8,-0.5101570010226292,raw_lidar_xy_decimated,20757,0.25,1.018495774281945,-2.2412983266538062,8,0.6989700043360189,0.6011584699465953,78.76874533762341,0.5029211095024916,-0.3985651760940714,3.5058096922577024,1.0,0p5m,0.0,3.904374868351774,0.5892528840049636,0.625,53,-1006.809,solution,0.5101570010226292,689.9236098257888,-5492.8023951563255,-1007.2223599418907,-0.41335994189066677,3.904374868351774,0.06269882471281107
2,0,inf,inf,5,"[49, 51, 52, 54, 50]","[1, 3, 4, 5, 2]",7.2470396463178774,0.24532750133510073,-8.073036072890064,688.9658923932487,-5493.897442183414,-1007.3218230828643,3,6,-0.6253422820588842,raw_lidar_xy_decimated,20966,0.25,0.37192390076705806,-7.701112172122993,6,0.47712125471966244,0.43102173282191925,71.86177253708064,0.5015342303767377,1.8014694741877402,3.9828561550553245,1.0,0p5m,0.0,2.1813866808675844,0.257598167998367,0.8333333333333334,54,-1006.809,solution,0.6253422820588842,690.918311986105,-5492.924556997537,-1007.21635448914,-0.40735448914009476,2.1813866808675844,0.10546859372425388
4,0,inf,inf,4,"[51, 52, 49, 54]","[6, 5, 4, 3]",3.3468204798008405,0.728629586246981,47.31033985044984,694.1826658486683,-5492.644350481996,-1007.8281706869602,6,7,-0.9618967223184496,raw_lidar_xy_decimated,13535,0.25,2.727765789501291,44.58257406094856,7,0.7781512503836436,1.2740539393934827,42.890849840029986,0.5122163148729064,0.4240176922183352,4.439672531936053,1.0,0p5m,0.0,4.015654839717718,0.38964211799611803,0.5714285714285714,61,-1006.809,solution,0.9618967223184496,696.5610680189214,-5489.408815455407,-1007.1844145563737,-0.3754145563736792,4.015654839717718,0.6437561305865529
,,,,,,,,,,,,,,5,,raw_lidar_xy_decimated,14957,0.25,,-11.690018913226197,5,0.0,0.45973758760463207,38.86675957679004,0.5016070745623559,nan,,,0p5m,nan,nan,0.07680357700155582,0.0,66,,no_solution,nan,,,,,,
4,0,inf,inf,4,"[51, 54, 49, 52]","[3, 5, 2, 4]",1.316732975925266,0.07307861432002828,0.6517120361391568,702.2156539796706,-5486.9343875441555,-1006.796599239111,4,6,-0.17282001798766256,raw_lidar_xy_decimated,15353,0.25,0.32156638795530057,0.3301456481838429,6,0.6020599913279624,1.9550498518414077,45.400995308556666,0.5373378722768587,0.2918162001053155,1.7530695783780905,1.0,0p5m,0.0,1.461253378272775,0.19988823500170838,0.6666666666666666,69,-1006.809,solution,0.17282001798766256,703.6765123624073,-5486.968361373813,-1006.7683413970327,0.04065860296730439,1.461253378272775,0.028257842078232898
2,0,inf,inf,4,"[54, 51, 49, 52]","[3, 1, 0, 2]",1.9034467154956243,0.06719836711085889,-0.5656002601487696,703.5530843006939,-5489.011778902756,-1006.8038085103035,3,4,-0.20199275386208534,raw_lidar_xy_decimated,16967,0.25,0.42581867265391793,-0.1397815874948478,4,0.47712125471966244,0.7688915846706654,45.413996292998135,0.5044834823378663,0.18572077117609265,2.5438038179865097,1.0,0p5m,0.20158240931314397,2.559665456123561,0.033737231002305634,1.0,70,-1006.809,solution,0.20199275386208534,704.6893001333958,-5486.94548530378,-1006.6386236879371,0.1703763120629217,2.358083046810417,0.1651848223664274
,,,,,,,,,,,,,,4,,raw_lidar_xy_decimated,19782,0.25,,-0.3085181092122478,4,0.0,0.927545210200905,47.642947464008714,0.5065115058320788,nan,,,0p5m,nan,nan,0.02988019899930805,0.0,71,,no_solution,nan,,,,,,
2,0,inf,inf,4,"[51, 49, 52, 54]","[2, 1, 3, 4]",1.849660518658004,0.19739155479193063,1.025448183931285,705.5166874914858,-5487.430274854412,-1006.3977546691895,2,5,-0.2657276750544249,raw_lidar_xy_decimated,20252,0.25,0.8572126487539435,0.1682355351773335,5,0.3010299956639812,1.2385369133045787,52.01562265319911,0.5115520674550975,0.47448608498010403,1.7669495458565339,1.0,0p5m,0.0,1.2924634608764298,0.09601452900096774,0.8,72,-1006.809,solution,0.2657276750544249,706.715732062541,-5486.947829091322,-1006.3596556752635,0.44934432473640135,1.2924634608764298,0.03809899392592797
3,0,inf,inf,4,"[51, 52, 49, 54]","[1, 2, 0, 3]",0.9540217905403146,0.21757077109083947,-1.2844204598375468,706.6205573812059,-5488.620597182676,-1006.6193664073944,4,4,-0.3562655130245832,raw_lidar_xy_decimated,22898,0.25,0.8654714648657205,-0.4189489949718158,4,0.6020599913279624,0.7109062296206301,49.41405095160154,0.5040583370909452,0.05827051974897879,2.0935864413754937,1.0,0p5m,0.0,2.035315921626515,0.05173598098917864,1.0,73,-1006.809,solution,0.3562655130245832,707.76569787434,-5486.937990825915,-1006.305336034664,0.5036639653359534,2.035315921626515,0.3140303727303717
,,,,,,,,,,,,,,4,,raw_lidar_xy_decimated,20644,0.25,,-1.1292826878834028,4,0.0,1.241427274483292,61.32626065042557,0.511617366104961,nan,,,0p5m,nan,nan,0.0012477670097723603,0.0,76,,no_solution,nan,,,,,,
4,0,inf,inf,5,"[49, 54, 51, 52, 56]","[1, 4, 2, 3, 5]",2.253992022720769,0.10454057989576733,-1.06830869858278,709.8551515336176,-5487.5072928622085,-1006.111152201891,4,6,-0.21146807728546446,raw_lidar_xy_decimated,19818,0.25,0.0905442602071389,-0.977764438375635,6,0.6020599913279624,1.3940501323432721,52.52196041959144,0.5146105525549928,0.8867236124117426,2.9452907312408736,1.0,0p5m,0.0,2.058567118829131,0.09552507899934426,0.8333333333333334,77,-1006.809,solution,0.21146807728546446,711.8399342764524,-5486.961091391623,-1006.034725040889,0.7742749591109717,2.058567118829131,0.07642716100190228
4,0,inf,inf,6,"[51, 52, 56, 49, 54, 55]","[4, 3, 6, 2, 5, 7]",9.97818355925836,0.3321923822104727,0.03022174245688328,710.9050113818604,-5490.8900765156595,-1006.5986505746841,13,8,-0.5684935493765957,raw_lidar_xy_decimated,17649,0.25,0.7769322327172858,0.8071539751741564,8,1.1139433523068367,0.8344695017189172,76.61345678916108,0.5052767081058429,3.3534885191062234,8.214431673574943,1.0,0p5m,0.0,4.860943154468719,0.4652002959919628,0.75,79,-1006.809,solution,0.5684935493765957,713.8622939183145,-5487.032195186412,-1005.9497660547764,0.859233945223506,4.860943154468719,0.6488845199077105
,,,,,,,,,,,,,,6,,raw_lidar_xy_decimated,17107,0.25,,0.7635348912758074,6,0.0,1.46497371247427,89.53309879345792,0.5161618150112476,nan,,,0p5m,nan,nan,0.13181952699960675,0.0,80,,no_solution,nan,,,,,,
,,,,,,,,,,,,,,6,,raw_lidar_xy_decimated,16803,0.25,,0.3186492843369334,6,0.0,1.828516095601336,93.25204686119893,0.5249176267199105,nan,,,0p5m,nan,nan,0.13084835599875078,0.0,82,,no_solution,nan,,,,,,
,,,,,,,,,,,,,,4,,raw_lidar_xy_decimated,16765,0.25,,-0.3522399068460678,4,0.0,1.5494445627424402,57.1169194699695,0.5180329504791032,nan,,,0p5m,nan,nan,0.029105448003974743,0.0,83,,no_solution,nan,,,,,,
3,0,inf,inf,5,"[54, 51, 49, 52, 56]","[5, 3, 2, 4, 6]",1.8354690169143,0.019323609692076155,-0.26950167904934225,717.2383150828305,-5486.685534053294,-1005.6215260028839,3,7,-0.1501932215230594,raw_lidar_xy_decimated,17276,0.25,0.07582767169262183,-0.3453293507419563,7,0.47712125471966244,1.7904993676334737,63.2307282893373,0.5238607990213722,0.478482539475914,2.1848742112780615,1.0,0p5m,0.0,1.7063916718021475,0.29232905399112497,0.7142857142857143,84,-1006.809,solution,0.1501932215230594,718.9171868841113,-5486.99075858124,-1005.5012632553336,1.3077367446664259,1.7063916718021475,0.12026274755032773
2,0,inf,inf,4,"[56, 51, 49, 54]","[3, 2, 1, 4]",1.7079854589808274,0.24344963169299588,0.22930656595492402,719.8131356166328,-5487.012412172333,-1005.1441246271133,3,5,-0.36239037276528957,raw_lidar_xy_decimated,22056,0.25,0.005207852539314217,0.22409871341562324,5,0.47712125471966244,2.216693873070705,88.54730374212419,0.5361507057580459,0.10376347501681105,2.2493032175682766,1.0,0p5m,0.0,2.1455397425514655,0.11106673500034958,0.8,87,-1006.809,solution,0.36239037276528957,721.9586480505693,-5487.001587076867,-1005.1007557535738,1.708244246426167,2.1455397425514655,0.04336887353952079
2,0,inf,inf,4,"[52, 49, 51, 56]","[4, 2, 3, 5]",1.8588889947035845,0.05593878769851482,0.6360047311348995,720.7501927595595,-5486.2560270984895,-1005.1427934169769,2,6,-0.2477409082505638,raw_lidar_xy_decimated,22793,0.25,0.6374585666023904,-0.001453835467480003,6,0.3010299956639812,3.6005800435092095,91.85616408924876,0.6002052503011991,-0.009781694155272636,2.348978194719979,1.0,0p5m,0.0,2.3587598888752517,0.21926400800293777,0.6666666666666666,88,-1006.809,solution,0.2477409082505638,722.9875972880423,-5487.002866565371,-1004.9642160449109,1.8447839550890914,2.3587598888752517,0.17857737206600177
2,0,inf,inf,5,"[49, 51, 54, 56, 52]","[1, 3, 4, 5, 2]",8.83989520270999,0.17715306296433916,-1.0914358959634138,726.0540174113129,-5486.668906921717,-1004.5570542812347,4,6,-0.2996893904119307,raw_lidar_xy_decimated,25473,0.25,0.9217959058906899,-0.1696399900727368,6,0.6020599913279624,2.4993019622360166,90.52709873327407,0.5457387589537319,2.356279309223666,3.4680099669072724,1.0,0p5m,0.0,1.1117306576836066,0.20301597900106572,0.8333333333333334,90,-1006.809,solution,0.2996893904119307,724.9941853815859,-5487.0046168024155,-1004.6745697982262,2.1344302017736836,1.1117306576836066,0.11751551699148877
2,0,inf,inf,4,"[56, 52, 51, 49]","[4, 3, 2, 1]",1.4118782215214059,0.02060810550301235,-0.1443931972304095,729.3159352000207,-5486.923342573356,-1003.8194103240967,2,5,-0.5086917142220916,raw_lidar_xy_decimated,24629,0.25,0.27827762226101527,0.13388442503061293,5,0.3010299956639812,3.0399763763124614,66.2995098021094,0.5661360317681278,0.1280146099734054,2.8186892574028213,1.0,0p5m,0.0,2.690674647429416,0.04610683099599555,0.8,97,-1006.809,solution,0.5086917142220916,732.0056026480726,-5486.996956955169,-1003.731802559405,3.077197440594948,2.690674647429416,0.08760776469171105
2,0,inf,inf,4,"[52, 49, 51, 56]","[2, 0, 1, 3]",1.2549935890882602,0.059739094674708185,-0.5147183298239801,731.0379860103759,-5488.240899228759,-1003.7959442138672,2,5,-0.41684153028081844,raw_lidar_xy_decimated,27373,0.25,0.4983716298305012,-0.016346699993469542,5,0.3010299956639812,2.9590581351420684,77.47983608655868,0.5628496181778545,0.3284439446351519,2.6688985180641565,1.0,0p5m,0.0,2.3404545734290045,0.05905018700286746,0.8,98,-1006.809,solution,0.41684153028081844,733.0200129150755,-5486.996191648911,-1003.6000861834601,3.2089138165398143,2.3404545734290045,0.1958580304070665
2,0,inf,inf,4,"[49, 51, 56, 54]","[1, 2, 3, 4]",2.1904390256938813,0.2877718435160977,0.2288767300336457,733.1492206216149,-5487.626256598936,-1003.6140351295471,2,6,-0.21091200127033718,raw_lidar_xy_decimated,26647,0.25,0.216894493545567,0.4457712235792012,6,0.3010299956639812,3.3397592312775974,115.85687015596224,0.5796657723203742,0.7222173353138965,2.721994974465165,1.0,0p5m,0.0,1.9997776391512685,0.19852283000363968,0.6666666666666666,100,-1006.809,solution,0.21091200127033718,735.0589826520511,-5487.033028486695,-1003.3643241287652,3.4446758712347734,1.9997776391512685,0.24971100078187192
3,0,inf,inf,5,"[56, 51, 54, 49, 52]","[4, 1, 3, 0, 2]",3.488176612198714,0.06931575084256153,-0.10827605592420445,736.1315450512155,-5487.559547657555,-1003.2127194404602,5,5,-0.2419822110855559,raw_lidar_xy_decimated,27129,0.25,0.017574529410694595,-0.09070152651350882,5,0.6989700043360189,2.9483506044356287,81.32419689120822,0.5624200182955411,0.4257155005153801,2.4602520128219245,1.0,0p5m,0.0,2.0345365123065444,0.07037614399450831,1.0,103,-1006.809,solution,0.2419822110855559,738.0949123813048,-5487.026136421222,-1002.9939512202589,3.815048779741174,2.0345365123065444,0.21876822020135478
3,0,inf,inf,5,"[54, 49, 51, 56, 52]","[4, 1, 2, 5, 3]",4.3256928533979035,0.08654911250181722,0.04863669671145191,737.8891210454572,-5487.0172038613,-1002.9422533512115,4,7,-0.8242379099465138,raw_lidar_xy_decimated,25008,0.25,0.4867237659695718,0.5353604626810283,7,0.6020599913279624,3.340864759695895,98.39270806314866,0.5789574958726077,0.5850434976699179,1.881990861505016,1.0,0p5m,0.0,1.2969473638350981,0.280491826008074,0.7142857142857143,104,-1006.809,solution,0.8242379099465138,739.1737275039754,-5486.838713773923,-1003.0012332511453,3.807766748854703,1.2969473638350981,0.058979899933774504
2,0,inf,inf,6,"[52, 54, 56, 49, 53, 51]","[3, 7, 8, 2, 5, 4]",6.732958266083858,0.22467525935053073,12.690060452655825,733.5854258333337,-5482.174805359148,-1003.2101111412048,2,9,-0.626619962701938,raw_lidar_xy_decimated,12539,0.25,2.46604633410044,10.224014118555395,9,0.3010299956639812,4.356964671394297,59.52835458838082,0.628588916097592,-0.7079448378383608,7.193903641683491,1.0,0p5m,0.0,7.901848479521852,0.1701232889899984,0.6666666666666666,105,-1006.809,solution,0.626619962701938,739.9981571376932,-5486.791740122756,-1002.8196329839519,3.989367016048046,7.901848479521852,0.39047815725291457
3,0,inf,inf,6,"[49, 51, 54, 56, 52, 53]","[0, 2, 4, 3, 1, 5]",10.747601483178459,0.9343443256473818,-7.311733161088959,742.2278407808261,-5486.950269151637,-1002.4863748550415,5,6,-0.6978836025420618,raw_lidar_xy_decimated,29217,0.25,1.8132924654721592,-5.4984406956167975,6,0.6989700043360189,3.450019329937523,93.94943315102394,0.583924748688867,1.9343053148866416,3.022710992857904,1.0,0p5m,0.0,1.0884056779712623,0.16048971300187986,1.0,106,-1006.809,solution,0.6978836025420618,741.1445186261084,-5486.845197609639,-1002.5909878779555,4.218012122044412,1.0884056779712623,0.10461302291400898
3,0,inf,inf,5,"[49, 54, 51, 52, 56]","[1, 4, 2, 3, 5]",3.652983640878454,0.12155271768403873,-6.6163088709091396,742.2224398546459,-5489.708738539941,-1002.5214664936066,4,6,-0.38849726413054986,raw_lidar_xy_decimated,28618,0.25,1.088591228187937,-5.527717642721197,6,0.6020599913279624,3.2775343862236075,92.91995756334207,0.576361638305269,-0.17022641647285663,2.575233689098814,1.0,0p5m,0.0,2.7454601055716705,0.17773013899568468,0.8333333333333334,107,-1006.809,solution,0.38849726413054986,742.1386016162292,-5486.964558818956,-1002.4583538068428,4.350646193157196,2.7454601055716705,0.06311268676381587
,,,,,,,,,,,,,,4,,raw_lidar_xy_decimated,30493,0.25,,0.17549991037541424,4,0.0,3.065008275556507,83.95407510159797,0.567392357170509,nan,,,0p5m,nan,nan,0.03029030200559646,0.0,110,,no_solution,nan,,,,,,
,,,,,,,,,,,,,,4,,raw_lidar_xy_decimated,28341,0.25,,0.4013755049303118,4,0.0,3.588914428190006,88.4390869274159,0.5904428168479046,nan,,,0p5m,nan,nan,0.032806269999127835,0.0,113,,no_solution,nan,,,,,,
3,0,inf,inf,4,"[51, 52, 49, 54]","[1, 2, 0, 5]",1.4031511661445326,0.27951431504216473,0.29191263617207386,748.9229641958705,-5487.796542516664,-1001.4867396354675,3,6,-0.6648289548374084,raw_lidar_xy_decimated,23583,0.25,0.7220875836565881,1.0140002198286726,6,0.47712125471966244,4.313347791089394,79.9203770230624,0.6269057820623019,0.5719895584500376,3.0581600809535443,1.0,0p5m,0.0,2.4861705225035067,0.09436086300411262,0.6666666666666666,116,-1006.809,solution,0.6648289548374084,751.2761590048843,-5486.994346743928,-1001.4264563805559,5.382543619444023,2.4861705225035067,0.06028325491161013
4,0,inf,inf,5,"[54, 49, 52, 51, 56]","[5, 1, 3, 2, 6]",2.2878836576189387,0.0558875738475068,0.48052853478862795,753.9398071519823,-5486.278797192703,-1000.9901785850525,5,7,-0.21522545429587328,raw_lidar_xy_decimated,19748,0.25,0.5816979417954826,-0.10116940700685847,7,0.6989700043360189,4.050548841982788,90.22818295854128,0.6126691827021479,0.4497090317912593,2.925663130332624,1.0,0p5m,0.0,2.4759540985413646,0.22346441399713513,0.7142857142857143,121,-1006.809,solution,0.21522545429587328,756.3124559306326,-5486.986530526136,-1000.8582677529937,5.950732247006305,2.4759540985413646,0.13191083205879295
3,0,inf,inf,5,"[54, 52, 49, 51, 56]","[6, 3, 1, 2, 7]",2.7512441250029616,0.11546235178406623,0.960261543724537,754.1906310615952,-5485.3333330374535,-1000.7148771286011,3,8,-0.406521655866938,raw_lidar_xy_decimated,21844,0.25,1.1873402406577611,-0.2270786969332281,8,0.47712125471966244,4.035249143786281,85.14424410618207,0.6119782034461653,-0.2922232157775677,3.248282875422555,1.0,0p5m,0.0,3.5405060912001227,0.19645566499093547,0.625,122,-1006.809,solution,0.406521655866938,757.3177792727969,-5486.993491899431,-1000.7013681388634,6.107631861136614,3.5405060912001227,0.013508989737715638
3,0,inf,inf,6,"[52, 51, 54, 56, 49, 53]","[3, 2, 6, 4, 1, 5]",5.56410112056526,0.5208567100398523,-1.2472472831901422,755.121538996605,-5489.303998881139,-1002.499813079834,4,8,-1.4834997196622781,raw_lidar_xy_decimated,20966,0.25,1.0075638264322606,-0.23968345675788988,8,0.6020599913279624,2.5527274780522413,105.60691534360592,0.5476059333983486,0.772944526345567,4.7800206313421265,1.0,0p5m,0.0,4.0070761049965595,0.24375198599591386,0.75,123,-1006.809,solution,1.4834997196622781,758.3852971053501,-5486.979231813488,-1000.512813355751,6.296186644248987,4.0070761049965595,1.9869997240830344
3,0,inf,inf,5,"[51, 49, 52, 56, 54]","[2, 1, 3, 5, 6]",3.4252835119983667,0.22061306658761679,0.9584107083572491,762.1773696588226,-5487.879097916568,-1000.0207052230835,4,7,-0.24287457688979686,raw_lidar_xy_decimated,23022,0.25,0.04069885573699139,0.999109564094237,7,0.6020599913279624,3.9715145857435434,100.82472415037891,0.608690003601809,0.9956290733058013,2.4567174336708426,1.0,0p5m,0.0,1.4610883603650413,0.09250919400074054,0.7142857142857143,128,-1006.809,solution,0.24287457688979686,763.3250169192447,-5486.9748385718885,-999.7082603249537,7.100739675046247,1.4610883603650413,0.31244489812979737
2,0,inf,inf,4,"[49, 52, 51, 56]","[1, 3, 2, 5]",0.994755761288364,0.06637041948839369,-0.726865908064335,763.9258535446317,-5488.193449285326,-999.2518949508667,2,6,-0.589876545746581,raw_lidar_xy_decimated,20108,0.25,0.43571724606627527,-0.2911486619980697,6,0.3010299956639812,5.705648632180261,105.22563807175145,0.7105682298742573,-0.17244909120456997,3.502510976696,1.0,0p5m,0.0,3.67496006790057,0.11512454701005481,0.6666666666666666,132,-1006.809,solution,0.589876545746581,767.3904432366945,-5486.967908683667,-999.1722128363871,7.636787163612888,3.67496006790057,0.07968211447962403
,,,,,,,,,,,,,,7,,raw_lidar_xy_decimated,18375,0.25,,-0.1834522893526085,7,0.0,5.518590541312611,88.84326085866051,0.6952473378519067,nan,,,0p5m,nan,nan,0.08577654599503148,0.0,134,,no_solution,nan,,,,,,
2,0,inf,inf,4,"[52, 51, 49, 56]","[2, 1, 0, 5]",2.611055214530881,0.087554278010098,-27.61340265951986,769.8435500680685,-5487.529935814315,-998.3972091674805,2,6,-0.47295914083081136,raw_lidar_xy_decimated,16623,0.25,0.7647666730117066,-28.37816933253156,6,0.3010299956639812,5.156999191364118,100.67926320517375,0.674371648177306,-0.21343506445630345,3.2589453589372797,1.0,0p5m,-0.308082778060105,3.164297645333478,0.08997998699487653,0.6666666666666666,138,-1006.809,solution,0.47295914083081136,773.3041541786316,-5487.244199931513,-998.3658635831699,8.443136416830013,3.472380423393583,0.03134558431054302
,,,,,,,,,,,,,,6,,raw_lidar_xy_decimated,18209,0.25,,-51.36699962412441,6,0.0,5.1966659208167885,102.77807170866095,0.6765295064700916,nan,,,0p5m,nan,nan,0.06868193599802908,0.0,139,,no_solution,nan,,,,,,
,,,,,,,,,,,,,,4,,raw_lidar_xy_decimated,20545,0.25,,-50.19953007293755,4,0.0,5.3885373461830515,95.40829614715966,0.6902088691155122,nan,,,0p5m,nan,nan,0.0012676030019065365,0.0,140,,no_solution,nan,,,,,,
,,,,,,,,,,,,,,6,,raw_lidar_xy_decimated,18650,0.25,,-0.041409577231133726,6,0.0,5.618048555068771,106.91143171845124,0.7017657598282274,nan,,,0p5m,nan,nan,0.11866196899791248,0.0,146,,no_solution,nan,,,,,,
,,,,,,,,,,,,,,6,,raw_lidar_xy_decimated,18838,0.25,,-0.08029335980524611,6,0.0,5.589301538328156,109.98834853065101,0.699965721767322,nan,,,0p5m,nan,nan,0.04317492799600586,0.0,147,,no_solution,nan,,,,,,
,,,,,,,,,,,,,,6,,raw_lidar_xy_decimated,19217,0.25,,0.09430013246914419,6,0.0,5.507165519249789,110.9583433401854,0.6949558289826616,nan,,,0p5m,nan,nan,0.09764164299122058,0.0,149,,no_solution,nan,,,,,,
,,,,,,,,,,,,,,5,,raw_lidar_xy_decimated,22059,0.25,,-0.2464566338975055,5,0.0,5.298751423356566,118.73763093476305,0.6819397898633334,nan,,,0p5m,nan,nan,0.04358483900432475,0.0,150,,no_solution,nan,,,,,,
,,,,,,,,,,,,,,7,,raw_lidar_xy_decimated,22088,0.25,,0.3265598767191461,7,0.0,6.126791386646233,105.5349468185776,0.7335245978362336,nan,,,0p5m,nan,nan,0.17385140698752366,0.0,151,,no_solution,nan,,,,,,
,,,,,,,,,,,,,,5,,raw_lidar_xy_decimated,20699,0.25,,-0.001214105516800747,5,0.0,6.638998220259047,108.49251126229865,0.7672598602914231,nan,,,0p5m,nan,nan,0.049657632000162266,0.0,156,,no_solution,nan,,,,,,
,,,,,,,,,,,,,,6,,raw_lidar_xy_decimated,20676,0.25,,0.04252251845663024,6,0.0,6.743626425154556,106.70572936082851,0.7746655668029816,nan,,,0p5m,nan,nan,0.0015387430030386895,0.0,157,,no_solution,nan,,,,,,
,,,,,,,,,,,,,,5,,raw_lidar_xy_decimated,18970,0.25,,-0.10491516470180341,5,0.0,6.509647429961609,112.01841366489708,0.7586207810792372,nan,,,0p5m,nan,nan,0.0014254289999371395,0.0,158,,no_solution,nan,,,,,,
,,,,,,,,,,,,,,5,,raw_lidar_xy_decimated,18479,0.25,,0.03438748729898099,5,0.0,6.712614797976879,111.05685480869697,0.7722110962201765,nan,,,0p5m,nan,nan,0.022831013004179113,0.0,159,,no_solution,nan,,,,,,
,,,,,,,,,,,,,,5,,raw_lidar_xy_decimated,18425,0.25,,-0.9253907114125379,5,0.0,6.28414833612145,116.29542123402796,0.7437512144910937,nan,,,0p5m,nan,nan,0.0013336270058061928,0.0,161,,no_solution,nan,,,,,,
,,,,,,,,,,,,,,5,,raw_lidar_xy_decimated,17669,0.25,,-1.007605617047581,5,0.0,7.2341457341441044,133.72406290567153,0.8079676111877436,nan,,,0p5m,nan,nan,0.02809374600474257,0.0,162,,no_solution,nan,,,,,,
,,,,,,,,,,,,,,4,,raw_lidar_xy_decimated,19702,0.25,,-51.6079892466221,4,0.0,6.716066023127959,116.6997191435157,0.7747361911909925,nan,,,0p5m,nan,nan,0.013833741992129944,0.0,164,,no_solution,nan,,,,,,
,,,,,,,,,,,,,,4,,raw_lidar_xy_decimated,18371,0.25,,-47.749698636822885,4,0.0,6.834056710753854,113.89760414740019,0.7831531113523422,nan,,,0p5m,nan,nan,0.001221497994265519,0.0,165,,no_solution,nan,,,,,,
,,,,,,,,,,,,,,6,,raw_lidar_xy_decimated,18895,0.25,,-27.649919026529766,6,0.0,7.4202608019001755,107.14275147921393,0.8221019873553966,nan,,,0p5m,nan,nan,0.03797692999069113,0.0,168,,no_solution,nan,,,,,,
,,,,,,,,,,,,,,5,,raw_lidar_xy_decimated,18963,0.25,,0.11832103500359865,5,0.0,6.791895869641691,122.36267813348971,0.7775707358779334,nan,,,0p5m,nan,nan,0.009288591987569816,0.0,169,,no_solution,nan,,,,,,
,,,,,,,,,,,,,,6,,raw_lidar_xy_decimated,21128,0.25,,-0.22209378960778053,6,0.0,7.828607284342543,103.25274038565138,0.8501357616852858,nan,,,0p5m,nan,nan,0.013823949004290625,0.0,172,,no_solution,nan,,,,,,
,,,,,,,,,,,,,,6,,raw_lidar_xy_decimated,26334,0.25,,-47.31333153584155,6,0.0,7.083990705095258,127.95987508033663,0.7989809740100264,nan,,,0p5m,nan,nan,0.08547471099882387,0.0,175,,no_solution,nan,,,,,,
,,,,,,,,,,,,,,6,,raw_lidar_xy_decimated,29546,0.25,,-44.92199332715446,6,0.0,7.72208089794985,128.9439755572062,0.8426256038153894,nan,,,0p5m,nan,nan,0.0840427740040468,0.0,177,,no_solution,nan,,,,,,
,,,,,,,,,,,,,,7,,raw_lidar_xy_decimated,27106,0.25,,-45.158954144236574,7,0.0,7.3066912429390625,129.7849182301241,0.8130312617565936,nan,,,0p5m,nan,nan,0.11496520398941357,0.0,180,,no_solution,nan,,,,,,
,,,,,,,,,,,,,,6,,raw_lidar_xy_decimated,29192,0.25,,-45.05965179376306,6,0.0,7.888628129198077,131.05335511909328,0.8543810833923913,nan,,,0p5m,nan,nan,0.09772962900751736,0.0,181,,no_solution,nan,,,,,,
,,,,,,,,,,,,,,7,,raw_lidar_xy_decimated,18106,0.25,,-1.3980974349744029,7,0.0,8.079710187509901,120.30845772430133,0.8682249702456002,nan,,,0p5m,nan,nan,0.11867463801172562,0.0,187,,no_solution,nan,,,,,,
,,,,,,,,,,,,,,5,,raw_lidar_xy_decimated,14451,0.25,,-45.04879182873569,5,0.0,8.043952649658273,130.69286514573014,0.8656246864205018,nan,,,0p5m,nan,nan,0.0013402899930952117,0.0,194,,no_solution,nan,,,,,,
,,,,,,,,,,,,,,5,,raw_lidar_xy_decimated,12962,0.25,,-44.63189395561606,5,0.0,7.722534879666322,131.16258994088216,0.8424508800606603,nan,,,0p5m,nan,nan,0.027249256003415212,0.0,195,,no_solution,nan,,,,,,
,,,,,,,,,,,,,,6,,raw_lidar_xy_decimated,11134,0.25,,-19.755018122705007,6,0.0,8.078096301198439,138.08960212168722,0.8683835920902363,nan,,,0p5m,nan,nan,0.05134213100245688,0.0,198,,no_solution,nan,,,,,,
,,,,,,,,,,,,,,3,,raw_lidar_xy_decimated,11806,0.25,,-43.35935116504697,3,0.0,6.435919383634324,163.24712861180745,0.7537319694970915,nan,,,0p5m,nan,nan,0.0298442469938891,0.0,199,,no_solution,nan,,,,,,
,,,,,,,,,,,,,,4,,raw_lidar_xy_decimated,11766,0.25,,-51.920002781545676,4,0.0,8.367968003260547,127.70830471464556,0.8894329877693937,nan,,,0p5m,nan,nan,0.0013596719945780933,0.0,200,,no_solution,nan,,,,,,
,,,,,,,,,,,,,,4,,raw_lidar_xy_decimated,13771,0.25,,-17.736053185170473,4,0.0,8.551773925449785,107.2094235550856,0.9030152189169516,nan,,,0p5m,nan,nan,0.01535911500104703,0.0,201,,no_solution,nan,,,,,,
,,,,,,,,,,,,,,1,,,,,,-25.06032227546084,1,0.0,8.817800688534314,121.77078877957554,0.9228241350803682,nan,,,0p5m,nan,nan,,0.0,203,,skipped_insufficient_features,nan,,,,,,
,,,,,,,,,,,,,,3,,raw_lidar_xy_decimated,16425,0.25,,-53.63188288352155,3,0.0,8.1371383671012,138.12539592703436,0.8724101932233946,nan,,,0p5m,nan,nan,0.001322055992204696,0.0,204,,no_solution,nan,,,,,,
,,,,,,,,,,,,,,2,,,,,,-44.58542508273986,2,0.0,8.166859366635144,144.476560162133,0.8759661851503022,nan,,,0p5m,nan,nan,,0.0,208,,skipped_insufficient_features,nan,,,,,,
,,,,,,,,,,,,,,3,,raw_lidar_xy_decimated,22173,0.25,,-44.493046080957896,3,0.0,7.392679193433865,167.48320811353,0.8190602449774455,nan,,,0p5m,nan,nan,0.0012584369978867471,0.0,209,,no_solution,nan,,,,,,
,,,,,,,,,,,,,,3,,raw_lidar_xy_decimated,21575,0.25,,-45.004129897932444,3,0.0,8.394289230959632,127.85000977708215,0.8912844721997258,nan,,,0p5m,nan,nan,0.0012672769953496754,0.0,211,,no_solution,nan,,,,,,
,,,,,,,,,,,,,,2,,,,,,-45.226195919365196,2,0.0,8.449225951336134,99.73406759429827,0.8953491594998462,nan,,,0p5m,nan,nan,,0.0,212,,skipped_insufficient_features,nan,,,,,,
,,,,,,,,,,,,,,5,,raw_lidar_xy_decimated,21428,0.25,,-45.1445106478819,5,0.0,8.069049437133526,129.45510804908395,0.867449267142735,nan,,,0p5m,nan,nan,0.11131535899767186,0.0,213,,no_solution,nan,,,,,,
,,,,,,,,,,,,,,3,,raw_lidar_xy_decimated,20443,0.25,,-45.24332247813931,3,0.0,7.450637669747678,166.95695553046,0.8231402667419694,nan,,,0p5m,nan,nan,0.0012576190056279302,0.0,215,,no_solution,nan,,,,,,
,,,,,,,,,,,,,,4,,raw_lidar_xy_decimated,20252,0.25,,-44.923426990035885,4,0.0,7.863235315953671,134.78915589041503,0.8526863100983904,nan,,,0p5m,nan,nan,0.08452569200017024,0.0,216,,no_solution,nan,,,,,,
,,,,,,,,,,,,,,4,,raw_lidar_xy_decimated,17500,0.25,,4.497228635513646,4,0.0,8.126378959783652,156.72174815267238,0.8718705803609925,nan,,,0p5m,nan,nan,0.0012366080045467243,0.0,218,,no_solution,nan,,,,,,
,,,,,,,,,,,,,,4,,raw_lidar_xy_decimated,17196,0.25,,2.5919917269129797,4,0.0,8.009392048540118,155.84753559255495,0.8633980626915211,nan,,,0p5m,nan,nan,0.0012604390067281201,0.0,219,,no_solution,nan,,,,,,
,,,,,,,,,,,,,,5,,raw_lidar_xy_decimated,16059,0.25,,-27.5843840814309,5,0.0,8.437034595611742,153.38880337234528,0.8944425977611676,nan,,,0p5m,nan,nan,0.03216725299716927,0.0,221,,no_solution,nan,,,,,,
,,,,,,,,,,,,,,5,,raw_lidar_xy_decimated,17297,0.25,,-48.255786660187866,5,0.0,8.47867721427091,155.9186486601266,0.8975248059075345,nan,,,0p5m,nan,nan,0.12922969499777537,0.0,223,,no_solution,nan,,,,,,
,,,,,,,,,,,,,,4,,raw_lidar_xy_decimated,16125,0.25,,-45.19400440486166,4,0.0,7.556837029547672,165.1029302332657,0.830694486145809,nan,,,0p5m,nan,nan,0.0012291979946894571,0.0,224,,no_solution,nan,,,,,,
,,,,,,,,,,,,,,4,,raw_lidar_xy_decimated,19046,0.25,,-44.54586364835258,4,0.0,8.18780276936021,160.82590465054824,0.8761595471249671,nan,,,0p5m,nan,nan,0.011139350986923091,0.0,226,,no_solution,nan,,,,,,
,,,,,,,,,,,,,,6,,raw_lidar_xy_decimated,20994,0.25,,-45.19576653348243,6,0.0,8.340713641596855,159.09669446918514,0.8874397028397868,nan,,,0p5m,nan,nan,0.03771288199641276,0.0,227,,no_solution,nan,,,,,,
,,,,,,,,,,,,,,2,,,,,,-44.192601779328875,2,0.0,8.60956878639566,91.50711557032072,0.9075208363299696,nan,,,0p5m,nan,nan,,0.0,238,,skipped_insufficient_features,nan,,,,,,
,,,,,,,,,,,,,,3,,raw_lidar_xy_decimated,16762,0.25,,-95.901946483427,3,0.0,7.895970813135356,147.8601535235237,0.8549102014974808,nan,,,0p5m,nan,nan,0.02261512000404764,0.0,242,,no_solution,nan,,,,,,
,,,,,,,,,,,,,,1,,,,,,-137.16893425185307,1,0.0,8.781138642954982,25.69289785135184,0.9200723493905524,nan,,,0p5m,nan,nan,,0.0,244,,skipped_insufficient_features,nan,,,,,,
,,,,,,,,,,,,,,6,,raw_lidar_xy_decimated,31278,0.25,,-164.5539115510065,6,0.0,8.777419597662856,100.30978219985056,0.919974126642847,nan,,,0p5m,nan,nan,0.1531026659940835,0.0,250,,no_solution,nan,,,,,,
,,,,,,,,,,,,,,7,,raw_lidar_xy_decimated,30801,0.25,,-63.83204717351927,7,0.0,8.960838634449697,139.92721322173182,0.9335979401987076,nan,,,0p5m,nan,nan,0.49185009600478224,0.0,253,,no_solution,nan,,,,,,
,,,,,,,,,,,,,,8,,raw_lidar_xy_decimated,663,5.0,,21.41643342507076,8,0.0,2.3812675528897174,168.9651203271732,0.5420879542026167,nan,,,10m,nan,nan,0.021713216992793605,0.0,10,,no_solution,nan,,,,,,
,,,,,,,,,,,,,,7,,raw_lidar_xy_decimated,651,5.0,,45.4146948200915,7,0.0,2.1444442479239916,169.85287751463028,0.5339039109443072,nan,,,10m,nan,nan,0.002535678999265656,0.0,13,,no_solution,nan,,,,,,
,,,,,,,,,,,,,,6,,raw_lidar_xy_decimated,640,5.0,,44.5554176231704,6,0.0,2.591128583810631,170.4395956397505,0.549489158439458,nan,,,10m,nan,nan,0.006572797996341251,0.0,14,,no_solution,nan,,,,,,
,,,,,,,,,,,,,,13,,raw_lidar_xy_decimated,651,5.0,,44.95433990952211,13,0.0,2.398160663156039,168.0773631397161,0.542078317940853,nan,,,10m,nan,nan,0.08067106299859006,0.0,16,,no_solution,nan,,,,,,
,,,,,,,,,,,,,,8,,raw_lidar_xy_decimated,635,5.0,,44.80020466290187,8,0.0,2.973035393185546,171.0263137648707,0.5675127816779979,nan,,,10m,nan,nan,0.011881067999638617,0.0,18,,no_solution,nan,,,,,,
,,,,,,,,,,,,,,8,,raw_lidar_xy_decimated,634,5.0,,45.01641903321937,8,0.0,1.5991101014066529,152.07128718834872,0.5191798391805471,nan,,,10m,nan,nan,0.01035767600114923,0.0,23,,no_solution,nan,,,,,,
,,,,,,,,,,,,,,10,,raw_lidar_xy_decimated,658,5.0,,19.355451073282893,10,0.0,1.6888891631997804,170.4395956397505,0.5212815478802526,nan,,,10m,nan,nan,0.016635831008898094,0.0,24,,no_solution,nan,,,,,,
,,,,,,,,,,,,,,7,,raw_lidar_xy_decimated,607,5.0,,-0.16667110086677617,7,0.0,1.0114103603690092,157.00318468107582,0.5077320507330741,nan,,,10m,nan,nan,0.01392790199315641,0.0,30,,no_solution,nan,,,,,,
,,,,,,,,,,,,,,6,,raw_lidar_xy_decimated,607,5.0,,43.54897219830171,6,0.0,4.258401412897829,167.72001537518537,0.6312342231274245,nan,,,10m,nan,nan,0.00573019300645683,0.0,33,,no_solution,nan,,,,,,
,,,,,,,,,,,,,,5,,raw_lidar_xy_decimated,616,5.0,,-10.645208482925279,5,0.0,0.8042038948647177,115.10864433221339,0.5049018552525009,nan,,,10m,nan,nan,0.0038957309880061075,0.0,36,,no_solution,nan,,,,,,
,,,,,,,,,,,,,,7,,raw_lidar_xy_decimated,657,5.0,,0.9894447322646083,7,0.0,0.8635961075504909,166.88319268278636,0.5056485327571196,nan,,,10m,nan,nan,0.011045236009522341,0.0,39,,no_solution,nan,,,,,,
,,,,,,,,,,,,,,10,,raw_lidar_xy_decimated,695,5.0,,0.07915359413011744,10,0.0,1.1961221015925074,161.30365385338035,0.5112676599781377,nan,,,10m,nan,nan,0.029922554997028783,0.0,41,,no_solution,nan,,,,,,
,,,,,,,,,,,,,,7,,raw_lidar_xy_decimated,707,5.0,,29.259795057386466,7,0.0,1.7414017757952274,168.0773631397161,0.522597250438259,nan,,,10m,nan,nan,0.0077825490006944165,0.0,43,,no_solution,nan,,,,,,
,,,,,,,,,,,,,,8,,raw_lidar_xy_decimated,606,5.0,,-2.2412983266538062,8,0.0,0.769758638786453,157.22253765273126,0.5044928195016398,nan,,,10m,nan,nan,0.015827123002964072,0.0,53,,no_solution,nan,,,,,,
,,,,,,,,,,,,,,10,,raw_lidar_xy_decimated,628,5.0,,-7.701112172122993,10,0.0,2.4665678429845608,144.04483887311,0.5652814028446169,nan,,,10m,nan,nan,0.016614328997093253,0.0,54,,no_solution,nan,,,,,,
,,,,,,,,,,,,,,10,,raw_lidar_xy_decimated,496,5.0,,44.58257406094856,10,0.0,0.6813832285238262,140.45847917876517,0.5035890875728226,nan,,,10m,nan,nan,0.02731065999250859,0.0,61,,no_solution,nan,,,,,,
,,,,,,,,,,,,,,7,,raw_lidar_xy_decimated,407,5.0,,-11.690018913226197,7,0.0,0.8482709912145304,115.97413504743201,0.5054508795092925,nan,,,10m,nan,nan,0.005536120006581768,0.0,66,,no_solution,nan,,,,,,
,,,,,,,,,,,,,,11,,raw_lidar_xy_decimated,464,5.0,,0.3301456481838429,11,0.0,1.0382034204335089,121.03718436910205,0.5081438956504913,nan,,,10m,nan,nan,0.044164794991957024,0.0,69,,no_solution,nan,,,,,,
,,,,,,,,,,,,,,9,,raw_lidar_xy_decimated,502,5.0,,-0.1397815874948478,9,0.0,1.742081686261996,169.85287751463028,0.5226145283452567,nan,,,10m,nan,nan,0.016606567995040677,0.0,70,,no_solution,nan,,,,,,
,,,,,,,,,,,,,,4,,raw_lidar_xy_decimated,536,5.0,,-0.3085181092122478,4,0.0,4.416581720674768,167.16085977430777,0.6802196400710663,nan,,,10m,nan,nan,0.0007743289897916839,0.0,71,,no_solution,nan,,,,,,
,,,,,,,,,,,,,,15,,raw_lidar_xy_decimated,568,5.0,,0.1682355351773335,15,0.0,1.811172489621495,151.82226450688975,0.5244024340734447,nan,,,10m,nan,nan,0.1245535909984028,0.0,72,,no_solution,nan,,,,,,
,,,,,,,,,,,,,,6,,raw_lidar_xy_decimated,593,5.0,,-0.4189489949718158,6,0.0,0.953422046116257,162.3242005444174,0.5069319686446503,nan,,,10m,nan,nan,0.009713545005070046,0.0,73,,no_solution,nan,,,,,,
,,,,,,,,,,,,,,7,,raw_lidar_xy_decimated,589,5.0,,-1.1292826878834028,7,0.0,3.751637386874038,137.2953021774598,0.5979069454533533,nan,,,10m,nan,nan,0.00913880999723915,0.0,76,,no_solution,nan,,,,,,
,,,,,,,,,,,,,,10,,raw_lidar_xy_decimated,537,5.0,,-0.977764438375635,10,0.0,3.3885444070843427,131.28402435044129,0.5812241572519696,nan,,,10m,nan,nan,0.02416841899685096,0.0,77,,no_solution,nan,,,,,,
,,,,,,,,,,,,,,8,,raw_lidar_xy_decimated,498,5.0,,0.8071539751741564,8,0.0,3.8231509341827072,128.94414084243596,0.6019598740751788,nan,,,10m,nan,nan,0.019941457008826546,0.0,79,,no_solution,nan,,,,,,
,,,,,,,,,,,,,,14,,raw_lidar_xy_decimated,495,5.0,,0.7635348912758074,14,0.0,1.4101042488755464,123.3604509825188,0.5149314960590932,nan,,,10m,nan,nan,0.08331287799228448,0.0,80,,no_solution,nan,,,,,,
,,,,,,,,,,,,,,22,,raw_lidar_xy_decimated,508,5.0,,0.3186492843369334,22,0.0,3.166996415935899,141.95025864632,0.5715044900682528,nan,,,10m,nan,nan,0.4869731809885707,0.0,82,,no_solution,nan,,,,,,
,,,,,,,,,,,,,,7,,raw_lidar_xy_decimated,516,5.0,,-0.3522399068460678,7,0.0,7.046641340367519,149.164338901763,0.7949790836043558,nan,,,10m,nan,nan,0.011046054991311394,0.0,83,,no_solution,nan,,,,,,
,,,,,,,,,,,,,,10,,raw_lidar_xy_decimated,544,5.0,,-0.3453293507419563,10,0.0,1.6534239801010622,149.65283969432645,0.5208622725323839,nan,,,10m,nan,nan,0.016944882008829154,0.0,84,,no_solution,nan,,,,,,
,,,,,,,,,,,,,,11,,raw_lidar_xy_decimated,622,5.0,,0.22409871341562324,11,0.0,4.482803784780922,96.17692030835673,0.6353447249823018,nan,,,10m,nan,nan,0.05377591498836409,0.0,87,,no_solution,nan,,,,,,
,,,,,,,,,,,,,,11,,raw_lidar_xy_decimated,649,5.0,,-0.001453835467480003,11,0.0,6.051177586121501,117.6860229593982,0.7286557813277109,nan,,,10m,nan,nan,0.05064811099146027,0.0,88,,no_solution,nan,,,,,,
,,,,,,,,,,,,,,9,,raw_lidar_xy_decimated,692,5.0,,-0.1696399900727368,9,0.0,8.30314720729448,127.47548783981962,0.8845701993491873,nan,,,10m,nan,nan,0.01934356700803619,0.0,90,,no_solution,nan,,,,,,
,,,,,,,,,,,,,,13,,raw_lidar_xy_decimated,757,5.0,,0.13388442503061293,13,0.0,8.340481100392031,135.09256086106296,0.8873172903201689,nan,,,10m,nan,nan,0.08039687799464446,0.0,97,,no_solution,nan,,,,,,
,,,,,,,,,,,,,,13,,raw_lidar_xy_decimated,781,5.0,,-0.016346699993469542,13,0.0,7.027416749010268,120.20815280171308,0.7936556373998547,nan,,,10m,nan,nan,0.10701266500109341,0.0,98,,no_solution,nan,,,,,,
,,,,,,,,,,,,,,14,,raw_lidar_xy_decimated,792,5.0,,0.4457712235792012,14,0.0,7.866207169478734,154.01149269230658,0.8535194748091528,nan,,,10m,nan,nan,0.11186644599365536,0.0,100,,no_solution,nan,,,,,,
,,,,,,,,,,,,,,9,,raw_lidar_xy_decimated,820,5.0,,-0.09070152651350882,9,0.0,4.372305067369721,136.56500283747664,0.629405863780314,nan,,,10m,nan,nan,0.03424935399380047,0.0,103,,no_solution,nan,,,,,,
,,,,,,,,,,,,,,16,,raw_lidar_xy_decimated,737,5.0,,0.5353604626810283,16,0.0,7.209630207543217,148.82838147546897,0.8148389299670913,nan,,,10m,nan,nan,0.1538896889978787,0.0,104,,no_solution,nan,,,,,,
,,,,,,,,,,,,,,8,,raw_lidar_xy_decimated,341,5.0,,10.224014118555395,8,0.0,3.4824941010220933,80.6844721801916,0.5881137555054446,nan,,,10m,nan,nan,0.020472219010116532,0.0,105,,no_solution,nan,,,,,,
,,,,,,,,,,,,,,8,,raw_lidar_xy_decimated,827,5.0,,-5.4984406956167975,8,0.0,7.399173176963313,108.60705233872939,0.8195185308323741,nan,,,10m,nan,nan,0.023821189999580383,0.0,106,,no_solution,nan,,,,,,
,,,,,,,,,,,,,,14,,raw_lidar_xy_decimated,834,5.0,,-5.527717642721197,14,0.0,7.982850306115136,112.9922350829142,0.861293002453031,nan,,,10m,nan,nan,0.1233859490021132,0.0,107,,no_solution,nan,,,,,,
,,,,,,,,,,,,,,14,,raw_lidar_xy_decimated,813,5.0,,0.17549991037541424,14,0.0,5.083831943952834,125.40079971271763,0.6697557079702647,nan,,,10m,nan,nan,0.11066735698841512,0.0,110,,no_solution,nan,,,,,,
,,,,,,,,,,,,,,11,,raw_lidar_xy_decimated,781,5.0,,0.4013755049303118,11,0.0,5.108824266098857,120.20815280171308,0.6706875584604557,nan,,,10m,nan,nan,0.03783473899238743,0.0,113,,no_solution,nan,,,,,,
,,,,,,,,,,,,,,13,,raw_lidar_xy_decimated,728,5.0,,1.0140002198286726,13,0.0,6.2471465998069995,127.47548783981962,0.7413351906843969,nan,,,10m,nan,nan,0.09239148799679242,0.0,116,,no_solution,nan,,,,,,
,,,,,,,,,,,,,,12,,raw_lidar_xy_decimated,652,5.0,,-0.10116940700685847,12,0.0,5.568656729874132,144.35501783908936,0.6987259794378831,nan,,,10m,nan,nan,0.05365078800241463,0.0,121,,no_solution,nan,,,,,,
,,,,,,,,,,,,,,6,,raw_lidar_xy_decimated,654,5.0,,-0.2270786969332281,6,0.0,7.097138669221888,130.95299899685037,0.8070886179167585,nan,,,10m,nan,nan,0.005693486993550323,0.0,122,,no_solution,nan,,,,,,
,,,,,,,,,,,,,,16,,raw_lidar_xy_decimated,674,5.0,,-0.23968345675788988,16,0.0,5.614332190096787,138.93612275368076,0.7012325360313847,nan,,,10m,nan,nan,0.16643088399723638,0.0,123,,no_solution,nan,,,,,,
,,,,,,,,,,,,,,14,,raw_lidar_xy_decimated,772,5.0,,0.999109564094237,14,0.0,8.278877884062785,93.52768475322671,0.883787606952521,nan,,,10m,nan,nan,0.15643701898807194,0.0,128,,no_solution,nan,,,,,,
,,,,,,,,,,,,,,7,,raw_lidar_xy_decimated,728,5.0,,-0.2911486619980697,7,0.0,6.94126982592497,155.08062419270823,0.7877444221740868,nan,,,10m,nan,nan,0.012667008995776996,0.0,132,,no_solution,nan,,,,,,
,,,,,,,,,,,,,,15,,raw_lidar_xy_decimated,724,5.0,,-0.1834522893526085,15,0.0,9.170379036518126,120.20815280171308,0.9494865344411013,nan,,,10m,nan,nan,0.16865160599991214,0.0,134,,no_solution,nan,,,,,,
,,,,,,,,,,,,,,10,,raw_lidar_xy_decimated,694,5.0,,-28.37816933253156,10,0.0,9.109552243745876,136.5630396247605,0.9448691474195863,nan,,,10m,nan,nan,0.030656004004413262,0.0,138,,no_solution,nan,,,,,,
,,,,,,,,,,,,,,17,,raw_lidar_xy_decimated,692,5.0,,-51.36699962412441,17,0.0,8.62951315117485,127.47548783981962,0.9087342667049846,nan,,,10m,nan,nan,0.3366584019968286,0.0,139,,no_solution,nan,,,,,,
,,,,,,,,,,,,,,15,,raw_lidar_xy_decimated,777,5.0,,-50.19953007293755,15,0.0,5.017052039637961,134.35028842544403,0.6653351016330087,nan,,,10m,nan,nan,0.2542979990103049,0.0,140,,no_solution,nan,,,,,,
,,,,,,,,,,,,,,11,,raw_lidar_xy_decimated,671,5.0,,-0.041409577231133726,11,0.0,7.768840977072253,76.48529270389177,0.8457668678117721,nan,,,10m,nan,nan,0.059550035002757795,0.0,146,,no_solution,nan,,,,,,
,,,,,,,,,,,,,,18,,raw_lidar_xy_decimated,674,5.0,,-0.08029335980524611,18,0.0,7.363752017405257,128.25518342272952,0.817120211953418,nan,,,10m,nan,nan,0.22988166200229898,0.0,147,,no_solution,nan,,,,,,
,,,,,,,,,,,,,,15,,raw_lidar_xy_decimated,688,5.0,,0.09430013246914419,15,0.0,9.003719099207919,136.56500283747664,0.9368392740689103,nan,,,10m,nan,nan,0.1549589579954045,0.0,149,,no_solution,nan,,,,,,
,,,,,,,,,,,,,,17,,raw_lidar_xy_decimated,738,5.0,,-0.2464566338975055,17,0.0,8.208620769347245,127.47548783981962,0.8776350737803721,nan,,,10m,nan,nan,0.23228948899486568,0.0,150,,no_solution,nan,,,,,,
,,,,,,,,,,,,,,14,,raw_lidar_xy_decimated,782,5.0,,0.3265598767191461,14,0.0,8.598240466225809,126.28772393589384,0.9064184774649207,nan,,,10m,nan,nan,0.15490790399780963,0.0,151,,no_solution,nan,,,,,,
,,,,,,,,,,,,,,14,,raw_lidar_xy_decimated,858,5.0,,-0.001214105516800747,14,0.0,7.737743867523257,131.1240170139175,0.8435592591095119,nan,,,10m,nan,nan,0.12879388200235553,0.0,156,,no_solution,nan,,,,,,
,,,,,,,,,,,,,,13,,raw_lidar_xy_decimated,860,5.0,,0.04252251845663024,13,0.0,8.524393302916078,125.89678312014172,0.9009147775941603,nan,,,10m,nan,nan,0.09313610999379307,0.0,157,,no_solution,nan,,,,,,
,,,,,,,,,,,,,,14,,raw_lidar_xy_decimated,841,5.0,,-0.10491516470180341,14,0.0,8.634567097913944,106.06182650165334,0.909118712443407,nan,,,10m,nan,nan,0.11557519598864019,0.0,158,,no_solution,nan,,,,,,
,,,,,,,,,,,,,,16,,raw_lidar_xy_decimated,802,5.0,,0.03438748729898099,16,0.0,8.8510384290459,120.50271372617755,0.9253234026864612,nan,,,10m,nan,nan,0.19414108600176405,0.0,159,,no_solution,nan,,,,,,
,,,,,,,,,,,,,,12,,raw_lidar_xy_decimated,805,5.0,,-0.9253907114125379,12,0.0,7.885243300067083,125.46971070213732,0.8541398789941406,nan,,,10m,nan,nan,0.09424107300583273,0.0,161,,no_solution,nan,,,,,,
,,,,,,,,,,,,,,14,,raw_lidar_xy_decimated,800,5.0,,-1.007605617047581,14,0.0,7.893744413692785,152.4442269628687,0.8550141664988643,nan,,,10m,nan,nan,0.1152617019979516,0.0,162,,no_solution,nan,,,,,,
,,,,,,,,,,,,,,13,,raw_lidar_xy_decimated,765,5.0,,-51.6079892466221,13,0.0,8.568166035368577,115.10864433221339,0.9041667367428701,nan,,,10m,nan,nan,0.06763635300740134,0.0,164,,no_solution,nan,,,,,,
,,,,,,,,,,,,,,11,,raw_lidar_xy_decimated,753,5.0,,-47.749698636822885,11,0.0,9.093952572176295,136.56500283747664,0.9436771003628427,nan,,,10m,nan,nan,0.02485679800156504,0.0,165,,no_solution,nan,,,,,,
,,,,,,,,,,,,,,13,,raw_lidar_xy_decimated,703,5.0,,-27.649919026529766,13,0.0,8.675423855325267,127.47548783981962,0.9121600132763967,nan,,,10m,nan,nan,0.07457643299130723,0.0,168,,no_solution,nan,,,,,,
,,,,,,,,,,,,,,12,,raw_lidar_xy_decimated,707,5.0,,0.11832103500359865,12,0.0,8.849365114402348,131.28402435044129,0.9252121886789724,nan,,,10m,nan,nan,0.08161369799927343,0.0,169,,no_solution,nan,,,,,,
,,,,,,,,,,,,,,10,,raw_lidar_xy_decimated,790,5.0,,-0.22209378960778053,10,0.0,8.173910138451411,149.17041901710402,0.8750958404312914,nan,,,10m,nan,nan,0.03313267999328673,0.0,172,,no_solution,nan,,,,,,
,,,,,,,,,,,,,,12,,raw_lidar_xy_decimated,1088,5.0,,-47.31333153584155,12,0.0,8.382757699331904,161.38941925429162,0.8904376044707687,nan,,,10m,nan,nan,0.06259251499432139,0.0,175,,no_solution,nan,,,,,,
,,,,,,,,,,,,,,22,,raw_lidar_xy_decimated,1170,5.0,,-44.92199332715446,22,0.0,8.264624907987642,138.71439982856208,0.8817846606732391,nan,,,10m,nan,nan,0.5229608020017622,0.0,177,,no_solution,nan,,,,,,
,,,,,,,,,,,,,,14,,raw_lidar_xy_decimated,1054,5.0,,-45.158954144236574,14,0.0,6.5109745030385975,139.44666238126138,0.7587666219048637,nan,,,10m,nan,nan,0.10989531100494787,0.0,180,,no_solution,nan,,,,,,
,,,,,,,,,,,,,,14,,raw_lidar_xy_decimated,1080,5.0,,-45.05965179376306,14,0.0,8.161565562834959,144.31379785578827,0.8742367631553264,nan,,,10m,nan,nan,0.10664977399574127,0.0,181,,no_solution,nan,,,,,,
,,,,,,,,,,,,,,13,,raw_lidar_xy_decimated,918,5.0,,-1.3980974349744029,13,0.0,7.800383576627185,125.09996003196804,0.8480300714351984,nan,,,10m,nan,nan,0.06736356699548196,0.0,187,,no_solution,nan,,,,,,
,,,,,,,,,,,,,,13,,raw_lidar_xy_decimated,866,5.0,,-45.04879182873569,13,0.0,8.315638866636066,142.30249470757707,0.8854888550830738,nan,,,10m,nan,nan,0.04463131599186454,0.0,194,,no_solution,nan,,,,,,
,,,,,,,,,,,,,,8,,raw_lidar_xy_decimated,770,5.0,,-44.63189395561606,8,0.0,8.231467561983202,141.4850833838414,0.8793398007857329,nan,,,10m,nan,nan,0.014656052007921971,0.0,195,,no_solution,nan,,,,,,
,,,,,,,,,,,,,,13,,raw_lidar_xy_decimated,692,5.0,,-19.755018122705007,13,0.0,6.73186559989292,123.4908903522847,0.7735099120151653,nan,,,10m,nan,nan,0.13365137799701188,0.0,198,,no_solution,nan,,,,,,
,,,,,,,,,,,,,,15,,raw_lidar_xy_decimated,625,5.0,,-43.35935116504697,15,0.0,8.020365286148607,132.85330255586422,0.8639118024081894,nan,,,10m,nan,nan,0.12560943799326196,0.0,199,,no_solution,nan,,,,,,
,,,,,,,,,,,,,,19,,raw_lidar_xy_decimated,639,5.0,,-51.920002781545676,19,0.0,8.25529742694646,135.09256086106296,0.8810559466708872,nan,,,10m,nan,nan,0.37045692300307564,0.0,200,,no_solution,nan,,,,,,
,,,,,,,,,,,,,,12,,raw_lidar_xy_decimated,849,5.0,,-17.736053185170473,12,0.0,7.263777367339774,129.78696798802434,0.8107359840873556,nan,,,10m,nan,nan,0.08222260500770062,0.0,201,,no_solution,nan,,,,,,
,,,,,,,,,,,,,,15,,raw_lidar_xy_decimated,792,5.0,,-25.06032227546084,15,0.0,6.1365293299096075,155.72411502397438,0.7341537924286134,nan,,,10m,nan,nan,0.1603607010038104,0.0,203,,no_solution,nan,,,,,,
,,,,,,,,,,,,,,14,,raw_lidar_xy_decimated,823,5.0,,-53.63188288352155,14,0.0,8.00019553451483,126.28772393589384,0.8624581143914398,nan,,,10m,nan,nan,0.17432043798908126,0.0,204,,no_solution,nan,,,,,,
,,,,,,,,,,,,,,14,,raw_lidar_xy_decimated,970,5.0,,-44.58542508273986,14,0.0,7.933763119819471,133.16509059154959,0.8576585985560589,nan,,,10m,nan,nan,0.11204534099670127,0.0,208,,no_solution,nan,,,,,,
,,,,,,,,,,,,,,19,,raw_lidar_xy_decimated,977,5.0,,-44.493046080957896,19,0.0,7.765147995017116,140.8900280360537,0.8455021279675564,nan,,,10m,nan,nan,0.3237232249957742,0.0,209,,no_solution,nan,,,,,,
,,,,,,,,,,,,,,29,,raw_lidar_xy_decimated,974,5.0,,-45.004129897932444,29,0.0,6.688011216217103,135.83077707206124,0.7705535815081547,nan,,,10m,nan,nan,1.2392765469994629,0.0,211,,no_solution,nan,,,,,,
,,,,,,,,,,,,,,12,,raw_lidar_xy_decimated,993,5.0,,-45.226195919365196,12,0.0,4.780796405822519,131.28402435044129,0.6523349858049577,nan,,,10m,nan,nan,0.09816088300431147,0.0,212,,no_solution,nan,,,,,,
,,,,,,,,,,,,,,14,,raw_lidar_xy_decimated,989,5.0,,-45.1445106478819,14,0.0,6.911945893937469,133.595504498646,0.785783755338587,nan,,,10m,nan,nan,0.04688879101013299,0.0,213,,no_solution,nan,,,,,,
,,,,,,,,,,,,,,9,,raw_lidar_xy_decimated,964,5.0,,-45.24332247813931,9,0.0,3.9290436108925277,151.82226450688975,0.6065739378508579,nan,,,10m,nan,nan,0.02475669700652361,0.0,215,,no_solution,nan,,,,,,
,,,,,,,,,,,,,,17,,raw_lidar_xy_decimated,924,5.0,,-44.923426990035885,17,0.0,7.587082766431696,139.46325680981354,0.8327962270012973,nan,,,10m,nan,nan,0.1324738129915204,0.0,216,,no_solution,nan,,,,,,
,,,,,,,,,,,,,,11,,raw_lidar_xy_decimated,857,5.0,,4.497228635513646,11,0.0,7.536694556659593,142.30249470757707,0.8292221240304807,nan,,,10m,nan,nan,0.06940775299153756,0.0,218,,no_solution,nan,,,,,,
,,,,,,,,,,,,,,21,,raw_lidar_xy_decimated,803,5.0,,2.5919917269129797,21,0.0,6.811835580366256,142.30249470757707,0.7789231392267771,nan,,,10m,nan,nan,0.41567767500237096,0.0,219,,no_solution,nan,,,,,,
,,,,,,,,,,,,,,19,,raw_lidar_xy_decimated,806,5.0,,-27.5843840814309,19,0.0,7.575419438422514,115.97413504743201,0.831968082302081,nan,,,10m,nan,nan,0.4174769520031987,0.0,221,,no_solution,nan,,,,,,
,,,,,,,,,,,,,,16,,raw_lidar_xy_decimated,856,5.0,,-48.255786660187866,16,0.0,4.517875685957788,152.4569324152126,0.6387254408173324,nan,,,10m,nan,nan,0.14360745399608277,0.0,223,,no_solution,nan,,,,,,
,,,,,,,,,,,,,,20,,raw_lidar_xy_decimated,808,5.0,,-45.19400440486166,20,0.0,7.87271559270413,132.3853950086397,0.8532539395607021,nan,,,10m,nan,nan,0.35699887400551233,0.0,224,,no_solution,nan,,,,,,
,,,,,,,,,,,,,,18,,raw_lidar_xy_decimated,838,5.0,,-44.54586364835258,18,0.0,7.920155287392856,115.94526819942166,0.8566591383123747,nan,,,10m,nan,nan,0.2566134780063294,0.0,226,,no_solution,nan,,,,,,
,,,,,,,,,,,,,,20,,raw_lidar_xy_decimated,904,5.0,,-45.19576653348243,20,0.0,7.619618905797381,115.2477815737241,0.8351764590797099,nan,,,10m,nan,nan,0.5148375470016617,0.0,227,,no_solution,nan,,,,,,
,,,,,,,,,,,,,,17,,raw_lidar_xy_decimated,728,5.0,,-44.192601779328875,17,0.0,7.36483246486414,107.93516572461452,0.8171046082221571,nan,,,10m,nan,nan,0.2340391010075109,0.0,238,,no_solution,nan,,,,,,
,,,,,,,,,,,,,,13,,raw_lidar_xy_decimated,774,5.0,,-95.901946483427,13,0.0,6.927813268448105,123.4908903522847,0.7868239299615395,nan,,,10m,nan,nan,0.060688347002724186,0.0,242,,no_solution,nan,,,,,,
,,,,,,,,,,,,,,10,,raw_lidar_xy_decimated,680,5.0,,-137.16893425185307,10,0.0,8.628730219520008,91.69067267578725,0.9087493825736489,nan,,,10m,nan,nan,0.04389729700051248,0.0,244,,no_solution,nan,,,,,,
,,,,,,,,,,,,,,6,,raw_lidar_xy_decimated,818,5.0,,-164.5539115510065,6,0.0,8.047568160659285,136.62464260547605,0.8658921657206298,nan,,,10m,nan,nan,0.005992008998873644,0.0,250,,no_solution,nan,,,,,,
,,,,,,,,,,,,,,9,,raw_lidar_xy_decimated,962,5.0,,-63.83204717351927,9,0.0,8.866741629127898,139.46325680981354,0.9265037214039523,nan,,,10m,nan,nan,0.026235470999381505,0.0,253,,no_solution,nan,,,,,,
2,0,inf,inf,5,"[45, 47, 52, 50, 46]","[3, 5, 7, 6, 4]",4.407489419576431,0.08858734645172446,19.986687108495847,650.6361399049034,-5509.2556715999835,-1006.949404656887,2,8,-0.48706790483344653,raw_lidar_xy_decimated,14772,0.5,1.4297463165749207,21.41643342507076,8,0.3010299956639812,1.4517090019373424,86.64006021968092,0.5158855344124811,1.7418521146501882,4.195210244916511,1.0,1m,0.0,2.453358130266323,0.5501427039998816,0.625,10,-1006.809,solution,0.48706790483344653,653.0653666970207,-5508.912417601022,-1006.8656099911697,-0.05660999116964427,2.453358130266323,0.08379466571739158
2,0,inf,inf,5,"[47, 52, 50, 45, 46]","[3, 6, 5, 2, 4]",2.6528738198406834,0.09789392077572513,46.569354804748976,652.6323107859093,-5507.316219318519,-1006.9408946931362,3,7,-0.5739184725300969,raw_lidar_xy_decimated,14378,0.5,1.154659984657485,45.4146948200915,7,0.47712125471966244,1.4192428742039533,72.88689868556625,0.5151171422817991,0.3135760684693336,2.9358160830132904,1.0,1m,0.37859937639771735,3.000839390941674,0.34205443899554666,0.7142857142857143,13,-1006.809,solution,0.5739184725300969,655.1983962288042,-5506.776452522913,-1006.8301503021113,-0.021150302111307917,2.622240014543957,0.11074439102492306
3,0,inf,inf,6,"[47, 50, 52, 45, 46, 51]","[4, 6, 8, 3, 5, 7]",7.5870360964840105,0.19355541727816084,45.900912812319824,652.7065552738325,-5507.69811031717,-1006.810972571373,3,9,-0.3229538479113771,raw_lidar_xy_decimated,13356,0.5,1.3454951891494318,44.5554176231704,9,0.47712125471966244,1.6703910640665325,73.11976476986233,0.520826921414064,3.1906912503295826,6.793993137351251,1.0,1m,0.0,3.603301887021668,0.7157484929921338,0.6666666666666666,14,-1006.809,solution,0.3229538479113771,655.9157929042468,-5506.059642032294,-1006.8143394759986,-0.005339475998682508,3.603301887021668,0.00336690462563638
5,0,inf,inf,7,"[45, 47, 48, 50, 52, 46, 51]","[5, 9, 7, 6, 10, 4, 8]",7.381537288077346,0.9215099780501937,44.375769404061984,654.6278948076697,-5506.17594144369,-1006.825457572937,7,11,-0.5938132927594642,raw_lidar_xy_decimated,14073,0.5,0.5785705054601351,44.95433990952211,11,0.8450980400142568,2.7808443672490744,77.2172260574025,0.5558628395627638,3.4963080296341196,6.656074436247855,1.0,1m,0.0,3.1597664066137354,1.3796009890065761,0.6363636363636364,16,-1006.809,solution,0.5938132927594642,657.3782128714513,-5504.620346929557,-1006.7785443171618,0.030455682838178233,3.1597664066137354,0.04691325577516636
3,0,inf,inf,5,"[50, 52, 46, 45, 48]","[8, 9, 7, 5, 6]",3.5755234671810565,0.18327249586182504,45.46586457507226,657.0630431276944,-5507.740914513865,-1006.9108510017395,4,10,-0.47003259316220963,raw_lidar_xy_decimated,13946,0.5,0.6656599121703834,44.80020466290187,10,0.6020599913279624,2.160492284438874,98.34750332151032,0.5344091893328659,-0.6023989455725447,4.305445352234864,1.0,1m,0.0,4.907844297807409,1.1571687149989884,0.5,18,-1006.809,solution,0.47003259316220963,658.8288281527425,-5503.1617291172215,-1006.7661490926739,0.04285090732601543,4.907844297807409,0.14470190906558855
2,0,inf,inf,7,"[50, 48, 47, 45, 52, 46, 51]","[8, 6, 4, 3, 9, 5, 7]",10.006235557964098,0.26874510999023477,45.68141065355045,662.1028708309399,-5500.611064264591,-1006.7759145498276,2,10,-0.5649481899501629,raw_lidar_xy_decimated,13046,0.5,0.6649916203310795,45.01641903321937,10,0.3010299956639812,1.6822666888763997,100.6055500977184,0.5211220795224772,1.4375292924575824,2.5084599426913785,1.0,1m,0.0,1.070930650233796,0.8711428810056532,0.7,23,-1006.809,solution,0.5649481899501629,662.4121236448009,-5499.585756918119,-1006.676345770627,0.1326542293730154,1.070930650233796,0.09956877920058105
4,0,inf,inf,7,"[45, 50, 48, 47, 52, 46, 51]","[5, 10, 8, 7, 12, 9, 11]",7.336299754433396,0.2030572401886488,20.81616182181925,661.2055728450832,-5500.009758262662,-1006.793738245964,6,13,-0.3442234001411648,raw_lidar_xy_decimated,14342,0.5,1.4607107485363713,19.355451073282893,13,0.7781512503836436,1.7120155707355074,117.52659273543158,0.5218564108540136,3.4656497801116024,5.731031514491036,1.0,1m,0.0,2.265381734379434,2.186664231994655,0.5384615384615384,24,-1006.809,solution,0.3442234001411648,663.2246219904457,-5498.9824340922705,-1006.6723675092962,0.13663249070373035,2.265381734379434,0.12137073666781362
2,0,inf,inf,4,"[47, 48, 45, 50]","[5, 6, 4, 7]",5.0255076115421815,0.13915350547766225,0.756723833282309,662.2330641024653,-5501.078178098084,-1007.108410090208,3,8,-1.0083739795464748,raw_lidar_xy_decimated,14165,0.5,0.923394934149087,-0.16667110086677617,8,0.47712125471966244,1.6546097930832862,119.87436337158637,0.5205053108114455,-4.5550644868110455,2.8026804846826847,1.0,1m,0.0,7.35774497149373,0.43421074000070803,0.5,30,-1006.809,solution,1.0083739795464748,669.2899118781241,-5498.99555702436,-1006.8418620259275,-0.03286202592756088,7.35774497149373,0.2665480642805278
,,,,,,,,,,,,,,9,,raw_lidar_xy_decimated,14145,0.5,,43.54897219830171,9,0.0,1.4368051511778979,107.11909260257949,0.5154880864023866,nan,,,1m,nan,nan,0.6564388089900604,0.0,33,,no_solution,nan,,,,,,
4,0,inf,inf,6,"[47, 48, 45, 50, 51, 46]","[9, 10, 6, 11, 12, 7]",7.759402691563085,0.3764631099387643,-9.661778087061773,672.6406194659637,-5498.558772384041,-1007.0575856566429,4,13,-0.22184075299369227,raw_lidar_xy_decimated,14722,0.5,0.9834303958635076,-10.645208482925279,13,0.6020599913279624,1.2329300187356282,109.76565947508355,0.5114488471124271,-0.6854883453522858,1.8950179599976638,1.0,1m,0.0,2.5805063053499495,1.8481565009860788,0.46153846153846156,36,-1006.809,solution,0.22184075299369227,674.4699382648023,-5496.7387159222335,-1006.9502274167942,-0.141227416794189,2.5805063053499495,0.10735823984873605
2,0,inf,inf,5,"[47, 45, 50, 51, 46]","[7, 4, 9, 10, 8]",10.135943751855073,0.6002443026380256,3.7210069998986235,675.198998968803,-5499.115322078852,-1007.0821474790573,3,11,-1.094254669433574,raw_lidar_xy_decimated,15805,0.5,2.7315622676340183,0.9894447322646083,11,0.47712125471966244,1.081586855191153,123.7760073681487,0.5088328632430712,1.6909948029883894,4.8260393660670236,1.0,1m,0.0,3.135044563078634,0.8548300699912943,0.45454545454545453,39,-1006.809,solution,1.094254669433574,677.5306350166426,-5497.019617483041,-1006.9837414534746,-0.17474145347471032,3.135044563078634,0.0984060255826762
3,0,inf,inf,5,"[48, 47, 45, 50, 46]","[8, 6, 4, 10, 9]",2.206687222944461,0.18113007213930943,0.7975695408665122,677.4511354957525,-5498.146126115421,-1007.1214278638363,4,11,-0.2648095273722876,raw_lidar_xy_decimated,16508,0.5,0.7184159467363997,0.07915359413011744,11,0.6020599913279624,0.9407448839958564,97.64476432456581,0.506696042035935,0.688343731498394,3.0934953700404786,1.0,1m,0.0,2.4051516385420846,1.070160308998311,0.45454545454545453,41,-1006.809,solution,0.2648095273722876,679.5637249832185,-5496.996465268984,-1007.0208233930429,-0.21182339304289238,2.4051516385420846,0.10060447079342794
4,0,inf,inf,6,"[47, 48, 45, 50, 46, 51]","[6, 8, 5, 10, 9, 11]",5.874653579966184,0.40191473193203264,30.544605239901458,679.164966573495,-5498.8314343756165,-1007.1982392072678,5,12,-0.8259521788873546,raw_lidar_xy_decimated,16577,0.5,1.2848101825150025,29.259795057386466,12,0.6989700043360189,0.7702318319138173,121.48090016271212,0.5046588434300248,0.7344495147225265,3.8860260790099224,1.0,1m,0.0,3.151576564287396,1.118333883001469,0.5,43,-1006.809,solution,0.8259521788873546,681.5655591393408,-5496.789476938898,-1007.0817007753739,-0.2727007753739373,3.151576564287396,0.11653843189390045
3,0,inf,inf,6,"[47, 45, 48, 50, 51, 46]","[6, 5, 8, 9, 10, 7]",8.216076948489864,0.364575107720955,-1.2754939307592996,687.3234278719282,-5494.750342730876,-1007.2827545106411,4,11,-0.35900227879592667,raw_lidar_xy_decimated,13758,0.5,0.9658043958945086,-2.2412983266538062,11,0.6020599913279624,0.759746850850585,122.32947314527271,0.5043771020095562,-0.12868775764037155,3.1202268220890943,1.0,1m,0.0,3.248914579729466,1.072345314998529,0.5454545454545454,53,-1006.809,solution,0.35900227879592667,689.9236098257888,-5492.8023951563255,-1007.2223599418907,-0.41335994189066677,3.248914579729466,0.06039456875043925
4,0,inf,inf,7,"[47, 45, 48, 50, 51, 52, 46]","[4, 2, 5, 7, 9, 8, 6]",5.7531268282715065,0.24836769805102166,-7.96374026749187,688.3476242198878,-5493.8917346924645,-1007.3209539540112,6,10,-0.8100175624056388,raw_lidar_xy_decimated,13853,0.5,0.262628095368882,-7.701112172122993,10,0.7781512503836436,0.5577888777639479,116.20361973979541,0.5023639401825309,1.8062958756189755,4.55290620199275,1.0,1m,0.0,2.7466103263737742,0.531322545997682,0.7,54,-1006.809,solution,0.8100175624056388,690.918311986105,-5492.924556997537,-1007.21635448914,-0.40735448914009476,2.7466103263737742,0.10459946487117122
4,0,inf,inf,4,"[47, 48, 45, 50]","[9, 8, 7, 6]",3.965143299225996,0.7615036181580487,47.572651544646874,693.3410877533026,-5491.964279524603,-1007.8091408014297,7,10,-1.2609110279109113,raw_lidar_xy_decimated,8000,0.5,2.9900774836983146,44.58257406094856,10,0.8450980400142568,5.048105597785468,100.95151235234246,0.6696081346939082,0.44344805826420153,4.554247192243227,1.0,1m,0.0,4.110799133979025,0.9848540779930772,0.4,61,-1006.809,solution,1.2609110279109113,696.5610680189214,-5489.408815455407,-1007.1844145563737,-0.3754145563736792,4.110799133979025,0.6247262450560811
2,0,inf,inf,4,"[47, 48, 45, 50]","[4, 5, 2, 6]",4.627154132087249,0.05523235168426808,-10.550955940443957,696.0387293215682,-5489.351795233815,-1007.0947232544422,3,7,-0.4900631225455122,raw_lidar_xy_decimated,8226,0.5,1.1390629727822272,-11.690018913226197,7,0.47712125471966244,0.4979055326514909,90.46822646653354,0.5018844857661527,-3.2992724813446994,1.9641581971619277,1.0,1m,0.0,5.263430678506627,0.3063132190000033,0.5714285714285714,66,-1006.809,solution,0.4900631225455122,700.6456770222389,-5486.806262796244,-1007.0096583018935,-0.2006583018935248,5.263430678506627,0.08506495254869151
,,,,,,,,,,,,,,6,,raw_lidar_xy_decimated,8474,0.5,,0.3301456481838429,6,0.0,0.7663068111587883,116.85977764642864,0.5044534067594224,nan,,,1m,nan,nan,0.12947533700207714,0.0,69,,no_solution,nan,,,,,,
4,0,inf,inf,6,"[47, 50, 45, 48, 52, 46]","[5, 7, 3, 6, 8, 4]",7.108687301292701,0.21598719902006247,-0.21848108271181751,702.6210756151429,-5487.996897052055,-1006.8159497976303,4,9,-0.141453714961851,raw_lidar_xy_decimated,9370,0.5,0.0786994952169664,-0.1397815874948478,9,0.6020599913279624,0.869172072118001,105.84186317332097,0.5057213069881465,1.4736175175724098,3.7937509883696974,1.0,1m,0.0,2.3201334707972876,0.6541205800021999,0.6666666666666666,70,-1006.809,solution,0.141453714961851,704.6893001333958,-5486.94548530378,-1006.6386236879371,0.1703763120629217,2.3201334707972876,0.17732610969324014
,,,,,,,,,,,,,,7,,raw_lidar_xy_decimated,10891,0.5,,-0.3085181092122478,7,0.0,0.918266682311755,109.9840897584737,0.5063818117748751,nan,,,1m,nan,nan,0.2765253899997333,0.0,71,,no_solution,nan,,,,,,
4,0,inf,inf,7,"[47, 45, 48, 50, 49, 52, 46]","[3, 1, 4, 6, 5, 7, 2]",6.647858786348175,0.18760776717793193,0.8875871730518494,705.3450004325326,-5487.788585692487,-1006.3986701965332,6,9,-0.3150243846968976,raw_lidar_xy_decimated,11661,0.5,0.7193516378745244,0.1682355351773335,9,0.7781512503836436,1.1883285591984971,86.50144507463445,0.510643740523757,1.4984477815688946,3.106482875684463,1.0,1m,0.0,1.6080350941155683,0.4392217900021933,0.7777777777777778,72,-1006.809,solution,0.3150243846968976,706.715732062541,-5486.947829091322,-1006.3596556752635,0.44934432473640135,1.6080350941155683,0.03901452126967797
5,0,inf,inf,6,"[47, 48, 45, 50, 52, 46]","[4, 5, 1, 6, 7, 3]",1.7588851146627473,0.26081320770501226,-0.2944480170068583,705.3536152887943,-5487.7445875611575,-1006.6341020464897,7,8,-0.2525092702500349,raw_lidar_xy_decimated,13075,0.5,0.12450097796497062,-0.4189489949718158,8,0.8450980400142568,0.6177236579786647,117.98050305465519,0.5030443118670846,0.4632589295331253,3.0066308435080136,1.0,1m,0.0,2.5433719139748883,0.3691834600031143,0.75,73,-1006.809,solution,0.2525092702500349,707.76569787434,-5486.937990825915,-1006.305336034664,0.5036639653359534,2.5433719139748883,0.3287660118256781
,,,,,,,,,,,,,,6,,raw_lidar_xy_decimated,11836,0.5,,-1.1292826878834028,6,0.0,1.1041227535764238,120.97880229045607,0.5092590970343154,nan,,,1m,nan,nan,0.14281527599086985,0.0,76,,no_solution,nan,,,,,,
3,0,inf,inf,6,"[45, 47, 50, 48, 52, 46]","[2, 3, 6, 5, 7, 4]",5.190194536373338,0.1417312867872442,-1.0230714194798964,709.4176868639694,-5487.3831588303665,-1006.1530842632055,3,8,-0.2514151042572363,raw_lidar_xy_decimated,11291,0.5,0.04530698110426101,-0.977764438375635,8,0.47712125471966244,1.385455615431853,85.0713530054862,0.5144330076857653,1.3395638823731648,3.798308165564881,1.0,1m,0.0,2.458744283191716,0.3615108399972087,0.75,77,-1006.809,solution,0.2514151042572363,711.8399342764524,-5486.961091391623,-1006.034725040889,0.7742749591109717,2.458744283191716,0.1183592223164851
2,0,inf,inf,3,"[98, 85, 100]","[8, 4, 7]",11.325422525817013,1.0641097106448099,-1.912515351934333,232.33847390282548,-5017.932763854626,-1067.522677719593,6,13,-2.8140028367259426,raw_lidar_xy_decimated,9871,0.5,2.719669327108477,0.8071539751741564,13,0.7781512503836436,0.8245445802295549,124.30004022525496,0.505151709621894,6.376793602856765,678.6263497336988,1.0,1m,0.0,672.249556130842,1.756594838007004,0.23076923076923078,79,-1006.809,solution,2.8140028367259426,713.8622939183145,-5487.032195186412,-1005.9497660547764,0.859233945223506,672.249556130842,61.572911664816615
,,,,,,,,,,,,,,10,,raw_lidar_xy_decimated,10019,0.5,,0.7635348912758074,10,0.0,1.3495018190460806,123.67775695464002,0.5136875992854153,nan,,,1m,nan,nan,0.44596154599275906,0.0,80,,no_solution,nan,,,,,,
3,0,inf,inf,5,"[52, 48, 50, 46, 47]","[6, 2, 5, 4, 1]",1.1433184954728293,0.1985993284813164,0.9925863418372237,712.5830352311813,-5488.641406092781,-1005.3306024074554,3,7,-2.1662819279783085,raw_lidar_xy_decimated,9616,0.5,0.6739370575002965,0.3186492843369334,7,0.47712125471966244,1.8579974852638175,117.040591249361,0.5256501713601014,-0.47302273511151416,4.137984302702685,1.0,1m,-0.20754282590847595,4.403464211905723,0.17605567700229585,0.7142857142857143,82,-1006.809,solution,2.1662819279783085,716.8720062647225,-5486.948446147532,-1005.7515718203698,1.057428179630143,4.611007037814199,0.42096941291435996
3,0,inf,inf,6,"[50, 45, 47, 52, 48, 46]","[6, 2, 4, 7, 5, 3]",4.35538227344445,0.15084907361096267,0.2613192068130586,715.6830007627246,-5486.57750625633,-1005.8338407278061,5,8,-0.2974171230740779,raw_lidar_xy_decimated,10119,0.5,0.6135591136591358,-0.3522399068460678,8,0.6989700043360189,1.5484733921433516,90.87403953302854,0.5180214142997828,0.9332275859394188,3.191476802371808,1.0,1m,0.0,2.258249216432389,0.3893916880042525,0.75,83,-1006.809,solution,0.2974171230740779,717.9048299204226,-5486.981442782929,-1005.6289926978208,1.1800073021792312,2.258249216432389,0.20484802998532814
5,0,inf,inf,5,"[48, 50, 47, 52, 45]","[5, 6, 4, 7, 3]",1.3822807437460012,0.022125877101490565,0.6545646305148745,715.2086026290812,-5487.132516003055,-1005.6282353401184,5,8,-0.24088690383391015,raw_lidar_xy_decimated,10499,0.5,0.9998939812568324,-0.3453293507419563,8,0.6989700043360189,2.8869557307034697,78.6908136239346,0.56614895196809,-0.880449216823016,2.830843326657894,1.0,1m,-0.6961553071235964,3.0151372363573135,0.4278897920012241,0.625,84,-1006.809,solution,0.24088690383391015,718.9171868841113,-5486.99075858124,-1005.5012632553336,1.3077367446664259,3.71129254348091,0.1269720847848248
3,0,inf,inf,6,"[52, 45, 47, 50, 51, 46]","[8, 4, 5, 9, 10, 6]",4.482203769718769,0.42744379217499795,-0.37280176300101736,720.3356554255238,-5487.223197138372,-1005.1496624946594,6,11,-0.5274740844258865,raw_lidar_xy_decimated,13955,0.5,0.5969004764166357,0.22409871341562324,11,0.7781512503836436,2.2058146989855225,129.74012486505475,0.5358082188757204,1.846903802409457,3.4849563291351595,1.0,1m,0.0,1.6380525267257025,0.9115980399947148,0.5454545454545454,87,-1006.809,solution,0.5274740844258865,721.9586480505693,-5487.001587076867,-1005.1007557535738,1.708244246426167,1.6380525267257025,0.048906741085602334
3,0,inf,inf,6,"[50, 45, 48, 47, 52, 46]","[7, 3, 5, 4, 8, 6]",4.771002306790287,0.23280210833143272,1.1071427856114135,720.8021490289752,-5487.273234401556,-1005.1471872329712,3,10,-0.470998992345358,raw_lidar_xy_decimated,14628,0.5,1.1085966210789024,-0.001453835467480003,10,0.47712125471966244,2.848720240250647,121.14363086195539,0.5609883356459191,1.0844965652383287,3.286605295501752,1.0,1m,0.0,2.2021087302634235,0.6426809039985528,0.6,88,-1006.809,solution,0.470998992345358,722.9875972880423,-5487.002866565371,-1004.9642160449109,1.8447839550890914,2.2021087302634235,0.18297118806026447
,,,,,,,,,,,,,,10,,raw_lidar_xy_decimated,16534,0.5,,-0.1696399900727368,10,0.0,2.233118432714675,125.4261968404684,0.5367327372828636,nan,,,1m,nan,nan,0.6424407430022256,0.0,90,,no_solution,nan,,,,,,
3,0,inf,inf,6,"[52, 48, 47, 45, 50, 51]","[6, 3, 2, 1, 5, 4]",5.653327995993769,0.07006390485382101,0.04519484727261792,728.821616381134,-5486.791663077653,-1003.8197200298309,3,8,-0.5501448098799826,raw_lidar_xy_decimated,16211,0.5,0.08868957775800368,0.13388442503061293,8,0.47712125471966244,2.9064089667287023,114.71380332190651,0.5608805850187362,-1.0630360967576955,2.127561672344297,1.0,1m,-0.8429417035895561,2.3476560655124366,0.24313083800370805,0.75,97,-1006.809,solution,0.5501448098799826,732.0056026480726,-5486.996956955169,-1003.731802559405,3.077197440594948,3.1905977691019927,0.08791747042596398
5,0,inf,inf,8,"[51, 48, 52, 49, 45, 47, 50, 46]","[10, 6, 11, 7, 4, 5, 8, 9]",6.1292914405200465,0.398043097623338,0.043363036432830564,730.8077058026266,-5487.443121475182,-1003.7138125896454,13,14,-0.2949897014447087,raw_lidar_xy_decimated,17740,0.5,0.05970973642629929,-0.016346699993469542,14,1.1139433523068367,2.83305093065129,123.8920565697325,0.5579798718647254,2.130798600096508,4.387798606610192,1.0,1m,0.0,2.2570000065136844,1.7005694240069715,0.5714285714285714,98,-1006.809,solution,0.2949897014447087,733.0200129150755,-5486.996191648911,-1003.6000861834601,3.2089138165398143,2.2570000065136844,0.11372640618526475
5,0,inf,inf,7,"[47, 51, 45, 52, 49, 48, 50]","[5, 8, 4, 9, 7, 6, 10]",7.737861753431898,0.13757131221263103,0.2307240876239251,733.7313941503407,-5487.537561400879,-1003.6330389976501,9,12,-0.21105878140796938,raw_lidar_xy_decimated,17887,0.5,0.21504713595527392,0.4457712235792012,12,0.9542425094393249,3.328072816206225,119.78926173837705,0.57918067009727,1.1662059095020556,2.5864328953633016,1.0,1m,0.0,1.420226985861246,1.3012367169867503,0.5833333333333334,100,-1006.809,solution,0.21105878140796938,735.0589826520511,-5487.033028486695,-1003.3643241287652,3.4446758712347734,1.420226985861246,0.26871486888489926
5,0,inf,inf,7,"[45, 50, 47, 52, 49, 51, 48]","[4, 8, 5, 9, 7, 10, 6]",3.5374101662870205,0.06894054945143482,0.2125868643966727,736.0505014063049,-5488.216374115106,-1003.2001020908356,8,12,-0.2648558119290544,raw_lidar_xy_decimated,18557,0.5,0.30328839091018267,-0.09070152651350882,12,0.9030899869919435,4.784166866263821,127.69202682407179,0.6603691622306849,-0.13257709952772023,2.233069112956905,1.0,1m,0.0,2.3656462124846254,2.095154388996889,0.5833333333333334,103,-1006.809,solution,0.2648558119290544,738.0949123813048,-5487.026136421222,-1002.9939512202589,3.815048779741174,2.3656462124846254,0.206150870576721
5,0,inf,inf,7,"[45, 50, 49, 47, 52, 48, 51]","[2, 7, 5, 3, 9, 4, 8]",3.101644229137904,0.04812803581431599,1.293847287387084,738.0176417241294,-5486.593431469227,-1002.9394607543945,9,11,-0.7303919758228455,raw_lidar_xy_decimated,17302,0.5,0.7584868247060683,0.5353604626810283,11,0.9542425094393249,3.3011399768858736,103.21094903158289,0.5772117511227386,0.5267191105560709,1.7085387835008583,1.0,1m,0.0,1.1818196729447874,0.8520032299857121,0.6363636363636364,104,-1006.809,solution,0.7303919758228455,739.1737275039754,-5486.838713773923,-1003.0012332511453,3.807766748854703,1.1818196729447874,0.061772496750791106
,,,,,,,,,,,,,,11,,raw_lidar_xy_decimated,8504,0.5,,10.224014118555395,11,0.0,4.304250886303575,60.749485594529936,0.6257958662546916,nan,,,1m,nan,nan,0.19205295099527575,0.0,105,,no_solution,nan,,,,,,
5,0,inf,inf,6,"[48, 47, 45, 51, 52, 50]","[3, 2, 1, 5, 6, 7]",3.4961163797368937,0.38454451178162663,-5.001080554447869,738.3307056476008,-5487.211955011719,-1002.6273293495178,8,9,-0.478335855797034,raw_lidar_xy_decimated,19985,0.5,0.4973601411689401,-5.4984406956167975,9,0.9030899869919435,3.320958026337521,135.01296234065825,0.5780807001687981,1.1316877947845398,3.969302016273728,1.0,1m,0.0,2.837614221489188,0.37895005400059745,0.6666666666666666,106,-1006.809,solution,0.478335855797034,741.1445186261084,-5486.845197609639,-1002.5909878779555,4.218012122044412,2.837614221489188,0.03634147156230938
4,0,inf,inf,6,"[45, 50, 47, 48, 52, 51]","[3, 6, 4, 5, 7, 8]",4.917408239189015,0.1835442257737128,-6.50294545294192,741.5817280946908,-5489.783593620444,-1002.5981111526489,8,10,-0.3968362239005008,raw_lidar_xy_decimated,18981,0.5,0.9752278102207299,-5.527717642721197,10,0.9030899869919435,3.2784196380306483,131.87978713550976,0.5764067960702042,0.0565513663131334,2.9300623426258516,1.0,1m,0.0,2.8735109763127182,0.8092098740016809,0.6,107,-1006.809,solution,0.3968362239005008,742.1386016162292,-5486.964558818956,-1002.4583538068428,4.350646193157196,2.8735109763127182,0.13975734580617427
5,0,inf,inf,7,"[47, 45, 48, 50, 49, 51, 52]","[5, 2, 4, 6, 3, 8, 7]",7.423553801284222,0.4294690241943074,2.0462794947147547,738.6906061871059,-5487.847466997157,-1002.8342156410217,9,9,-0.49599265433520445,raw_lidar_xy_decimated,20440,0.5,1.8707795843393455,0.17549991037541424,9,0.9542425094393249,2.852201195522062,104.1849317319928,0.558618342831245,-4.911787689920282,1.6267611989720727,1.0,1m,0.0,6.538548888892355,0.5859894110035384,0.7777777777777778,110,-1006.809,solution,0.49599265433520445,745.1735406530634,-5486.996477994563,-1002.0401703283238,4.768829671676122,6.538548888892355,0.7940453126979037
4,0,inf,inf,6,"[47, 48, 45, 52, 51, 50]","[4, 5, 3, 8, 7, 6]",3.680567139256762,0.29592422472698626,0.8297282986707661,744.0103993972292,-5486.883750228166,-1001.859525680542,5,9,-0.7112113639688882,raw_lidar_xy_decimated,19004,0.5,0.42835279374045854,0.4013755049303118,9,0.6989700043360189,3.8555424290282754,143.94617049439003,0.6029491277399397,-0.28468041662416566,3.9488626722978526,1.0,1m,0.7454336714153333,4.978976760337352,0.5294067329959944,0.6666666666666666,113,-1006.809,solution,0.7112113639688882,748.2423014425708,-5487.001615254331,-1001.7013584820298,5.107641517970155,4.233543088922018,0.1581671985121602
3,0,inf,inf,6,"[52, 45, 47, 48, 50, 51]","[9, 3, 4, 5, 10, 8]",6.273721023765483,0.24732671196020206,2.133689477148631,748.538422093545,-5485.530297798749,-1001.503324508667,4,11,-0.4136544741345463,raw_lidar_xy_decimated,15415,0.5,1.1196892573199477,1.0140002198286726,11,0.6020599913279624,4.741715893502539,92.53377761660873,0.6496224382358954,1.6444135644486697,4.749029919103159,1.0,1m,0.0,3.1046163546544894,1.006588295000256,0.5454545454545454,116,-1006.809,solution,0.4136544741345463,751.2761590048843,-5486.994346743928,-1001.4264563805559,5.382543619444023,3.1046163546544894,0.07686812811107302
5,0,inf,inf,6,"[45, 50, 48, 47, 49, 52]","[4, 10, 6, 5, 7, 11]",2.6131049697282336,0.049918236123542445,0.5717665347335565,753.7874650683146,-5485.168966393131,-1000.962146282196,7,12,-0.34488474440882716,raw_lidar_xy_decimated,12589,0.5,0.6729359417404055,-0.10116940700685847,12,0.8450980400142568,4.487011534333201,94.18478971837618,0.6361949756519463,0.233852458786453,3.344980587356015,1.0,1m,0.0,3.111128128569562,1.3095604739937698,0.5,121,-1006.809,solution,0.34488474440882716,756.3124559306326,-5486.986530526136,-1000.8582677529937,5.950732247006305,3.111128128569562,0.10387852920234764
2,0,inf,inf,5,"[50, 45, 48, 47, 52]","[9, 4, 6, 5, 10]",2.9408821178433238,0.1124115306431429,0.8067358021390333,754.0330084621937,-5485.83466041163,-1000.7157926559448,2,12,-0.38539927020424564,raw_lidar_xy_decimated,14342,0.5,1.033814499072264,-0.2270786969332281,12,0.3010299956639812,4.571678360732399,105.75341774050398,0.6407512848285837,0.18539154214591713,3.6685811286185523,1.0,1m,0.0,3.483189586472635,1.184097978999489,0.4166666666666667,122,-1006.809,solution,0.38539927020424564,757.3177792727969,-5486.993491899431,-1000.7013681388634,6.107631861136614,3.483189586472635,0.014424517081465638
5,0,inf,inf,6,"[49, 48, 47, 45, 50, 52]","[8, 5, 4, 3, 7, 6]",2.2523238278161615,0.6332985828170609,-0.2569513621482197,754.6641733253178,-5487.2844092714095,-1002.1068334579468,7,12,-1.1251531790104499,raw_lidar_xy_decimated,13708,0.5,0.017267905390326632,-0.23968345675788988,12,0.8450980400142568,2.8782967016589627,138.10566470063839,0.5596570189595612,0.3379280945155565,4.071545036188215,1.0,1m,0.0,3.733616941672658,1.7551491040067049,0.5,123,-1006.809,solution,1.1251531790104499,758.3852971053501,-5486.979231813488,-1000.512813355751,6.296186644248987,3.733616941672658,1.5940201021958273
4,0,inf,inf,6,"[45, 47, 48, 52, 49, 50]","[3, 4, 5, 8, 6, 9]",3.746576813151907,0.18790480367975934,0.6174575539249003,762.3602714085381,-5488.235228834341,-1000.0216207504272,5,10,-0.2486629749615901,raw_lidar_xy_decimated,13950,0.5,0.381652010169347,0.999109564094237,10,0.6989700043360189,4.056236543409292,112.58982567291889,0.6129932337065185,0.3440697490680309,1.9313055583015786,1.0,1m,0.0,1.5872358092335477,0.6708345480001299,0.6,128,-1006.809,solution,0.2486629749615901,763.3250169192447,-5486.9748385718885,-999.7082603249537,7.100739675046247,1.5872358092335477,0.31336042547354737
2,0,inf,inf,4,"[47, 45, 52, 48]","[4, 3, 7, 5]",0.9850473480015415,0.07159806774708997,-1.3663870822752053,764.4517112091512,-5488.309087374376,-999.2617387771606,2,10,-0.757977685515874,raw_lidar_xy_decimated,12429,0.5,1.0752384202771452,-0.2911486619980697,10,0.3010299956639812,7.214390978651844,105.65388934857589,0.8065926562874436,0.5388496136289427,3.769160157542787,1.0,1m,0.0,3.2303105439138444,1.0156302000104915,0.4,132,-1006.809,solution,0.757977685515874,767.3904432366945,-5486.967908683667,-999.1722128363871,7.636787163612888,3.2303105439138444,0.08952594077356935
,,,,,,,,,,,,,,8,,raw_lidar_xy_decimated,11617,0.5,,-0.1834522893526085,8,0.0,6.235190029940557,122.27281778203479,0.741904036716178,nan,,,1m,nan,nan,0.3278163509967271,0.0,134,,no_solution,nan,,,,,,
3,0,inf,inf,5,"[48, 47, 45, 52, 49]","[4, 3, 2, 8, 5]",2.0316144999416847,0.05186609350349373,-27.95291478094556,770.7798760846936,-5487.269450175483,-998.4218673706055,3,12,-0.3574269477868566,raw_lidar_xy_decimated,10689,0.5,0.42525455158599357,-28.37816933253156,12,0.47712125471966244,6.992610056156461,112.87409689954866,0.7912732080969214,-0.38163448844142245,2.142769890883739,1.0,1m,0.0,2.5244043793251616,1.7841750439984025,0.4166666666666667,138,-1006.809,solution,0.3574269477868566,773.3041541786316,-5487.244199931513,-998.3658635831699,8.443136416830013,2.5244043793251616,0.05600378743554302
,,,,,,,,,,,,,,9,,raw_lidar_xy_decimated,12230,0.5,,-51.36699962412441,9,0.0,6.593695737148101,119.53451384432866,0.7642253194684308,nan,,,1m,nan,nan,0.5898663659900194,0.0,139,,no_solution,nan,,,,,,
2,0,inf,inf,5,"[47, 52, 49, 45, 48]","[4, 8, 5, 3, 6]",3.2465083680377447,0.18869391959981624,-49.51694088101717,771.1111780471172,-5487.468054682811,-998.9173498153687,2,11,-0.850060832800221,raw_lidar_xy_decimated,13440,0.5,0.6825891919203855,-50.19953007293755,11,0.3010299956639812,6.861775216110001,116.79255113233891,0.7823179841608096,-1.0690351586553821,2.6015097797068227,1.0,1m,-1.0640182236086155,2.6065267147535893,1.430032875010511,0.45454545454545453,140,-1006.809,solution,0.850060832800221,774.5400012635344,-5488.778043803031,-997.9642308723309,8.844769127669089,3.670544938362205,0.9531189430377935
,,,,,,,,,,,,,,12,,raw_lidar_xy_decimated,12211,0.5,,-0.041409577231133726,12,0.0,8.386672179187064,118.06134282821088,0.8914064417855425,nan,,,1m,nan,nan,1.4643740440078545,0.0,146,,no_solution,nan,,,,,,
,,,,,,,,,,,,,,10,,raw_lidar_xy_decimated,12338,0.5,,-0.08029335980524611,10,0.0,6.492029276075105,130.14503330775287,0.7581252096932228,nan,,,1m,nan,nan,0.8380006759980461,0.0,147,,no_solution,nan,,,,,,
,,,,,,,,,,,,,,11,,raw_lidar_xy_decimated,12320,0.5,,0.09430013246914419,11,0.0,9.053010378766436,117.16868182240509,0.9405716768426206,nan,,,1m,nan,nan,1.2702954330015928,0.0,149,,no_solution,nan,,,,,,
,,,,,,,,,,,,,,9,,raw_lidar_xy_decimated,14018,0.5,,-0.2464566338975055,9,0.0,8.949517314750713,126.88774566521387,0.9327430416825678,nan,,,1m,nan,nan,0.710580821003532,0.0,150,,no_solution,nan,,,,,,
,,,,,,,,,,,,,,15,,raw_lidar_xy_decimated,14046,0.5,,0.3265598767191461,15,0.0,9.041188158298873,129.82488205270977,0.9396758538131064,nan,,,1m,nan,nan,4.068418410999584,0.0,151,,no_solution,nan,,,,,,
,,,,,,,,,,,,,,15,,raw_lidar_xy_decimated,12843,0.5,,-0.001214105516800747,15,0.0,9.173056114518813,122.21497453258337,0.9496903227909088,nan,,,1m,nan,nan,3.9050928369979374,0.0,156,,no_solution,nan,,,,,,
,,,,,,,,,,,,,,12,,raw_lidar_xy_decimated,13168,0.5,,0.04252251845663024,12,0.0,8.20506395156923,117.97725044368715,0.8775265498006384,nan,,,1m,nan,nan,0.8959953529993072,0.0,157,,no_solution,nan,,,,,,
,,,,,,,,,,,,,,11,,raw_lidar_xy_decimated,12080,0.5,,-0.10491516470180341,11,0.0,9.262821781525304,103.11401456640121,0.9565350263656861,nan,,,1m,nan,nan,1.239179675001651,0.0,158,,no_solution,nan,,,,,,
,,,,,,,,,,,,,,9,,raw_lidar_xy_decimated,11625,0.5,,0.03438748729898099,9,0.0,8.16068400456894,101.91417958262727,0.8741293413449094,nan,,,1m,nan,nan,0.4305599399958737,0.0,159,,no_solution,nan,,,,,,
,,,,,,,,,,,,,,12,,raw_lidar_xy_decimated,11570,0.5,,-0.9253907114125379,12,0.0,8.811471208569735,122.14190638938967,0.9223647487709994,nan,,,1m,nan,nan,1.4577513740077848,0.0,161,,no_solution,nan,,,,,,
,,,,,,,,,,,,,,12,,raw_lidar_xy_decimated,11049,0.5,,-1.007605617047581,12,0.0,8.603470534532072,125.14034376403269,0.9068035297367782,nan,,,1m,nan,nan,1.4303079539968167,0.0,162,,no_solution,nan,,,,,,
,,,,,,,,,,,,,,13,,raw_lidar_xy_decimated,12235,0.5,,-51.6079892466221,13,0.0,8.6933057350822,129.52412902621657,0.9134960442737308,nan,,,1m,nan,nan,1.9559614939935273,0.0,164,,no_solution,nan,,,,,,
,,,,,,,,,,,,,,8,,raw_lidar_xy_decimated,11566,0.5,,-47.749698636822885,8,0.0,8.909080243776142,115.55025318453096,0.929697328064035,nan,,,1m,nan,nan,0.20199454900284763,0.0,165,,no_solution,nan,,,,,,
,,,,,,,,,,,,,,11,,raw_lidar_xy_decimated,11960,0.5,,-27.649919026529766,11,0.0,9.079066453834551,129.24588968319264,0.9425474573261642,nan,,,1m,nan,nan,0.8997895030042855,0.0,168,,no_solution,nan,,,,,,
,,,,,,,,,,,,,,12,,raw_lidar_xy_decimated,11990,0.5,,0.11832103500359865,12,0.0,8.816929779219267,139.08613433021708,0.9227938703554768,nan,,,1m,nan,nan,1.1360263690003194,0.0,169,,no_solution,nan,,,,,,
2,0,inf,inf,4,"[47, 49, 48, 45]","[5, 7, 6, 4]",1.203359261763561,0.143068633877586,0.3152418231504733,803.7476389397887,-5492.349852200254,-993.1418905258179,2,12,-0.7335693220345163,raw_lidar_xy_decimated,13482,0.5,0.5373356127582554,-0.22209378960778053,12,0.3010299956639812,8.299597419648592,138.43911381164514,0.8844879395720784,-0.4018171240676188,0.9279728170479317,1.0,1m,0.0,1.3297899411155505,1.9696534190006787,0.3333333333333333,172,-1006.809,solution,0.7335693220345163,804.9248989024969,-5492.968237410051,-992.4277429462467,14.381257053753254,1.3297899411155505,0.714147579571204
,,,,,,,,,,,,,,9,,raw_lidar_xy_decimated,17065,0.5,,-47.31333153584155,9,0.0,7.886290171726528,142.0580867110352,0.8542119412986519,nan,,,1m,nan,nan,0.8287467939953785,0.0,175,,no_solution,nan,,,,,,
,,,,,,,,,,,,,,16,,raw_lidar_xy_decimated,19206,0.5,,-44.92199332715446,16,0.0,8.400912885112142,142.1399958789122,0.8918851963082142,nan,,,1m,nan,nan,4.9340487260051304,0.0,177,,no_solution,nan,,,,,,
,,,,,,,,,,,,,,13,,raw_lidar_xy_decimated,17610,0.5,,-45.158954144236574,13,0.0,7.326428849344709,154.73364210797857,0.8144125716742209,nan,,,1m,nan,nan,2.2107379749941174,0.0,180,,no_solution,nan,,,,,,
,,,,,,,,,,,,,,9,,raw_lidar_xy_decimated,19028,0.5,,-45.05965179376306,9,0.0,7.818340873784733,151.36214850483591,0.8493201141853672,nan,,,1m,nan,nan,0.7786976420029532,0.0,181,,no_solution,nan,,,,,,
,,,,,,,,,,,,,,9,,raw_lidar_xy_decimated,12303,0.5,,-1.3980974349744029,9,0.0,8.063680190001884,150.56726071759425,0.867058733229933,nan,,,1m,nan,nan,0.7525009279925143,0.0,187,,no_solution,nan,,,,,,
,,,,,,,,,,,,,,7,,raw_lidar_xy_decimated,9711,0.5,,-45.04879182873569,7,0.0,8.065447258982198,155.34638714820503,0.867187250747081,nan,,,1m,nan,nan,0.32994225701258983,0.0,194,,no_solution,nan,,,,,,
,,,,,,,,,,,,,,9,,raw_lidar_xy_decimated,8217,0.5,,-44.63189395561606,9,0.0,8.094277912591702,131.84270931682192,0.8692855771176979,nan,,,1m,nan,nan,0.7243423229956534,0.0,195,,no_solution,nan,,,,,,
,,,,,,,,,,,,,,10,,raw_lidar_xy_decimated,6810,0.5,,-19.755018122705007,10,0.0,8.589513702855633,143.24703427402213,0.9057650460492657,nan,,,1m,nan,nan,0.8187669530016137,0.0,198,,no_solution,nan,,,,,,
,,,,,,,,,,,,,,9,,raw_lidar_xy_decimated,7195,0.5,,-43.35935116504697,9,0.0,8.318566526164698,139.86600730699365,0.8857042327244774,nan,,,1m,nan,nan,1.0503711479977937,0.0,199,,no_solution,nan,,,,,,
,,,,,,,,,,,,,,9,,raw_lidar_xy_decimated,7168,0.5,,-51.920002781545676,9,0.0,8.14957966975065,128.4854077317732,0.8733183447400115,nan,,,1m,nan,nan,0.7358059029938886,0.0,200,,no_solution,nan,,,,,,
,,,,,,,,,,,,,,11,,raw_lidar_xy_decimated,8739,0.5,,-17.736053185170473,11,0.0,8.337673467490605,121.21262310502154,0.8871105434523436,nan,,,1m,nan,nan,1.6208795190032106,0.0,201,,no_solution,nan,,,,,,
,,,,,,,,,,,,,,9,,raw_lidar_xy_decimated,10058,0.5,,-25.06032227546084,9,0.0,8.259076488555497,137.02736952886457,0.8813332222650948,nan,,,1m,nan,nan,0.9780598530051066,0.0,203,,no_solution,nan,,,,,,
,,,,,,,,,,,,,,9,,raw_lidar_xy_decimated,10741,0.5,,-53.63188288352155,9,0.0,8.13590256746719,138.14666119743902,0.872320014455168,nan,,,1m,nan,nan,0.6413356529956218,0.0,204,,no_solution,nan,,,,,,
,,,,,,,,,,,,,,7,,raw_lidar_xy_decimated,13494,0.5,,-44.58542508273986,7,0.0,8.200172581647504,140.31571544199886,0.8770166841694373,nan,,,1m,nan,nan,0.2977312600123696,0.0,208,,no_solution,nan,,,,,,
,,,,,,,,,,,,,,9,,raw_lidar_xy_decimated,14605,0.5,,-44.493046080957896,9,0.0,8.01677404907442,139.38615426217913,0.8636511784687384,nan,,,1m,nan,nan,0.7246007890062174,0.0,209,,no_solution,nan,,,,,,
,,,,,,,,,,,,,,9,,raw_lidar_xy_decimated,14078,0.5,,-45.004129897932444,9,0.0,8.046195003354477,144.11280303984097,0.865787622216262,nan,,,1m,nan,nan,0.8289956210064702,0.0,211,,no_solution,nan,,,,,,
,,,,,,,,,,,,,,10,,raw_lidar_xy_decimated,14771,0.5,,-45.226195919365196,10,0.0,8.179142717922701,137.44035017688975,0.8754872436918373,nan,,,1m,nan,nan,0.8602178299915977,0.0,212,,no_solution,nan,,,,,,
,,,,,,,,,,,,,,10,,raw_lidar_xy_decimated,14234,0.5,,-45.1445106478819,10,0.0,7.789976151838427,138.00477010357946,0.8472838125565378,nan,,,1m,nan,nan,1.0069276150024962,0.0,213,,no_solution,nan,,,,,,
,,,,,,,,,,,,,,9,,raw_lidar_xy_decimated,13947,0.5,,-45.24332247813931,9,0.0,7.403928071982161,151.58001187491706,0.8198510967336597,nan,,,1m,nan,nan,0.6966204159980407,0.0,215,,no_solution,nan,,,,,,
,,,,,,,,,,,,,,9,,raw_lidar_xy_decimated,13500,0.5,,-44.923426990035885,9,0.0,7.9902553201261926,117.95973889425154,0.8617280279413498,nan,,,1m,nan,nan,0.818637680989923,0.0,216,,no_solution,nan,,,,,,
,,,,,,,,,,,,,,8,,raw_lidar_xy_decimated,11261,0.5,,4.497228635513646,8,0.0,8.278893245575368,141.26218277862114,0.8827969674854482,nan,,,1m,nan,nan,0.5307364299951587,0.0,218,,no_solution,nan,,,,,,
,,,,,,,,,,,,,,11,,raw_lidar_xy_decimated,11230,0.5,,2.5919917269129797,11,0.0,7.582099024212909,130.15567601914256,0.832442298220219,nan,,,1m,nan,nan,1.6868054200022016,0.0,219,,no_solution,nan,,,,,,
,,,,,,,,,,,,,,11,,raw_lidar_xy_decimated,10370,0.5,,-27.5843840814309,11,0.0,8.4543396050077,114.80635870891473,0.8957227770279566,nan,,,1m,nan,nan,1.134377152993693,0.0,221,,no_solution,nan,,,,,,
,,,,,,,,,,,,,,9,,raw_lidar_xy_decimated,10766,0.5,,-48.255786660187866,9,0.0,8.275237405032975,138.76058518181594,0.8825195003651817,nan,,,1m,nan,nan,0.5711222720128717,0.0,223,,no_solution,nan,,,,,,
,,,,,,,,,,,,,,9,,raw_lidar_xy_decimated,10296,0.5,,-45.19400440486166,9,0.0,7.694999288129267,140.40833308603874,0.8404827483340994,nan,,,1m,nan,nan,0.8928833899990423,0.0,224,,no_solution,nan,,,,,,
,,,,,,,,,,,,,,8,,raw_lidar_xy_decimated,12101,0.5,,-44.54586364835258,8,0.0,8.108846425425725,151.35554530586091,0.8703603682579417,nan,,,1m,nan,nan,0.45623470599821303,0.0,226,,no_solution,nan,,,,,,
,,,,,,,,,,,,,,14,,raw_lidar_xy_decimated,13443,0.5,,-45.19576653348243,14,0.0,8.127230780300836,129.54777023003732,0.871690518441379,nan,,,1m,nan,nan,2.7701786139950855,0.0,227,,no_solution,nan,,,,,,
,,,,,,,,,,,,,,11,,raw_lidar_xy_decimated,9350,0.5,,-44.192601779328875,11,0.0,8.239280304498866,141.54327960026927,0.8798812650473485,nan,,,1m,nan,nan,1.696696951999911,0.0,238,,no_solution,nan,,,,,,
,,,,,,,,,,,,,,11,,raw_lidar_xy_decimated,11020,0.5,,-95.901946483427,11,0.0,7.934118555028464,95.19716382329885,0.8576649807002326,nan,,,1m,nan,nan,1.5647960560017964,0.0,242,,no_solution,nan,,,,,,
,,,,,,,,,,,,,,7,,raw_lidar_xy_decimated,10914,0.5,,-137.16893425185307,7,0.0,7.561703766110545,135.47878062634015,0.8309948660269467,nan,,,1m,nan,nan,0.26606691400229465,0.0,244,,no_solution,nan,,,,,,
,,,,,,,,,,,,,,8,,raw_lidar_xy_decimated,21709,0.5,,-164.5539115510065,8,0.0,8.160675116864262,136.60045510849744,0.8741752609159592,nan,,,1m,nan,nan,0.3680578810017323,0.0,250,,no_solution,nan,,,,,,
,,,,,,,,,,,,,,10,,raw_lidar_xy_decimated,22643,0.5,,-63.83204717351927,10,0.0,8.966121218851766,136.92736632852285,0.9339969879381879,nan,,,1m,nan,nan,1.099275297994609,0.0,253,,no_solution,nan,,,,,,
,,,,,,,,,,,,,,9,,raw_lidar_xy_decimated,8681,1.0,,21.41643342507076,9,0.0,2.690740801412586,158.47397262642215,0.5524650007863681,nan,,,2m,nan,nan,0.2976962020038627,0.0,10,,no_solution,nan,,,,,,
4,0,inf,inf,5,"[42, 39, 38, 40, 44]","[6, 3, 2, 5, 7]",3.354099297910619,0.04148809920687743,44.772714296260524,653.0640869862341,-5506.306936434336,-1006.9404176771641,5,8,-0.3018227726114395,raw_lidar_xy_decimated,8468,1.0,0.6419805238309664,45.4146948200915,8,0.6989700043360189,1.7541915093870664,66.37847393788245,0.5237029160317541,0.756085903048247,2.9414282790508213,1.0,2m,0.0,2.1853423760025743,0.31522210298862774,0.625,13,-1006.809,solution,0.3018227726114395,655.1983962288042,-5506.776452522913,-1006.8301503021113,-0.021150302111307917,2.1853423760025743,0.11026737505278561
4,0,inf,inf,6,"[40, 42, 39, 38, 44, 43]","[4, 6, 3, 2, 8, 7]",7.285260980031155,0.09814978480706368,44.88020613136985,652.7445261843235,-5509.467429722884,-1006.8237003087997,6,9,-0.7090409609416968,raw_lidar_xy_decimated,8039,1.0,0.3247885081994468,44.5554176231704,9,0.7781512503836436,1.655857588559796,69.00724599634447,0.5204729802361969,1.9443768375924835,6.5994761440554806,1.0,2m,0.0,4.655099306462997,0.3721075630019186,0.6666666666666666,14,-1006.809,solution,0.7090409609416968,655.9157929042468,-5506.059642032294,-1006.8143394759986,-0.005339475998682508,4.655099306462997,0.009360832801121433
,,,,,,,,,,,,,,9,,raw_lidar_xy_decimated,8306,1.0,,44.95433990952211,9,0.0,2.6972826934701835,111.11255554616679,0.5527086010835057,nan,,,2m,nan,nan,0.5575497590034502,0.0,16,,no_solution,nan,,,,,,
2,0,inf,inf,4,"[42, 39, 38, 44]","[8, 7, 5, 9]",2.4547945701459075,0.11193868733414998,45.34386879774119,655.9769774266407,-5505.258550340569,-1006.844842672348,3,10,-0.2249121730783328,raw_lidar_xy_decimated,8167,1.0,0.5436641348393323,44.80020466290187,10,0.47712125471966244,2.1662666823561785,133.9117310631058,0.534586481993083,-0.19733500059097997,3.342398295385947,1.0,2m,0.0,3.539733295976927,0.6325286050123395,0.4,18,-1006.809,solution,0.2249121730783328,658.8288281527425,-5503.1617291172215,-1006.7661490926739,0.04285090732601543,3.539733295976927,0.07869357967410906
,,,,,,,,,,,,,,13,,raw_lidar_xy_decimated,7758,1.0,,45.01641903321937,13,0.0,2.337474228916119,144.00694427700353,0.5400512199341745,nan,,,2m,nan,nan,1.273794466003892,0.0,23,,no_solution,nan,,,,,,
2,0,inf,inf,5,"[39, 38, 42, 44, 43]","[6, 4, 8, 9, 7]",9.581930940784254,0.26195013726767336,18.901217376490912,661.2425184231008,-5499.739790256762,-1006.8468394577503,4,13,-0.6739649397350722,raw_lidar_xy_decimated,8124,1.0,0.454233696791988,19.355451073282893,13,0.6020599913279624,1.7138083440018244,117.72000679578642,0.5219012753807661,1.6321661268109917,3.7540339152403983,1.0,2m,0.0,2.1218677884294066,1.2886464460025309,0.38461538461538464,24,-1006.809,solution,0.6739649397350722,663.2246219904457,-5498.9824340922705,-1006.6723675092962,0.13663249070373035,2.1218677884294066,0.17447194845408376
,,,,,,,,,,,,,,8,,raw_lidar_xy_decimated,8037,1.0,,-0.16667110086677617,8,0.0,1.6540180541924747,136.45009222066784,0.520501175309781,nan,,,2m,nan,nan,0.2546135449956637,0.0,30,,no_solution,nan,,,,,,
,,,,,,,,,,,,,,7,,raw_lidar_xy_decimated,8109,1.0,,43.54897219830171,7,0.0,1.4339201623679736,107.56393447619885,0.5154268554327074,nan,,,2m,nan,nan,0.20995331299491227,0.0,33,,no_solution,nan,,,,,,
,,,,,,,,,,,,,,11,,raw_lidar_xy_decimated,8125,1.0,,-10.645208482925279,11,0.0,1.2267970040359981,143.95138068111746,0.5113364544364787,nan,,,2m,nan,nan,0.7664863359968876,0.0,36,,no_solution,nan,,,,,,
2,0,inf,inf,5,"[38, 39, 40, 44, 43]","[5, 7, 8, 10, 11]",3.273684702858722,0.28510234898507936,-2.4073823121540094,677.7824911990919,-5496.425513053054,-1007.0295219421387,3,12,-1.632645339398868,raw_lidar_xy_decimated,8960,1.0,3.3968270444186146,0.9894447322646083,12,0.47712125471966244,1.062654863893404,128.1866248824133,0.5085303722738377,3.224159381135933,3.869443512637836,1.0,2m,0.0,0.6452841315019036,0.7558164950023638,0.4166666666666667,39,-1006.809,solution,1.632645339398868,677.5306350166426,-5497.019617483041,-1006.9837414534746,-0.17474145347471032,0.6452841315019036,0.045780488664036056
2,0,inf,inf,5,"[42, 40, 38, 39, 43]","[10, 8, 5, 7, 9]",9.450943944532769,0.26563083442639845,0.47851166222694486,676.7793678705473,-5497.497771052753,-1007.1345472335815,2,11,-0.28974970566698927,raw_lidar_xy_decimated,9547,1.0,0.3993580680968307,0.07915359413011744,11,0.3010299956639812,0.9401684138104018,129.46814279968643,0.5066878908204163,0.4023788793872001,3.2315045428604607,1.0,2m,0.0,2.8291256634732607,0.7055683549988316,0.45454545454545453,41,-1006.809,solution,0.28974970566698927,679.5637249832185,-5496.996465268984,-1007.0208233930429,-0.21182339304289238,2.8291256634732607,0.11372384053868245
3,0,inf,inf,5,"[42, 38, 39, 40, 43]","[7, 4, 5, 6, 8]",5.5273580168350795,0.40873627589066924,29.91451204432959,679.4017405225295,-5499.224719791361,-1007.2080374658108,4,9,-0.7569632162495467,raw_lidar_xy_decimated,9652,1.0,0.6547169869431286,29.259795057386466,9,0.6020599913279624,0.9180256325456543,111.97321108193691,0.506378482226628,0.6119161838663119,3.869602288593692,1.0,2m,0.0,3.25768610472738,0.3169528880098369,0.5555555555555556,43,-1006.809,solution,0.7569632162495467,681.5655591393408,-5496.789476938898,-1007.0817007753739,-0.2727007753739373,3.25768610472738,0.12633669043691498
4,0,inf,inf,5,"[38, 39, 42, 40, 43]","[5, 6, 9, 8, 10]",6.679725149718835,0.31581427021069364,0.4202549047167575,685.4972407548208,-5496.802580011991,-1007.2851426228881,8,12,-0.5938107896790501,raw_lidar_xy_decimated,7892,1.0,2.6615532313705614,-2.2412983266538062,12,0.9030899869919435,0.7554958950206082,115.96551211459379,0.5043284613439307,1.0031860865724278,6.969275428169665,1.0,2m,0.0,5.966089341597237,0.8011438240064308,0.4166666666666667,53,-1006.809,solution,0.5938107896790501,689.9236098257888,-5492.8023951563255,-1007.2223599418907,-0.41335994189066677,5.966089341597237,0.06278268099742945
4,0,inf,inf,5,"[38, 39, 42, 40, 43]","[2, 4, 8, 5, 9]",6.7061263658541685,0.1871613358964357,-5.499135249658287,686.0112631715397,-5496.847228680707,-1007.3276594746858,8,10,-0.5096855982118588,raw_lidar_xy_decimated,7971,1.0,2.201976922464695,-7.701112172122993,10,0.9030899869919435,0.561515374913746,115.11085722670485,0.5023956186008904,-1.5858345048279627,4.696400861860405,1.0,2m,0.0,6.282235366688368,0.3375790839927504,0.5,54,-1006.809,solution,0.5096855982118588,690.918311986105,-5492.924556997537,-1007.21635448914,-0.40735448914009476,6.282235366688368,0.11130498554575752
,,,,,,,,,,,,,,8,,raw_lidar_xy_decimated,4754,1.0,,44.58257406094856,8,0.0,0.7868658478974393,135.8459666531901,0.5050394156228526,nan,,,2m,nan,nan,0.3101939120097086,0.0,61,,no_solution,nan,,,,,,
,,,,,,,,,,,,,,7,,raw_lidar_xy_decimated,4416,1.0,,-11.690018913226197,7,0.0,0.539803639461134,135.80132547217644,0.5022142745889322,nan,,,2m,nan,nan,0.12628025699814316,0.0,66,,no_solution,nan,,,,,,
,,,,,,,,,,,,,,8,,raw_lidar_xy_decimated,4749,1.0,,0.3301456481838429,8,0.0,0.8185893818550747,100.33720022419472,0.5050879131181267,nan,,,2m,nan,nan,0.23412484499567654,0.0,69,,no_solution,nan,,,,,,
2,0,inf,inf,4,"[39, 42, 38, 44]","[5, 6, 3, 7]",3.6307062809075967,0.05507563036204592,-0.16816323058793856,701.0712388176484,-5490.455729716507,-1006.8102804422379,3,8,-0.4615255146471154,raw_lidar_xy_decimated,5228,1.0,0.02838164309309832,-0.1397815874948478,8,0.47712125471966244,1.769063212414758,127.47790384124623,0.5286742238278768,-0.5495092523842118,4.491540590812673,1.0,2m,0.0,5.041049843196885,0.2538092129980214,0.5,70,-1006.809,solution,0.4615255146471154,704.6893001333958,-5486.94548530378,-1006.6386236879371,0.1703763120629217,5.041049843196885,0.1716567543007841
,,,,,,,,,,,,,,7,,raw_lidar_xy_decimated,5983,1.0,,-0.3085181092122478,7,0.0,0.9098089452199065,120.6731121667126,0.5062654977057668,nan,,,2m,nan,nan,0.13720330900105182,0.0,71,,no_solution,nan,,,,,,
,,,,,,,,,,,,,,9,,raw_lidar_xy_decimated,6516,1.0,,0.1682355351773335,9,0.0,1.2128460090977304,122.61321299109652,0.5110827899402042,nan,,,2m,nan,nan,0.26627659099176526,0.0,72,,no_solution,nan,,,,,,
,,,,,,,,,,,,,,7,,raw_lidar_xy_decimated,7126,1.0,,-0.4189489949718158,7,0.0,0.5364449782965134,126.37246535539299,0.5021868640592958,nan,,,2m,nan,nan,0.14671170100336894,0.0,73,,no_solution,nan,,,,,,
4,0,inf,inf,5,"[38, 40, 44, 42, 39]","[1, 4, 6, 5, 3]",1.7446560375860183,0.14504244640054823,-1.1695304974711627,708.438454019509,-5486.7156000620025,-1006.3155839443207,4,7,-0.23233850021917168,raw_lidar_xy_decimated,6633,1.0,0.04024780958775409,-1.1292826878834028,7,0.6020599913279624,1.1794626100226475,120.10828447696687,0.5104870909407097,-0.9210204530759045,1.4531270492567232,1.0,2m,0.0,2.3741475023326277,0.15369004500098526,0.7142857142857143,76,-1006.809,solution,0.23233850021917168,710.8029425833208,-5486.929539760131,-1006.0765333676009,0.7324666323991004,2.3741475023326277,0.23905057671981922
,,,,,,,,,,,,,,10,,raw_lidar_xy_decimated,6236,1.0,,-0.977764438375635,10,0.0,1.4265636895526377,95.74921933587396,0.51534971869561,nan,,,2m,nan,nan,0.3743902340065688,0.0,77,,no_solution,nan,,,,,,
5,0,inf,inf,6,"[39, 40, 38, 44, 42, 43]","[8, 7, 5, 11, 9, 10]",5.700893922853113,0.5008250946356156,1.3947946477599424,709.108129581495,-5491.114769064218,-1006.5732582211494,13,13,-0.4784919855267592,raw_lidar_xy_decimated,5225,1.0,0.5876406725857919,0.8071539751741564,13,1.1139433523068367,0.8278781844263876,117.34564329364768,0.5051932414154293,-1.9578486877873722,4.308688474732038,1.0,2m,0.0,6.26653716251941,1.1751963870046893,0.46153846153846156,79,-1006.809,solution,0.4784919855267592,713.8622939183145,-5487.032195186412,-1005.9497660547764,0.859233945223506,6.26653716251941,0.623492166373012
,,,,,,,,,,,,,,11,,raw_lidar_xy_decimated,5575,1.0,,0.7635348912758074,11,0.0,1.3496411821737277,129.00387591076478,0.5136894852301678,nan,,,2m,nan,nan,0.34473155900195707,0.0,80,,no_solution,nan,,,,,,
,,,,,,,,,,,,,,9,,raw_lidar_xy_decimated,5307,1.0,,0.3186492843369334,9,0.0,1.7239255216493448,117.72000679578642,0.5221552694593777,nan,,,2m,nan,nan,0.2581179270055145,0.0,82,,no_solution,nan,,,,,,
3,0,inf,inf,6,"[38, 42, 43, 39, 40, 44]","[2, 6, 7, 4, 5, 8]",5.662545591935264,0.23699115901239154,-2.066239629073543,718.9842049851875,-5486.605243888657,-1005.8226196169853,8,9,-0.3733927906950493,raw_lidar_xy_decimated,5861,1.0,1.71399972222747,-0.3522399068460678,9,0.9030899869919435,1.4337097996429742,120.44085685513866,0.5154223952345545,2.032444508195086,3.175500122978276,1.0,2m,0.0,1.1430556147831903,0.3709352720034076,0.6666666666666666,83,-1006.809,solution,0.3733927906950493,717.9048299204226,-5486.981442782929,-1005.6289926978208,1.1800073021792312,1.1430556147831903,0.19362691916455788
3,0,inf,inf,5,"[44, 38, 42, 40, 39]","[9, 5, 8, 7, 6]",2.313074117015455,0.044798922221644624,-0.260485046362396,715.7888347530256,-5487.923054272385,-1005.7111003398895,4,10,-0.2558846991785449,raw_lidar_xy_decimated,6122,1.0,0.08484430437957258,-0.3453293507419563,10,0.6020599913279624,5.398074989376921,82.11210655636097,0.6928811119271273,0.019878965441973317,3.28419548070159,1.0,2m,0.0,3.2643165152596167,0.5606270400021458,0.5,84,-1006.809,solution,0.2558846991785449,718.9171868841113,-5486.99075858124,-1005.5012632553336,1.3077367446664259,3.2643165152596167,0.20983708455594297
4,0,inf,inf,5,"[44, 38, 39, 42, 43]","[8, 3, 4, 9, 10]",3.854839896860514,0.281526711992924,-0.05633801479613984,719.0258642929991,-5488.392015323882,-1005.1584138870239,5,12,-0.6683978936046959,raw_lidar_xy_decimated,7844,1.0,0.2804367282117539,0.22409871341562324,12,0.6989700043360189,1.8703336460256863,131.757303696647,0.5268262517158406,0.024219161555891322,3.2699103481549336,1.0,2m,0.0,3.2456911865990423,0.7629097050084965,0.4166666666666667,87,-1006.809,solution,0.6683978936046959,721.9586480505693,-5487.001587076867,-1005.1007557535738,1.708244246426167,3.2456911865990423,0.05765813345010429
3,0,inf,inf,6,"[42, 38, 39, 40, 44, 43]","[8, 4, 5, 6, 9, 7]",8.860321716019508,0.17935153036717033,0.3191678402598163,720.1559773585822,-5487.990310432798,-1005.1427171230316,4,11,-0.21874219430493894,raw_lidar_xy_decimated,8181,1.0,0.3206216757272955,-0.001453835467480003,11,0.6020599913279624,3.4951870787831565,114.23659658795863,0.5858873472049283,-0.24108459921987135,2.7577679840583715,1.0,2m,0.0,2.998852583278243,0.7202648319944274,0.5454545454545454,88,-1006.809,solution,0.21874219430493894,722.9875972880423,-5487.002866565371,-1004.9642160449109,1.8447839550890914,2.998852583278243,0.17850107812068927
,,,,,,,,,,,,,,11,,raw_lidar_xy_decimated,9112,1.0,,-0.1696399900727368,11,0.0,2.3128204532280625,132.4009063413087,0.5392404945751373,nan,,,2m,nan,nan,0.5532517829997232,0.0,90,,no_solution,nan,,,,,,
4,0,inf,inf,6,"[42, 38, 39, 40, 44, 43]","[6, 2, 3, 4, 7, 5]",5.906216135420143,0.0634395756120094,0.3191678402598163,730.1558222049788,-5487.934605424104,-1003.817364692688,5,9,-0.28382687647207305,raw_lidar_xy_decimated,9311,1.0,0.18528341522920755,0.13388442503061293,9,0.6989700043360189,2.9694364713366217,97.04638066409278,0.5632671928441316,0.39879997220928676,2.472654436473689,1.0,2m,0.0,2.0738544642644023,0.3642286879912717,0.6666666666666666,97,-1006.809,solution,0.28382687647207305,732.0056026480726,-5486.996956955169,-1003.731802559405,3.077197440594948,2.0738544642644023,0.08556213328301965
5,0,inf,inf,7,"[39, 38, 43, 41, 40, 44, 42]","[5, 4, 13, 7, 6, 12, 11]",2.809244668883045,0.15541760181145445,0.3626266739625174,729.4605406492351,-5489.196859533969,-1003.8034100532532,13,15,-0.3697383751520506,raw_lidar_xy_decimated,9917,1.0,0.3789733739560006,-0.016346699993469542,15,1.1139433523068367,3.099923048868962,130.97327971765844,0.5686156436194288,0.9059811938385396,5.0908087830721716,1.0,2m,0.0,4.184827589233632,1.9308701979898615,0.4666666666666667,98,-1006.809,solution,0.3697383751520506,733.0200129150755,-5486.996191648911,-1003.6000861834601,3.2089138165398143,4.184827589233632,0.20332386979305284
3,0,inf,inf,7,"[39, 38, 41, 43, 44, 42, 40]","[6, 5, 7, 8, 9, 11, 10]",8.226484180169876,0.3886160457458943,-0.059202065635947425,733.0251035973822,-5490.40946393759,-1003.6208961009979,15,13,-0.47541594444272084,raw_lidar_xy_decimated,10037,1.0,0.504973289215144,0.4457712235792012,13,1.1760912590556813,5.972294982118431,133.75350462698165,0.7236086063831384,1.072972633851112,5.014670283732491,1.0,2m,0.0,3.9416976498813785,1.3892199250112753,0.5384615384615384,100,-1006.809,solution,0.47541594444272084,735.0589826520511,-5487.033028486695,-1003.3643241287652,3.4446758712347734,3.9416976498813785,0.2565719722326776
4,0,inf,inf,7,"[38, 42, 43, 41, 39, 44, 40]","[6, 10, 12, 9, 8, 11, 7]",7.9480827156702585,0.0856792561350936,-2.1695406968206004,739.5507317657602,-5489.373373753092,-1003.2152104377747,9,16,-0.5049225405392291,raw_lidar_xy_decimated,10372,1.0,2.0788391703071056,-0.09070152651350882,16,0.9542425094393249,8.652926376803393,138.14888524027225,0.9105175929005982,0.5232753803524806,3.2853277282055444,1.0,2m,0.0,2.762052347853064,2.884070822998183,0.4375,103,-1006.809,solution,0.5049225405392291,738.0949123813048,-5487.026136421222,-1002.9939512202589,3.815048779741174,2.762052347853064,0.2212592175158079
4,0,inf,inf,7,"[43, 38, 39, 40, 41, 42, 44]","[10, 3, 4, 6, 5, 9, 11]",2.9862804905681957,0.06402133116883645,-0.520925003790876,739.3147525954257,-5487.762121417416,-1002.9415488243103,10,15,-0.8844245615822905,raw_lidar_xy_decimated,9555,1.0,1.0562854664719055,0.5353604626810283,15,1.0,3.995839124041401,130.97327971765844,0.6099089775530432,1.0924769609269813,2.02659138244086,1.0,2m,0.0,0.9341144215138788,2.023317233994021,0.4666666666666667,104,-1006.809,solution,0.8844245615822905,739.1737275039754,-5486.838713773923,-1003.0012332511453,3.807766748854703,0.9341144215138788,0.05968442683501962
,,,,,,,,,,,,,,12,,raw_lidar_xy_decimated,4541,1.0,,10.224014118555395,12,0.0,3.045952817287251,85.1588346806815,0.5665182265609028,nan,,,2m,nan,nan,0.23220610999851488,0.0,105,,no_solution,nan,,,,,,
2,0,inf,inf,6,"[38, 39, 43, 42, 44, 40]","[1, 3, 5, 4, 7, 2]",10.038052906030662,0.15202709191894098,-6.6831169674980035,740.7871945658819,-5488.718810110689,-1002.5669498443604,10,11,-0.6899741170297907,raw_lidar_xy_decimated,10886,1.0,1.1846762718812158,-5.4984406956167975,11,1.0,3.4635045822221735,119.03780911962384,0.5844456663327777,4.3858022567067145,6.293183783331038,1.0,2m,0.0,1.907381526624324,0.8350961450050818,0.5454545454545454,106,-1006.809,solution,0.6899741170297907,741.1445186261084,-5486.845197609639,-1002.5909878779555,4.218012122044412,1.907381526624324,0.024038033595161323
5,0,inf,inf,6,"[38, 39, 42, 44, 40, 43]","[3, 4, 6, 7, 5, 9]",5.9581403757355265,0.16635155220666056,-6.556119544221592,738.1968792865578,-5491.184119773867,-1002.6023945808411,8,11,-1.281009845143311,raw_lidar_xy_decimated,10686,1.0,1.0284019015003878,-5.527717642721197,11,0.9030899869919435,3.4487472190292032,137.55726080436466,0.5837774676159552,-2.539665299732965,3.2345766051786757,1.0,2m,0.0,5.774241904911641,0.7852486960036913,0.5454545454545454,107,-1006.809,solution,1.281009845143311,742.1386016162292,-5486.964558818956,-1002.4583538068428,4.350646193157196,5.774241904911641,0.14404077399831294
5,0,inf,inf,7,"[40, 41, 38, 42, 44, 43, 39]","[5, 4, 3, 6, 7, 8, 9]",9.77774389252482,0.4749148810024685,0.6622997333318383,741.2870225534294,-5492.647777063635,-1003.0579514503479,19,12,-0.7424096622458382,raw_lidar_xy_decimated,11275,1.0,0.48679982295641366,0.17549991037541424,12,1.2787536009528289,4.42576861603246,109.95934165824224,0.6399088925038123,-4.565858992920689,2.2928729676440707,1.0,2m,0.0,6.85873196056476,1.098356785994838,0.5833333333333334,110,-1006.809,solution,0.7424096622458382,745.1735406530634,-5486.996477994563,-1002.0401703283238,4.768829671676122,6.85873196056476,1.0177811220240756
4,0,inf,inf,7,"[38, 39, 42, 40, 43, 44, 41]","[2, 3, 5, 4, 7, 9, 10]",6.983733758215729,0.4079514642349079,2.0766444767812766,744.5103599873996,-5486.534025814762,-1001.8848857879639,10,11,-0.8104356234897295,raw_lidar_xy_decimated,10652,1.0,1.6752689718509544,0.4013755049303118,11,1.0,3.8249637850793032,103.39245620450265,0.6014551847053413,1.8736978271612807,5.634818259801291,1.0,2m,0.0,3.76112043264001,0.5445024060027208,0.6363636363636364,113,-1006.809,solution,0.8104356234897295,748.2423014425708,-5487.001615254331,-1001.7013584820298,5.107641517970155,3.76112043264001,0.1835273059340352
4,0,inf,inf,7,"[38, 44, 39, 42, 40, 43, 41]","[2, 8, 3, 7, 5, 10, 9]",9.64079500758639,0.44219102756273027,-0.022628663718031967,751.0088132819753,-5492.369538337178,-1001.5173625946045,6,11,-0.6736404226937327,raw_lidar_xy_decimated,8810,1.0,1.0366288835467117,1.0140002198286726,11,0.7781512503836436,3.683956014188212,125.96031120952345,0.5946752428327247,-3.3425705958732683,2.039265373357071,1.0,2m,0.0,5.381835969230339,0.4883905470051104,0.6363636363636364,116,-1006.809,solution,0.6736404226937327,751.2761590048843,-5486.994346743928,-1001.4264563805559,5.382543619444023,5.381835969230339,0.09090621404857302
4,0,inf,inf,6,"[42, 40, 38, 41, 39, 44]","[6, 4, 2, 5, 3, 7]",2.2145677796132968,0.08158471219348182,-1.3650325824140541,753.0928800448995,-5489.240697805495,-1001.0107421875,4,8,-1.1742855727947503,raw_lidar_xy_decimated,7437,1.0,1.2638631754072094,-0.10116940700685847,8,0.6020599913279624,3.605903589573561,104.54734296863359,0.5911220611054617,0.9649306095185075,4.895190016647393,1.0,2m,0.0,3.9302594071288857,0.1911922669969499,0.75,121,-1006.809,solution,1.1742855727947503,756.3124559306326,-5486.986530526136,-1000.8582677529937,5.950732247006305,3.9302594071288857,0.15247443450630271
,,,,,,,,,,,,,,10,,raw_lidar_xy_decimated,8136,1.0,,-0.2270786969332281,10,0.0,4.5891758420989435,108.96889553843866,0.6416541869045285,nan,,,2m,nan,nan,0.4385061049979413,0.0,122,,no_solution,nan,,,,,,
,,,,,,,,,,,,,,16,,raw_lidar_xy_decimated,7880,1.0,,-0.23968345675788988,16,0.0,3.652456104464335,134.22636713943416,0.5951927075238448,nan,,,2m,nan,nan,2.6907419199997094,0.0,123,,no_solution,nan,,,,,,
5,0,inf,inf,6,"[39, 38, 44, 40, 41, 42]","[4, 3, 8, 5, 6, 10]",3.236334739807319,0.15818858694474677,0.47444158877314757,761.4616667861609,-5489.486799145763,-999.9852395057678,9,16,-0.33412917173636136,raw_lidar_xy_decimated,7981,1.0,0.5246679753210799,0.999109564094237,16,0.9542425094393249,6.034736651404243,130.7423700359434,0.7288907715466538,0.6853819682290783,3.8130040111178833,1.0,2m,0.6514577578643004,3.7790798007531055,3.5403333959984593,0.375,128,-1006.809,solution,0.33412917173636136,763.3250169192447,-5486.9748385718885,-999.7082603249537,7.100739675046247,3.127622042888805,0.27697918081412354
,,,,,,,,,,,,,,10,,raw_lidar_xy_decimated,7199,1.0,,-0.2911486619980697,10,0.0,8.571717735281975,133.10587370253904,0.9050542078491435,nan,,,2m,nan,nan,0.8023880460095825,0.0,132,,no_solution,nan,,,,,,
,,,,,,,,,,,,,,11,,raw_lidar_xy_decimated,6864,1.0,,-0.1834522893526085,11,0.0,7.018775442288505,125.32358118087753,0.7930612662716897,nan,,,2m,nan,nan,0.6238872770045418,0.0,134,,no_solution,nan,,,,,,
2,0,inf,inf,5,"[39, 38, 41, 44, 40]","[4, 3, 6, 9, 5]",2.4380801833477244,0.06959360256358357,-27.609874627035044,769.1035407025213,-5488.191281521783,-998.516489982605,2,15,-0.4749547780474725,raw_lidar_xy_decimated,6448,1.0,0.7682947054965155,-28.37816933253156,15,0.3010299956639812,9.458813755354829,136.24243098242192,0.9715555004781901,-0.6562211194004335,3.64983474580932,1.0,2m,-0.6884365505915366,3.6176193146182167,2.4820184419950237,0.3333333333333333,138,-1006.809,solution,0.4749547780474725,773.3041541786316,-5487.244199931513,-998.3658635831699,8.443136416830013,4.306055865209753,0.15062639943505474
,,,,,,,,,,,,,,11,,raw_lidar_xy_decimated,6905,1.0,,-51.36699962412441,11,0.0,7.19394386904673,120.44085685513866,0.8051706599336975,nan,,,2m,nan,nan,0.8474166520027211,0.0,139,,no_solution,nan,,,,,,
,,,,,,,,,,,,,,11,,raw_lidar_xy_decimated,7801,1.0,,-50.19953007293755,11,0.0,8.763089779516648,134.97407158413796,0.9187190981090824,nan,,,2m,nan,nan,0.8578292900056113,0.0,140,,no_solution,nan,,,,,,
,,,,,,,,,,,,,,13,,raw_lidar_xy_decimated,7125,1.0,,-0.041409577231133726,13,0.0,9.025138279594346,122.18837915284743,0.9384603158516446,nan,,,2m,nan,nan,1.1964309119939571,0.0,146,,no_solution,nan,,,,,,
,,,,,,,,,,,,,,11,,raw_lidar_xy_decimated,7246,1.0,,-0.08029335980524611,11,0.0,7.682448825944811,133.4541119636259,0.8395866126489648,nan,,,2m,nan,nan,0.7056085459917085,0.0,147,,no_solution,nan,,,,,,
,,,,,,,,,,,,,,11,,raw_lidar_xy_decimated,7224,1.0,,0.09430013246914419,11,0.0,9.262694209280296,138.2244551445221,0.9565252832066441,nan,,,2m,nan,nan,0.7844836350122932,0.0,149,,no_solution,nan,,,,,,
2,0,inf,inf,5,"[39, 40, 38, 41, 44]","[5, 6, 4, 7, 9]",8.305147963510084,0.4915991977050066,-4.109497482775872,781.7077136444641,-5495.940838701177,-996.349515914917,2,14,-2.5506718406391844,raw_lidar_xy_decimated,8198,1.0,3.86304084887837,-0.2464566338975055,14,0.3010299956639812,9.112934807891893,129.9906034714399,0.9451408185628754,0.09070149619506473,7.563711092376594,1.0,2m,0.9301988613721823,8.403208457553712,1.8452634560089791,0.35714285714285715,150,-1006.809,solution,2.5506718406391844,784.4605387228094,-5488.993333644493,-996.2057305723716,10.603269427628359,7.473009596181529,0.1437853425453568
,,,,,,,,,,,,,,15,,raw_lidar_xy_decimated,8119,1.0,,0.3265598767191461,15,0.0,9.149655944996049,130.39171752837677,0.9479096941572592,nan,,,2m,nan,nan,2.3832855580112664,0.0,151,,no_solution,nan,,,,,,
,,,,,,,,,,,,,,15,,raw_lidar_xy_decimated,7657,1.0,,-0.001214105516800747,15,0.0,9.226019220668048,125.4830665866913,0.9537261246334642,nan,,,2m,nan,nan,2.5780493060010485,0.0,156,,no_solution,nan,,,,,,
,,,,,,,,,,,,,,18,,raw_lidar_xy_decimated,7752,1.0,,0.04252251845663024,18,0.0,8.569915909290195,127.43598678616948,0.9043065948704412,nan,,,2m,nan,nan,2.874914925007033,0.0,157,,no_solution,nan,,,,,,
,,,,,,,,,,,,,,17,,raw_lidar_xy_decimated,7308,1.0,,-0.10491516470180341,17,0.0,9.13147881835601,111.22050170719426,0.9465275616904532,nan,,,2m,nan,nan,3.6700977719883667,0.0,158,,no_solution,nan,,,,,,
,,,,,,,,,,,,,,10,,raw_lidar_xy_decimated,7035,1.0,,0.03438748729898099,10,0.0,9.150638032818092,115.04563804937102,0.9480150190438462,nan,,,2m,nan,nan,0.7176491509890184,0.0,159,,no_solution,nan,,,,,,
,,,,,,,,,,,,,,16,,raw_lidar_xy_decimated,6985,1.0,,-0.9253907114125379,16,0.0,8.880996683400163,114.88074284058763,0.9275898104065352,nan,,,2m,nan,nan,2.740299409997533,0.0,161,,no_solution,nan,,,,,,
,,,,,,,,,,,,,,16,,raw_lidar_xy_decimated,6900,1.0,,-1.007605617047581,16,0.0,8.635192833700785,132.5463121827579,0.9091775705513246,nan,,,2m,nan,nan,2.604856928999652,0.0,162,,no_solution,nan,,,,,,
,,,,,,,,,,,,,,17,,raw_lidar_xy_decimated,7387,1.0,,-51.6079892466221,17,0.0,8.747713548218021,131.18688958886096,0.9175669977926396,nan,,,2m,nan,nan,3.2571342540031765,0.0,164,,no_solution,nan,,,,,,
,,,,,,,,,,,,,,13,,raw_lidar_xy_decimated,6930,1.0,,-47.749698636822885,13,0.0,8.851554738300651,136.65284482951682,0.9253611552043337,nan,,,2m,nan,nan,1.4796127190056723,0.0,165,,no_solution,nan,,,,,,
,,,,,,,,,,,,,,13,,raw_lidar_xy_decimated,7197,1.0,,-27.649919026529766,13,0.0,8.943511114015996,133.0338302838793,0.9322896496112185,nan,,,2m,nan,nan,0.8939625130005879,0.0,168,,no_solution,nan,,,,,,
,,,,,,,,,,,,,,15,,raw_lidar_xy_decimated,7089,1.0,,0.11832103500359865,15,0.0,8.58989827660336,128.9728653632228,0.9057834649583546,nan,,,2m,nan,nan,1.5886244180001086,0.0,169,,no_solution,nan,,,,,,
,,,,,,,,,,,,,,15,,raw_lidar_xy_decimated,8040,1.0,,-0.22209378960778053,15,0.0,8.397471639310647,148.22280526288793,0.891519395742461,nan,,,2m,nan,nan,2.447211534003145,0.0,172,,no_solution,nan,,,,,,
,,,,,,,,,,,,,,12,,raw_lidar_xy_decimated,10471,1.0,,-47.31333153584155,12,0.0,8.379824973872513,145.87838668400116,0.8902211598071272,nan,,,2m,nan,nan,1.4151951020030538,0.0,175,,no_solution,nan,,,,,,
,,,,,,,,,,,,,,25,,raw_lidar_xy_decimated,11474,1.0,,-44.92199332715446,25,0.0,8.51080992892626,143.17122615944868,0.8999068523580679,nan,,,2m,nan,nan,14.711332979000872,0.0,177,,no_solution,nan,,,,,,
,,,,,,,,,,,,,,16,,raw_lidar_xy_decimated,10710,1.0,,-45.158954144236574,16,0.0,8.415622859155356,147.46906813644773,0.892915551886807,nan,,,2m,nan,nan,2.9328732090070844,0.0,180,,no_solution,nan,,,,,,
,,,,,,,,,,,,,,16,,raw_lidar_xy_decimated,11298,1.0,,-45.05965179376306,16,0.0,8.247033358972043,150.06933639676566,0.8804528686097486,nan,,,2m,nan,nan,2.843680259989924,0.0,181,,no_solution,nan,,,,,,
,,,,,,,,,,,,,,15,,raw_lidar_xy_decimated,8136,1.0,,-1.3980974349744029,15,0.0,7.906012130064103,143.67324037551322,0.8556348250553324,nan,,,2m,nan,nan,2.1586828580038855,0.0,187,,no_solution,nan,,,,,,
,,,,,,,,,,,,,,13,,raw_lidar_xy_decimated,6548,1.0,,-45.04879182873569,13,0.0,8.277176504400538,141.7391971192161,0.8826618955588023,nan,,,2m,nan,nan,1.5571273429959547,0.0,194,,no_solution,nan,,,,,,
,,,,,,,,,,,,,,9,,raw_lidar_xy_decimated,5379,1.0,,-44.63189395561606,9,0.0,8.103725351171015,139.86421987055874,0.8699737836170901,nan,,,2m,nan,nan,0.49606312399555463,0.0,195,,no_solution,nan,,,,,,
,,,,,,,,,,,,,,13,,raw_lidar_xy_decimated,4548,1.0,,-19.755018122705007,13,0.0,8.46112956592197,127.75758294520134,0.8962253385213619,nan,,,2m,nan,nan,1.692051404999802,0.0,198,,no_solution,nan,,,,,,
,,,,,,,,,,,,,,12,,raw_lidar_xy_decimated,4699,1.0,,-43.35935116504697,12,0.0,8.391145894970961,133.5536429499424,0.8910574326505434,nan,,,2m,nan,nan,1.286312670999905,0.0,199,,no_solution,nan,,,,,,
,,,,,,,,,,,,,,12,,raw_lidar_xy_decimated,4585,1.0,,-51.920002781545676,12,0.0,7.417188067256204,133.7365433514729,0.8220979669215819,nan,,,2m,nan,nan,1.1737223189993529,0.0,200,,no_solution,nan,,,,,,
,,,,,,,,,,,,,,18,,raw_lidar_xy_decimated,5746,1.0,,-17.736053185170473,18,0.0,8.090484519731739,133.55829964351574,0.8690114971703322,nan,,,2m,nan,nan,5.162436382001033,0.0,201,,no_solution,nan,,,,,,
,,,,,,,,,,,,,,15,,raw_lidar_xy_decimated,6216,1.0,,-25.06032227546084,15,0.0,6.838845333033667,136.24243098242192,0.7807578711773683,nan,,,2m,nan,nan,3.5000907409994397,0.0,203,,no_solution,nan,,,,,,
,,,,,,,,,,,,,,14,,raw_lidar_xy_decimated,6724,1.0,,-53.63188288352155,14,0.0,7.13815237031053,138.7383030598559,0.801852435182038,nan,,,2m,nan,nan,2.3044233830005396,0.0,204,,no_solution,nan,,,,,,
,,,,,,,,,,,,,,10,,raw_lidar_xy_decimated,8278,1.0,,-44.58542508273986,10,0.0,6.535688065485548,140.39932612449525,0.761639825560479,nan,,,2m,nan,nan,0.5228451009897981,0.0,208,,no_solution,nan,,,,,,
,,,,,,,,,,,,,,13,,raw_lidar_xy_decimated,9012,1.0,,-44.493046080957896,13,0.0,7.406715954724185,139.46325680981354,0.8200471748574862,nan,,,2m,nan,nan,1.8407531589909922,0.0,209,,no_solution,nan,,,,,,
,,,,,,,,,,,,,,16,,raw_lidar_xy_decimated,8547,1.0,,-45.004129897932444,16,0.0,7.10731538372705,131.642668862545,0.7996404734123101,nan,,,2m,nan,nan,3.168373200998758,0.0,211,,no_solution,nan,,,,,,
,,,,,,,,,,,,,,12,,raw_lidar_xy_decimated,9361,1.0,,-45.226195919365196,12,0.0,7.412047617175473,152.9029976751113,0.8206036523466278,nan,,,2m,nan,nan,1.3365528779977467,0.0,212,,no_solution,nan,,,,,,
,,,,,,,,,,,,,,15,,raw_lidar_xy_decimated,8917,1.0,,-45.1445106478819,15,0.0,6.822657689237471,129.0348790056394,0.77965788212391,nan,,,2m,nan,nan,2.5622287430014694,0.0,213,,no_solution,nan,,,,,,
,,,,,,,,,,,,,,10,,raw_lidar_xy_decimated,8896,1.0,,-45.24332247813931,10,0.0,7.372437063993453,145.33760414893138,0.8176383687736869,nan,,,2m,nan,nan,0.5510625150054693,0.0,215,,no_solution,nan,,,,,,
,,,,,,,,,,,,,,12,,raw_lidar_xy_decimated,8506,1.0,,-44.923426990035885,12,0.0,7.544244531150887,130.4911277525166,0.829772573962315,nan,,,2m,nan,nan,1.0832675630081212,0.0,216,,no_solution,nan,,,,,,
,,,,,,,,,,,,,,15,,raw_lidar_xy_decimated,6972,1.0,,4.497228635513646,15,0.0,7.822703623991288,124.45882853377658,0.8496337058517481,nan,,,2m,nan,nan,2.2504151609900873,0.0,218,,no_solution,nan,,,,,,
,,,,,,,,,,,,,,14,,raw_lidar_xy_decimated,7020,1.0,,2.5919917269129797,14,0.0,7.373478436863636,127.03122108512514,0.8177858578846444,nan,,,2m,nan,nan,2.1132070049934555,0.0,219,,no_solution,nan,,,,,,
,,,,,,,,,,,,,,16,,raw_lidar_xy_decimated,6506,1.0,,-27.5843840814309,16,0.0,7.917610902638361,121.33398412357951,0.8564749985662126,nan,,,2m,nan,nan,2.968921235005837,0.0,221,,no_solution,nan,,,,,,
,,,,,,,,,,,,,,12,,raw_lidar_xy_decimated,6613,1.0,,-48.255786660187866,12,0.0,8.062177647084297,137.72059809852692,0.8670132450001111,nan,,,2m,nan,nan,1.1497121389984386,0.0,223,,no_solution,nan,,,,,,
,,,,,,,,,,,,,,10,,raw_lidar_xy_decimated,6251,1.0,,-45.19400440486166,10,0.0,7.252873075694122,116.53290925035485,0.8093272302859461,nan,,,2m,nan,nan,0.680340826002066,0.0,224,,no_solution,nan,,,,,,
,,,,,,,,,,,,,,15,,raw_lidar_xy_decimated,6951,1.0,,-44.54586364835258,15,0.0,8.240721954569812,117.72000679578642,0.8799869599284618,nan,,,2m,nan,nan,2.5865285729960306,0.0,226,,no_solution,nan,,,,,,
,,,,,,,,,,,,,,17,,raw_lidar_xy_decimated,8085,1.0,,-45.19576653348243,17,0.0,7.364887010996592,124.04031602668546,0.8171084359522353,nan,,,2m,nan,nan,3.7428927319997456,0.0,227,,no_solution,nan,,,,,,
2,0,inf,inf,3,"[13, 11, 19]","[8, 7, 10]",7.86249477564507,0.32474895363917194,-40.810988628046836,816.146171298145,-5856.698339670818,-950.8414783477783,2,14,-8.859375795858657,raw_lidar_xy_decimated,5601,1.0,3.381613151282039,-44.192601779328875,14,0.3010299956639812,7.553645448647908,141.4419734344496,0.8304821384602956,-1.1169168535990366,330.87169331413315,1.0,2m,0.0,331.9886101677322,1.9180510620062705,0.21428571428571427,238,-1006.809,solution,8.859375795858657,857.2431334869498,-5527.263252013243,-982.4354571319211,24.373542868078903,331.9886101677322,31.59397878414279
,,,,,,,,,,,,,,13,,raw_lidar_xy_decimated,6827,1.0,,-95.901946483427,13,0.0,7.343516323784645,129.0348790056394,0.8156096606379424,nan,,,2m,nan,nan,1.480340353999054,0.0,242,,no_solution,nan,,,,,,
,,,,,,,,,,,,,,9,,raw_lidar_xy_decimated,6636,1.0,,-137.16893425185307,9,0.0,7.174491667958388,134.97407158413796,0.8038196765476325,nan,,,2m,nan,nan,0.3785642139991978,0.0,244,,no_solution,nan,,,,,,
,,,,,,,,,,,,,,7,,raw_lidar_xy_decimated,11732,1.0,,-164.5539115510065,7,0.0,8.0279405353638,141.7956275771577,0.8644616997866216,nan,,,2m,nan,nan,0.08689507000963204,0.0,250,,no_solution,nan,,,,,,
,,,,,,,,,,,,,,11,,raw_lidar_xy_decimated,13594,1.0,,-63.83204717351927,11,0.0,8.978219834253856,119.10499569707393,0.9349111504401544,nan,,,2m,nan,nan,0.9202578049880685,0.0,253,,no_solution,nan,,,,,,
,,,,,,,,,,,,,,7,,raw_lidar_xy_decimated,2173,2.5,,21.41643342507076,7,0.0,2.686299167999606,122.72937708633577,0.5522998858519473,nan,,,5m,nan,nan,0.03503441200882662,0.0,10,,no_solution,nan,,,,,,
,,,,,,,,,,,,,,7,,raw_lidar_xy_decimated,2134,2.5,,45.4146948200915,7,0.0,1.5305791652159118,156.56468311851177,0.5175412668482313,nan,,,5m,nan,nan,0.0405701239942573,0.0,13,,no_solution,nan,,,,,,
,,,,,,,,,,,,,,11,,raw_lidar_xy_decimated,2078,2.5,,44.5554176231704,11,0.0,2.1565134550951903,118.79604370516722,0.5342746861940549,nan,,,5m,nan,nan,0.1240624820056837,0.0,14,,no_solution,nan,,,,,,
3,0,inf,inf,5,"[23, 20, 25, 21, 24]","[10, 4, 9, 7, 8]",5.115663878273092,0.7750934694503856,49.10374899272509,651.3949133907444,-5509.857127649238,-1006.8880038261414,5,12,-2.3561881432092577,raw_lidar_xy_decimated,2148,2.5,4.149409083202983,44.95433990952211,12,0.6989700043360189,1.35762590636013,85.92976096055477,0.5183880468590079,-0.8040998606650236,7.147236189449222,1.0,5m,-0.26692838137639985,7.684407668737846,0.2494745449948823,0.4166666666666667,16,-1006.809,solution,2.3561881432092577,657.3782128714513,-5504.620346929557,-1006.7785443171618,0.030455682838178233,7.951336050114246,0.10945950897951207
,,,,,,,,,,,,,,8,,raw_lidar_xy_decimated,2061,2.5,,44.80020466290187,8,0.0,1.0820666785798634,120.72254980006716,0.5092517654496753,nan,,,5m,nan,nan,0.04964617799851112,0.0,18,,no_solution,nan,,,,,,
2,0,inf,inf,4,"[23, 25, 21, 24]","[7, 9, 6, 8]",9.957639594329242,0.0659390205203603,46.962998219197175,656.2226096424312,-5505.377316626228,-1006.803976714611,2,14,-0.4407492710213734,raw_lidar_xy_decimated,2024,2.5,1.9465791859778108,45.01641903321937,14,0.3010299956639812,2.033973292661322,141.86920774664551,0.5312067841079222,-4.991362010671947,3.4852084891306885,1.0,5m,-4.928733581696663,3.547836918105973,0.3129377009900054,0.2857142857142857,23,-1006.809,solution,0.4407492710213734,662.4121236448009,-5499.585756918119,-1006.676345770627,0.1326542293730154,8.476570499802635,0.12763094398405883
,,,,,,,,,,,,,,14,,raw_lidar_xy_decimated,2087,2.5,,19.355451073282893,14,0.0,2.532486838943456,123.59480876716549,0.5476830028552078,nan,,,5m,nan,nan,0.2559743419988081,0.0,24,,no_solution,nan,,,,,,
,,,,,,,,,,,,,,6,,raw_lidar_xy_decimated,1994,2.5,,-0.16667110086677617,6,0.0,1.6504315180391704,144.33591631952493,0.5203979264501084,nan,,,5m,nan,nan,0.02264592501160223,0.0,30,,no_solution,nan,,,,,,
,,,,,,,,,,,,,,7,,raw_lidar_xy_decimated,2012,2.5,,43.54897219830171,7,0.0,2.614499096150312,162.6729848499744,0.5496621331886746,nan,,,5m,nan,nan,0.021583540001302026,0.0,33,,no_solution,nan,,,,,,
2,0,inf,inf,4,"[24, 22, 23, 20]","[10, 7, 8, 3]",2.517772559901611,0.13791348879256587,-10.796716447272523,669.7211862516023,-5498.024896106409,-1007.0737264454365,2,12,-0.5023087056142739,raw_lidar_xy_decimated,2016,2.5,0.15150796434724612,-10.645208482925279,12,0.3010299956639812,1.2343729847591756,132.5906623862148,0.5114789962694711,0.5515793616043672,5.471427443510656,1.0,5m,0.0,4.919848081906289,0.19687726399570238,0.3333333333333333,36,-1006.809,solution,0.5023087056142739,674.4699382648023,-5496.7387159222335,-1006.9502274167942,-0.141227416794189,4.919848081906289,0.12349902864229989
,,,,,,,,,,,,,,10,,raw_lidar_xy_decimated,2193,2.5,,0.9894447322646083,10,0.0,0.9608614086223852,152.8478761635091,0.5070326697146865,nan,,,5m,nan,nan,0.0773199149989523,0.0,39,,no_solution,nan,,,,,,
,,,,,,,,,,,,,,6,,raw_lidar_xy_decimated,2343,2.5,,0.07915359413011744,6,0.0,0.9057726051268669,134.40025787423716,0.506215832783854,nan,,,5m,nan,nan,0.026269509995472617,0.0,41,,no_solution,nan,,,,,,
,,,,,,,,,,,,,,7,,raw_lidar_xy_decimated,2366,2.5,,29.259795057386466,7,0.0,0.9103583644907441,154.63667094192115,0.506273021631358,nan,,,5m,nan,nan,0.031800469994777814,0.0,43,,no_solution,nan,,,,,,
,,,,,,,,,,,,,,11,,raw_lidar_xy_decimated,1954,2.5,,-2.2412983266538062,11,0.0,0.7510650300830081,148.53450777512947,0.5042780475795522,nan,,,5m,nan,nan,0.09064207100891508,0.0,53,,no_solution,nan,,,,,,
2,0,inf,inf,4,"[24, 22, 21, 23]","[11, 6, 5, 9]",7.786858451972293,0.27483962225645847,-6.128280443984819,685.2881305111403,-5495.41498589566,-1007.2437225580215,2,12,-0.4569115256386472,raw_lidar_xy_decimated,2085,2.5,1.5728317281381692,-7.701112172122993,12,0.3010299956639812,0.5700688285307653,126.46567135020014,0.5024707470328547,-2.575739409475442,3.5806539776985287,1.0,5m,0.0,6.156393387173971,0.12558986200019717,0.3333333333333333,54,-1006.809,solution,0.4569115256386472,690.918311986105,-5492.924556997537,-1007.21635448914,-0.40735448914009476,6.156393387173971,0.027368068881514773
4,0,inf,inf,5,"[23, 22, 20, 24, 25]","[12, 11, 5, 14, 9]",7.8078402408959855,0.927209122065143,44.30503433239191,692.3610639753448,-5497.450459959218,-1007.9286782741547,8,16,-0.9484518167448805,raw_lidar_xy_decimated,1548,2.5,0.2775397285566328,44.58257406094856,16,0.9030899869919435,0.7099458517688928,127.63092189395842,0.503955027534617,-5.325877890391444,3.7465021882721263,1.0,5m,0.0,9.07238007866357,0.5020408339914866,0.3125,61,-1006.809,solution,0.9484518167448805,696.5610680189214,-5489.408815455407,-1007.1844145563737,-0.3754145563736792,9.07238007866357,0.7442637177809956
,,,,,,,,,,,,,,6,,raw_lidar_xy_decimated,1273,2.5,,-11.690018913226197,6,0.0,0.5629716822838157,153.36398968247175,0.5024085173468121,nan,,,5m,nan,nan,0.011409037004341371,0.0,66,,no_solution,nan,,,,,,
,,,,,,,,,,,,,,6,,raw_lidar_xy_decimated,1439,2.5,,0.3301456481838429,6,0.0,0.9281201072183022,93.14731612347693,0.506574810433299,nan,,,5m,nan,nan,0.021971367008518428,0.0,69,,no_solution,nan,,,,,,
,,,,,,,,,,,,,,7,,raw_lidar_xy_decimated,1573,2.5,,-0.1397815874948478,7,0.0,2.8515875287341297,124.54918707081151,0.5585944047019084,nan,,,5m,nan,nan,0.028311108995694667,0.0,70,,no_solution,nan,,,,,,
3,0,inf,inf,5,"[22, 24, 20, 25, 23]","[3, 7, 1, 9, 4]",3.5541349893603824,0.19831125590730267,0.782782373144325,700.4544478340382,-5487.0357915381655,-1006.7195796966553,5,10,-0.42471694230000956,raw_lidar_xy_decimated,1715,2.5,1.091300482356587,-0.3085181092122478,10,0.6989700043360189,0.8662022667974631,121.56729966356286,0.5056827948216702,-1.1171014977655176,4.128325166121191,1.0,5m,0.0,5.245426663886708,0.10448524799721781,0.5,71,-1006.809,solution,0.42471694230000956,705.6990601009988,-5486.943362887523,-1006.4979334512418,0.3110665487581759,5.245426663886708,0.2216462454134671
2,0,inf,inf,5,"[22, 20, 25, 23, 24]","[5, 3, 10, 7, 8]",6.708203932499369,0.3774007940832667,1.133376076083508e-16,702.5,-5487.5,-1006.4734382629395,3,13,-0.580427088794467,raw_lidar_xy_decimated,1838,2.5,0.16823553517733103,0.1682355351773335,13,0.47712125471966244,1.3529872200895747,138.6091627562911,0.5137565624486956,-0.7768304609475107,3.4749091283883615,1.0,5m,0.0,4.251739589335872,0.22490825499698985,0.38461538461538464,72,-1006.809,solution,0.580427088794467,706.715732062541,-5486.947829091322,-1006.3596556752635,0.44934432473640135,4.251739589335872,0.11378258767592797
5,0,inf,inf,6,"[20, 21, 22, 23, 24, 25]","[2, 3, 6, 7, 8, 10]",2.041241452319315,0.18338742734787714,2.0137919399137787e-14,702.5,-5487.5,-1006.5737552642822,17,13,-0.3728181091740849,raw_lidar_xy_decimated,1927,2.5,0.4189489949718279,-0.4189489949718158,13,1.2304489213782739,0.8508829376470205,118.58541225631423,0.50548432177831,0.05214566362541717,5.347750295353957,1.0,5m,0.0,5.29560463172854,0.18453013501130044,0.46153846153846156,73,-1006.809,solution,0.3728181091740849,707.76569787434,-5486.937990825915,-1006.305336034664,0.5036639653359534,5.29560463172854,0.2684192296181891
3,0,inf,inf,4,"[23, 22, 21, 25]","[5, 4, 2, 7]",3.5355339059327378,0.12013748513209696,1.5026739240851246e-15,707.5,-5487.5,-1006.3106585741043,3,8,-0.8453442198159425,raw_lidar_xy_decimated,1904,2.5,1.1292826878834035,-1.1292826878834028,8,0.47712125471966244,1.2534645757559573,126.09972542428814,0.5118460793661459,-1.7916787889071801,1.5601646731276468,1.0,5m,0.0,3.351843462034827,0.044245468990993686,0.5,76,-1006.809,solution,0.8453442198159425,710.8029425833208,-5486.929539760131,-1006.0765333676009,0.7324666323991004,3.351843462034827,0.2341252065034496
5,0,inf,inf,6,"[21, 25, 20, 23, 24, 22]","[2, 10, 1, 3, 8, 7]",6.662159005479282,0.22411017884438575,0.46455019454614344,705.595238556453,-5488.768989802966,-1006.2098737359047,10,12,-0.4674294079039074,raw_lidar_xy_decimated,1728,2.5,1.4423146329217786,-0.977764438375635,12,1.0,1.4246140203118043,97.1569702797713,0.5152386379795607,0.8079023325383856,7.309034641691481,1.0,5m,0.0,6.501132309153095,0.12238652000087313,0.5,77,-1006.809,solution,0.4674294079039074,711.8399342764524,-5486.961091391623,-1006.034725040889,0.7742749591109717,6.501132309153095,0.17514869501565045
3,0,inf,inf,4,"[25, 22, 20, 24]","[10, 5, 3, 6]",3.0776478677913937,0.4749701447446481,0.926435739600816,710.4098697061445,-5488.4559282813925,-1006.6562334299088,4,11,-1.2083753400530393,raw_lidar_xy_decimated,1522,2.5,0.11928176442665972,0.8071539751741564,11,0.6020599913279624,0.829960930889717,125.54879529489719,0.5052192727251951,-0.4994506817555786,3.2350170000595835,1.0,5m,0.0,3.734467681815162,0.14197251500445418,0.36363636363636365,79,-1006.809,solution,1.2083753400530393,713.8622939183145,-5487.032195186412,-1005.9497660547764,0.859233945223506,3.734467681815162,0.7064673751323198
5,0,inf,inf,5,"[22, 24, 20, 21, 25]","[5, 8, 3, 4, 9]",3.8288802671590547,0.17321643340651738,2.4643734995317446,710.0415592561114,-5490.68876258821,-1005.918119430542,7,11,-0.6389244200865459,raw_lidar_xy_decimated,1529,2.5,1.7008386082559355,0.7635348912758074,11,0.8450980400142568,1.466608956208448,119.63486114005399,0.5161274227527121,-0.7311360153219715,5.344028278995664,1.0,5m,-0.9134614286468974,5.161702865670738,0.11530260200379416,0.45454545454545453,80,-1006.809,solution,0.6389244200865459,714.8830908916539,-5487.018995207981,-1005.8808053943021,0.9281946056978416,6.075164294317635,0.03731403623987717
,,,,,,,,,,,,,,16,,raw_lidar_xy_decimated,1591,2.5,,0.3186492843369334,16,0.0,3.0563303557842394,120.08032468673179,0.5671056342342472,nan,,,5m,nan,nan,0.42229382900404744,0.0,82,,no_solution,nan,,,,,,
3,0,inf,inf,5,"[20, 22, 24, 25, 23]","[2, 4, 6, 8, 5]",3.1622776601683795,0.15654707741630303,2.0137919399137787e-14,712.5,-5487.5,-1006.0391154289246,3,9,-0.32671978489348646,raw_lidar_xy_decimated,1646,2.5,0.35223990684608,-0.3522399068460678,9,0.47712125471966244,1.4588726925649678,132.52358280698573,0.5159602812753357,-0.13861162296219032,5.2910373579639005,1.0,5m,0.0,5.429648980926091,0.06823891001113225,0.5555555555555556,83,-1006.809,solution,0.32671978489348646,717.9048299204226,-5486.981442782929,-1005.6289926978208,1.1800073021792312,5.429648980926091,0.4101227311037974
,,,,,,,,,,,,,,10,,raw_lidar_xy_decimated,1737,2.5,,-0.3453293507419563,10,0.0,4.5911150954167566,117.91905596214096,0.6454854409975033,nan,,,5m,nan,nan,0.09223054199537728,0.0,84,,no_solution,nan,,,,,,
4,0,inf,inf,6,"[23, 24, 20, 22, 21, 25]","[5, 9, 3, 6, 4, 10]",3.077934916084344,0.18479532369981358,1.2749833740554353,718.6905225638059,-5488.040741170023,-1005.1633336544037,9,13,-0.628642406000775,raw_lidar_xy_decimated,2063,2.5,1.0508846606398095,0.22409871341562324,13,0.9542425094393249,3.3598694286879027,88.38834764831844,0.5797982457086027,-0.6180419470691421,2.8113144687260347,1.0,5m,0.0,3.429356415795177,0.21512249199440703,0.46153846153846156,87,-1006.809,solution,0.628642406000775,721.9586480505693,-5487.001587076867,-1005.1007557535738,1.708244246426167,3.429356415795177,0.06257790082986503
5,0,inf,inf,5,"[22, 25, 20, 24, 21]","[7, 12, 4, 9, 5]",3.527600551007007,0.1586988412020961,1.6194008601026535,716.89161061697,-5487.785531828686,-1005.1685183048248,9,14,-0.493266391978389,raw_lidar_xy_decimated,2125,2.5,1.6208546955701308,-0.001453835467480003,14,0.9542425094393249,3.9050866213674684,126.55413551819268,0.6060162484122367,-2.3463451044852244,3.7996794975067605,1.0,5m,0.0,6.146024601991985,0.24278460200002883,0.35714285714285715,88,-1006.809,solution,0.493266391978389,722.9875972880423,-5487.002866565371,-1004.9642160449109,1.8447839550890914,6.146024601991985,0.20430225991390216
2,0,inf,inf,5,"[24, 22, 21, 25, 23]","[6, 3, 2, 7, 4]",10.91857035777591,0.10530759763216783,-2.3932320243515828,725.6041063201302,-5487.016561855943,-1004.6118116378784,3,10,-0.7481140000156281,raw_lidar_xy_decimated,2286,2.5,2.2235920342788518,-0.1696399900727368,10,0.47712125471966244,2.714550104607076,118.65224639539676,0.5540001808538444,4.102975004281849,4.713012901119846,1.0,5m,4.1900602013774035,4.8000980982154005,0.07983144599711522,0.5,90,-1006.809,solution,0.7481140000156281,724.9941853815859,-5487.0046168024155,-1004.6745697982262,2.1344302017736836,0.6100378968379973,0.06275816034781201
,,,,,,,,,,,,,,16,,raw_lidar_xy_decimated,2494,2.5,,0.13388442503061293,16,0.0,8.081086870023848,125.83686439918793,0.8688451249798748,nan,,,5m,nan,nan,0.5326330490061082,0.0,97,,no_solution,nan,,,,,,
,,,,,,,,,,,,,,14,,raw_lidar_xy_decimated,2570,2.5,,-0.016346699993469542,14,0.0,6.378863981446804,127.10610593485545,0.7522517141007364,nan,,,5m,nan,nan,0.33423207499436103,0.0,98,,no_solution,nan,,,,,,
2,0,inf,inf,5,"[22, 21, 24, 25, 23]","[5, 4, 7, 8, 9]",10.365722816101744,0.4817836771873461,-0.22337422701506607,734.2992800647613,-5486.135734939422,-1003.6877295970917,2,13,-0.8804746567621515,raw_lidar_xy_decimated,2556,2.5,0.6691454505942716,0.4457712235792012,13,0.3010299956639812,5.061933870787808,126.73791855636576,0.6679457398656028,1.885963526178098,3.061669157325831,1.0,5m,0.0,1.1757056311477327,0.26324951100104954,0.38461538461538464,100,-1006.809,solution,0.8804746567621515,735.0589826520511,-5487.033028486695,-1003.3643241287652,3.4446758712347734,1.1757056311477327,0.3234054683264276
,,,,,,,,,,,,,,13,,raw_lidar_xy_decimated,2640,2.5,,-0.09070152651350882,13,0.0,8.616911295695187,141.99471821162928,0.907795068735284,nan,,,5m,nan,nan,0.2656357390078483,0.0,103,,no_solution,nan,,,,,,
,,,,,,,,,,,,,,15,,raw_lidar_xy_decimated,2425,2.5,,0.5353604626810283,15,0.0,9.31648418594569,137.88582233137677,0.9606373450540597,nan,,,5m,nan,nan,0.4351011269900482,0.0,104,,no_solution,nan,,,,,,
3,0,inf,inf,6,"[24, 23, 22, 25, 20, 21]","[9, 5, 4, 10, 2, 3]",8.00864899485528,0.20308810860471171,11.76386329443478,738.5288613268589,-5474.930748966117,-1003.2731804847717,3,12,-1.334493615678642,raw_lidar_xy_decimated,1127,2.5,1.5398491758793966,10.224014118555395,12,0.47712125471966244,3.5519134328019675,62.73485535106866,0.5895668616180132,-4.93713072498508,7.014519428763824,1.0,5m,-4.700891471959133,7.250758681789772,0.06118415998935234,0.5,105,-1006.809,solution,1.334493615678642,739.9981571376932,-5486.791740122756,-1002.8196329839519,3.989367016048046,11.951650153748904,0.4535475008198091
2,0,inf,inf,5,"[21, 24, 22, 23, 25]","[5, 9, 6, 7, 11]",3.9584258047959575,0.16291617370074646,-4.371906582621844,736.7997913011474,-5488.516951603843,-1002.7131400108337,2,13,-0.3551201752065956,raw_lidar_xy_decimated,2701,2.5,1.1265341129949604,-5.4984406956167975,13,0.3010299956639812,6.409204095385572,121.50102880222866,0.7519669576311198,1.1580978052923232,5.8133547203722085,1.0,5m,0.0,4.655256915079885,0.21844209299888462,0.38461538461538464,106,-1006.809,solution,0.3551201752065956,741.1445186261084,-5486.845197609639,-1002.5909878779555,4.218012122044412,4.655256915079885,0.12215213287822735
3,0,inf,inf,5,"[21, 22, 25, 24, 23]","[2, 3, 8, 7, 4]",4.94853598905803,0.06386054061144468,-5.56834183926721,736.8006720905466,-5491.670498564058,-1002.6346077919006,4,13,-0.5602616812217199,raw_lidar_xy_decimated,2740,2.5,0.040624196546019675,-5.527717642721197,13,0.6020599913279624,4.59253210171287,106.36023693091323,0.6413347823192135,-1.8393389328323417,5.2767948844651436,1.0,5m,0.0,7.116133817297485,0.26260013700812124,0.38461538461538464,107,-1006.809,solution,0.5602616812217199,742.1386016162292,-5486.964558818956,-1002.4583538068428,4.350646193157196,7.116133817297485,0.17625398505788326
3,0,inf,inf,5,"[22, 23, 25, 20, 24]","[9, 7, 11, 6, 10]",3.415271105473962,0.585363813186037,1.904510718266469,740.1009124021023,-5486.768719958087,-1002.908983707428,5,17,-1.352636933025252,raw_lidar_xy_decimated,2724,2.5,1.7290108078910578,0.17549991037541424,17,0.6989700043360189,4.585995827519223,112.97123527695004,0.6409754267644703,-0.8985973764088238,4.179141401396514,1.0,5m,0.0,5.0777387778053376,0.6663955039985012,0.29411764705882354,110,-1006.809,solution,1.352636933025252,745.1735406530634,-5486.996477994563,-1002.0401703283238,4.768829671676122,5.0777387778053376,0.8688133791041537
,,,,,,,,,,,,,,10,,raw_lidar_xy_decimated,2621,2.5,,0.4013755049303118,10,0.0,4.367159514048125,145.3831168511856,0.6305200033427321,nan,,,5m,nan,nan,0.05485397300799377,0.0,113,,no_solution,nan,,,,,,
,,,,,,,,,,,,,,9,,raw_lidar_xy_decimated,2345,2.5,,1.0140002198286726,9,0.0,3.6732307848953147,126.73791855636576,0.5941669925405341,nan,,,5m,nan,nan,0.041714955994393677,0.0,116,,no_solution,nan,,,,,,
,,,,,,,,,,,,,,10,,raw_lidar_xy_decimated,2051,2.5,,-0.10116940700685847,10,0.0,4.665443601562618,144.4522964574412,0.6462967092318679,nan,,,5m,nan,nan,0.09061238099820912,0.0,121,,no_solution,nan,,,,,,
,,,,,,,,,,,,,,8,,raw_lidar_xy_decimated,2089,2.5,,-0.2270786969332281,8,0.0,5.587645031310952,122.0250108239612,0.699920103138991,nan,,,5m,nan,nan,0.030530588002875447,0.0,122,,no_solution,nan,,,,,,
4,0,inf,inf,5,"[25, 24, 20, 22, 23]","[7, 8, 2, 4, 3]",7.717235374167398,0.44078921221957834,-0.5874276003714674,752.7602540640761,-5493.39843975586,-1002.0735764503479,10,18,-0.825298693692213,raw_lidar_xy_decimated,2163,2.5,0.34774414361356776,-0.23968345675788988,18,1.0,3.1769140438059034,141.5497620683933,0.5721337955213235,-2.9466057091689954,5.588459599520574,1.0,5m,0.0,8.53506530868957,0.6607912810140988,0.2777777777777778,123,-1006.809,solution,0.825298693692213,758.3852971053501,-5486.979231813488,-1000.512813355751,6.296186644248987,8.53506530868957,1.5607630945969504
,,,,,,,,,,,,,,15,,raw_lidar_xy_decimated,2244,2.5,,0.999109564094237,15,0.0,7.287410279921841,136.61076092314252,0.8116834038523132,nan,,,5m,nan,nan,0.5854973209934542,0.0,128,,no_solution,nan,,,,,,
2,0,inf,inf,4,"[22, 25, 21, 20]","[4, 5, 3, 2]",0.0,0.2019667435211437,-6.835319878417381e-16,762.5,-5487.5,-999.2675285339355,3,10,-0.42983039916794546,raw_lidar_xy_decimated,2089,2.5,0.2911486619980792,-0.2911486619980697,10,0.47712125471966244,7.259332072634326,124.70514004129765,0.8097274324048771,-0.02690157857914155,4.892402866182171,1.0,5m,0.0,4.919304444761313,0.1999873739987379,0.4,132,-1006.809,solution,0.42983039916794546,767.3904432366945,-5486.967908683667,-999.1722128363871,7.636787163612888,4.919304444761313,0.09531569754847169
,,,,,,,,,,,,,,12,,raw_lidar_xy_decimated,2043,2.5,,-0.1834522893526085,12,0.0,8.823942996996502,129.2716271803227,0.923771427350224,nan,,,5m,nan,nan,0.2761660429969197,0.0,134,,no_solution,nan,,,,,,
,,,,,,,,,,,,,,10,,raw_lidar_xy_decimated,1996,2.5,,-28.37816933253156,10,0.0,9.2700969515781,132.16557933379528,0.9570988072821609,nan,,,5m,nan,nan,0.10705957299796864,0.0,138,,no_solution,nan,,,,,,
2,0,inf,inf,5,"[23, 21, 25, 20, 22]","[6, 5, 16, 4, 9]",7.518348808007676,0.5182458771920945,-51.32715812932099,765.8530898595677,-5496.053734012513,-998.3231735229492,2,21,-1.950841786655066,raw_lidar_xy_decimated,2016,2.5,0.0398414948034258,-51.36699962412441,21,0.3010299956639812,6.181945544935963,124.54918707081151,0.7370947078215283,-1.092417275375709,10.322244312902136,1.0,5m,-1.6622080504489993,9.752453537828845,1.2348921219963813,0.23809523809523808,139,-1006.809,solution,1.950841786655066,773.9438141451094,-5488.001735520818,-998.2653897482463,8.54361025175362,11.414661588277845,0.05778377470289797
,,,,,,,,,,,,,,22,,raw_lidar_xy_decimated,2284,2.5,,-50.19953007293755,22,0.0,8.943995078467715,139.88112714189322,0.9323270638358212,nan,,,5m,nan,nan,1.9525224230019376,0.0,140,,no_solution,nan,,,,,,
,,,,,,,,,,,,,,13,,raw_lidar_xy_decimated,2013,2.5,,-0.041409577231133726,13,0.0,7.244132641550231,113.19231422671771,0.808663440584394,nan,,,5m,nan,nan,0.17368097200233024,0.0,146,,no_solution,nan,,,,,,
,,,,,,,,,,,,,,9,,raw_lidar_xy_decimated,2050,2.5,,-0.08029335980524611,9,0.0,8.86897889198631,144.43856825654288,0.9266720959865659,nan,,,5m,nan,nan,0.08069498099212069,0.0,147,,no_solution,nan,,,,,,
,,,,,,,,,,,,,,13,,raw_lidar_xy_decimated,2100,2.5,,0.09430013246914419,13,0.0,9.060100257389946,142.52192813739225,0.9411090985547907,nan,,,5m,nan,nan,0.2789543260005303,0.0,149,,no_solution,nan,,,,,,
,,,,,,,,,,,,,,14,,raw_lidar_xy_decimated,2263,2.5,,-0.2464566338975055,14,0.0,9.124829189760774,113.62977387189234,0.9460222536647953,nan,,,5m,nan,nan,0.259411249004188,0.0,150,,no_solution,nan,,,,,,
,,,,,,,,,,,,,,18,,raw_lidar_xy_decimated,2356,2.5,,0.3265598767191461,18,0.0,9.15714207981085,132.00953139479054,0.9484862503628964,nan,,,5m,nan,nan,0.8484593120083446,0.0,151,,no_solution,nan,,,,,,
,,,,,,,,,,,,,,16,,raw_lidar_xy_decimated,2403,2.5,,-0.001214105516800747,16,0.0,9.24473709095201,128.81875180643658,0.9551650703010464,nan,,,5m,nan,nan,0.6794269179954426,0.0,156,,no_solution,nan,,,,,,
,,,,,,,,,,,,,,19,,raw_lidar_xy_decimated,2380,2.5,,0.04252251845663024,19,0.0,9.012584415017358,123.1361035602475,0.937510058580518,nan,,,5m,nan,nan,1.09582360299828,0.0,157,,no_solution,nan,,,,,,
,,,,,,,,,,,,,,10,,raw_lidar_xy_decimated,2289,2.5,,-0.10491516470180341,10,0.0,9.178756707337026,101.2796357516085,0.9501250529834178,nan,,,5m,nan,nan,0.1301507760072127,0.0,158,,no_solution,nan,,,,,,
,,,,,,,,,,,,,,13,,raw_lidar_xy_decimated,2215,2.5,,0.03438748729898099,13,0.0,9.220884190107077,128.50097275896397,0.953334495903303,nan,,,5m,nan,nan,0.3653691229992546,0.0,159,,no_solution,nan,,,,,,
,,,,,,,,,,,,,,13,,raw_lidar_xy_decimated,2222,2.5,,-0.9253907114125379,13,0.0,8.61369688634532,113.19231422671771,0.9075555811496541,nan,,,5m,nan,nan,0.2756598710111575,0.0,161,,no_solution,nan,,,,,,
,,,,,,,,,,,,,,12,,raw_lidar_xy_decimated,2265,2.5,,-1.007605617047581,12,0.0,8.823061430492691,123.11098474888453,0.9232729131087418,nan,,,5m,nan,nan,0.23924982800963335,0.0,162,,no_solution,nan,,,,,,
,,,,,,,,,,,,,,16,,raw_lidar_xy_decimated,2249,2.5,,-51.6079892466221,16,0.0,8.550810271037115,123.64039450932586,0.9029077906939145,nan,,,5m,nan,nan,0.6366000319976592,0.0,164,,no_solution,nan,,,,,,
,,,,,,,,,,,,,,14,,raw_lidar_xy_decimated,2183,2.5,,-47.749698636822885,14,0.0,8.95217287612558,133.08712342661116,0.9329736519784443,nan,,,5m,nan,nan,0.38619307600311004,0.0,165,,no_solution,nan,,,,,,
,,,,,,,,,,,,,,14,,raw_lidar_xy_decimated,2094,2.5,,-27.649919026529766,14,0.0,8.97038616431849,134.01594256783113,0.9343244166045195,nan,,,5m,nan,nan,0.265511781006353,0.0,168,,no_solution,nan,,,,,,
,,,,,,,,,,,,,,13,,raw_lidar_xy_decimated,2083,2.5,,0.11832103500359865,13,0.0,9.005249063643111,127.72039774444801,0.9369550211776302,nan,,,5m,nan,nan,0.23062500701053068,0.0,169,,no_solution,nan,,,,,,
,,,,,,,,,,,,,,14,,raw_lidar_xy_decimated,2314,2.5,,-0.22209378960778053,14,0.0,8.438217776470879,149.7862912225308,0.8945441830773998,nan,,,5m,nan,nan,0.4346570470079314,0.0,172,,no_solution,nan,,,,,,
,,,,,,,,,,,,,,19,,raw_lidar_xy_decimated,3228,2.5,,-47.31333153584155,19,0.0,7.810530758336212,150.54069217324596,0.8487588978905184,nan,,,5m,nan,nan,1.1228727120033,0.0,175,,no_solution,nan,,,,,,
,,,,,,,,,,,,,,28,,raw_lidar_xy_decimated,3455,2.5,,-44.92199332715446,28,0.0,8.61631554803953,145.5458625364658,0.9077580602148911,nan,,,5m,nan,nan,4.2324042030086275,0.0,177,,no_solution,nan,,,,,,
,,,,,,,,,,,,,,17,,raw_lidar_xy_decimated,3194,2.5,,-45.158954144236574,17,0.0,7.299790072490856,152.6843148460247,0.8125486574605448,nan,,,5m,nan,nan,0.7804529029963305,0.0,180,,no_solution,nan,,,,,,
,,,,,,,,,,,,,,14,,raw_lidar_xy_decimated,3269,2.5,,-45.05965179376306,14,0.0,7.66963354350343,138.9465900021868,0.8387685983360754,nan,,,5m,nan,nan,0.2837902100000065,0.0,181,,no_solution,nan,,,,,,
,,,,,,,,,,,,,,17,,raw_lidar_xy_decimated,2652,2.5,,-1.3980974349744029,17,0.0,6.9673983463851,145.12925273699992,0.7895339592645622,nan,,,5m,nan,nan,0.5106461840041447,0.0,187,,no_solution,nan,,,,,,
,,,,,,,,,,,,,,14,,raw_lidar_xy_decimated,2282,2.5,,-45.04879182873569,14,0.0,8.207740642439482,139.2306380708983,0.877576218187579,nan,,,5m,nan,nan,0.2981728830054635,0.0,194,,no_solution,nan,,,,,,
,,,,,,,,,,,,,,15,,raw_lidar_xy_decimated,1963,2.5,,-44.63189395561606,15,0.0,8.239179658561865,131.00572506573903,0.879873886423952,nan,,,5m,nan,nan,0.5027023430011468,0.0,195,,no_solution,nan,,,,,,
,,,,,,,,,,,,,,17,,raw_lidar_xy_decimated,1786,2.5,,-19.755018122705007,17,0.0,8.241671162901714,132.90033860002012,0.8800565550642216,nan,,,5m,nan,nan,0.8679173389973585,0.0,198,,no_solution,nan,,,,,,
,,,,,,,,,,,,,,16,,raw_lidar_xy_decimated,1683,2.5,,-43.35935116504697,16,0.0,7.801465276559378,138.14184243283967,0.8484282298898211,nan,,,5m,nan,nan,0.5730750539951259,0.0,199,,no_solution,nan,,,,,,
,,,,,,,,,,,,,,14,,raw_lidar_xy_decimated,1653,2.5,,-51.920002781545676,14,0.0,7.509077152394763,133.92363441711467,0.8274613601274641,nan,,,5m,nan,nan,0.3715845359984087,0.0,200,,no_solution,nan,,,,,,
,,,,,,,,,,,,,,15,,raw_lidar_xy_decimated,2142,2.5,,-17.736053185170473,15,0.0,6.417598057458148,131.19641763401927,0.7525211536413335,nan,,,5m,nan,nan,0.58409205400676,0.0,201,,no_solution,nan,,,,,,
,,,,,,,,,,,,,,21,,raw_lidar_xy_decimated,2071,2.5,,-25.06032227546084,21,0.0,7.931476046213748,139.32874793092773,0.8574739920176868,nan,,,5m,nan,nan,1.7554516280069947,0.0,203,,no_solution,nan,,,,,,
,,,,,,,,,,,,,,16,,raw_lidar_xy_decimated,2238,2.5,,-53.63188288352155,16,0.0,7.3530873291731,136.78765752175866,0.8162940291275393,nan,,,5m,nan,nan,0.6839410429965938,0.0,204,,no_solution,nan,,,,,,
,,,,,,,,,,,,,,17,,raw_lidar_xy_decimated,2705,2.5,,-44.58542508273986,17,0.0,5.64645931367179,144.2653804625351,0.7031215235842135,nan,,,5m,nan,nan,0.5625044820044423,0.0,208,,no_solution,nan,,,,,,
,,,,,,,,,,,,,,22,,raw_lidar_xy_decimated,2880,2.5,,-44.493046080957896,22,0.0,7.662009202646393,137.06601501781333,0.8381447437597231,nan,,,5m,nan,nan,1.9192481659993064,0.0,209,,no_solution,nan,,,,,,
,,,,,,,,,,,,,,22,,raw_lidar_xy_decimated,2833,2.5,,-45.004129897932444,22,0.0,5.1602027998593645,141.8836580937353,0.6737162969860093,nan,,,5m,nan,nan,1.6409425960009685,0.0,211,,no_solution,nan,,,,,,
,,,,,,,,,,,,,,18,,raw_lidar_xy_decimated,2902,2.5,,-45.226195919365196,18,0.0,4.778430923353494,138.65920211943643,0.653812963006128,nan,,,5m,nan,nan,0.8192356630024733,0.0,212,,no_solution,nan,,,,,,
,,,,,,,,,,,,,,20,,raw_lidar_xy_decimated,2866,2.5,,-45.1445106478819,20,0.0,7.07715829337656,135.96796941254954,0.7970940717250098,nan,,,5m,nan,nan,1.1311149969988037,0.0,213,,no_solution,nan,,,,,,
,,,,,,,,,,,,,,13,,raw_lidar_xy_decimated,2846,2.5,,-45.24332247813931,13,0.0,7.822026725908479,132.52358280698573,0.8495850464033905,nan,,,5m,nan,nan,0.27586907999648247,0.0,215,,no_solution,nan,,,,,,
,,,,,,,,,,,,,,16,,raw_lidar_xy_decimated,2743,2.5,,-44.923426990035885,16,0.0,7.479465063891521,149.45545621881428,0.8251744897941224,nan,,,5m,nan,nan,0.7320388499938417,0.0,216,,no_solution,nan,,,,,,
,,,,,,,,,,,,,,16,,raw_lidar_xy_decimated,2360,2.5,,4.497228635513646,16,0.0,7.597965968207817,135.41221852678933,0.8335939945170612,nan,,,5m,nan,nan,0.6465222230035579,0.0,218,,no_solution,nan,,,,,,
,,,,,,,,,,,,,,18,,raw_lidar_xy_decimated,2308,2.5,,2.5919917269129797,18,0.0,5.268814719748487,143.6288679212143,0.6801591310869775,nan,,,5m,nan,nan,0.8581252089934424,0.0,219,,no_solution,nan,,,,,,
,,,,,,,,,,,,,,14,,raw_lidar_xy_decimated,2154,2.5,,-27.5843840814309,14,0.0,6.138953611194596,140.89258126370282,0.7365346314537855,nan,,,5m,nan,nan,0.4537203850049991,0.0,221,,no_solution,nan,,,,,,
,,,,,,,,,,,,,,19,,raw_lidar_xy_decimated,2366,2.5,,-48.255786660187866,19,0.0,4.929198133932382,147.35162028291376,0.6602643566296861,nan,,,5m,nan,nan,1.0442734990065219,0.0,223,,no_solution,nan,,,,,,
,,,,,,,,,,,,,,18,,raw_lidar_xy_decimated,2200,2.5,,-45.19400440486166,18,0.0,6.041616823125446,122.80043366516344,0.7306049560734938,nan,,,5m,nan,nan,0.9872013450076338,0.0,224,,no_solution,nan,,,,,,
,,,,,,,,,,,,,,14,,raw_lidar_xy_decimated,2206,2.5,,-44.54586364835258,14,0.0,7.6173956986884654,137.2364432640005,0.8349963304689978,nan,,,5m,nan,nan,0.4072653379989788,0.0,226,,no_solution,nan,,,,,,
,,,,,,,,,,,,,,22,,raw_lidar_xy_decimated,2552,2.5,,-45.19576653348243,22,0.0,7.351478159658366,139.81559419774504,0.8161687948959835,nan,,,5m,nan,nan,1.5605267369974172,0.0,227,,no_solution,nan,,,,,,
,,,,,,,,,,,,,,14,,raw_lidar_xy_decimated,1930,2.5,,-44.192601779328875,14,0.0,7.830175661003988,135.20995370074593,0.8502708761849189,nan,,,5m,nan,nan,0.4342257079988485,0.0,238,,no_solution,nan,,,,,,
,,,,,,,,,,,,,,18,,raw_lidar_xy_decimated,2153,2.5,,-95.901946483427,18,0.0,7.367472667378092,135.82887150526432,0.8173215809653487,nan,,,5m,nan,nan,0.7191529800038552,0.0,242,,no_solution,nan,,,,,,
,,,,,,,,,,,,,,11,,raw_lidar_xy_decimated,1964,2.5,,-137.16893425185307,11,0.0,7.5297377372753695,135.32368602724358,0.8287294200802289,nan,,,5m,nan,nan,0.17403181399276946,0.0,244,,no_solution,nan,,,,,,
,,,,,,,,,,,,,,10,,raw_lidar_xy_decimated,2740,2.5,,-164.5539115510065,10,0.0,8.293516023843418,132.3281945559878,0.8842047748021191,nan,,,5m,nan,nan,0.10363201001018751,0.0,250,,no_solution,nan,,,,,,
,,,,,,,,,,,,,,10,,raw_lidar_xy_decimated,3287,2.5,,-63.83204717351927,10,0.0,9.385101077749217,127.08337744479435,0.96591539763791,nan,,,5m,nan,nan,0.14907412100001238,0.0,253,,no_solution,nan,,,,,,
